ion_formula,charge,mz,class,reagent,phase,instrument,contributor,site,setting,biome,campaign,reference,peaklist_file
C4H2NO7,-,175.98367,organic,NO3-,gas,HTOF-CIMS,Chao Yan,"Hyytiälä, Finland (SMEAR II)",atmosphere,forest,long-term,"Yan et al., 2016, ACP",peakList_Hyytiala_simplified.db
C3H4NO9,-,197.98915,organic,NO3-,gas,HTOF-CIMS,Chao Yan,"Hyytiälä, Finland (SMEAR II)",atmosphere,forest,long-term,"Yan et al., 2016, ACP",peakList_Hyytiala_simplified.db
C5H6NO8,-,208.00989,organic,NO3-,gas,HTOF-CIMS,Chao Yan,"Hyytiälä, Finland (SMEAR II)",atmosphere,forest,long-term,"Yan et al., 2016, ACP",peakList_Hyytiala_simplified.db
C5H8NO8,-,210.02554,organic,NO3-,gas,HTOF-CIMS,Chao Yan,"Hyytiälä, Finland (SMEAR II)",atmosphere,forest,long-term,"Yan et al., 2016, ACP",peakList_Hyytiala_simplified.db
C4H5NO9,-,210.99698,organic,NO3-,gas,HTOF-CIMS,Chao Yan,"Hyytiälä, Finland (SMEAR II)",atmosphere,forest,long-term,"Yan et al., 2016, ACP",peakList_Hyytiala_simplified.db
C4H6NO9,-,212.00480,organic,NO3-,gas,HTOF-CIMS,Chao Yan,"Hyytiälä, Finland (SMEAR II)",atmosphere,forest,long-term,"Yan et al., 2016, ACP",peakList_Hyytiala_simplified.db
C5H6NO9,-,224.00480,organic,NO3-,gas,HTOF-CIMS,Chao Yan,"Hyytiälä, Finland (SMEAR II)",atmosphere,forest,long-term,"Yan et al., 2016, ACP",peakList_Hyytiala_simplified.db
C4H4NO10,-,225.98407,organic,NO3-,gas,HTOF-CIMS,Chao Yan,"Hyytiälä, Finland (SMEAR II)",atmosphere,forest,long-term,"Yan et al., 2016, ACP",peakList_Hyytiala_simplified.db
C5H8NO9,-,226.02045,organic,NO3-,gas,HTOF-CIMS,Chao Yan,"Hyytiälä, Finland (SMEAR II)",atmosphere,forest,long-term,"Yan et al., 2016, ACP",peakList_Hyytiala_simplified.db
C4H5NO10,-,226.99189,organic,NO3-,gas,HTOF-CIMS,Chao Yan,"Hyytiälä, Finland (SMEAR II)",atmosphere,forest,long-term,"Yan et al., 2016, ACP",peakList_Hyytiala_simplified.db
C4H6NO10,-,227.99972,organic,NO3-,gas,HTOF-CIMS,Chao Yan,"Hyytiälä, Finland (SMEAR II)",atmosphere,forest,long-term,"Yan et al., 2016, ACP",peakList_Hyytiala_simplified.db
C9H13NO6,-,231.07484,organic,NO3-,gas,HTOF-CIMS,Chao Yan,"Hyytiälä, Finland (SMEAR II)",atmosphere,forest,long-term,"Yan et al., 2016, ACP",peakList_Hyytiala_simplified.db
C9H15NO6,-,233.09049,organic,NO3-,gas,HTOF-CIMS,Chao Yan,"Hyytiälä, Finland (SMEAR II)",atmosphere,forest,long-term,"Yan et al., 2016, ACP",peakList_Hyytiala_simplified.db
C7H10NO8,-,236.04119,organic,NO3-,gas,HTOF-CIMS,Chao Yan,"Hyytiälä, Finland (SMEAR II)",atmosphere,forest,long-term,"Yan et al., 2016, ACP",peakList_Hyytiala_simplified.db
C7H12NO8,-,238.05684,organic,NO3-,gas,HTOF-CIMS,Chao Yan,"Hyytiälä, Finland (SMEAR II)",atmosphere,forest,long-term,"Yan et al., 2016, ACP",peakList_Hyytiala_simplified.db
C5H6NO10,-,239.99972,organic,NO3-,gas,HTOF-CIMS,Chao Yan,"Hyytiälä, Finland (SMEAR II)",atmosphere,forest,long-term,"Yan et al., 2016, ACP",peakList_Hyytiala_simplified.db
C5H8NO10,-,242.01537,organic,NO3-,gas,HTOF-CIMS,Chao Yan,"Hyytiälä, Finland (SMEAR II)",atmosphere,forest,long-term,"Yan et al., 2016, ACP",peakList_Hyytiala_simplified.db
C7H8NO9,-,250.02045,organic,NO3-,gas,HTOF-CIMS,Chao Yan,"Hyytiälä, Finland (SMEAR II)",atmosphere,forest,long-term,"Yan et al., 2016, ACP",peakList_Hyytiala_simplified.db
C8H12NO8,-,250.05684,organic,NO3-,gas,HTOF-CIMS,Chao Yan,"Hyytiälä, Finland (SMEAR II)",atmosphere,forest,long-term,"Yan et al., 2016, ACP",peakList_Hyytiala_simplified.db
C7H10NO9,-,252.03610,organic,NO3-,gas,HTOF-CIMS,Chao Yan,"Hyytiälä, Finland (SMEAR II)",atmosphere,forest,long-term,"Yan et al., 2016, ACP",peakList_Hyytiala_simplified.db
C7H12NO9,-,254.05175,organic,NO3-,gas,HTOF-CIMS,Chao Yan,"Hyytiälä, Finland (SMEAR II)",atmosphere,forest,long-term,"Yan et al., 2016, ACP",peakList_Hyytiala_simplified.db
C5H7NO11,-,257.00246,organic,NO3-,gas,HTOF-CIMS,Chao Yan,"Hyytiälä, Finland (SMEAR II)",atmosphere,forest,long-term,"Yan et al., 2016, ACP",peakList_Hyytiala_simplified.db
C5H8NO11,-,258.01028,organic,NO3-,gas,HTOF-CIMS,Chao Yan,"Hyytiälä, Finland (SMEAR II)",atmosphere,forest,long-term,"Yan et al., 2016, ACP",peakList_Hyytiala_simplified.db
C10H15NO7,-,261.08540,organic,NO3-,gas,HTOF-CIMS,Chao Yan,"Hyytiälä, Finland (SMEAR II)",atmosphere,forest,long-term,"Yan et al., 2016, ACP",peakList_Hyytiala_simplified.db
C10H16NO7,-,262.09323,organic,NO3-,gas,HTOF-CIMS,Chao Yan,"Hyytiälä, Finland (SMEAR II)",atmosphere,forest,long-term,"Yan et al., 2016, ACP",peakList_Hyytiala_simplified.db
C10H17NO7,-,263.10105,organic,NO3-,gas,HTOF-CIMS,Chao Yan,"Hyytiälä, Finland (SMEAR II)",atmosphere,forest,long-term,"Yan et al., 2016, ACP",peakList_Hyytiala_simplified.db
C8H10NO9,-,264.03610,organic,NO3-,gas,HTOF-CIMS,Chao Yan,"Hyytiälä, Finland (SMEAR II)",atmosphere,forest,long-term,"Yan et al., 2016, ACP",peakList_Hyytiala_simplified.db
C10H18NO7,-,264.10888,organic,NO3-,gas,HTOF-CIMS,Chao Yan,"Hyytiälä, Finland (SMEAR II)",atmosphere,forest,long-term,"Yan et al., 2016, ACP",peakList_Hyytiala_simplified.db
C8H12NO9,-,266.05175,organic,NO3-,gas,HTOF-CIMS,Chao Yan,"Hyytiälä, Finland (SMEAR II)",atmosphere,forest,long-term,"Yan et al., 2016, ACP",peakList_Hyytiala_simplified.db
C7H10NO10,-,268.03102,organic,NO3-,gas,HTOF-CIMS,Chao Yan,"Hyytiälä, Finland (SMEAR II)",atmosphere,forest,long-term,"Yan et al., 2016, ACP",peakList_Hyytiala_simplified.db
C7H11NO10,-,269.03884,organic,NO3-,gas,HTOF-CIMS,Chao Yan,"Hyytiälä, Finland (SMEAR II)",atmosphere,forest,long-term,"Yan et al., 2016, ACP",peakList_Hyytiala_simplified.db
C7H12NO10,-,270.04667,organic,NO3-,gas,HTOF-CIMS,Chao Yan,"Hyytiälä, Finland (SMEAR II)",atmosphere,forest,long-term,"Yan et al., 2016, ACP",peakList_Hyytiala_simplified.db
C10H14NO8,-,276.07249,organic,NO3-,gas,HTOF-CIMS,Chao Yan,"Hyytiälä, Finland (SMEAR II)",atmosphere,forest,long-term,"Yan et al., 2016, ACP",peakList_Hyytiala_simplified.db
C9H13N2O8,-,277.06774,organic,NO3-,gas,HTOF-CIMS,Chao Yan,"Hyytiälä, Finland (SMEAR II)",atmosphere,forest,long-term,"Yan et al., 2016, ACP",peakList_Hyytiala_simplified.db
C10H16NO8,-,278.08814,organic,NO3-,gas,HTOF-CIMS,Chao Yan,"Hyytiälä, Finland (SMEAR II)",atmosphere,forest,long-term,"Yan et al., 2016, ACP",peakList_Hyytiala_simplified.db
C9H15N2O8,-,279.08339,organic,NO3-,gas,HTOF-CIMS,Chao Yan,"Hyytiälä, Finland (SMEAR II)",atmosphere,forest,long-term,"Yan et al., 2016, ACP",peakList_Hyytiala_simplified.db
C9H14NO9,-,280.06740,organic,NO3-,gas,HTOF-CIMS,Chao Yan,"Hyytiälä, Finland (SMEAR II)",atmosphere,forest,long-term,"Yan et al., 2016, ACP",peakList_Hyytiala_simplified.db
C9H15NO9,-,281.07523,organic,NO3-,gas,HTOF-CIMS,Chao Yan,"Hyytiälä, Finland (SMEAR II)",atmosphere,forest,long-term,"Yan et al., 2016, ACP",peakList_Hyytiala_simplified.db
C7H8NO11,-,282.01028,organic,NO3-,gas,HTOF-CIMS,Chao Yan,"Hyytiälä, Finland (SMEAR II)",atmosphere,forest,long-term,"Yan et al., 2016, ACP",peakList_Hyytiala_simplified.db
C8H12NO10,-,282.04667,organic,NO3-,gas,HTOF-CIMS,Chao Yan,"Hyytiälä, Finland (SMEAR II)",atmosphere,forest,long-term,"Yan et al., 2016, ACP",peakList_Hyytiala_simplified.db
C7H9NO11,-,283.01811,organic,NO3-,gas,HTOF-CIMS,Chao Yan,"Hyytiälä, Finland (SMEAR II)",atmosphere,forest,long-term,"Yan et al., 2016, ACP",peakList_Hyytiala_simplified.db
C7H10NO11,-,284.02593,organic,NO3-,gas,HTOF-CIMS,Chao Yan,"Hyytiälä, Finland (SMEAR II)",atmosphere,forest,long-term,"Yan et al., 2016, ACP",peakList_Hyytiala_simplified.db
C8H14NO10,-,284.06232,organic,NO3-,gas,HTOF-CIMS,Chao Yan,"Hyytiälä, Finland (SMEAR II)",atmosphere,forest,long-term,"Yan et al., 2016, ACP",peakList_Hyytiala_simplified.db
C10H14NO9,-,292.06740,organic,NO3-,gas,HTOF-CIMS,Chao Yan,"Hyytiälä, Finland (SMEAR II)",atmosphere,forest,long-term,"Yan et al., 2016, ACP",peakList_Hyytiala_simplified.db
C10H15NO9,-,293.07523,organic,NO3-,gas,HTOF-CIMS,Chao Yan,"Hyytiälä, Finland (SMEAR II)",atmosphere,forest,long-term,"Yan et al., 2016, ACP",peakList_Hyytiala_simplified.db
C10H16NO9,-,294.08305,organic,NO3-,gas,HTOF-CIMS,Chao Yan,"Hyytiälä, Finland (SMEAR II)",atmosphere,forest,long-term,"Yan et al., 2016, ACP",peakList_Hyytiala_simplified.db
C9H14NO10,-,296.06232,organic,NO3-,gas,HTOF-CIMS,Chao Yan,"Hyytiälä, Finland (SMEAR II)",atmosphere,forest,long-term,"Yan et al., 2016, ACP",peakList_Hyytiala_simplified.db
C10H18NO9,-,296.09870,organic,NO3-,gas,HTOF-CIMS,Chao Yan,"Hyytiälä, Finland (SMEAR II)",atmosphere,forest,long-term,"Yan et al., 2016, ACP",peakList_Hyytiala_simplified.db
C7H9N2O11,-,297.02118,organic,NO3-,gas,HTOF-CIMS,Chao Yan,"Hyytiälä, Finland (SMEAR II)",atmosphere,forest,long-term,"Yan et al., 2016, ACP",peakList_Hyytiala_simplified.db
C8H12NO11,-,298.04158,organic,NO3-,gas,HTOF-CIMS,Chao Yan,"Hyytiälä, Finland (SMEAR II)",atmosphere,forest,long-term,"Yan et al., 2016, ACP",peakList_Hyytiala_simplified.db
C7H11N2O11,-,299.03683,organic,NO3-,gas,HTOF-CIMS,Chao Yan,"Hyytiälä, Finland (SMEAR II)",atmosphere,forest,long-term,"Yan et al., 2016, ACP",peakList_Hyytiala_simplified.db
C8H13NO11,-,299.04941,organic,NO3-,gas,HTOF-CIMS,Chao Yan,"Hyytiälä, Finland (SMEAR II)",atmosphere,forest,long-term,"Yan et al., 2016, ACP",peakList_Hyytiala_simplified.db
C8H14NO11,-,300.05723,organic,NO3-,gas,HTOF-CIMS,Chao Yan,"Hyytiälä, Finland (SMEAR II)",atmosphere,forest,long-term,"Yan et al., 2016, ACP",peakList_Hyytiala_simplified.db
C10H14NO10,-,308.06232,organic,NO3-,gas,HTOF-CIMS,Chao Yan,"Hyytiälä, Finland (SMEAR II)",atmosphere,forest,long-term,"Yan et al., 2016, ACP",peakList_Hyytiala_simplified.db
C9H13N2O10,-,309.05757,organic,NO3-,gas,HTOF-CIMS,Chao Yan,"Hyytiälä, Finland (SMEAR II)",atmosphere,forest,long-term,"Yan et al., 2016, ACP",peakList_Hyytiala_simplified.db
C10H15NO10,-,309.07014,organic,NO3-,gas,HTOF-CIMS,Chao Yan,"Hyytiälä, Finland (SMEAR II)",atmosphere,forest,long-term,"Yan et al., 2016, ACP",peakList_Hyytiala_simplified.db
C9H12NO11,-,310.04158,organic,NO3-,gas,HTOF-CIMS,Chao Yan,"Hyytiälä, Finland (SMEAR II)",atmosphere,forest,long-term,"Yan et al., 2016, ACP",peakList_Hyytiala_simplified.db
C10H16NO10,-,310.07797,organic,NO3-,gas,HTOF-CIMS,Chao Yan,"Hyytiälä, Finland (SMEAR II)",atmosphere,forest,long-term,"Yan et al., 2016, ACP",peakList_Hyytiala_simplified.db
C10H17NO10,-,311.08579,organic,NO3-,gas,HTOF-CIMS,Chao Yan,"Hyytiälä, Finland (SMEAR II)",atmosphere,forest,long-term,"Yan et al., 2016, ACP",peakList_Hyytiala_simplified.db
C9H14NO11,-,312.05723,organic,NO3-,gas,HTOF-CIMS,Chao Yan,"Hyytiälä, Finland (SMEAR II)",atmosphere,forest,long-term,"Yan et al., 2016, ACP",peakList_Hyytiala_simplified.db
C10H18NO10,-,312.09362,organic,NO3-,gas,HTOF-CIMS,Chao Yan,"Hyytiälä, Finland (SMEAR II)",atmosphere,forest,long-term,"Yan et al., 2016, ACP",peakList_Hyytiala_simplified.db
C7H9N2O12,-,313.01610,organic,NO3-,gas,HTOF-CIMS,Chao Yan,"Hyytiälä, Finland (SMEAR II)",atmosphere,forest,long-term,"Yan et al., 2016, ACP",peakList_Hyytiala_simplified.db
C9H15NO11,-,313.06506,organic,NO3-,gas,HTOF-CIMS,Chao Yan,"Hyytiälä, Finland (SMEAR II)",atmosphere,forest,long-term,"Yan et al., 2016, ACP",peakList_Hyytiala_simplified.db
C7H8NO13,-,314.00011,organic,NO3-,gas,HTOF-CIMS,Chao Yan,"Hyytiälä, Finland (SMEAR II)",atmosphere,forest,long-term,"Yan et al., 2016, ACP",peakList_Hyytiala_simplified.db
C8H12NO12,-,314.03650,organic,NO3-,gas,HTOF-CIMS,Chao Yan,"Hyytiälä, Finland (SMEAR II)",atmosphere,forest,long-term,"Yan et al., 2016, ACP",peakList_Hyytiala_simplified.db
C9H16NO11,-,314.07288,organic,NO3-,gas,HTOF-CIMS,Chao Yan,"Hyytiälä, Finland (SMEAR II)",atmosphere,forest,long-term,"Yan et al., 2016, ACP",peakList_Hyytiala_simplified.db
C6H7N2O13,-,314.99536,organic,NO3-,gas,HTOF-CIMS,Chao Yan,"Hyytiälä, Finland (SMEAR II)",atmosphere,forest,long-term,"Yan et al., 2016, ACP",peakList_Hyytiala_simplified.db
C8H13NO12,-,315.04432,organic,NO3-,gas,HTOF-CIMS,Chao Yan,"Hyytiälä, Finland (SMEAR II)",atmosphere,forest,long-term,"Yan et al., 2016, ACP",peakList_Hyytiala_simplified.db
C7H10NO13,-,316.01576,organic,NO3-,gas,HTOF-CIMS,Chao Yan,"Hyytiälä, Finland (SMEAR II)",atmosphere,forest,long-term,"Yan et al., 2016, ACP",peakList_Hyytiala_simplified.db
C8H14NO12,-,316.05215,organic,NO3-,gas,HTOF-CIMS,Chao Yan,"Hyytiälä, Finland (SMEAR II)",atmosphere,forest,long-term,"Yan et al., 2016, ACP",peakList_Hyytiala_simplified.db
C10H15N2O10,-,323.07322,organic,NO3-,gas,HTOF-CIMS,Chao Yan,"Hyytiälä, Finland (SMEAR II)",atmosphere,forest,long-term,"Yan et al., 2016, ACP",peakList_Hyytiala_simplified.db
C10H14NO11,-,324.05723,organic,NO3-,gas,HTOF-CIMS,Chao Yan,"Hyytiälä, Finland (SMEAR II)",atmosphere,forest,long-term,"Yan et al., 2016, ACP",peakList_Hyytiala_simplified.db
C9H13N2O11,-,325.05248,organic,NO3-,gas,HTOF-CIMS,Chao Yan,"Hyytiälä, Finland (SMEAR II)",atmosphere,forest,long-term,"Yan et al., 2016, ACP",peakList_Hyytiala_simplified.db
C10H15NO11,-,325.06506,organic,NO3-,gas,HTOF-CIMS,Chao Yan,"Hyytiälä, Finland (SMEAR II)",atmosphere,forest,long-term,"Yan et al., 2016, ACP",peakList_Hyytiala_simplified.db
C9H12NO12,-,326.03650,organic,NO3-,gas,HTOF-CIMS,Chao Yan,"Hyytiälä, Finland (SMEAR II)",atmosphere,forest,long-term,"Yan et al., 2016, ACP",peakList_Hyytiala_simplified.db
C10H16NO11,-,326.07288,organic,NO3-,gas,HTOF-CIMS,Chao Yan,"Hyytiälä, Finland (SMEAR II)",atmosphere,forest,long-term,"Yan et al., 2016, ACP",peakList_Hyytiala_simplified.db
C9H14NO12,-,328.05215,organic,NO3-,gas,HTOF-CIMS,Chao Yan,"Hyytiälä, Finland (SMEAR II)",atmosphere,forest,long-term,"Yan et al., 2016, ACP",peakList_Hyytiala_simplified.db
C10H18NO11,-,328.08853,organic,NO3-,gas,HTOF-CIMS,Chao Yan,"Hyytiälä, Finland (SMEAR II)",atmosphere,forest,long-term,"Yan et al., 2016, ACP",peakList_Hyytiala_simplified.db
C7H9N2O13,-,329.01101,organic,NO3-,gas,HTOF-CIMS,Chao Yan,"Hyytiälä, Finland (SMEAR II)",atmosphere,forest,long-term,"Yan et al., 2016, ACP",peakList_Hyytiala_simplified.db
C9H15NO12,-,329.05997,organic,NO3-,gas,HTOF-CIMS,Chao Yan,"Hyytiälä, Finland (SMEAR II)",atmosphere,forest,long-term,"Yan et al., 2016, ACP",peakList_Hyytiala_simplified.db
C6H8N3O13,-,330.00626,organic,NO3-,gas,HTOF-CIMS,Chao Yan,"Hyytiälä, Finland (SMEAR II)",atmosphere,forest,long-term,"Yan et al., 2016, ACP",peakList_Hyytiala_simplified.db
C9H16NO12,-,330.06780,organic,NO3-,gas,HTOF-CIMS,Chao Yan,"Hyytiälä, Finland (SMEAR II)",atmosphere,forest,long-term,"Yan et al., 2016, ACP",peakList_Hyytiala_simplified.db
C10H15N2O11,-,339.06813,organic,NO3-,gas,HTOF-CIMS,Chao Yan,"Hyytiälä, Finland (SMEAR II)",atmosphere,forest,long-term,"Yan et al., 2016, ACP",peakList_Hyytiala_simplified.db
C10H14NO12,-,340.05215,organic,NO3-,gas,HTOF-CIMS,Chao Yan,"Hyytiälä, Finland (SMEAR II)",atmosphere,forest,long-term,"Yan et al., 2016, ACP",peakList_Hyytiala_simplified.db
C10H18N3O10,-,340.09977,organic,NO3-,gas,HTOF-CIMS,Chao Yan,"Hyytiälä, Finland (SMEAR II)",atmosphere,forest,long-term,"Yan et al., 2016, ACP",peakList_Hyytiala_simplified.db
C10H15NO12,-,341.05997,organic,NO3-,gas,HTOF-CIMS,Chao Yan,"Hyytiälä, Finland (SMEAR II)",atmosphere,forest,long-term,"Yan et al., 2016, ACP",peakList_Hyytiala_simplified.db
C9H12NO13,-,342.03141,organic,NO3-,gas,HTOF-CIMS,Chao Yan,"Hyytiälä, Finland (SMEAR II)",atmosphere,forest,long-term,"Yan et al., 2016, ACP",peakList_Hyytiala_simplified.db
C10H16NO12,-,342.06780,organic,NO3-,gas,HTOF-CIMS,Chao Yan,"Hyytiälä, Finland (SMEAR II)",atmosphere,forest,long-term,"Yan et al., 2016, ACP",peakList_Hyytiala_simplified.db
C9H13NO13,-,343.03924,organic,NO3-,gas,HTOF-CIMS,Chao Yan,"Hyytiälä, Finland (SMEAR II)",atmosphere,forest,long-term,"Yan et al., 2016, ACP",peakList_Hyytiala_simplified.db
C7H10N3O13,-,344.02191,organic,NO3-,gas,HTOF-CIMS,Chao Yan,"Hyytiälä, Finland (SMEAR II)",atmosphere,forest,long-term,"Yan et al., 2016, ACP",peakList_Hyytiala_simplified.db
C9H14NO13,-,344.04706,organic,NO3-,gas,HTOF-CIMS,Chao Yan,"Hyytiälä, Finland (SMEAR II)",atmosphere,forest,long-term,"Yan et al., 2016, ACP",peakList_Hyytiala_simplified.db
C7H9N2O14,-,345.00593,organic,NO3-,gas,HTOF-CIMS,Chao Yan,"Hyytiälä, Finland (SMEAR II)",atmosphere,forest,long-term,"Yan et al., 2016, ACP",peakList_Hyytiala_simplified.db
C9H15NO13,-,345.05489,organic,NO3-,gas,HTOF-CIMS,Chao Yan,"Hyytiälä, Finland (SMEAR II)",atmosphere,forest,long-term,"Yan et al., 2016, ACP",peakList_Hyytiala_simplified.db
C9H16NO13,-,346.06271,organic,NO3-,gas,HTOF-CIMS,Chao Yan,"Hyytiälä, Finland (SMEAR II)",atmosphere,forest,long-term,"Yan et al., 2016, ACP",peakList_Hyytiala_simplified.db
C10H16N3O11,-,354.07903,organic,NO3-,gas,HTOF-CIMS,Chao Yan,"Hyytiälä, Finland (SMEAR II)",atmosphere,forest,long-term,"Yan et al., 2016, ACP",peakList_Hyytiala_simplified.db
C10H15N2O12,-,355.06305,organic,NO3-,gas,HTOF-CIMS,Chao Yan,"Hyytiälä, Finland (SMEAR II)",atmosphere,forest,long-term,"Yan et al., 2016, ACP",peakList_Hyytiala_simplified.db
C10H14NO13,-,356.04706,organic,NO3-,gas,HTOF-CIMS,Chao Yan,"Hyytiälä, Finland (SMEAR II)",atmosphere,forest,long-term,"Yan et al., 2016, ACP",peakList_Hyytiala_simplified.db
C9H14N3O12,-,356.05830,organic,NO3-,gas,HTOF-CIMS,Chao Yan,"Hyytiälä, Finland (SMEAR II)",atmosphere,forest,long-term,"Yan et al., 2016, ACP",peakList_Hyytiala_simplified.db
C15H22N3O7,-,356.14632,organic,NO3-,gas,HTOF-CIMS,Chao Yan,"Hyytiälä, Finland (SMEAR II)",atmosphere,forest,long-term,"Yan et al., 2016, ACP",peakList_Hyytiala_simplified.db
C10H15NO13,-,357.05489,organic,NO3-,gas,HTOF-CIMS,Chao Yan,"Hyytiälä, Finland (SMEAR II)",atmosphere,forest,long-term,"Yan et al., 2016, ACP",peakList_Hyytiala_simplified.db
C9H12NO14,-,358.02633,organic,NO3-,gas,HTOF-CIMS,Chao Yan,"Hyytiälä, Finland (SMEAR II)",atmosphere,forest,long-term,"Yan et al., 2016, ACP",peakList_Hyytiala_simplified.db
C10H16NO13,-,358.06271,organic,NO3-,gas,HTOF-CIMS,Chao Yan,"Hyytiälä, Finland (SMEAR II)",atmosphere,forest,long-term,"Yan et al., 2016, ACP",peakList_Hyytiala_simplified.db
C9H15N2O13,-,359.05796,organic,NO3-,gas,HTOF-CIMS,Chao Yan,"Hyytiälä, Finland (SMEAR II)",atmosphere,forest,long-term,"Yan et al., 2016, ACP",peakList_Hyytiala_simplified.db
C13H18NO11,-,364.08853,organic,NO3-,gas,HTOF-CIMS,Chao Yan,"Hyytiälä, Finland (SMEAR II)",atmosphere,forest,long-term,"Yan et al., 2016, ACP",peakList_Hyytiala_simplified.db
C12H18NO12,-,368.08345,organic,NO3-,gas,HTOF-CIMS,Chao Yan,"Hyytiälä, Finland (SMEAR II)",atmosphere,forest,long-term,"Yan et al., 2016, ACP",peakList_Hyytiala_simplified.db
C10H16N3O12,-,370.07395,organic,NO3-,gas,HTOF-CIMS,Chao Yan,"Hyytiälä, Finland (SMEAR II)",atmosphere,forest,long-term,"Yan et al., 2016, ACP",peakList_Hyytiala_simplified.db
C10H15N2O13,-,371.05796,organic,NO3-,gas,HTOF-CIMS,Chao Yan,"Hyytiälä, Finland (SMEAR II)",atmosphere,forest,long-term,"Yan et al., 2016, ACP",peakList_Hyytiala_simplified.db
C10H14NO14,-,372.04198,organic,NO3-,gas,HTOF-CIMS,Chao Yan,"Hyytiälä, Finland (SMEAR II)",atmosphere,forest,long-term,"Yan et al., 2016, ACP",peakList_Hyytiala_simplified.db
C9H14N3O13,-,372.05321,organic,NO3-,gas,HTOF-CIMS,Chao Yan,"Hyytiälä, Finland (SMEAR II)",atmosphere,forest,long-term,"Yan et al., 2016, ACP",peakList_Hyytiala_simplified.db
C15H22N3O8,-,372.14124,organic,NO3-,gas,HTOF-CIMS,Chao Yan,"Hyytiälä, Finland (SMEAR II)",atmosphere,forest,long-term,"Yan et al., 2016, ACP",peakList_Hyytiala_simplified.db
C10H15NO14,-,373.04980,organic,NO3-,gas,HTOF-CIMS,Chao Yan,"Hyytiälä, Finland (SMEAR II)",atmosphere,forest,long-term,"Yan et al., 2016, ACP",peakList_Hyytiala_simplified.db
C10H17N2O13,-,373.07361,organic,NO3-,gas,HTOF-CIMS,Chao Yan,"Hyytiälä, Finland (SMEAR II)",atmosphere,forest,long-term,"Yan et al., 2016, ACP",peakList_Hyytiala_simplified.db
C10H16NO14,-,374.05763,organic,NO3-,gas,HTOF-CIMS,Chao Yan,"Hyytiälä, Finland (SMEAR II)",atmosphere,forest,long-term,"Yan et al., 2016, ACP",peakList_Hyytiala_simplified.db
C10H17NO14,-,375.06545,organic,NO3-,gas,HTOF-CIMS,Chao Yan,"Hyytiälä, Finland (SMEAR II)",atmosphere,forest,long-term,"Yan et al., 2016, ACP",peakList_Hyytiala_simplified.db
C7H10N3O15,-,376.01174,organic,NO3-,gas,HTOF-CIMS,Chao Yan,"Hyytiälä, Finland (SMEAR II)",atmosphere,forest,long-term,"Yan et al., 2016, ACP",peakList_Hyytiala_simplified.db
C14H22NO11,-,380.11983,organic,NO3-,gas,HTOF-CIMS,Chao Yan,"Hyytiälä, Finland (SMEAR II)",atmosphere,forest,long-term,"Yan et al., 2016, ACP",peakList_Hyytiala_simplified.db
C12H18NO13,-,384.07836,organic,NO3-,gas,HTOF-CIMS,Chao Yan,"Hyytiälä, Finland (SMEAR II)",atmosphere,forest,long-term,"Yan et al., 2016, ACP",peakList_Hyytiala_simplified.db
C10H16N3O13,-,386.06886,organic,NO3-,gas,HTOF-CIMS,Chao Yan,"Hyytiälä, Finland (SMEAR II)",atmosphere,forest,long-term,"Yan et al., 2016, ACP",peakList_Hyytiala_simplified.db
C10H15N2O14,-,387.05288,organic,NO3-,gas,HTOF-CIMS,Chao Yan,"Hyytiälä, Finland (SMEAR II)",atmosphere,forest,long-term,"Yan et al., 2016, ACP",peakList_Hyytiala_simplified.db
C10H14NO15,-,388.03689,organic,NO3-,gas,HTOF-CIMS,Chao Yan,"Hyytiälä, Finland (SMEAR II)",atmosphere,forest,long-term,"Yan et al., 2016, ACP",peakList_Hyytiala_simplified.db
C9H14N3O14,-,388.04813,organic,NO3-,gas,HTOF-CIMS,Chao Yan,"Hyytiälä, Finland (SMEAR II)",atmosphere,forest,long-term,"Yan et al., 2016, ACP",peakList_Hyytiala_simplified.db
C10H15NO15,-,389.04472,organic,NO3-,gas,HTOF-CIMS,Chao Yan,"Hyytiälä, Finland (SMEAR II)",atmosphere,forest,long-term,"Yan et al., 2016, ACP",peakList_Hyytiala_simplified.db
C10H16NO15,-,390.05254,organic,NO3-,gas,HTOF-CIMS,Chao Yan,"Hyytiälä, Finland (SMEAR II)",atmosphere,forest,long-term,"Yan et al., 2016, ACP",peakList_Hyytiala_simplified.db
C9H15N2O15,-,391.04779,organic,NO3-,gas,HTOF-CIMS,Chao Yan,"Hyytiälä, Finland (SMEAR II)",atmosphere,forest,long-term,"Yan et al., 2016, ACP",peakList_Hyytiala_simplified.db
C15H22NO11,-,392.11983,organic,NO3-,gas,HTOF-CIMS,Chao Yan,"Hyytiälä, Finland (SMEAR II)",atmosphere,forest,long-term,"Yan et al., 2016, ACP",peakList_Hyytiala_simplified.db
C9H17N2O15,-,393.06344,organic,NO3-,gas,HTOF-CIMS,Chao Yan,"Hyytiälä, Finland (SMEAR II)",atmosphere,forest,long-term,"Yan et al., 2016, ACP",peakList_Hyytiala_simplified.db
C10H16N3O14,-,402.06378,organic,NO3-,gas,HTOF-CIMS,Chao Yan,"Hyytiälä, Finland (SMEAR II)",atmosphere,forest,long-term,"Yan et al., 2016, ACP",peakList_Hyytiala_simplified.db
C10H15N2O15,-,403.04779,organic,NO3-,gas,HTOF-CIMS,Chao Yan,"Hyytiälä, Finland (SMEAR II)",atmosphere,forest,long-term,"Yan et al., 2016, ACP",peakList_Hyytiala_simplified.db
C10H14NO16,-,404.03181,organic,NO3-,gas,HTOF-CIMS,Chao Yan,"Hyytiälä, Finland (SMEAR II)",atmosphere,forest,long-term,"Yan et al., 2016, ACP",peakList_Hyytiala_simplified.db
C10H16NO16,-,406.04746,organic,NO3-,gas,HTOF-CIMS,Chao Yan,"Hyytiälä, Finland (SMEAR II)",atmosphere,forest,long-term,"Yan et al., 2016, ACP",peakList_Hyytiala_simplified.db
C14H22NO13,-,412.10966,organic,NO3-,gas,HTOF-CIMS,Chao Yan,"Hyytiälä, Finland (SMEAR II)",atmosphere,forest,long-term,"Yan et al., 2016, ACP",peakList_Hyytiala_simplified.db
C13H20NO14,-,414.08893,organic,NO3-,gas,HTOF-CIMS,Chao Yan,"Hyytiälä, Finland (SMEAR II)",atmosphere,forest,long-term,"Yan et al., 2016, ACP",peakList_Hyytiala_simplified.db
C20H32NO8,-,414.21334,organic,NO3-,gas,HTOF-CIMS,Chao Yan,"Hyytiälä, Finland (SMEAR II)",atmosphere,forest,long-term,"Yan et al., 2016, ACP",peakList_Hyytiala_simplified.db
C12H18NO15,-,416.06819,organic,NO3-,gas,HTOF-CIMS,Chao Yan,"Hyytiälä, Finland (SMEAR II)",atmosphere,forest,long-term,"Yan et al., 2016, ACP",peakList_Hyytiala_simplified.db
C19H30NO9,-,416.19261,organic,NO3-,gas,HTOF-CIMS,Chao Yan,"Hyytiälä, Finland (SMEAR II)",atmosphere,forest,long-term,"Yan et al., 2016, ACP",peakList_Hyytiala_simplified.db
C11H17N2O15,-,417.06344,organic,NO3-,gas,HTOF-CIMS,Chao Yan,"Hyytiälä, Finland (SMEAR II)",atmosphere,forest,long-term,"Yan et al., 2016, ACP",peakList_Hyytiala_simplified.db
C10H16N3O15,-,418.05869,organic,NO3-,gas,HTOF-CIMS,Chao Yan,"Hyytiälä, Finland (SMEAR II)",atmosphere,forest,long-term,"Yan et al., 2016, ACP",peakList_Hyytiala_simplified.db
C10H15N2O16,-,419.04271,organic,NO3-,gas,HTOF-CIMS,Chao Yan,"Hyytiälä, Finland (SMEAR II)",atmosphere,forest,long-term,"Yan et al., 2016, ACP",peakList_Hyytiala_simplified.db
C19H28NO10,-,430.17187,organic,NO3-,gas,HTOF-CIMS,Chao Yan,"Hyytiälä, Finland (SMEAR II)",atmosphere,forest,long-term,"Yan et al., 2016, ACP",peakList_Hyytiala_simplified.db
C11H15NO17,-,433.03455,organic,NO3-,gas,HTOF-CIMS,Chao Yan,"Hyytiälä, Finland (SMEAR II)",atmosphere,forest,long-term,"Yan et al., 2016, ACP",peakList_Hyytiala_simplified.db
C11H17N2O16,-,433.05836,organic,NO3-,gas,HTOF-CIMS,Chao Yan,"Hyytiälä, Finland (SMEAR II)",atmosphere,forest,long-term,"Yan et al., 2016, ACP",peakList_Hyytiala_simplified.db
C10H16N3O16,-,434.05361,organic,NO3-,gas,HTOF-CIMS,Chao Yan,"Hyytiälä, Finland (SMEAR II)",atmosphere,forest,long-term,"Yan et al., 2016, ACP",peakList_Hyytiala_simplified.db
C18H28NO11,-,434.16678,organic,NO3-,gas,HTOF-CIMS,Chao Yan,"Hyytiälä, Finland (SMEAR II)",atmosphere,forest,long-term,"Yan et al., 2016, ACP",peakList_Hyytiala_simplified.db
C17H26NO12,-,436.14605,organic,NO3-,gas,HTOF-CIMS,Chao Yan,"Hyytiälä, Finland (SMEAR II)",atmosphere,forest,long-term,"Yan et al., 2016, ACP",peakList_Hyytiala_simplified.db
C14H22NO15,-,444.09949,organic,NO3-,gas,HTOF-CIMS,Chao Yan,"Hyytiälä, Finland (SMEAR II)",atmosphere,forest,long-term,"Yan et al., 2016, ACP",peakList_Hyytiala_simplified.db
C19H28NO11,-,446.16678,organic,NO3-,gas,HTOF-CIMS,Chao Yan,"Hyytiälä, Finland (SMEAR II)",atmosphere,forest,long-term,"Yan et al., 2016, ACP",peakList_Hyytiala_simplified.db
C20H32NO10,-,446.20317,organic,NO3-,gas,HTOF-CIMS,Chao Yan,"Hyytiälä, Finland (SMEAR II)",atmosphere,forest,long-term,"Yan et al., 2016, ACP",peakList_Hyytiala_simplified.db
C19H30NO11,-,448.18243,organic,NO3-,gas,HTOF-CIMS,Chao Yan,"Hyytiälä, Finland (SMEAR II)",atmosphere,forest,long-term,"Yan et al., 2016, ACP",peakList_Hyytiala_simplified.db
C11H15NO18,-,449.02946,organic,NO3-,gas,HTOF-CIMS,Chao Yan,"Hyytiälä, Finland (SMEAR II)",atmosphere,forest,long-term,"Yan et al., 2016, ACP",peakList_Hyytiala_simplified.db
C11H17N2O17,-,449.05327,organic,NO3-,gas,HTOF-CIMS,Chao Yan,"Hyytiälä, Finland (SMEAR II)",atmosphere,forest,long-term,"Yan et al., 2016, ACP",peakList_Hyytiala_simplified.db
C10H16N3O17,-,450.04852,organic,NO3-,gas,HTOF-CIMS,Chao Yan,"Hyytiälä, Finland (SMEAR II)",atmosphere,forest,long-term,"Yan et al., 2016, ACP",peakList_Hyytiala_simplified.db
C18H28NO12,-,450.16170,organic,NO3-,gas,HTOF-CIMS,Chao Yan,"Hyytiälä, Finland (SMEAR II)",atmosphere,forest,long-term,"Yan et al., 2016, ACP",peakList_Hyytiala_simplified.db
C17H26NO13,-,452.14096,organic,NO3-,gas,HTOF-CIMS,Chao Yan,"Hyytiälä, Finland (SMEAR II)",atmosphere,forest,long-term,"Yan et al., 2016, ACP",peakList_Hyytiala_simplified.db
C14H20NO16,-,458.07876,organic,NO3-,gas,HTOF-CIMS,Chao Yan,"Hyytiälä, Finland (SMEAR II)",atmosphere,forest,long-term,"Yan et al., 2016, ACP",peakList_Hyytiala_simplified.db
C20H30NO11,-,460.18243,organic,NO3-,gas,HTOF-CIMS,Chao Yan,"Hyytiälä, Finland (SMEAR II)",atmosphere,forest,long-term,"Yan et al., 2016, ACP",peakList_Hyytiala_simplified.db
C19H28NO12,-,462.16170,organic,NO3-,gas,HTOF-CIMS,Chao Yan,"Hyytiälä, Finland (SMEAR II)",atmosphere,forest,long-term,"Yan et al., 2016, ACP",peakList_Hyytiala_simplified.db
C19H30NO12,-,464.17735,organic,NO3-,gas,HTOF-CIMS,Chao Yan,"Hyytiälä, Finland (SMEAR II)",atmosphere,forest,long-term,"Yan et al., 2016, ACP",peakList_Hyytiala_simplified.db
C11H17N2O18,-,465.04819,organic,NO3-,gas,HTOF-CIMS,Chao Yan,"Hyytiälä, Finland (SMEAR II)",atmosphere,forest,long-term,"Yan et al., 2016, ACP",peakList_Hyytiala_simplified.db
C18H28NO13,-,466.15661,organic,NO3-,gas,HTOF-CIMS,Chao Yan,"Hyytiälä, Finland (SMEAR II)",atmosphere,forest,long-term,"Yan et al., 2016, ACP",peakList_Hyytiala_simplified.db
C17H26NO14,-,468.13588,organic,NO3-,gas,HTOF-CIMS,Chao Yan,"Hyytiälä, Finland (SMEAR II)",atmosphere,forest,long-term,"Yan et al., 2016, ACP",peakList_Hyytiala_simplified.db
C14H20NO17,-,474.07367,organic,NO3-,gas,HTOF-CIMS,Chao Yan,"Hyytiälä, Finland (SMEAR II)",atmosphere,forest,long-term,"Yan et al., 2016, ACP",peakList_Hyytiala_simplified.db
C20H30NO12,-,476.17735,organic,NO3-,gas,HTOF-CIMS,Chao Yan,"Hyytiälä, Finland (SMEAR II)",atmosphere,forest,long-term,"Yan et al., 2016, ACP",peakList_Hyytiala_simplified.db
C19H29N2O12,-,477.17260,organic,NO3-,gas,HTOF-CIMS,Chao Yan,"Hyytiälä, Finland (SMEAR II)",atmosphere,forest,long-term,"Yan et al., 2016, ACP",peakList_Hyytiala_simplified.db
C19H28NO13,-,478.15661,organic,NO3-,gas,HTOF-CIMS,Chao Yan,"Hyytiälä, Finland (SMEAR II)",atmosphere,forest,long-term,"Yan et al., 2016, ACP",peakList_Hyytiala_simplified.db
C20H32NO12,-,478.19300,organic,NO3-,gas,HTOF-CIMS,Chao Yan,"Hyytiälä, Finland (SMEAR II)",atmosphere,forest,long-term,"Yan et al., 2016, ACP",peakList_Hyytiala_simplified.db
C19H30NO13,-,480.17226,organic,NO3-,gas,HTOF-CIMS,Chao Yan,"Hyytiälä, Finland (SMEAR II)",atmosphere,forest,long-term,"Yan et al., 2016, ACP",peakList_Hyytiala_simplified.db
C18H28NO14,-,482.15153,organic,NO3-,gas,HTOF-CIMS,Chao Yan,"Hyytiälä, Finland (SMEAR II)",atmosphere,forest,long-term,"Yan et al., 2016, ACP",peakList_Hyytiala_simplified.db
C17H26NO15,-,484.13079,organic,NO3-,gas,HTOF-CIMS,Chao Yan,"Hyytiälä, Finland (SMEAR II)",atmosphere,forest,long-term,"Yan et al., 2016, ACP",peakList_Hyytiala_simplified.db
C16H24NO16,-,486.11006,organic,NO3-,gas,HTOF-CIMS,Chao Yan,"Hyytiälä, Finland (SMEAR II)",atmosphere,forest,long-term,"Yan et al., 2016, ACP",peakList_Hyytiala_simplified.db
C17H28NO15,-,486.14644,organic,NO3-,gas,HTOF-CIMS,Chao Yan,"Hyytiälä, Finland (SMEAR II)",atmosphere,forest,long-term,"Yan et al., 2016, ACP",peakList_Hyytiala_simplified.db
C15H22NO17,-,488.08932,organic,NO3-,gas,HTOF-CIMS,Chao Yan,"Hyytiälä, Finland (SMEAR II)",atmosphere,forest,long-term,"Yan et al., 2016, ACP",peakList_Hyytiala_simplified.db
C14H20NO18,-,490.06859,organic,NO3-,gas,HTOF-CIMS,Chao Yan,"Hyytiälä, Finland (SMEAR II)",atmosphere,forest,long-term,"Yan et al., 2016, ACP",peakList_Hyytiala_simplified.db
C20H30NO13,-,492.17226,organic,NO3-,gas,HTOF-CIMS,Chao Yan,"Hyytiälä, Finland (SMEAR II)",atmosphere,forest,long-term,"Yan et al., 2016, ACP",peakList_Hyytiala_simplified.db
C19H29N2O13,-,493.16751,organic,NO3-,gas,HTOF-CIMS,Chao Yan,"Hyytiälä, Finland (SMEAR II)",atmosphere,forest,long-term,"Yan et al., 2016, ACP",peakList_Hyytiala_simplified.db
C19H28NO14,-,494.15153,organic,NO3-,gas,HTOF-CIMS,Chao Yan,"Hyytiälä, Finland (SMEAR II)",atmosphere,forest,long-term,"Yan et al., 2016, ACP",peakList_Hyytiala_simplified.db
C20H32NO13,-,494.18791,organic,NO3-,gas,HTOF-CIMS,Chao Yan,"Hyytiälä, Finland (SMEAR II)",atmosphere,forest,long-term,"Yan et al., 2016, ACP",peakList_Hyytiala_simplified.db
C19H30NO14,-,496.16718,organic,NO3-,gas,HTOF-CIMS,Chao Yan,"Hyytiälä, Finland (SMEAR II)",atmosphere,forest,long-term,"Yan et al., 2016, ACP",peakList_Hyytiala_simplified.db
C17H25N2O15,-,497.12604,organic,NO3-,gas,HTOF-CIMS,Chao Yan,"Hyytiälä, Finland (SMEAR II)",atmosphere,forest,long-term,"Yan et al., 2016, ACP",peakList_Hyytiala_simplified.db
C18H28NO15,-,498.14644,organic,NO3-,gas,HTOF-CIMS,Chao Yan,"Hyytiälä, Finland (SMEAR II)",atmosphere,forest,long-term,"Yan et al., 2016, ACP",peakList_Hyytiala_simplified.db
C17H26NO16,-,500.12571,organic,NO3-,gas,HTOF-CIMS,Chao Yan,"Hyytiälä, Finland (SMEAR II)",atmosphere,forest,long-term,"Yan et al., 2016, ACP",peakList_Hyytiala_simplified.db
C16H24NO17,-,502.10497,organic,NO3-,gas,HTOF-CIMS,Chao Yan,"Hyytiälä, Finland (SMEAR II)",atmosphere,forest,long-term,"Yan et al., 2016, ACP",peakList_Hyytiala_simplified.db
C17H28NO16,-,502.14136,organic,NO3-,gas,HTOF-CIMS,Chao Yan,"Hyytiälä, Finland (SMEAR II)",atmosphere,forest,long-term,"Yan et al., 2016, ACP",peakList_Hyytiala_simplified.db
C20H31N2O13,-,507.18316,organic,NO3-,gas,HTOF-CIMS,Chao Yan,"Hyytiälä, Finland (SMEAR II)",atmosphere,forest,long-term,"Yan et al., 2016, ACP",peakList_Hyytiala_simplified.db
C20H30NO14,-,508.16718,organic,NO3-,gas,HTOF-CIMS,Chao Yan,"Hyytiälä, Finland (SMEAR II)",atmosphere,forest,long-term,"Yan et al., 2016, ACP",peakList_Hyytiala_simplified.db
C19H29N2O14,-,509.16243,organic,NO3-,gas,HTOF-CIMS,Chao Yan,"Hyytiälä, Finland (SMEAR II)",atmosphere,forest,long-term,"Yan et al., 2016, ACP",peakList_Hyytiala_simplified.db
C18H28N3O14,-,510.15768,organic,NO3-,gas,HTOF-CIMS,Chao Yan,"Hyytiälä, Finland (SMEAR II)",atmosphere,forest,long-term,"Yan et al., 2016, ACP",peakList_Hyytiala_simplified.db
C20H32NO14,-,510.18283,organic,NO3-,gas,HTOF-CIMS,Chao Yan,"Hyytiälä, Finland (SMEAR II)",atmosphere,forest,long-term,"Yan et al., 2016, ACP",peakList_Hyytiala_simplified.db
C19H31N2O14,-,511.17808,organic,NO3-,gas,HTOF-CIMS,Chao Yan,"Hyytiälä, Finland (SMEAR II)",atmosphere,forest,long-term,"Yan et al., 2016, ACP",peakList_Hyytiala_simplified.db
C19H30NO15,-,512.16209,organic,NO3-,gas,HTOF-CIMS,Chao Yan,"Hyytiälä, Finland (SMEAR II)",atmosphere,forest,long-term,"Yan et al., 2016, ACP",peakList_Hyytiala_simplified.db
C17H25N2O16,-,513.12096,organic,NO3-,gas,HTOF-CIMS,Chao Yan,"Hyytiälä, Finland (SMEAR II)",atmosphere,forest,long-term,"Yan et al., 2016, ACP",peakList_Hyytiala_simplified.db
C18H29N2O15,-,513.15734,organic,NO3-,gas,HTOF-CIMS,Chao Yan,"Hyytiälä, Finland (SMEAR II)",atmosphere,forest,long-term,"Yan et al., 2016, ACP",peakList_Hyytiala_simplified.db
C18H28NO16,-,514.14136,organic,NO3-,gas,HTOF-CIMS,Chao Yan,"Hyytiälä, Finland (SMEAR II)",atmosphere,forest,long-term,"Yan et al., 2016, ACP",peakList_Hyytiala_simplified.db
C17H26NO17,-,516.12062,organic,NO3-,gas,HTOF-CIMS,Chao Yan,"Hyytiälä, Finland (SMEAR II)",atmosphere,forest,long-term,"Yan et al., 2016, ACP",peakList_Hyytiala_simplified.db
C18H30NO16,-,516.15701,organic,NO3-,gas,HTOF-CIMS,Chao Yan,"Hyytiälä, Finland (SMEAR II)",atmosphere,forest,long-term,"Yan et al., 2016, ACP",peakList_Hyytiala_simplified.db
C15H22NO19,-,520.07915,organic,NO3-,gas,HTOF-CIMS,Chao Yan,"Hyytiälä, Finland (SMEAR II)",atmosphere,forest,long-term,"Yan et al., 2016, ACP",peakList_Hyytiala_simplified.db
C19H27N2O15,-,523.14169,organic,NO3-,gas,HTOF-CIMS,Chao Yan,"Hyytiälä, Finland (SMEAR II)",atmosphere,forest,long-term,"Yan et al., 2016, ACP",peakList_Hyytiala_simplified.db
C20H31N2O14,-,523.17808,organic,NO3-,gas,HTOF-CIMS,Chao Yan,"Hyytiälä, Finland (SMEAR II)",atmosphere,forest,long-term,"Yan et al., 2016, ACP",peakList_Hyytiala_simplified.db
C20H30NO15,-,524.16209,organic,NO3-,gas,HTOF-CIMS,Chao Yan,"Hyytiälä, Finland (SMEAR II)",atmosphere,forest,long-term,"Yan et al., 2016, ACP",peakList_Hyytiala_simplified.db
C19H29N2O15,-,525.15734,organic,NO3-,gas,HTOF-CIMS,Chao Yan,"Hyytiälä, Finland (SMEAR II)",atmosphere,forest,long-term,"Yan et al., 2016, ACP",peakList_Hyytiala_simplified.db
C19H28NO16,-,526.14136,organic,NO3-,gas,HTOF-CIMS,Chao Yan,"Hyytiälä, Finland (SMEAR II)",atmosphere,forest,long-term,"Yan et al., 2016, ACP",peakList_Hyytiala_simplified.db
C20H32NO15,-,526.17774,organic,NO3-,gas,HTOF-CIMS,Chao Yan,"Hyytiälä, Finland (SMEAR II)",atmosphere,forest,long-term,"Yan et al., 2016, ACP",peakList_Hyytiala_simplified.db
C19H31N2O15,-,527.17299,organic,NO3-,gas,HTOF-CIMS,Chao Yan,"Hyytiälä, Finland (SMEAR II)",atmosphere,forest,long-term,"Yan et al., 2016, ACP",peakList_Hyytiala_simplified.db
C19H30NO16,-,528.15701,organic,NO3-,gas,HTOF-CIMS,Chao Yan,"Hyytiälä, Finland (SMEAR II)",atmosphere,forest,long-term,"Yan et al., 2016, ACP",peakList_Hyytiala_simplified.db
C17H25N2O17,-,529.11587,organic,NO3-,gas,HTOF-CIMS,Chao Yan,"Hyytiälä, Finland (SMEAR II)",atmosphere,forest,long-term,"Yan et al., 2016, ACP",peakList_Hyytiala_simplified.db
C18H28NO17,-,530.13627,organic,NO3-,gas,HTOF-CIMS,Chao Yan,"Hyytiälä, Finland (SMEAR II)",atmosphere,forest,long-term,"Yan et al., 2016, ACP",peakList_Hyytiala_simplified.db
C17H27N2O17,-,531.13152,organic,NO3-,gas,HTOF-CIMS,Chao Yan,"Hyytiälä, Finland (SMEAR II)",atmosphere,forest,long-term,"Yan et al., 2016, ACP",peakList_Hyytiala_simplified.db
C20H32N3O14,-,538.18898,organic,NO3-,gas,HTOF-CIMS,Chao Yan,"Hyytiälä, Finland (SMEAR II)",atmosphere,forest,long-term,"Yan et al., 2016, ACP",peakList_Hyytiala_simplified.db
C19H27N2O16,-,539.13661,organic,NO3-,gas,HTOF-CIMS,Chao Yan,"Hyytiälä, Finland (SMEAR II)",atmosphere,forest,long-term,"Yan et al., 2016, ACP",peakList_Hyytiala_simplified.db
C20H31N2O15,-,539.17299,organic,NO3-,gas,HTOF-CIMS,Chao Yan,"Hyytiälä, Finland (SMEAR II)",atmosphere,forest,long-term,"Yan et al., 2016, ACP",peakList_Hyytiala_simplified.db
C20H30NO16,-,540.15701,organic,NO3-,gas,HTOF-CIMS,Chao Yan,"Hyytiälä, Finland (SMEAR II)",atmosphere,forest,long-term,"Yan et al., 2016, ACP",peakList_Hyytiala_simplified.db
C19H29N2O16,-,541.15226,organic,NO3-,gas,HTOF-CIMS,Chao Yan,"Hyytiälä, Finland (SMEAR II)",atmosphere,forest,long-term,"Yan et al., 2016, ACP",peakList_Hyytiala_simplified.db
C20H32NO16,-,542.17266,organic,NO3-,gas,HTOF-CIMS,Chao Yan,"Hyytiälä, Finland (SMEAR II)",atmosphere,forest,long-term,"Yan et al., 2016, ACP",peakList_Hyytiala_simplified.db
C19H31N2O16,-,543.16791,organic,NO3-,gas,HTOF-CIMS,Chao Yan,"Hyytiälä, Finland (SMEAR II)",atmosphere,forest,long-term,"Yan et al., 2016, ACP",peakList_Hyytiala_simplified.db
C19H30NO17,-,544.15192,organic,NO3-,gas,HTOF-CIMS,Chao Yan,"Hyytiälä, Finland (SMEAR II)",atmosphere,forest,long-term,"Yan et al., 2016, ACP",peakList_Hyytiala_simplified.db
C18H29N2O17,-,545.14717,organic,NO3-,gas,HTOF-CIMS,Chao Yan,"Hyytiälä, Finland (SMEAR II)",atmosphere,forest,long-term,"Yan et al., 2016, ACP",peakList_Hyytiala_simplified.db
C16H24N3O18,-,546.10603,organic,NO3-,gas,HTOF-CIMS,Chao Yan,"Hyytiälä, Finland (SMEAR II)",atmosphere,forest,long-term,"Yan et al., 2016, ACP",peakList_Hyytiala_simplified.db
C18H28NO18,-,546.13119,organic,NO3-,gas,HTOF-CIMS,Chao Yan,"Hyytiälä, Finland (SMEAR II)",atmosphere,forest,long-term,"Yan et al., 2016, ACP",peakList_Hyytiala_simplified.db
C17H26NO19,-,548.11045,organic,NO3-,gas,HTOF-CIMS,Chao Yan,"Hyytiälä, Finland (SMEAR II)",atmosphere,forest,long-term,"Yan et al., 2016, ACP",peakList_Hyytiala_simplified.db
C20H32N3O15,-,554.18389,organic,NO3-,gas,HTOF-CIMS,Chao Yan,"Hyytiälä, Finland (SMEAR II)",atmosphere,forest,long-term,"Yan et al., 2016, ACP",peakList_Hyytiala_simplified.db
C19H27N2O17,-,555.13152,organic,NO3-,gas,HTOF-CIMS,Chao Yan,"Hyytiälä, Finland (SMEAR II)",atmosphere,forest,long-term,"Yan et al., 2016, ACP",peakList_Hyytiala_simplified.db
C20H31N2O16,-,555.16791,organic,NO3-,gas,HTOF-CIMS,Chao Yan,"Hyytiälä, Finland (SMEAR II)",atmosphere,forest,long-term,"Yan et al., 2016, ACP",peakList_Hyytiala_simplified.db
C20H30NO17,-,556.15192,organic,NO3-,gas,HTOF-CIMS,Chao Yan,"Hyytiälä, Finland (SMEAR II)",atmosphere,forest,long-term,"Yan et al., 2016, ACP",peakList_Hyytiala_simplified.db
C19H29N2O17,-,557.14717,organic,NO3-,gas,HTOF-CIMS,Chao Yan,"Hyytiälä, Finland (SMEAR II)",atmosphere,forest,long-term,"Yan et al., 2016, ACP",peakList_Hyytiala_simplified.db
C20H33N2O16,-,557.18356,organic,NO3-,gas,HTOF-CIMS,Chao Yan,"Hyytiälä, Finland (SMEAR II)",atmosphere,forest,long-term,"Yan et al., 2016, ACP",peakList_Hyytiala_simplified.db
C20H32NO17,-,558.16757,organic,NO3-,gas,HTOF-CIMS,Chao Yan,"Hyytiälä, Finland (SMEAR II)",atmosphere,forest,long-term,"Yan et al., 2016, ACP",peakList_Hyytiala_simplified.db
C19H31N2O17,-,559.16282,organic,NO3-,gas,HTOF-CIMS,Chao Yan,"Hyytiälä, Finland (SMEAR II)",atmosphere,forest,long-term,"Yan et al., 2016, ACP",peakList_Hyytiala_simplified.db
C19H30NO18,-,560.14684,organic,NO3-,gas,HTOF-CIMS,Chao Yan,"Hyytiälä, Finland (SMEAR II)",atmosphere,forest,long-term,"Yan et al., 2016, ACP",peakList_Hyytiala_simplified.db
C18H28NO19,-,562.12610,organic,NO3-,gas,HTOF-CIMS,Chao Yan,"Hyytiälä, Finland (SMEAR II)",atmosphere,forest,long-term,"Yan et al., 2016, ACP",peakList_Hyytiala_simplified.db
C19H28N3O17,-,570.14242,organic,NO3-,gas,HTOF-CIMS,Chao Yan,"Hyytiälä, Finland (SMEAR II)",atmosphere,forest,long-term,"Yan et al., 2016, ACP",peakList_Hyytiala_simplified.db
C20H32N3O16,-,570.17881,organic,NO3-,gas,HTOF-CIMS,Chao Yan,"Hyytiälä, Finland (SMEAR II)",atmosphere,forest,long-term,"Yan et al., 2016, ACP",peakList_Hyytiala_simplified.db
C19H27N2O18,-,571.12644,organic,NO3-,gas,HTOF-CIMS,Chao Yan,"Hyytiälä, Finland (SMEAR II)",atmosphere,forest,long-term,"Yan et al., 2016, ACP",peakList_Hyytiala_simplified.db
C20H31N2O17,-,571.16282,organic,NO3-,gas,HTOF-CIMS,Chao Yan,"Hyytiälä, Finland (SMEAR II)",atmosphere,forest,long-term,"Yan et al., 2016, ACP",peakList_Hyytiala_simplified.db
C20H30NO18,-,572.14684,organic,NO3-,gas,HTOF-CIMS,Chao Yan,"Hyytiälä, Finland (SMEAR II)",atmosphere,forest,long-term,"Yan et al., 2016, ACP",peakList_Hyytiala_simplified.db
C19H29N2O18,-,573.14209,organic,NO3-,gas,HTOF-CIMS,Chao Yan,"Hyytiälä, Finland (SMEAR II)",atmosphere,forest,long-term,"Yan et al., 2016, ACP",peakList_Hyytiala_simplified.db
C20H32NO18,-,574.16249,organic,NO3-,gas,HTOF-CIMS,Chao Yan,"Hyytiälä, Finland (SMEAR II)",atmosphere,forest,long-term,"Yan et al., 2016, ACP",peakList_Hyytiala_simplified.db
C19H31N2O18,-,575.15774,organic,NO3-,gas,HTOF-CIMS,Chao Yan,"Hyytiälä, Finland (SMEAR II)",atmosphere,forest,long-term,"Yan et al., 2016, ACP",peakList_Hyytiala_simplified.db
C19H30NO19,-,576.14175,organic,NO3-,gas,HTOF-CIMS,Chao Yan,"Hyytiälä, Finland (SMEAR II)",atmosphere,forest,long-term,"Yan et al., 2016, ACP",peakList_Hyytiala_simplified.db
C17H25N2O20,-,577.10061,organic,NO3-,gas,HTOF-CIMS,Chao Yan,"Hyytiälä, Finland (SMEAR II)",atmosphere,forest,long-term,"Yan et al., 2016, ACP",peakList_Hyytiala_simplified.db
C18H28NO20,-,578.12102,organic,NO3-,gas,HTOF-CIMS,Chao Yan,"Hyytiälä, Finland (SMEAR II)",atmosphere,forest,long-term,"Yan et al., 2016, ACP",peakList_Hyytiala_simplified.db
C20H32N3O17,-,586.17372,organic,NO3-,gas,HTOF-CIMS,Chao Yan,"Hyytiälä, Finland (SMEAR II)",atmosphere,forest,long-term,"Yan et al., 2016, ACP",peakList_Hyytiala_simplified.db
C19H27N2O19,-,587.12135,organic,NO3-,gas,HTOF-CIMS,Chao Yan,"Hyytiälä, Finland (SMEAR II)",atmosphere,forest,long-term,"Yan et al., 2016, ACP",peakList_Hyytiala_simplified.db
C20H31N2O18,-,587.15774,organic,NO3-,gas,HTOF-CIMS,Chao Yan,"Hyytiälä, Finland (SMEAR II)",atmosphere,forest,long-term,"Yan et al., 2016, ACP",peakList_Hyytiala_simplified.db
C20H30NO19,-,588.14175,organic,NO3-,gas,HTOF-CIMS,Chao Yan,"Hyytiälä, Finland (SMEAR II)",atmosphere,forest,long-term,"Yan et al., 2016, ACP",peakList_Hyytiala_simplified.db
C19H29N2O19,-,589.13700,organic,NO3-,gas,HTOF-CIMS,Chao Yan,"Hyytiälä, Finland (SMEAR II)",atmosphere,forest,long-term,"Yan et al., 2016, ACP",peakList_Hyytiala_simplified.db
C20H33N2O18,-,589.17339,organic,NO3-,gas,HTOF-CIMS,Chao Yan,"Hyytiälä, Finland (SMEAR II)",atmosphere,forest,long-term,"Yan et al., 2016, ACP",peakList_Hyytiala_simplified.db
C20H32NO19,-,590.15740,organic,NO3-,gas,HTOF-CIMS,Chao Yan,"Hyytiälä, Finland (SMEAR II)",atmosphere,forest,long-term,"Yan et al., 2016, ACP",peakList_Hyytiala_simplified.db
C19H30NO20,-,592.13667,organic,NO3-,gas,HTOF-CIMS,Chao Yan,"Hyytiälä, Finland (SMEAR II)",atmosphere,forest,long-term,"Yan et al., 2016, ACP",peakList_Hyytiala_simplified.db
C18H28NO21,-,594.11593,organic,NO3-,gas,HTOF-CIMS,Chao Yan,"Hyytiälä, Finland (SMEAR II)",atmosphere,forest,long-term,"Yan et al., 2016, ACP",peakList_Hyytiala_simplified.db
C20H29N2O19,-,601.13700,organic,NO3-,gas,HTOF-CIMS,Chao Yan,"Hyytiälä, Finland (SMEAR II)",atmosphere,forest,long-term,"Yan et al., 2016, ACP",peakList_Hyytiala_simplified.db
C20H32N3O18,-,602.16863,organic,NO3-,gas,HTOF-CIMS,Chao Yan,"Hyytiälä, Finland (SMEAR II)",atmosphere,forest,long-term,"Yan et al., 2016, ACP",peakList_Hyytiala_simplified.db
C19H27N2O20,-,603.11626,organic,NO3-,gas,HTOF-CIMS,Chao Yan,"Hyytiälä, Finland (SMEAR II)",atmosphere,forest,long-term,"Yan et al., 2016, ACP",peakList_Hyytiala_simplified.db
C20H31N2O19,-,603.15265,organic,NO3-,gas,HTOF-CIMS,Chao Yan,"Hyytiälä, Finland (SMEAR II)",atmosphere,forest,long-term,"Yan et al., 2016, ACP",peakList_Hyytiala_simplified.db
C20H30NO20,-,604.13667,organic,NO3-,gas,HTOF-CIMS,Chao Yan,"Hyytiälä, Finland (SMEAR II)",atmosphere,forest,long-term,"Yan et al., 2016, ACP",peakList_Hyytiala_simplified.db
C20H32NO20,-,606.15232,organic,NO3-,gas,HTOF-CIMS,Chao Yan,"Hyytiälä, Finland (SMEAR II)",atmosphere,forest,long-term,"Yan et al., 2016, ACP",peakList_Hyytiala_simplified.db
C19H30NO21,-,608.13158,organic,NO3-,gas,HTOF-CIMS,Chao Yan,"Hyytiälä, Finland (SMEAR II)",atmosphere,forest,long-term,"Yan et al., 2016, ACP",peakList_Hyytiala_simplified.db
C19H28N3O20,-,618.12716,organic,NO3-,gas,HTOF-CIMS,Chao Yan,"Hyytiälä, Finland (SMEAR II)",atmosphere,forest,long-term,"Yan et al., 2016, ACP",peakList_Hyytiala_simplified.db
C20H30NO21,-,620.13158,organic,NO3-,gas,HTOF-CIMS,Chao Yan,"Hyytiälä, Finland (SMEAR II)",atmosphere,forest,long-term,"Yan et al., 2016, ACP",peakList_Hyytiala_simplified.db
C20H32NO21,-,622.14723,organic,NO3-,gas,HTOF-CIMS,Chao Yan,"Hyytiälä, Finland (SMEAR II)",atmosphere,forest,long-term,"Yan et al., 2016, ACP",peakList_Hyytiala_simplified.db
C20H30NO22,-,636.12650,organic,NO3-,gas,HTOF-CIMS,Chao Yan,"Hyytiälä, Finland (SMEAR II)",atmosphere,forest,long-term,"Yan et al., 2016, ACP",peakList_Hyytiala_simplified.db
C20H32NO22,-,638.14215,organic,NO3-,gas,HTOF-CIMS,Chao Yan,"Hyytiälä, Finland (SMEAR II)",atmosphere,forest,long-term,"Yan et al., 2016, ACP",peakList_Hyytiala_simplified.db
C20H30NO23,-,652.12141,organic,NO3-,gas,HTOF-CIMS,Chao Yan,"Hyytiälä, Finland (SMEAR II)",atmosphere,forest,long-term,"Yan et al., 2016, ACP",peakList_Hyytiala_simplified.db
C4H4NO8,-,193.99424,organic,NO3-,gas,HTOF-CIMS,Chao Yan,CERN CLOUD chamber,chamber,,CLOUD10,"Yan et al., 2020, Sci. Adv.",peakList_CLOUD10_NOx_checked_v2.db
C5H8NO7,-,194.03063,organic,NO3-,gas,HTOF-CIMS,Chao Yan,CERN CLOUD chamber,chamber,,CLOUD10,"Yan et al., 2020, Sci. Adv.",peakList_CLOUD10_NOx_checked_v2.db
C4H5NO8,-,195.00206,organic,NO3-,gas,HTOF-CIMS,Chao Yan,CERN CLOUD chamber,chamber,,CLOUD10,"Yan et al., 2020, Sci. Adv.",peakList_CLOUD10_NOx_checked_v2.db
C4H6NO8,-,196.00989,organic,NO3-,gas,HTOF-CIMS,Chao Yan,CERN CLOUD chamber,chamber,,CLOUD10,"Yan et al., 2020, Sci. Adv.",peakList_CLOUD10_NOx_checked_v2.db
C7H9NO6,-,203.04354,organic,NO3-,gas,HTOF-CIMS,Chao Yan,CERN CLOUD chamber,chamber,,CLOUD10,"Yan et al., 2020, Sci. Adv.",peakList_CLOUD10_NOx_checked_v2.db
C6H6NO7,-,204.01498,organic,NO3-,gas,HTOF-CIMS,Chao Yan,CERN CLOUD chamber,chamber,,CLOUD10,"Yan et al., 2020, Sci. Adv.",peakList_CLOUD10_NOx_checked_v2.db
C7H10NO6,-,204.05136,organic,NO3-,gas,HTOF-CIMS,Chao Yan,CERN CLOUD chamber,chamber,,CLOUD10,"Yan et al., 2020, Sci. Adv.",peakList_CLOUD10_NOx_checked_v2.db
C8H14NO5,-,204.08775,organic,NO3-,gas,HTOF-CIMS,Chao Yan,CERN CLOUD chamber,chamber,,CLOUD10,"Yan et al., 2020, Sci. Adv.",peakList_CLOUD10_NOx_checked_v2.db
C6H7NO7,-,205.02280,organic,NO3-,gas,HTOF-CIMS,Chao Yan,CERN CLOUD chamber,chamber,,CLOUD10,"Yan et al., 2020, Sci. Adv.",peakList_CLOUD10_NOx_checked_v2.db
C7H11NO6,-,205.05919,organic,NO3-,gas,HTOF-CIMS,Chao Yan,CERN CLOUD chamber,chamber,,CLOUD10,"Yan et al., 2020, Sci. Adv.",peakList_CLOUD10_NOx_checked_v2.db
C6H8NO7,-,206.03063,organic,NO3-,gas,HTOF-CIMS,Chao Yan,CERN CLOUD chamber,chamber,,CLOUD10,"Yan et al., 2020, Sci. Adv.",peakList_CLOUD10_NOx_checked_v2.db
C7H12NO6,-,206.06701,organic,NO3-,gas,HTOF-CIMS,Chao Yan,CERN CLOUD chamber,chamber,,CLOUD10,"Yan et al., 2020, Sci. Adv.",peakList_CLOUD10_NOx_checked_v2.db
C6H9NO7,-,207.03845,organic,NO3-,gas,HTOF-CIMS,Chao Yan,CERN CLOUD chamber,chamber,,CLOUD10,"Yan et al., 2020, Sci. Adv.",peakList_CLOUD10_NOx_checked_v2.db
C5H6NO8,-,208.00989,organic,NO3-,gas,HTOF-CIMS,Chao Yan,CERN CLOUD chamber,chamber,,CLOUD10,"Yan et al., 2020, Sci. Adv.",peakList_CLOUD10_NOx_checked_v2.db
C6H10NO7,-,208.04628,organic,NO3-,gas,HTOF-CIMS,Chao Yan,CERN CLOUD chamber,chamber,,CLOUD10,"Yan et al., 2020, Sci. Adv.",peakList_CLOUD10_NOx_checked_v2.db
C4H5N2O8,-,209.00514,organic,NO3-,gas,HTOF-CIMS,Chao Yan,CERN CLOUD chamber,chamber,,CLOUD10,"Yan et al., 2020, Sci. Adv.",peakList_CLOUD10_NOx_checked_v2.db
C5H7NO8,-,209.01771,organic,NO3-,gas,HTOF-CIMS,Chao Yan,CERN CLOUD chamber,chamber,,CLOUD10,"Yan et al., 2020, Sci. Adv.",peakList_CLOUD10_NOx_checked_v2.db
C4H4NO9,-,209.98915,organic,NO3-,gas,HTOF-CIMS,Chao Yan,CERN CLOUD chamber,chamber,,CLOUD10,"Yan et al., 2020, Sci. Adv.",peakList_CLOUD10_NOx_checked_v2.db
C5H8NO8,-,210.02554,organic,NO3-,gas,HTOF-CIMS,Chao Yan,CERN CLOUD chamber,chamber,,CLOUD10,"Yan et al., 2020, Sci. Adv.",peakList_CLOUD10_NOx_checked_v2.db
C4H5NO9,-,210.99698,organic,NO3-,gas,HTOF-CIMS,Chao Yan,CERN CLOUD chamber,chamber,,CLOUD10,"Yan et al., 2020, Sci. Adv.",peakList_CLOUD10_NOx_checked_v2.db
C4H6NO9,-,212.00480,organic,NO3-,gas,HTOF-CIMS,Chao Yan,CERN CLOUD chamber,chamber,,CLOUD10,"Yan et al., 2020, Sci. Adv.",peakList_CLOUD10_NOx_checked_v2.db
C8H11NO6,-,217.05919,organic,NO3-,gas,HTOF-CIMS,Chao Yan,CERN CLOUD chamber,chamber,,CLOUD10,"Yan et al., 2020, Sci. Adv.",peakList_CLOUD10_NOx_checked_v2.db
C7H8NO7,-,218.03063,organic,NO3-,gas,HTOF-CIMS,Chao Yan,CERN CLOUD chamber,chamber,,CLOUD10,"Yan et al., 2020, Sci. Adv.",peakList_CLOUD10_NOx_checked_v2.db
C8H12NO6,-,218.06701,organic,NO3-,gas,HTOF-CIMS,Chao Yan,CERN CLOUD chamber,chamber,,CLOUD10,"Yan et al., 2020, Sci. Adv.",peakList_CLOUD10_NOx_checked_v2.db
C9H16NO5,-,218.10340,organic,NO3-,gas,HTOF-CIMS,Chao Yan,CERN CLOUD chamber,chamber,,CLOUD10,"Yan et al., 2020, Sci. Adv.",peakList_CLOUD10_NOx_checked_v2.db
C7H9NO7,-,219.03845,organic,NO3-,gas,HTOF-CIMS,Chao Yan,CERN CLOUD chamber,chamber,,CLOUD10,"Yan et al., 2020, Sci. Adv.",peakList_CLOUD10_NOx_checked_v2.db
C8H13NO6,-,219.07484,organic,NO3-,gas,HTOF-CIMS,Chao Yan,CERN CLOUD chamber,chamber,,CLOUD10,"Yan et al., 2020, Sci. Adv.",peakList_CLOUD10_NOx_checked_v2.db
C6H6NO8,-,220.00989,organic,NO3-,gas,HTOF-CIMS,Chao Yan,CERN CLOUD chamber,chamber,,CLOUD10,"Yan et al., 2020, Sci. Adv.",peakList_CLOUD10_NOx_checked_v2.db
C7H10NO7,-,220.04628,organic,NO3-,gas,HTOF-CIMS,Chao Yan,CERN CLOUD chamber,chamber,,CLOUD10,"Yan et al., 2020, Sci. Adv.",peakList_CLOUD10_NOx_checked_v2.db
C8H14NO6,-,220.08266,organic,NO3-,gas,HTOF-CIMS,Chao Yan,CERN CLOUD chamber,chamber,,CLOUD10,"Yan et al., 2020, Sci. Adv.",peakList_CLOUD10_NOx_checked_v2.db
C6H7NO8,-,221.01771,organic,NO3-,gas,HTOF-CIMS,Chao Yan,CERN CLOUD chamber,chamber,,CLOUD10,"Yan et al., 2020, Sci. Adv.",peakList_CLOUD10_NOx_checked_v2.db
C7H11NO7,-,221.05410,organic,NO3-,gas,HTOF-CIMS,Chao Yan,CERN CLOUD chamber,chamber,,CLOUD10,"Yan et al., 2020, Sci. Adv.",peakList_CLOUD10_NOx_checked_v2.db
C6H8NO8,-,222.02554,organic,NO3-,gas,HTOF-CIMS,Chao Yan,CERN CLOUD chamber,chamber,,CLOUD10,"Yan et al., 2020, Sci. Adv.",peakList_CLOUD10_NOx_checked_v2.db
C7H12NO7,-,222.06193,organic,NO3-,gas,HTOF-CIMS,Chao Yan,CERN CLOUD chamber,chamber,,CLOUD10,"Yan et al., 2020, Sci. Adv.",peakList_CLOUD10_NOx_checked_v2.db
C5H7N2O8,-,223.02079,organic,NO3-,gas,HTOF-CIMS,Chao Yan,CERN CLOUD chamber,chamber,,CLOUD10,"Yan et al., 2020, Sci. Adv.",peakList_CLOUD10_NOx_checked_v2.db
C6H9NO8,-,223.03336,organic,NO3-,gas,HTOF-CIMS,Chao Yan,CERN CLOUD chamber,chamber,,CLOUD10,"Yan et al., 2020, Sci. Adv.",peakList_CLOUD10_NOx_checked_v2.db
C5H6NO9,-,224.00480,organic,NO3-,gas,HTOF-CIMS,Chao Yan,CERN CLOUD chamber,chamber,,CLOUD10,"Yan et al., 2020, Sci. Adv.",peakList_CLOUD10_NOx_checked_v2.db
C6H10NO8,-,224.04119,organic,NO3-,gas,HTOF-CIMS,Chao Yan,CERN CLOUD chamber,chamber,,CLOUD10,"Yan et al., 2020, Sci. Adv.",peakList_CLOUD10_NOx_checked_v2.db
C4H5N2O9,-,225.00005,organic,NO3-,gas,HTOF-CIMS,Chao Yan,CERN CLOUD chamber,chamber,,CLOUD10,"Yan et al., 2020, Sci. Adv.",peakList_CLOUD10_NOx_checked_v2.db
C5H7NO9,-,225.01263,organic,NO3-,gas,HTOF-CIMS,Chao Yan,CERN CLOUD chamber,chamber,,CLOUD10,"Yan et al., 2020, Sci. Adv.",peakList_CLOUD10_NOx_checked_v2.db
C4H4NO10,-,225.98407,organic,NO3-,gas,HTOF-CIMS,Chao Yan,CERN CLOUD chamber,chamber,,CLOUD10,"Yan et al., 2020, Sci. Adv.",peakList_CLOUD10_NOx_checked_v2.db
C5H8NO9,-,226.02045,organic,NO3-,gas,HTOF-CIMS,Chao Yan,CERN CLOUD chamber,chamber,,CLOUD10,"Yan et al., 2020, Sci. Adv.",peakList_CLOUD10_NOx_checked_v2.db
C4H5NO10,-,226.99189,organic,NO3-,gas,HTOF-CIMS,Chao Yan,CERN CLOUD chamber,chamber,,CLOUD10,"Yan et al., 2020, Sci. Adv.",peakList_CLOUD10_NOx_checked_v2.db
C4H6NO10,-,227.99972,organic,NO3-,gas,HTOF-CIMS,Chao Yan,CERN CLOUD chamber,chamber,,CLOUD10,"Yan et al., 2020, Sci. Adv.",peakList_CLOUD10_NOx_checked_v2.db
C10H14NO5,-,228.08775,organic,NO3-,gas,HTOF-CIMS,Chao Yan,CERN CLOUD chamber,chamber,,CLOUD10,"Yan et al., 2020, Sci. Adv.",peakList_CLOUD10_NOx_checked_v2.db
C9H12NO6,-,230.06701,organic,NO3-,gas,HTOF-CIMS,Chao Yan,CERN CLOUD chamber,chamber,,CLOUD10,"Yan et al., 2020, Sci. Adv.",peakList_CLOUD10_NOx_checked_v2.db
C10H16NO5,-,230.10340,organic,NO3-,gas,HTOF-CIMS,Chao Yan,CERN CLOUD chamber,chamber,,CLOUD10,"Yan et al., 2020, Sci. Adv.",peakList_CLOUD10_NOx_checked_v2.db
C9H13NO6,-,231.07484,organic,NO3-,gas,HTOF-CIMS,Chao Yan,CERN CLOUD chamber,chamber,,CLOUD10,"Yan et al., 2020, Sci. Adv.",peakList_CLOUD10_NOx_checked_v2.db
C8H10NO7,-,232.04628,organic,NO3-,gas,HTOF-CIMS,Chao Yan,CERN CLOUD chamber,chamber,,CLOUD10,"Yan et al., 2020, Sci. Adv.",peakList_CLOUD10_NOx_checked_v2.db
C9H14NO6,-,232.08266,organic,NO3-,gas,HTOF-CIMS,Chao Yan,CERN CLOUD chamber,chamber,,CLOUD10,"Yan et al., 2020, Sci. Adv.",peakList_CLOUD10_NOx_checked_v2.db
C10H18NO5,-,232.11905,organic,NO3-,gas,HTOF-CIMS,Chao Yan,CERN CLOUD chamber,chamber,,CLOUD10,"Yan et al., 2020, Sci. Adv.",peakList_CLOUD10_NOx_checked_v2.db
C7H9N2O7,-,233.04152,organic,NO3-,gas,HTOF-CIMS,Chao Yan,CERN CLOUD chamber,chamber,,CLOUD10,"Yan et al., 2020, Sci. Adv.",peakList_CLOUD10_NOx_checked_v2.db
C8H11NO7,-,233.05410,organic,NO3-,gas,HTOF-CIMS,Chao Yan,CERN CLOUD chamber,chamber,,CLOUD10,"Yan et al., 2020, Sci. Adv.",peakList_CLOUD10_NOx_checked_v2.db
C9H15NO6,-,233.09049,organic,NO3-,gas,HTOF-CIMS,Chao Yan,CERN CLOUD chamber,chamber,,CLOUD10,"Yan et al., 2020, Sci. Adv.",peakList_CLOUD10_NOx_checked_v2.db
C7H8NO8,-,234.02554,organic,NO3-,gas,HTOF-CIMS,Chao Yan,CERN CLOUD chamber,chamber,,CLOUD10,"Yan et al., 2020, Sci. Adv.",peakList_CLOUD10_NOx_checked_v2.db
C8H12NO7,-,234.06193,organic,NO3-,gas,HTOF-CIMS,Chao Yan,CERN CLOUD chamber,chamber,,CLOUD10,"Yan et al., 2020, Sci. Adv.",peakList_CLOUD10_NOx_checked_v2.db
C9H16NO6,-,234.09831,organic,NO3-,gas,HTOF-CIMS,Chao Yan,CERN CLOUD chamber,chamber,,CLOUD10,"Yan et al., 2020, Sci. Adv.",peakList_CLOUD10_NOx_checked_v2.db
C6H7N2O8,-,235.02079,organic,NO3-,gas,HTOF-CIMS,Chao Yan,CERN CLOUD chamber,chamber,,CLOUD10,"Yan et al., 2020, Sci. Adv.",peakList_CLOUD10_NOx_checked_v2.db
C7H9NO8,-,235.03336,organic,NO3-,gas,HTOF-CIMS,Chao Yan,CERN CLOUD chamber,chamber,,CLOUD10,"Yan et al., 2020, Sci. Adv.",peakList_CLOUD10_NOx_checked_v2.db
C7H11N2O7,-,235.05717,organic,NO3-,gas,HTOF-CIMS,Chao Yan,CERN CLOUD chamber,chamber,,CLOUD10,"Yan et al., 2020, Sci. Adv.",peakList_CLOUD10_NOx_checked_v2.db
C8H13NO7,-,235.06975,organic,NO3-,gas,HTOF-CIMS,Chao Yan,CERN CLOUD chamber,chamber,,CLOUD10,"Yan et al., 2020, Sci. Adv.",peakList_CLOUD10_NOx_checked_v2.db
C6H6NO9,-,236.00480,organic,NO3-,gas,HTOF-CIMS,Chao Yan,CERN CLOUD chamber,chamber,,CLOUD10,"Yan et al., 2020, Sci. Adv.",peakList_CLOUD10_NOx_checked_v2.db
C7H10NO8,-,236.04119,organic,NO3-,gas,HTOF-CIMS,Chao Yan,CERN CLOUD chamber,chamber,,CLOUD10,"Yan et al., 2020, Sci. Adv.",peakList_CLOUD10_NOx_checked_v2.db
C8H14NO7,-,236.07758,organic,NO3-,gas,HTOF-CIMS,Chao Yan,CERN CLOUD chamber,chamber,,CLOUD10,"Yan et al., 2020, Sci. Adv.",peakList_CLOUD10_NOx_checked_v2.db
C6H7NO9,-,237.01263,organic,NO3-,gas,HTOF-CIMS,Chao Yan,CERN CLOUD chamber,chamber,,CLOUD10,"Yan et al., 2020, Sci. Adv.",peakList_CLOUD10_NOx_checked_v2.db
C6H9N2O8,-,237.03644,organic,NO3-,gas,HTOF-CIMS,Chao Yan,CERN CLOUD chamber,chamber,,CLOUD10,"Yan et al., 2020, Sci. Adv.",peakList_CLOUD10_NOx_checked_v2.db
C7H11NO8,-,237.04901,organic,NO3-,gas,HTOF-CIMS,Chao Yan,CERN CLOUD chamber,chamber,,CLOUD10,"Yan et al., 2020, Sci. Adv.",peakList_CLOUD10_NOx_checked_v2.db
C6H8NO9,-,238.02045,organic,NO3-,gas,HTOF-CIMS,Chao Yan,CERN CLOUD chamber,chamber,,CLOUD10,"Yan et al., 2020, Sci. Adv.",peakList_CLOUD10_NOx_checked_v2.db
C7H12NO8,-,238.05684,organic,NO3-,gas,HTOF-CIMS,Chao Yan,CERN CLOUD chamber,chamber,,CLOUD10,"Yan et al., 2020, Sci. Adv.",peakList_CLOUD10_NOx_checked_v2.db
C5H7N2O9,-,239.01570,organic,NO3-,gas,HTOF-CIMS,Chao Yan,CERN CLOUD chamber,chamber,,CLOUD10,"Yan et al., 2020, Sci. Adv.",peakList_CLOUD10_NOx_checked_v2.db
C6H9NO9,-,239.02828,organic,NO3-,gas,HTOF-CIMS,Chao Yan,CERN CLOUD chamber,chamber,,CLOUD10,"Yan et al., 2020, Sci. Adv.",peakList_CLOUD10_NOx_checked_v2.db
C5H6NO10,-,239.99972,organic,NO3-,gas,HTOF-CIMS,Chao Yan,CERN CLOUD chamber,chamber,,CLOUD10,"Yan et al., 2020, Sci. Adv.",peakList_CLOUD10_NOx_checked_v2.db
C6H10NO9,-,240.03610,organic,NO3-,gas,HTOF-CIMS,Chao Yan,CERN CLOUD chamber,chamber,,CLOUD10,"Yan et al., 2020, Sci. Adv.",peakList_CLOUD10_NOx_checked_v2.db
C4H5N2O10,-,240.99497,organic,NO3-,gas,HTOF-CIMS,Chao Yan,CERN CLOUD chamber,chamber,,CLOUD10,"Yan et al., 2020, Sci. Adv.",peakList_CLOUD10_NOx_checked_v2.db
C5H7NO10,-,241.00754,organic,NO3-,gas,HTOF-CIMS,Chao Yan,CERN CLOUD chamber,chamber,,CLOUD10,"Yan et al., 2020, Sci. Adv.",peakList_CLOUD10_NOx_checked_v2.db
C4H4NO11,-,241.97898,organic,NO3-,gas,HTOF-CIMS,Chao Yan,CERN CLOUD chamber,chamber,,CLOUD10,"Yan et al., 2020, Sci. Adv.",peakList_CLOUD10_NOx_checked_v2.db
C5H8NO10,-,242.01537,organic,NO3-,gas,HTOF-CIMS,Chao Yan,CERN CLOUD chamber,chamber,,CLOUD10,"Yan et al., 2020, Sci. Adv.",peakList_CLOUD10_NOx_checked_v2.db
C4H5NO11,-,242.98681,organic,NO3-,gas,HTOF-CIMS,Chao Yan,CERN CLOUD chamber,chamber,,CLOUD10,"Yan et al., 2020, Sci. Adv.",peakList_CLOUD10_NOx_checked_v2.db
C4H6NO11,-,243.99463,organic,NO3-,gas,HTOF-CIMS,Chao Yan,CERN CLOUD chamber,chamber,,CLOUD10,"Yan et al., 2020, Sci. Adv.",peakList_CLOUD10_NOx_checked_v2.db
C10H14NO6,-,244.08266,organic,NO3-,gas,HTOF-CIMS,Chao Yan,CERN CLOUD chamber,chamber,,CLOUD10,"Yan et al., 2020, Sci. Adv.",peakList_CLOUD10_NOx_checked_v2.db
C10H15NO6,-,245.09049,organic,NO3-,gas,HTOF-CIMS,Chao Yan,CERN CLOUD chamber,chamber,,CLOUD10,"Yan et al., 2020, Sci. Adv.",peakList_CLOUD10_NOx_checked_v2.db
C9H12NO7,-,246.06193,organic,NO3-,gas,HTOF-CIMS,Chao Yan,CERN CLOUD chamber,chamber,,CLOUD10,"Yan et al., 2020, Sci. Adv.",peakList_CLOUD10_NOx_checked_v2.db
C10H16NO6,-,246.09831,organic,NO3-,gas,HTOF-CIMS,Chao Yan,CERN CLOUD chamber,chamber,,CLOUD10,"Yan et al., 2020, Sci. Adv.",peakList_CLOUD10_NOx_checked_v2.db
C8H11N2O7,-,247.05717,organic,NO3-,gas,HTOF-CIMS,Chao Yan,CERN CLOUD chamber,chamber,,CLOUD10,"Yan et al., 2020, Sci. Adv.",peakList_CLOUD10_NOx_checked_v2.db
C9H13NO7,-,247.06975,organic,NO3-,gas,HTOF-CIMS,Chao Yan,CERN CLOUD chamber,chamber,,CLOUD10,"Yan et al., 2020, Sci. Adv.",peakList_CLOUD10_NOx_checked_v2.db
C10H17NO6,-,247.10614,organic,NO3-,gas,HTOF-CIMS,Chao Yan,CERN CLOUD chamber,chamber,,CLOUD10,"Yan et al., 2020, Sci. Adv.",peakList_CLOUD10_NOx_checked_v2.db
C8H10NO8,-,248.04119,organic,NO3-,gas,HTOF-CIMS,Chao Yan,CERN CLOUD chamber,chamber,,CLOUD10,"Yan et al., 2020, Sci. Adv.",peakList_CLOUD10_NOx_checked_v2.db
C9H14NO7,-,248.07758,organic,NO3-,gas,HTOF-CIMS,Chao Yan,CERN CLOUD chamber,chamber,,CLOUD10,"Yan et al., 2020, Sci. Adv.",peakList_CLOUD10_NOx_checked_v2.db
C7H9N2O8,-,249.03644,organic,NO3-,gas,HTOF-CIMS,Chao Yan,CERN CLOUD chamber,chamber,,CLOUD10,"Yan et al., 2020, Sci. Adv.",peakList_CLOUD10_NOx_checked_v2.db
C8H11NO8,-,249.04901,organic,NO3-,gas,HTOF-CIMS,Chao Yan,CERN CLOUD chamber,chamber,,CLOUD10,"Yan et al., 2020, Sci. Adv.",peakList_CLOUD10_NOx_checked_v2.db
C8H13N2O7,-,249.07282,organic,NO3-,gas,HTOF-CIMS,Chao Yan,CERN CLOUD chamber,chamber,,CLOUD10,"Yan et al., 2020, Sci. Adv.",peakList_CLOUD10_NOx_checked_v2.db
C9H15NO7,-,249.08540,organic,NO3-,gas,HTOF-CIMS,Chao Yan,CERN CLOUD chamber,chamber,,CLOUD10,"Yan et al., 2020, Sci. Adv.",peakList_CLOUD10_NOx_checked_v2.db
C7H8NO9,-,250.02045,organic,NO3-,gas,HTOF-CIMS,Chao Yan,CERN CLOUD chamber,chamber,,CLOUD10,"Yan et al., 2020, Sci. Adv.",peakList_CLOUD10_NOx_checked_v2.db
C8H12NO8,-,250.05684,organic,NO3-,gas,HTOF-CIMS,Chao Yan,CERN CLOUD chamber,chamber,,CLOUD10,"Yan et al., 2020, Sci. Adv.",peakList_CLOUD10_NOx_checked_v2.db
C9H16NO7,-,250.09323,organic,NO3-,gas,HTOF-CIMS,Chao Yan,CERN CLOUD chamber,chamber,,CLOUD10,"Yan et al., 2020, Sci. Adv.",peakList_CLOUD10_NOx_checked_v2.db
C6H7N2O9,-,251.01570,organic,NO3-,gas,HTOF-CIMS,Chao Yan,CERN CLOUD chamber,chamber,,CLOUD10,"Yan et al., 2020, Sci. Adv.",peakList_CLOUD10_NOx_checked_v2.db
C7H9NO9,-,251.02828,organic,NO3-,gas,HTOF-CIMS,Chao Yan,CERN CLOUD chamber,chamber,,CLOUD10,"Yan et al., 2020, Sci. Adv.",peakList_CLOUD10_NOx_checked_v2.db
C7H11N2O8,-,251.05209,organic,NO3-,gas,HTOF-CIMS,Chao Yan,CERN CLOUD chamber,chamber,,CLOUD10,"Yan et al., 2020, Sci. Adv.",peakList_CLOUD10_NOx_checked_v2.db
C8H13NO8,-,251.06466,organic,NO3-,gas,HTOF-CIMS,Chao Yan,CERN CLOUD chamber,chamber,,CLOUD10,"Yan et al., 2020, Sci. Adv.",peakList_CLOUD10_NOx_checked_v2.db
C6H6NO10,-,251.99972,organic,NO3-,gas,HTOF-CIMS,Chao Yan,CERN CLOUD chamber,chamber,,CLOUD10,"Yan et al., 2020, Sci. Adv.",peakList_CLOUD10_NOx_checked_v2.db
C7H10NO9,-,252.03610,organic,NO3-,gas,HTOF-CIMS,Chao Yan,CERN CLOUD chamber,chamber,,CLOUD10,"Yan et al., 2020, Sci. Adv.",peakList_CLOUD10_NOx_checked_v2.db
C8H14NO8,-,252.07249,organic,NO3-,gas,HTOF-CIMS,Chao Yan,CERN CLOUD chamber,chamber,,CLOUD10,"Yan et al., 2020, Sci. Adv.",peakList_CLOUD10_NOx_checked_v2.db
C6H7NO10,-,253.00754,organic,NO3-,gas,HTOF-CIMS,Chao Yan,CERN CLOUD chamber,chamber,,CLOUD10,"Yan et al., 2020, Sci. Adv.",peakList_CLOUD10_NOx_checked_v2.db
C6H9N2O9,-,253.03135,organic,NO3-,gas,HTOF-CIMS,Chao Yan,CERN CLOUD chamber,chamber,,CLOUD10,"Yan et al., 2020, Sci. Adv.",peakList_CLOUD10_NOx_checked_v2.db
C7H11NO9,-,253.04393,organic,NO3-,gas,HTOF-CIMS,Chao Yan,CERN CLOUD chamber,chamber,,CLOUD10,"Yan et al., 2020, Sci. Adv.",peakList_CLOUD10_NOx_checked_v2.db
C6H8NO10,-,254.01537,organic,NO3-,gas,HTOF-CIMS,Chao Yan,CERN CLOUD chamber,chamber,,CLOUD10,"Yan et al., 2020, Sci. Adv.",peakList_CLOUD10_NOx_checked_v2.db
C7H12NO9,-,254.05175,organic,NO3-,gas,HTOF-CIMS,Chao Yan,CERN CLOUD chamber,chamber,,CLOUD10,"Yan et al., 2020, Sci. Adv.",peakList_CLOUD10_NOx_checked_v2.db
C5H7N2O10,-,255.01062,organic,NO3-,gas,HTOF-CIMS,Chao Yan,CERN CLOUD chamber,chamber,,CLOUD10,"Yan et al., 2020, Sci. Adv.",peakList_CLOUD10_NOx_checked_v2.db
C6H9NO10,-,255.02319,organic,NO3-,gas,HTOF-CIMS,Chao Yan,CERN CLOUD chamber,chamber,,CLOUD10,"Yan et al., 2020, Sci. Adv.",peakList_CLOUD10_NOx_checked_v2.db
C5H6NO11,-,255.99463,organic,NO3-,gas,HTOF-CIMS,Chao Yan,CERN CLOUD chamber,chamber,,CLOUD10,"Yan et al., 2020, Sci. Adv.",peakList_CLOUD10_NOx_checked_v2.db
C6H10NO10,-,256.03102,organic,NO3-,gas,HTOF-CIMS,Chao Yan,CERN CLOUD chamber,chamber,,CLOUD10,"Yan et al., 2020, Sci. Adv.",peakList_CLOUD10_NOx_checked_v2.db
C4H5N2O11,-,256.98988,organic,NO3-,gas,HTOF-CIMS,Chao Yan,CERN CLOUD chamber,chamber,,CLOUD10,"Yan et al., 2020, Sci. Adv.",peakList_CLOUD10_NOx_checked_v2.db
C5H7NO11,-,257.00246,organic,NO3-,gas,HTOF-CIMS,Chao Yan,CERN CLOUD chamber,chamber,,CLOUD10,"Yan et al., 2020, Sci. Adv.",peakList_CLOUD10_NOx_checked_v2.db
C5H8NO11,-,258.01028,organic,NO3-,gas,HTOF-CIMS,Chao Yan,CERN CLOUD chamber,chamber,,CLOUD10,"Yan et al., 2020, Sci. Adv.",peakList_CLOUD10_NOx_checked_v2.db
C4H5NO12,-,258.98172,organic,NO3-,gas,HTOF-CIMS,Chao Yan,CERN CLOUD chamber,chamber,,CLOUD10,"Yan et al., 2020, Sci. Adv.",peakList_CLOUD10_NOx_checked_v2.db
C4H6NO12,-,259.98955,organic,NO3-,gas,HTOF-CIMS,Chao Yan,CERN CLOUD chamber,chamber,,CLOUD10,"Yan et al., 2020, Sci. Adv.",peakList_CLOUD10_NOx_checked_v2.db
C10H14NO7,-,260.07758,organic,NO3-,gas,HTOF-CIMS,Chao Yan,CERN CLOUD chamber,chamber,,CLOUD10,"Yan et al., 2020, Sci. Adv.",peakList_CLOUD10_NOx_checked_v2.db
C9H13N2O7,-,261.07282,organic,NO3-,gas,HTOF-CIMS,Chao Yan,CERN CLOUD chamber,chamber,,CLOUD10,"Yan et al., 2020, Sci. Adv.",peakList_CLOUD10_NOx_checked_v2.db
C10H15NO7,-,261.08540,organic,NO3-,gas,HTOF-CIMS,Chao Yan,CERN CLOUD chamber,chamber,,CLOUD10,"Yan et al., 2020, Sci. Adv.",peakList_CLOUD10_NOx_checked_v2.db
C9H12NO8,-,262.05684,organic,NO3-,gas,HTOF-CIMS,Chao Yan,CERN CLOUD chamber,chamber,,CLOUD10,"Yan et al., 2020, Sci. Adv.",peakList_CLOUD10_NOx_checked_v2.db
C10H16NO7,-,262.09323,organic,NO3-,gas,HTOF-CIMS,Chao Yan,CERN CLOUD chamber,chamber,,CLOUD10,"Yan et al., 2020, Sci. Adv.",peakList_CLOUD10_NOx_checked_v2.db
C8H11N2O8,-,263.05209,organic,NO3-,gas,HTOF-CIMS,Chao Yan,CERN CLOUD chamber,chamber,,CLOUD10,"Yan et al., 2020, Sci. Adv.",peakList_CLOUD10_NOx_checked_v2.db
C9H13NO8,-,263.06466,organic,NO3-,gas,HTOF-CIMS,Chao Yan,CERN CLOUD chamber,chamber,,CLOUD10,"Yan et al., 2020, Sci. Adv.",peakList_CLOUD10_NOx_checked_v2.db
C9H15N2O7,-,263.08847,organic,NO3-,gas,HTOF-CIMS,Chao Yan,CERN CLOUD chamber,chamber,,CLOUD10,"Yan et al., 2020, Sci. Adv.",peakList_CLOUD10_NOx_checked_v2.db
C10H17NO7,-,263.10105,organic,NO3-,gas,HTOF-CIMS,Chao Yan,CERN CLOUD chamber,chamber,,CLOUD10,"Yan et al., 2020, Sci. Adv.",peakList_CLOUD10_NOx_checked_v2.db
C8H10NO9,-,264.03610,organic,NO3-,gas,HTOF-CIMS,Chao Yan,CERN CLOUD chamber,chamber,,CLOUD10,"Yan et al., 2020, Sci. Adv.",peakList_CLOUD10_NOx_checked_v2.db
C9H14NO8,-,264.07249,organic,NO3-,gas,HTOF-CIMS,Chao Yan,CERN CLOUD chamber,chamber,,CLOUD10,"Yan et al., 2020, Sci. Adv.",peakList_CLOUD10_NOx_checked_v2.db
C10H18NO7,-,264.10888,organic,NO3-,gas,HTOF-CIMS,Chao Yan,CERN CLOUD chamber,chamber,,CLOUD10,"Yan et al., 2020, Sci. Adv.",peakList_CLOUD10_NOx_checked_v2.db
C7H9N2O9,-,265.03135,organic,NO3-,gas,HTOF-CIMS,Chao Yan,CERN CLOUD chamber,chamber,,CLOUD10,"Yan et al., 2020, Sci. Adv.",peakList_CLOUD10_NOx_checked_v2.db
C8H11NO9,-,265.04393,organic,NO3-,gas,HTOF-CIMS,Chao Yan,CERN CLOUD chamber,chamber,,CLOUD10,"Yan et al., 2020, Sci. Adv.",peakList_CLOUD10_NOx_checked_v2.db
C8H13N2O8,-,265.06774,organic,NO3-,gas,HTOF-CIMS,Chao Yan,CERN CLOUD chamber,chamber,,CLOUD10,"Yan et al., 2020, Sci. Adv.",peakList_CLOUD10_NOx_checked_v2.db
C9H15NO8,-,265.08032,organic,NO3-,gas,HTOF-CIMS,Chao Yan,CERN CLOUD chamber,chamber,,CLOUD10,"Yan et al., 2020, Sci. Adv.",peakList_CLOUD10_NOx_checked_v2.db
C7H8NO10,-,266.01537,organic,NO3-,gas,HTOF-CIMS,Chao Yan,CERN CLOUD chamber,chamber,,CLOUD10,"Yan et al., 2020, Sci. Adv.",peakList_CLOUD10_NOx_checked_v2.db
C8H12NO9,-,266.05175,organic,NO3-,gas,HTOF-CIMS,Chao Yan,CERN CLOUD chamber,chamber,,CLOUD10,"Yan et al., 2020, Sci. Adv.",peakList_CLOUD10_NOx_checked_v2.db
C9H16NO8,-,266.08814,organic,NO3-,gas,HTOF-CIMS,Chao Yan,CERN CLOUD chamber,chamber,,CLOUD10,"Yan et al., 2020, Sci. Adv.",peakList_CLOUD10_NOx_checked_v2.db
C7H9NO10,-,267.02319,organic,NO3-,gas,HTOF-CIMS,Chao Yan,CERN CLOUD chamber,chamber,,CLOUD10,"Yan et al., 2020, Sci. Adv.",peakList_CLOUD10_NOx_checked_v2.db
C7H11N2O9,-,267.04700,organic,NO3-,gas,HTOF-CIMS,Chao Yan,CERN CLOUD chamber,chamber,,CLOUD10,"Yan et al., 2020, Sci. Adv.",peakList_CLOUD10_NOx_checked_v2.db
C8H13NO9,-,267.05958,organic,NO3-,gas,HTOF-CIMS,Chao Yan,CERN CLOUD chamber,chamber,,CLOUD10,"Yan et al., 2020, Sci. Adv.",peakList_CLOUD10_NOx_checked_v2.db
C6H6NO11,-,267.99463,organic,NO3-,gas,HTOF-CIMS,Chao Yan,CERN CLOUD chamber,chamber,,CLOUD10,"Yan et al., 2020, Sci. Adv.",peakList_CLOUD10_NOx_checked_v2.db
C7H10NO10,-,268.03102,organic,NO3-,gas,HTOF-CIMS,Chao Yan,CERN CLOUD chamber,chamber,,CLOUD10,"Yan et al., 2020, Sci. Adv.",peakList_CLOUD10_NOx_checked_v2.db
C8H14NO9,-,268.06740,organic,NO3-,gas,HTOF-CIMS,Chao Yan,CERN CLOUD chamber,chamber,,CLOUD10,"Yan et al., 2020, Sci. Adv.",peakList_CLOUD10_NOx_checked_v2.db
C6H7NO11,-,269.00246,organic,NO3-,gas,HTOF-CIMS,Chao Yan,CERN CLOUD chamber,chamber,,CLOUD10,"Yan et al., 2020, Sci. Adv.",peakList_CLOUD10_NOx_checked_v2.db
C6H9N2O10,-,269.02627,organic,NO3-,gas,HTOF-CIMS,Chao Yan,CERN CLOUD chamber,chamber,,CLOUD10,"Yan et al., 2020, Sci. Adv.",peakList_CLOUD10_NOx_checked_v2.db
C7H11NO10,-,269.03884,organic,NO3-,gas,HTOF-CIMS,Chao Yan,CERN CLOUD chamber,chamber,,CLOUD10,"Yan et al., 2020, Sci. Adv.",peakList_CLOUD10_NOx_checked_v2.db
C6H8NO11,-,270.01028,organic,NO3-,gas,HTOF-CIMS,Chao Yan,CERN CLOUD chamber,chamber,,CLOUD10,"Yan et al., 2020, Sci. Adv.",peakList_CLOUD10_NOx_checked_v2.db
C7H12NO10,-,270.04667,organic,NO3-,gas,HTOF-CIMS,Chao Yan,CERN CLOUD chamber,chamber,,CLOUD10,"Yan et al., 2020, Sci. Adv.",peakList_CLOUD10_NOx_checked_v2.db
C5H7N2O11,-,271.00553,organic,NO3-,gas,HTOF-CIMS,Chao Yan,CERN CLOUD chamber,chamber,,CLOUD10,"Yan et al., 2020, Sci. Adv.",peakList_CLOUD10_NOx_checked_v2.db
C6H9NO11,-,271.01811,organic,NO3-,gas,HTOF-CIMS,Chao Yan,CERN CLOUD chamber,chamber,,CLOUD10,"Yan et al., 2020, Sci. Adv.",peakList_CLOUD10_NOx_checked_v2.db
C5H6NO12,-,271.98955,organic,NO3-,gas,HTOF-CIMS,Chao Yan,CERN CLOUD chamber,chamber,,CLOUD10,"Yan et al., 2020, Sci. Adv.",peakList_CLOUD10_NOx_checked_v2.db
C6H10NO11,-,272.02593,organic,NO3-,gas,HTOF-CIMS,Chao Yan,CERN CLOUD chamber,chamber,,CLOUD10,"Yan et al., 2020, Sci. Adv.",peakList_CLOUD10_NOx_checked_v2.db
C4H5N2O12,-,272.98480,organic,NO3-,gas,HTOF-CIMS,Chao Yan,CERN CLOUD chamber,chamber,,CLOUD10,"Yan et al., 2020, Sci. Adv.",peakList_CLOUD10_NOx_checked_v2.db
C5H7NO12,-,272.99737,organic,NO3-,gas,HTOF-CIMS,Chao Yan,CERN CLOUD chamber,chamber,,CLOUD10,"Yan et al., 2020, Sci. Adv.",peakList_CLOUD10_NOx_checked_v2.db
C5H8NO12,-,274.00520,organic,NO3-,gas,HTOF-CIMS,Chao Yan,CERN CLOUD chamber,chamber,,CLOUD10,"Yan et al., 2020, Sci. Adv.",peakList_CLOUD10_NOx_checked_v2.db
C10H15N2O7,-,275.08847,organic,NO3-,gas,HTOF-CIMS,Chao Yan,CERN CLOUD chamber,chamber,,CLOUD10,"Yan et al., 2020, Sci. Adv.",peakList_CLOUD10_NOx_checked_v2.db
C10H14NO8,-,276.07249,organic,NO3-,gas,HTOF-CIMS,Chao Yan,CERN CLOUD chamber,chamber,,CLOUD10,"Yan et al., 2020, Sci. Adv.",peakList_CLOUD10_NOx_checked_v2.db
C9H13N2O8,-,277.06774,organic,NO3-,gas,HTOF-CIMS,Chao Yan,CERN CLOUD chamber,chamber,,CLOUD10,"Yan et al., 2020, Sci. Adv.",peakList_CLOUD10_NOx_checked_v2.db
C10H15NO8,-,277.08032,organic,NO3-,gas,HTOF-CIMS,Chao Yan,CERN CLOUD chamber,chamber,,CLOUD10,"Yan et al., 2020, Sci. Adv.",peakList_CLOUD10_NOx_checked_v2.db
C10H17N2O7,-,277.10412,organic,NO3-,gas,HTOF-CIMS,Chao Yan,CERN CLOUD chamber,chamber,,CLOUD10,"Yan et al., 2020, Sci. Adv.",peakList_CLOUD10_NOx_checked_v2.db
C9H12NO9,-,278.05175,organic,NO3-,gas,HTOF-CIMS,Chao Yan,CERN CLOUD chamber,chamber,,CLOUD10,"Yan et al., 2020, Sci. Adv.",peakList_CLOUD10_NOx_checked_v2.db
C10H16NO8,-,278.08814,organic,NO3-,gas,HTOF-CIMS,Chao Yan,CERN CLOUD chamber,chamber,,CLOUD10,"Yan et al., 2020, Sci. Adv.",peakList_CLOUD10_NOx_checked_v2.db
C8H11N2O9,-,279.04700,organic,NO3-,gas,HTOF-CIMS,Chao Yan,CERN CLOUD chamber,chamber,,CLOUD10,"Yan et al., 2020, Sci. Adv.",peakList_CLOUD10_NOx_checked_v2.db
C9H13NO9,-,279.05958,organic,NO3-,gas,HTOF-CIMS,Chao Yan,CERN CLOUD chamber,chamber,,CLOUD10,"Yan et al., 2020, Sci. Adv.",peakList_CLOUD10_NOx_checked_v2.db
C9H15N2O8,-,279.08339,organic,NO3-,gas,HTOF-CIMS,Chao Yan,CERN CLOUD chamber,chamber,,CLOUD10,"Yan et al., 2020, Sci. Adv.",peakList_CLOUD10_NOx_checked_v2.db
C10H17NO8,-,279.09597,organic,NO3-,gas,HTOF-CIMS,Chao Yan,CERN CLOUD chamber,chamber,,CLOUD10,"Yan et al., 2020, Sci. Adv.",peakList_CLOUD10_NOx_checked_v2.db
C8H10NO10,-,280.03102,organic,NO3-,gas,HTOF-CIMS,Chao Yan,CERN CLOUD chamber,chamber,,CLOUD10,"Yan et al., 2020, Sci. Adv.",peakList_CLOUD10_NOx_checked_v2.db
C9H14NO9,-,280.06740,organic,NO3-,gas,HTOF-CIMS,Chao Yan,CERN CLOUD chamber,chamber,,CLOUD10,"Yan et al., 2020, Sci. Adv.",peakList_CLOUD10_NOx_checked_v2.db
C10H18NO8,-,280.10379,organic,NO3-,gas,HTOF-CIMS,Chao Yan,CERN CLOUD chamber,chamber,,CLOUD10,"Yan et al., 2020, Sci. Adv.",peakList_CLOUD10_NOx_checked_v2.db
C7H9N2O10,-,281.02627,organic,NO3-,gas,HTOF-CIMS,Chao Yan,CERN CLOUD chamber,chamber,,CLOUD10,"Yan et al., 2020, Sci. Adv.",peakList_CLOUD10_NOx_checked_v2.db
C8H11NO10,-,281.03884,organic,NO3-,gas,HTOF-CIMS,Chao Yan,CERN CLOUD chamber,chamber,,CLOUD10,"Yan et al., 2020, Sci. Adv.",peakList_CLOUD10_NOx_checked_v2.db
C8H13N2O9,-,281.06265,organic,NO3-,gas,HTOF-CIMS,Chao Yan,CERN CLOUD chamber,chamber,,CLOUD10,"Yan et al., 2020, Sci. Adv.",peakList_CLOUD10_NOx_checked_v2.db
C9H15NO9,-,281.07523,organic,NO3-,gas,HTOF-CIMS,Chao Yan,CERN CLOUD chamber,chamber,,CLOUD10,"Yan et al., 2020, Sci. Adv.",peakList_CLOUD10_NOx_checked_v2.db
C7H8NO11,-,282.01028,organic,NO3-,gas,HTOF-CIMS,Chao Yan,CERN CLOUD chamber,chamber,,CLOUD10,"Yan et al., 2020, Sci. Adv.",peakList_CLOUD10_NOx_checked_v2.db
C8H12NO10,-,282.04667,organic,NO3-,gas,HTOF-CIMS,Chao Yan,CERN CLOUD chamber,chamber,,CLOUD10,"Yan et al., 2020, Sci. Adv.",peakList_CLOUD10_NOx_checked_v2.db
C9H16NO9,-,282.08305,organic,NO3-,gas,HTOF-CIMS,Chao Yan,CERN CLOUD chamber,chamber,,CLOUD10,"Yan et al., 2020, Sci. Adv.",peakList_CLOUD10_NOx_checked_v2.db
C6H7N2O11,-,283.00553,organic,NO3-,gas,HTOF-CIMS,Chao Yan,CERN CLOUD chamber,chamber,,CLOUD10,"Yan et al., 2020, Sci. Adv.",peakList_CLOUD10_NOx_checked_v2.db
C7H9NO11,-,283.01811,organic,NO3-,gas,HTOF-CIMS,Chao Yan,CERN CLOUD chamber,chamber,,CLOUD10,"Yan et al., 2020, Sci. Adv.",peakList_CLOUD10_NOx_checked_v2.db
C7H11N2O10,-,283.04192,organic,NO3-,gas,HTOF-CIMS,Chao Yan,CERN CLOUD chamber,chamber,,CLOUD10,"Yan et al., 2020, Sci. Adv.",peakList_CLOUD10_NOx_checked_v2.db
C8H13NO10,-,283.05449,organic,NO3-,gas,HTOF-CIMS,Chao Yan,CERN CLOUD chamber,chamber,,CLOUD10,"Yan et al., 2020, Sci. Adv.",peakList_CLOUD10_NOx_checked_v2.db
C6H6NO12,-,283.98955,organic,NO3-,gas,HTOF-CIMS,Chao Yan,CERN CLOUD chamber,chamber,,CLOUD10,"Yan et al., 2020, Sci. Adv.",peakList_CLOUD10_NOx_checked_v2.db
C7H10NO11,-,284.02593,organic,NO3-,gas,HTOF-CIMS,Chao Yan,CERN CLOUD chamber,chamber,,CLOUD10,"Yan et al., 2020, Sci. Adv.",peakList_CLOUD10_NOx_checked_v2.db
C8H14NO10,-,284.06232,organic,NO3-,gas,HTOF-CIMS,Chao Yan,CERN CLOUD chamber,chamber,,CLOUD10,"Yan et al., 2020, Sci. Adv.",peakList_CLOUD10_NOx_checked_v2.db
C6H7NO12,-,284.99737,organic,NO3-,gas,HTOF-CIMS,Chao Yan,CERN CLOUD chamber,chamber,,CLOUD10,"Yan et al., 2020, Sci. Adv.",peakList_CLOUD10_NOx_checked_v2.db
C6H9N2O11,-,285.02118,organic,NO3-,gas,HTOF-CIMS,Chao Yan,CERN CLOUD chamber,chamber,,CLOUD10,"Yan et al., 2020, Sci. Adv.",peakList_CLOUD10_NOx_checked_v2.db
C7H11NO11,-,285.03376,organic,NO3-,gas,HTOF-CIMS,Chao Yan,CERN CLOUD chamber,chamber,,CLOUD10,"Yan et al., 2020, Sci. Adv.",peakList_CLOUD10_NOx_checked_v2.db
C6H8NO12,-,286.00520,organic,NO3-,gas,HTOF-CIMS,Chao Yan,CERN CLOUD chamber,chamber,,CLOUD10,"Yan et al., 2020, Sci. Adv.",peakList_CLOUD10_NOx_checked_v2.db
C7H12NO11,-,286.04158,organic,NO3-,gas,HTOF-CIMS,Chao Yan,CERN CLOUD chamber,chamber,,CLOUD10,"Yan et al., 2020, Sci. Adv.",peakList_CLOUD10_NOx_checked_v2.db
C5H7N2O12,-,287.00045,organic,NO3-,gas,HTOF-CIMS,Chao Yan,CERN CLOUD chamber,chamber,,CLOUD10,"Yan et al., 2020, Sci. Adv.",peakList_CLOUD10_NOx_checked_v2.db
C6H9NO12,-,287.01302,organic,NO3-,gas,HTOF-CIMS,Chao Yan,CERN CLOUD chamber,chamber,,CLOUD10,"Yan et al., 2020, Sci. Adv.",peakList_CLOUD10_NOx_checked_v2.db
C6H10NO12,-,288.02085,organic,NO3-,gas,HTOF-CIMS,Chao Yan,CERN CLOUD chamber,chamber,,CLOUD10,"Yan et al., 2020, Sci. Adv.",peakList_CLOUD10_NOx_checked_v2.db
C11H14NO8,-,288.07249,organic,NO3-,gas,HTOF-CIMS,Chao Yan,CERN CLOUD chamber,chamber,,CLOUD10,"Yan et al., 2020, Sci. Adv.",peakList_CLOUD10_NOx_checked_v2.db
C4H5N2O13,-,288.97971,organic,NO3-,gas,HTOF-CIMS,Chao Yan,CERN CLOUD chamber,chamber,,CLOUD10,"Yan et al., 2020, Sci. Adv.",peakList_CLOUD10_NOx_checked_v2.db
C5H7NO13,-,288.99229,organic,NO3-,gas,HTOF-CIMS,Chao Yan,CERN CLOUD chamber,chamber,,CLOUD10,"Yan et al., 2020, Sci. Adv.",peakList_CLOUD10_NOx_checked_v2.db
C5H8NO13,-,290.00011,organic,NO3-,gas,HTOF-CIMS,Chao Yan,CERN CLOUD chamber,chamber,,CLOUD10,"Yan et al., 2020, Sci. Adv.",peakList_CLOUD10_NOx_checked_v2.db
C10H12NO9,-,290.05175,organic,NO3-,gas,HTOF-CIMS,Chao Yan,CERN CLOUD chamber,chamber,,CLOUD10,"Yan et al., 2020, Sci. Adv.",peakList_CLOUD10_NOx_checked_v2.db
C11H16NO8,-,290.08814,organic,NO3-,gas,HTOF-CIMS,Chao Yan,CERN CLOUD chamber,chamber,,CLOUD10,"Yan et al., 2020, Sci. Adv.",peakList_CLOUD10_NOx_checked_v2.db
C10H15N2O8,-,291.08339,organic,NO3-,gas,HTOF-CIMS,Chao Yan,CERN CLOUD chamber,chamber,,CLOUD10,"Yan et al., 2020, Sci. Adv.",peakList_CLOUD10_NOx_checked_v2.db
C10H14NO9,-,292.06740,organic,NO3-,gas,HTOF-CIMS,Chao Yan,CERN CLOUD chamber,chamber,,CLOUD10,"Yan et al., 2020, Sci. Adv.",peakList_CLOUD10_NOx_checked_v2.db
C10H16N2O8,-,292.09121,organic,NO3-,gas,HTOF-CIMS,Chao Yan,CERN CLOUD chamber,chamber,,CLOUD10,"Yan et al., 2020, Sci. Adv.",peakList_CLOUD10_NOx_checked_v2.db
C9H13N2O9,-,293.06265,organic,NO3-,gas,HTOF-CIMS,Chao Yan,CERN CLOUD chamber,chamber,,CLOUD10,"Yan et al., 2020, Sci. Adv.",peakList_CLOUD10_NOx_checked_v2.db
C10H15NO9,-,293.07523,organic,NO3-,gas,HTOF-CIMS,Chao Yan,CERN CLOUD chamber,chamber,,CLOUD10,"Yan et al., 2020, Sci. Adv.",peakList_CLOUD10_NOx_checked_v2.db
C10H17N2O8,-,293.09904,organic,NO3-,gas,HTOF-CIMS,Chao Yan,CERN CLOUD chamber,chamber,,CLOUD10,"Yan et al., 2020, Sci. Adv.",peakList_CLOUD10_NOx_checked_v2.db
C9H12NO10,-,294.04667,organic,NO3-,gas,HTOF-CIMS,Chao Yan,CERN CLOUD chamber,chamber,,CLOUD10,"Yan et al., 2020, Sci. Adv.",peakList_CLOUD10_NOx_checked_v2.db
C10H16NO9,-,294.08305,organic,NO3-,gas,HTOF-CIMS,Chao Yan,CERN CLOUD chamber,chamber,,CLOUD10,"Yan et al., 2020, Sci. Adv.",peakList_CLOUD10_NOx_checked_v2.db
C8H11N2O10,-,295.04192,organic,NO3-,gas,HTOF-CIMS,Chao Yan,CERN CLOUD chamber,chamber,,CLOUD10,"Yan et al., 2020, Sci. Adv.",peakList_CLOUD10_NOx_checked_v2.db
C9H13NO10,-,295.05449,organic,NO3-,gas,HTOF-CIMS,Chao Yan,CERN CLOUD chamber,chamber,,CLOUD10,"Yan et al., 2020, Sci. Adv.",peakList_CLOUD10_NOx_checked_v2.db
C9H15N2O9,-,295.07830,organic,NO3-,gas,HTOF-CIMS,Chao Yan,CERN CLOUD chamber,chamber,,CLOUD10,"Yan et al., 2020, Sci. Adv.",peakList_CLOUD10_NOx_checked_v2.db
C10H17NO9,-,295.09088,organic,NO3-,gas,HTOF-CIMS,Chao Yan,CERN CLOUD chamber,chamber,,CLOUD10,"Yan et al., 2020, Sci. Adv.",peakList_CLOUD10_NOx_checked_v2.db
C8H10NO11,-,296.02593,organic,NO3-,gas,HTOF-CIMS,Chao Yan,CERN CLOUD chamber,chamber,,CLOUD10,"Yan et al., 2020, Sci. Adv.",peakList_CLOUD10_NOx_checked_v2.db
C9H14NO10,-,296.06232,organic,NO3-,gas,HTOF-CIMS,Chao Yan,CERN CLOUD chamber,chamber,,CLOUD10,"Yan et al., 2020, Sci. Adv.",peakList_CLOUD10_NOx_checked_v2.db
C10H18NO9,-,296.09870,organic,NO3-,gas,HTOF-CIMS,Chao Yan,CERN CLOUD chamber,chamber,,CLOUD10,"Yan et al., 2020, Sci. Adv.",peakList_CLOUD10_NOx_checked_v2.db
C7H9N2O11,-,297.02118,organic,NO3-,gas,HTOF-CIMS,Chao Yan,CERN CLOUD chamber,chamber,,CLOUD10,"Yan et al., 2020, Sci. Adv.",peakList_CLOUD10_NOx_checked_v2.db
C8H11NO11,-,297.03376,organic,NO3-,gas,HTOF-CIMS,Chao Yan,CERN CLOUD chamber,chamber,,CLOUD10,"Yan et al., 2020, Sci. Adv.",peakList_CLOUD10_NOx_checked_v2.db
C8H13N2O10,-,297.05757,organic,NO3-,gas,HTOF-CIMS,Chao Yan,CERN CLOUD chamber,chamber,,CLOUD10,"Yan et al., 2020, Sci. Adv.",peakList_CLOUD10_NOx_checked_v2.db
C9H15NO10,-,297.07014,organic,NO3-,gas,HTOF-CIMS,Chao Yan,CERN CLOUD chamber,chamber,,CLOUD10,"Yan et al., 2020, Sci. Adv.",peakList_CLOUD10_NOx_checked_v2.db
C7H8NO12,-,298.00520,organic,NO3-,gas,HTOF-CIMS,Chao Yan,CERN CLOUD chamber,chamber,,CLOUD10,"Yan et al., 2020, Sci. Adv.",peakList_CLOUD10_NOx_checked_v2.db
C8H12NO11,-,298.04158,organic,NO3-,gas,HTOF-CIMS,Chao Yan,CERN CLOUD chamber,chamber,,CLOUD10,"Yan et al., 2020, Sci. Adv.",peakList_CLOUD10_NOx_checked_v2.db
C9H16NO10,-,298.07797,organic,NO3-,gas,HTOF-CIMS,Chao Yan,CERN CLOUD chamber,chamber,,CLOUD10,"Yan et al., 2020, Sci. Adv.",peakList_CLOUD10_NOx_checked_v2.db
C7H9NO12,-,299.01302,organic,NO3-,gas,HTOF-CIMS,Chao Yan,CERN CLOUD chamber,chamber,,CLOUD10,"Yan et al., 2020, Sci. Adv.",peakList_CLOUD10_NOx_checked_v2.db
C7H11N2O11,-,299.03683,organic,NO3-,gas,HTOF-CIMS,Chao Yan,CERN CLOUD chamber,chamber,,CLOUD10,"Yan et al., 2020, Sci. Adv.",peakList_CLOUD10_NOx_checked_v2.db
C8H13NO11,-,299.04941,organic,NO3-,gas,HTOF-CIMS,Chao Yan,CERN CLOUD chamber,chamber,,CLOUD10,"Yan et al., 2020, Sci. Adv.",peakList_CLOUD10_NOx_checked_v2.db
C7H10NO12,-,300.02085,organic,NO3-,gas,HTOF-CIMS,Chao Yan,CERN CLOUD chamber,chamber,,CLOUD10,"Yan et al., 2020, Sci. Adv.",peakList_CLOUD10_NOx_checked_v2.db
C8H14NO11,-,300.05723,organic,NO3-,gas,HTOF-CIMS,Chao Yan,CERN CLOUD chamber,chamber,,CLOUD10,"Yan et al., 2020, Sci. Adv.",peakList_CLOUD10_NOx_checked_v2.db
C6H7NO13,-,300.99229,organic,NO3-,gas,HTOF-CIMS,Chao Yan,CERN CLOUD chamber,chamber,,CLOUD10,"Yan et al., 2020, Sci. Adv.",peakList_CLOUD10_NOx_checked_v2.db
C6H9N2O12,-,301.01610,organic,NO3-,gas,HTOF-CIMS,Chao Yan,CERN CLOUD chamber,chamber,,CLOUD10,"Yan et al., 2020, Sci. Adv.",peakList_CLOUD10_NOx_checked_v2.db
C7H11NO12,-,301.02867,organic,NO3-,gas,HTOF-CIMS,Chao Yan,CERN CLOUD chamber,chamber,,CLOUD10,"Yan et al., 2020, Sci. Adv.",peakList_CLOUD10_NOx_checked_v2.db
C6H8NO13,-,302.00011,organic,NO3-,gas,HTOF-CIMS,Chao Yan,CERN CLOUD chamber,chamber,,CLOUD10,"Yan et al., 2020, Sci. Adv.",peakList_CLOUD10_NOx_checked_v2.db
C7H12NO12,-,302.03650,organic,NO3-,gas,HTOF-CIMS,Chao Yan,CERN CLOUD chamber,chamber,,CLOUD10,"Yan et al., 2020, Sci. Adv.",peakList_CLOUD10_NOx_checked_v2.db
C12H16NO8,-,302.08814,organic,NO3-,gas,HTOF-CIMS,Chao Yan,CERN CLOUD chamber,chamber,,CLOUD10,"Yan et al., 2020, Sci. Adv.",peakList_CLOUD10_NOx_checked_v2.db
C5H7N2O13,-,302.99536,organic,NO3-,gas,HTOF-CIMS,Chao Yan,CERN CLOUD chamber,chamber,,CLOUD10,"Yan et al., 2020, Sci. Adv.",peakList_CLOUD10_NOx_checked_v2.db
C6H9NO13,-,303.00794,organic,NO3-,gas,HTOF-CIMS,Chao Yan,CERN CLOUD chamber,chamber,,CLOUD10,"Yan et al., 2020, Sci. Adv.",peakList_CLOUD10_NOx_checked_v2.db
C6H10NO13,-,304.01576,organic,NO3-,gas,HTOF-CIMS,Chao Yan,CERN CLOUD chamber,chamber,,CLOUD10,"Yan et al., 2020, Sci. Adv.",peakList_CLOUD10_NOx_checked_v2.db
C11H14NO9,-,304.06740,organic,NO3-,gas,HTOF-CIMS,Chao Yan,CERN CLOUD chamber,chamber,,CLOUD10,"Yan et al., 2020, Sci. Adv.",peakList_CLOUD10_NOx_checked_v2.db
C12H18NO8,-,304.10379,organic,NO3-,gas,HTOF-CIMS,Chao Yan,CERN CLOUD chamber,chamber,,CLOUD10,"Yan et al., 2020, Sci. Adv.",peakList_CLOUD10_NOx_checked_v2.db
C10H12NO10,-,306.04667,organic,NO3-,gas,HTOF-CIMS,Chao Yan,CERN CLOUD chamber,chamber,,CLOUD10,"Yan et al., 2020, Sci. Adv.",peakList_CLOUD10_NOx_checked_v2.db
C11H16NO9,-,306.08305,organic,NO3-,gas,HTOF-CIMS,Chao Yan,CERN CLOUD chamber,chamber,,CLOUD10,"Yan et al., 2020, Sci. Adv.",peakList_CLOUD10_NOx_checked_v2.db
C10H15N2O9,-,307.07830,organic,NO3-,gas,HTOF-CIMS,Chao Yan,CERN CLOUD chamber,chamber,,CLOUD10,"Yan et al., 2020, Sci. Adv.",peakList_CLOUD10_NOx_checked_v2.db
C10H14NO10,-,308.06232,organic,NO3-,gas,HTOF-CIMS,Chao Yan,CERN CLOUD chamber,chamber,,CLOUD10,"Yan et al., 2020, Sci. Adv.",peakList_CLOUD10_NOx_checked_v2.db
C10H16N2O9,-,308.08613,organic,NO3-,gas,HTOF-CIMS,Chao Yan,CERN CLOUD chamber,chamber,,CLOUD10,"Yan et al., 2020, Sci. Adv.",peakList_CLOUD10_NOx_checked_v2.db
C9H13N2O10,-,309.05757,organic,NO3-,gas,HTOF-CIMS,Chao Yan,CERN CLOUD chamber,chamber,,CLOUD10,"Yan et al., 2020, Sci. Adv.",peakList_CLOUD10_NOx_checked_v2.db
C10H15NO10,-,309.07014,organic,NO3-,gas,HTOF-CIMS,Chao Yan,CERN CLOUD chamber,chamber,,CLOUD10,"Yan et al., 2020, Sci. Adv.",peakList_CLOUD10_NOx_checked_v2.db
C10H17N2O9,-,309.09395,organic,NO3-,gas,HTOF-CIMS,Chao Yan,CERN CLOUD chamber,chamber,,CLOUD10,"Yan et al., 2020, Sci. Adv.",peakList_CLOUD10_NOx_checked_v2.db
C9H12NO11,-,310.04158,organic,NO3-,gas,HTOF-CIMS,Chao Yan,CERN CLOUD chamber,chamber,,CLOUD10,"Yan et al., 2020, Sci. Adv.",peakList_CLOUD10_NOx_checked_v2.db
C10H16NO10,-,310.07797,organic,NO3-,gas,HTOF-CIMS,Chao Yan,CERN CLOUD chamber,chamber,,CLOUD10,"Yan et al., 2020, Sci. Adv.",peakList_CLOUD10_NOx_checked_v2.db
C8H11N2O11,-,311.03683,organic,NO3-,gas,HTOF-CIMS,Chao Yan,CERN CLOUD chamber,chamber,,CLOUD10,"Yan et al., 2020, Sci. Adv.",peakList_CLOUD10_NOx_checked_v2.db
C9H13NO11,-,311.04941,organic,NO3-,gas,HTOF-CIMS,Chao Yan,CERN CLOUD chamber,chamber,,CLOUD10,"Yan et al., 2020, Sci. Adv.",peakList_CLOUD10_NOx_checked_v2.db
C9H15N2O10,-,311.07322,organic,NO3-,gas,HTOF-CIMS,Chao Yan,CERN CLOUD chamber,chamber,,CLOUD10,"Yan et al., 2020, Sci. Adv.",peakList_CLOUD10_NOx_checked_v2.db
C10H17NO10,-,311.08579,organic,NO3-,gas,HTOF-CIMS,Chao Yan,CERN CLOUD chamber,chamber,,CLOUD10,"Yan et al., 2020, Sci. Adv.",peakList_CLOUD10_NOx_checked_v2.db
C9H14NO11,-,312.05723,organic,NO3-,gas,HTOF-CIMS,Chao Yan,CERN CLOUD chamber,chamber,,CLOUD10,"Yan et al., 2020, Sci. Adv.",peakList_CLOUD10_NOx_checked_v2.db
C10H18NO10,-,312.09362,organic,NO3-,gas,HTOF-CIMS,Chao Yan,CERN CLOUD chamber,chamber,,CLOUD10,"Yan et al., 2020, Sci. Adv.",peakList_CLOUD10_NOx_checked_v2.db
C14H18NO7,-,312.10888,organic,NO3-,gas,HTOF-CIMS,Chao Yan,CERN CLOUD chamber,chamber,,CLOUD10,"Yan et al., 2020, Sci. Adv.",peakList_CLOUD10_NOx_checked_v2.db
C7H9N2O12,-,313.01610,organic,NO3-,gas,HTOF-CIMS,Chao Yan,CERN CLOUD chamber,chamber,,CLOUD10,"Yan et al., 2020, Sci. Adv.",peakList_CLOUD10_NOx_checked_v2.db
C8H11NO12,-,313.02867,organic,NO3-,gas,HTOF-CIMS,Chao Yan,CERN CLOUD chamber,chamber,,CLOUD10,"Yan et al., 2020, Sci. Adv.",peakList_CLOUD10_NOx_checked_v2.db
C8H13N2O11,-,313.05248,organic,NO3-,gas,HTOF-CIMS,Chao Yan,CERN CLOUD chamber,chamber,,CLOUD10,"Yan et al., 2020, Sci. Adv.",peakList_CLOUD10_NOx_checked_v2.db
C9H15NO11,-,313.06506,organic,NO3-,gas,HTOF-CIMS,Chao Yan,CERN CLOUD chamber,chamber,,CLOUD10,"Yan et al., 2020, Sci. Adv.",peakList_CLOUD10_NOx_checked_v2.db
C7H8NO13,-,314.00011,organic,NO3-,gas,HTOF-CIMS,Chao Yan,CERN CLOUD chamber,chamber,,CLOUD10,"Yan et al., 2020, Sci. Adv.",peakList_CLOUD10_NOx_checked_v2.db
C8H12NO12,-,314.03650,organic,NO3-,gas,HTOF-CIMS,Chao Yan,CERN CLOUD chamber,chamber,,CLOUD10,"Yan et al., 2020, Sci. Adv.",peakList_CLOUD10_NOx_checked_v2.db
C9H16NO11,-,314.07288,organic,NO3-,gas,HTOF-CIMS,Chao Yan,CERN CLOUD chamber,chamber,,CLOUD10,"Yan et al., 2020, Sci. Adv.",peakList_CLOUD10_NOx_checked_v2.db
C6H7N2O13,-,314.99536,organic,NO3-,gas,HTOF-CIMS,Chao Yan,CERN CLOUD chamber,chamber,,CLOUD10,"Yan et al., 2020, Sci. Adv.",peakList_CLOUD10_NOx_checked_v2.db
C7H9NO13,-,315.00794,organic,NO3-,gas,HTOF-CIMS,Chao Yan,CERN CLOUD chamber,chamber,,CLOUD10,"Yan et al., 2020, Sci. Adv.",peakList_CLOUD10_NOx_checked_v2.db
C7H11N2O12,-,315.03175,organic,NO3-,gas,HTOF-CIMS,Chao Yan,CERN CLOUD chamber,chamber,,CLOUD10,"Yan et al., 2020, Sci. Adv.",peakList_CLOUD10_NOx_checked_v2.db
C8H13NO12,-,315.04432,organic,NO3-,gas,HTOF-CIMS,Chao Yan,CERN CLOUD chamber,chamber,,CLOUD10,"Yan et al., 2020, Sci. Adv.",peakList_CLOUD10_NOx_checked_v2.db
C7H10NO13,-,316.01576,organic,NO3-,gas,HTOF-CIMS,Chao Yan,CERN CLOUD chamber,chamber,,CLOUD10,"Yan et al., 2020, Sci. Adv.",peakList_CLOUD10_NOx_checked_v2.db
C8H14NO12,-,316.05215,organic,NO3-,gas,HTOF-CIMS,Chao Yan,CERN CLOUD chamber,chamber,,CLOUD10,"Yan et al., 2020, Sci. Adv.",peakList_CLOUD10_NOx_checked_v2.db
C6H9N2O13,-,317.01101,organic,NO3-,gas,HTOF-CIMS,Chao Yan,CERN CLOUD chamber,chamber,,CLOUD10,"Yan et al., 2020, Sci. Adv.",peakList_CLOUD10_NOx_checked_v2.db
C7H11NO13,-,317.02359,organic,NO3-,gas,HTOF-CIMS,Chao Yan,CERN CLOUD chamber,chamber,,CLOUD10,"Yan et al., 2020, Sci. Adv.",peakList_CLOUD10_NOx_checked_v2.db
C7H12NO13,-,318.03141,organic,NO3-,gas,HTOF-CIMS,Chao Yan,CERN CLOUD chamber,chamber,,CLOUD10,"Yan et al., 2020, Sci. Adv.",peakList_CLOUD10_NOx_checked_v2.db
C12H16NO9,-,318.08305,organic,NO3-,gas,HTOF-CIMS,Chao Yan,CERN CLOUD chamber,chamber,,CLOUD10,"Yan et al., 2020, Sci. Adv.",peakList_CLOUD10_NOx_checked_v2.db
C5H7N2O14,-,318.99028,organic,NO3-,gas,HTOF-CIMS,Chao Yan,CERN CLOUD chamber,chamber,,CLOUD10,"Yan et al., 2020, Sci. Adv.",peakList_CLOUD10_NOx_checked_v2.db
C11H14NO10,-,320.06232,organic,NO3-,gas,HTOF-CIMS,Chao Yan,CERN CLOUD chamber,chamber,,CLOUD10,"Yan et al., 2020, Sci. Adv.",peakList_CLOUD10_NOx_checked_v2.db
C12H18NO9,-,320.09870,organic,NO3-,gas,HTOF-CIMS,Chao Yan,CERN CLOUD chamber,chamber,,CLOUD10,"Yan et al., 2020, Sci. Adv.",peakList_CLOUD10_NOx_checked_v2.db
C10H12NO11,-,322.04158,organic,NO3-,gas,HTOF-CIMS,Chao Yan,CERN CLOUD chamber,chamber,,CLOUD10,"Yan et al., 2020, Sci. Adv.",peakList_CLOUD10_NOx_checked_v2.db
C11H16NO10,-,322.07797,organic,NO3-,gas,HTOF-CIMS,Chao Yan,CERN CLOUD chamber,chamber,,CLOUD10,"Yan et al., 2020, Sci. Adv.",peakList_CLOUD10_NOx_checked_v2.db
C10H16N3O9,-,322.08920,organic,NO3-,gas,HTOF-CIMS,Chao Yan,CERN CLOUD chamber,chamber,,CLOUD10,"Yan et al., 2020, Sci. Adv.",peakList_CLOUD10_NOx_checked_v2.db
C10H15N2O10,-,323.07322,organic,NO3-,gas,HTOF-CIMS,Chao Yan,CERN CLOUD chamber,chamber,,CLOUD10,"Yan et al., 2020, Sci. Adv.",peakList_CLOUD10_NOx_checked_v2.db
C11H17NO10,-,323.08579,organic,NO3-,gas,HTOF-CIMS,Chao Yan,CERN CLOUD chamber,chamber,,CLOUD10,"Yan et al., 2020, Sci. Adv.",peakList_CLOUD10_NOx_checked_v2.db
C10H14NO11,-,324.05723,organic,NO3-,gas,HTOF-CIMS,Chao Yan,CERN CLOUD chamber,chamber,,CLOUD10,"Yan et al., 2020, Sci. Adv.",peakList_CLOUD10_NOx_checked_v2.db
C10H16N2O10,-,324.08104,organic,NO3-,gas,HTOF-CIMS,Chao Yan,CERN CLOUD chamber,chamber,,CLOUD10,"Yan et al., 2020, Sci. Adv.",peakList_CLOUD10_NOx_checked_v2.db
C10H15NO11,-,325.06506,organic,NO3-,gas,HTOF-CIMS,Chao Yan,CERN CLOUD chamber,chamber,,CLOUD10,"Yan et al., 2020, Sci. Adv.",peakList_CLOUD10_NOx_checked_v2.db
C10H17N2O10,-,325.08887,organic,NO3-,gas,HTOF-CIMS,Chao Yan,CERN CLOUD chamber,chamber,,CLOUD10,"Yan et al., 2020, Sci. Adv.",peakList_CLOUD10_NOx_checked_v2.db
C9H12NO12,-,326.03650,organic,NO3-,gas,HTOF-CIMS,Chao Yan,CERN CLOUD chamber,chamber,,CLOUD10,"Yan et al., 2020, Sci. Adv.",peakList_CLOUD10_NOx_checked_v2.db
C10H16NO11,-,326.07288,organic,NO3-,gas,HTOF-CIMS,Chao Yan,CERN CLOUD chamber,chamber,,CLOUD10,"Yan et al., 2020, Sci. Adv.",peakList_CLOUD10_NOx_checked_v2.db
C8H11N2O12,-,327.03175,organic,NO3-,gas,HTOF-CIMS,Chao Yan,CERN CLOUD chamber,chamber,,CLOUD10,"Yan et al., 2020, Sci. Adv.",peakList_CLOUD10_NOx_checked_v2.db
C9H13NO12,-,327.04432,organic,NO3-,gas,HTOF-CIMS,Chao Yan,CERN CLOUD chamber,chamber,,CLOUD10,"Yan et al., 2020, Sci. Adv.",peakList_CLOUD10_NOx_checked_v2.db
C9H15N2O11,-,327.06813,organic,NO3-,gas,HTOF-CIMS,Chao Yan,CERN CLOUD chamber,chamber,,CLOUD10,"Yan et al., 2020, Sci. Adv.",peakList_CLOUD10_NOx_checked_v2.db
C10H17NO11,-,327.08071,organic,NO3-,gas,HTOF-CIMS,Chao Yan,CERN CLOUD chamber,chamber,,CLOUD10,"Yan et al., 2020, Sci. Adv.",peakList_CLOUD10_NOx_checked_v2.db
C8H10NO13,-,328.01576,organic,NO3-,gas,HTOF-CIMS,Chao Yan,CERN CLOUD chamber,chamber,,CLOUD10,"Yan et al., 2020, Sci. Adv.",peakList_CLOUD10_NOx_checked_v2.db
C9H14NO12,-,328.05215,organic,NO3-,gas,HTOF-CIMS,Chao Yan,CERN CLOUD chamber,chamber,,CLOUD10,"Yan et al., 2020, Sci. Adv.",peakList_CLOUD10_NOx_checked_v2.db
C10H18NO11,-,328.08853,organic,NO3-,gas,HTOF-CIMS,Chao Yan,CERN CLOUD chamber,chamber,,CLOUD10,"Yan et al., 2020, Sci. Adv.",peakList_CLOUD10_NOx_checked_v2.db
C7H9N2O13,-,329.01101,organic,NO3-,gas,HTOF-CIMS,Chao Yan,CERN CLOUD chamber,chamber,,CLOUD10,"Yan et al., 2020, Sci. Adv.",peakList_CLOUD10_NOx_checked_v2.db
C8H11NO13,-,329.02359,organic,NO3-,gas,HTOF-CIMS,Chao Yan,CERN CLOUD chamber,chamber,,CLOUD10,"Yan et al., 2020, Sci. Adv.",peakList_CLOUD10_NOx_checked_v2.db
C8H13N2O12,-,329.04740,organic,NO3-,gas,HTOF-CIMS,Chao Yan,CERN CLOUD chamber,chamber,,CLOUD10,"Yan et al., 2020, Sci. Adv.",peakList_CLOUD10_NOx_checked_v2.db
C9H15NO12,-,329.05997,organic,NO3-,gas,HTOF-CIMS,Chao Yan,CERN CLOUD chamber,chamber,,CLOUD10,"Yan et al., 2020, Sci. Adv.",peakList_CLOUD10_NOx_checked_v2.db
C7H8NO14,-,329.99503,organic,NO3-,gas,HTOF-CIMS,Chao Yan,CERN CLOUD chamber,chamber,,CLOUD10,"Yan et al., 2020, Sci. Adv.",peakList_CLOUD10_NOx_checked_v2.db
C8H12NO13,-,330.03141,organic,NO3-,gas,HTOF-CIMS,Chao Yan,CERN CLOUD chamber,chamber,,CLOUD10,"Yan et al., 2020, Sci. Adv.",peakList_CLOUD10_NOx_checked_v2.db
C9H16NO12,-,330.06780,organic,NO3-,gas,HTOF-CIMS,Chao Yan,CERN CLOUD chamber,chamber,,CLOUD10,"Yan et al., 2020, Sci. Adv.",peakList_CLOUD10_NOx_checked_v2.db
C13H16NO9,-,330.08305,organic,NO3-,gas,HTOF-CIMS,Chao Yan,CERN CLOUD chamber,chamber,,CLOUD10,"Yan et al., 2020, Sci. Adv.",peakList_CLOUD10_NOx_checked_v2.db
C14H20NO8,-,330.11944,organic,NO3-,gas,HTOF-CIMS,Chao Yan,CERN CLOUD chamber,chamber,,CLOUD10,"Yan et al., 2020, Sci. Adv.",peakList_CLOUD10_NOx_checked_v2.db
C15H24NO7,-,330.15583,organic,NO3-,gas,HTOF-CIMS,Chao Yan,CERN CLOUD chamber,chamber,,CLOUD10,"Yan et al., 2020, Sci. Adv.",peakList_CLOUD10_NOx_checked_v2.db
C6H7N2O14,-,330.99028,organic,NO3-,gas,HTOF-CIMS,Chao Yan,CERN CLOUD chamber,chamber,,CLOUD10,"Yan et al., 2020, Sci. Adv.",peakList_CLOUD10_NOx_checked_v2.db
C7H9NO14,-,331.00285,organic,NO3-,gas,HTOF-CIMS,Chao Yan,CERN CLOUD chamber,chamber,,CLOUD10,"Yan et al., 2020, Sci. Adv.",peakList_CLOUD10_NOx_checked_v2.db
C7H11N2O13,-,331.02666,organic,NO3-,gas,HTOF-CIMS,Chao Yan,CERN CLOUD chamber,chamber,,CLOUD10,"Yan et al., 2020, Sci. Adv.",peakList_CLOUD10_NOx_checked_v2.db
C8H13NO13,-,331.03924,organic,NO3-,gas,HTOF-CIMS,Chao Yan,CERN CLOUD chamber,chamber,,CLOUD10,"Yan et al., 2020, Sci. Adv.",peakList_CLOUD10_NOx_checked_v2.db
C7H10NO14,-,332.01068,organic,NO3-,gas,HTOF-CIMS,Chao Yan,CERN CLOUD chamber,chamber,,CLOUD10,"Yan et al., 2020, Sci. Adv.",peakList_CLOUD10_NOx_checked_v2.db
C8H14NO13,-,332.04706,organic,NO3-,gas,HTOF-CIMS,Chao Yan,CERN CLOUD chamber,chamber,,CLOUD10,"Yan et al., 2020, Sci. Adv.",peakList_CLOUD10_NOx_checked_v2.db
C12H14NO10,-,332.06232,organic,NO3-,gas,HTOF-CIMS,Chao Yan,CERN CLOUD chamber,chamber,,CLOUD10,"Yan et al., 2020, Sci. Adv.",peakList_CLOUD10_NOx_checked_v2.db
C13H18NO9,-,332.09870,organic,NO3-,gas,HTOF-CIMS,Chao Yan,CERN CLOUD chamber,chamber,,CLOUD10,"Yan et al., 2020, Sci. Adv.",peakList_CLOUD10_NOx_checked_v2.db
C14H22NO8,-,332.13509,organic,NO3-,gas,HTOF-CIMS,Chao Yan,CERN CLOUD chamber,chamber,,CLOUD10,"Yan et al., 2020, Sci. Adv.",peakList_CLOUD10_NOx_checked_v2.db
C6H9N2O14,-,333.00593,organic,NO3-,gas,HTOF-CIMS,Chao Yan,CERN CLOUD chamber,chamber,,CLOUD10,"Yan et al., 2020, Sci. Adv.",peakList_CLOUD10_NOx_checked_v2.db
C7H11NO14,-,333.01850,organic,NO3-,gas,HTOF-CIMS,Chao Yan,CERN CLOUD chamber,chamber,,CLOUD10,"Yan et al., 2020, Sci. Adv.",peakList_CLOUD10_NOx_checked_v2.db
C12H16NO10,-,334.07797,organic,NO3-,gas,HTOF-CIMS,Chao Yan,CERN CLOUD chamber,chamber,,CLOUD10,"Yan et al., 2020, Sci. Adv.",peakList_CLOUD10_NOx_checked_v2.db
C13H20NO9,-,334.11435,organic,NO3-,gas,HTOF-CIMS,Chao Yan,CERN CLOUD chamber,chamber,,CLOUD10,"Yan et al., 2020, Sci. Adv.",peakList_CLOUD10_NOx_checked_v2.db
C11H14NO11,-,336.05723,organic,NO3-,gas,HTOF-CIMS,Chao Yan,CERN CLOUD chamber,chamber,,CLOUD10,"Yan et al., 2020, Sci. Adv.",peakList_CLOUD10_NOx_checked_v2.db
C12H18NO10,-,336.09362,organic,NO3-,gas,HTOF-CIMS,Chao Yan,CERN CLOUD chamber,chamber,,CLOUD10,"Yan et al., 2020, Sci. Adv.",peakList_CLOUD10_NOx_checked_v2.db
C10H12NO12,-,338.03650,organic,NO3-,gas,HTOF-CIMS,Chao Yan,CERN CLOUD chamber,chamber,,CLOUD10,"Yan et al., 2020, Sci. Adv.",peakList_CLOUD10_NOx_checked_v2.db
C11H16NO11,-,338.07288,organic,NO3-,gas,HTOF-CIMS,Chao Yan,CERN CLOUD chamber,chamber,,CLOUD10,"Yan et al., 2020, Sci. Adv.",peakList_CLOUD10_NOx_checked_v2.db
C10H16N3O10,-,338.08412,organic,NO3-,gas,HTOF-CIMS,Chao Yan,CERN CLOUD chamber,chamber,,CLOUD10,"Yan et al., 2020, Sci. Adv.",peakList_CLOUD10_NOx_checked_v2.db
C10H15N2O11,-,339.06813,organic,NO3-,gas,HTOF-CIMS,Chao Yan,CERN CLOUD chamber,chamber,,CLOUD10,"Yan et al., 2020, Sci. Adv.",peakList_CLOUD10_NOx_checked_v2.db
C10H14NO12,-,340.05215,organic,NO3-,gas,HTOF-CIMS,Chao Yan,CERN CLOUD chamber,chamber,,CLOUD10,"Yan et al., 2020, Sci. Adv.",peakList_CLOUD10_NOx_checked_v2.db
C10H16N2O11,-,340.07596,organic,NO3-,gas,HTOF-CIMS,Chao Yan,CERN CLOUD chamber,chamber,,CLOUD10,"Yan et al., 2020, Sci. Adv.",peakList_CLOUD10_NOx_checked_v2.db
C9H13N2O12,-,341.04740,organic,NO3-,gas,HTOF-CIMS,Chao Yan,CERN CLOUD chamber,chamber,,CLOUD10,"Yan et al., 2020, Sci. Adv.",peakList_CLOUD10_NOx_checked_v2.db
C10H15NO12,-,341.05997,organic,NO3-,gas,HTOF-CIMS,Chao Yan,CERN CLOUD chamber,chamber,,CLOUD10,"Yan et al., 2020, Sci. Adv.",peakList_CLOUD10_NOx_checked_v2.db
C10H17N2O11,-,341.08378,organic,NO3-,gas,HTOF-CIMS,Chao Yan,CERN CLOUD chamber,chamber,,CLOUD10,"Yan et al., 2020, Sci. Adv.",peakList_CLOUD10_NOx_checked_v2.db
C10H16NO12,-,342.06780,organic,NO3-,gas,HTOF-CIMS,Chao Yan,CERN CLOUD chamber,chamber,,CLOUD10,"Yan et al., 2020, Sci. Adv.",peakList_CLOUD10_NOx_checked_v2.db
C8H11N2O13,-,343.02666,organic,NO3-,gas,HTOF-CIMS,Chao Yan,CERN CLOUD chamber,chamber,,CLOUD10,"Yan et al., 2020, Sci. Adv.",peakList_CLOUD10_NOx_checked_v2.db
C9H13NO13,-,343.03924,organic,NO3-,gas,HTOF-CIMS,Chao Yan,CERN CLOUD chamber,chamber,,CLOUD10,"Yan et al., 2020, Sci. Adv.",peakList_CLOUD10_NOx_checked_v2.db
C9H15N2O12,-,343.06305,organic,NO3-,gas,HTOF-CIMS,Chao Yan,CERN CLOUD chamber,chamber,,CLOUD10,"Yan et al., 2020, Sci. Adv.",peakList_CLOUD10_NOx_checked_v2.db
C10H17NO12,-,343.07562,organic,NO3-,gas,HTOF-CIMS,Chao Yan,CERN CLOUD chamber,chamber,,CLOUD10,"Yan et al., 2020, Sci. Adv.",peakList_CLOUD10_NOx_checked_v2.db
C8H10NO14,-,344.01068,organic,NO3-,gas,HTOF-CIMS,Chao Yan,CERN CLOUD chamber,chamber,,CLOUD10,"Yan et al., 2020, Sci. Adv.",peakList_CLOUD10_NOx_checked_v2.db
C9H14NO13,-,344.04706,organic,NO3-,gas,HTOF-CIMS,Chao Yan,CERN CLOUD chamber,chamber,,CLOUD10,"Yan et al., 2020, Sci. Adv.",peakList_CLOUD10_NOx_checked_v2.db
C10H18NO12,-,344.08345,organic,NO3-,gas,HTOF-CIMS,Chao Yan,CERN CLOUD chamber,chamber,,CLOUD10,"Yan et al., 2020, Sci. Adv.",peakList_CLOUD10_NOx_checked_v2.db
C14H18NO9,-,344.09870,organic,NO3-,gas,HTOF-CIMS,Chao Yan,CERN CLOUD chamber,chamber,,CLOUD10,"Yan et al., 2020, Sci. Adv.",peakList_CLOUD10_NOx_checked_v2.db
C7H9N2O14,-,345.00593,organic,NO3-,gas,HTOF-CIMS,Chao Yan,CERN CLOUD chamber,chamber,,CLOUD10,"Yan et al., 2020, Sci. Adv.",peakList_CLOUD10_NOx_checked_v2.db
C8H11NO14,-,345.01850,organic,NO3-,gas,HTOF-CIMS,Chao Yan,CERN CLOUD chamber,chamber,,CLOUD10,"Yan et al., 2020, Sci. Adv.",peakList_CLOUD10_NOx_checked_v2.db
C8H13N2O13,-,345.04231,organic,NO3-,gas,HTOF-CIMS,Chao Yan,CERN CLOUD chamber,chamber,,CLOUD10,"Yan et al., 2020, Sci. Adv.",peakList_CLOUD10_NOx_checked_v2.db
C9H15NO13,-,345.05489,organic,NO3-,gas,HTOF-CIMS,Chao Yan,CERN CLOUD chamber,chamber,,CLOUD10,"Yan et al., 2020, Sci. Adv.",peakList_CLOUD10_NOx_checked_v2.db
C7H8NO15,-,345.98994,organic,NO3-,gas,HTOF-CIMS,Chao Yan,CERN CLOUD chamber,chamber,,CLOUD10,"Yan et al., 2020, Sci. Adv.",peakList_CLOUD10_NOx_checked_v2.db
C8H12NO14,-,346.02633,organic,NO3-,gas,HTOF-CIMS,Chao Yan,CERN CLOUD chamber,chamber,,CLOUD10,"Yan et al., 2020, Sci. Adv.",peakList_CLOUD10_NOx_checked_v2.db
C9H16NO13,-,346.06271,organic,NO3-,gas,HTOF-CIMS,Chao Yan,CERN CLOUD chamber,chamber,,CLOUD10,"Yan et al., 2020, Sci. Adv.",peakList_CLOUD10_NOx_checked_v2.db
C7H9NO15,-,346.99777,organic,NO3-,gas,HTOF-CIMS,Chao Yan,CERN CLOUD chamber,chamber,,CLOUD10,"Yan et al., 2020, Sci. Adv.",peakList_CLOUD10_NOx_checked_v2.db
C7H11N2O14,-,347.02158,organic,NO3-,gas,HTOF-CIMS,Chao Yan,CERN CLOUD chamber,chamber,,CLOUD10,"Yan et al., 2020, Sci. Adv.",peakList_CLOUD10_NOx_checked_v2.db
C8H13NO14,-,347.03415,organic,NO3-,gas,HTOF-CIMS,Chao Yan,CERN CLOUD chamber,chamber,,CLOUD10,"Yan et al., 2020, Sci. Adv.",peakList_CLOUD10_NOx_checked_v2.db
C12H14NO11,-,348.05723,organic,NO3-,gas,HTOF-CIMS,Chao Yan,CERN CLOUD chamber,chamber,,CLOUD10,"Yan et al., 2020, Sci. Adv.",peakList_CLOUD10_NOx_checked_v2.db
C13H18NO10,-,348.09362,organic,NO3-,gas,HTOF-CIMS,Chao Yan,CERN CLOUD chamber,chamber,,CLOUD10,"Yan et al., 2020, Sci. Adv.",peakList_CLOUD10_NOx_checked_v2.db
C12H16NO11,-,350.07288,organic,NO3-,gas,HTOF-CIMS,Chao Yan,CERN CLOUD chamber,chamber,,CLOUD10,"Yan et al., 2020, Sci. Adv.",peakList_CLOUD10_NOx_checked_v2.db
C13H20NO10,-,350.10927,organic,NO3-,gas,HTOF-CIMS,Chao Yan,CERN CLOUD chamber,chamber,,CLOUD10,"Yan et al., 2020, Sci. Adv.",peakList_CLOUD10_NOx_checked_v2.db
C11H14NO12,-,352.05215,organic,NO3-,gas,HTOF-CIMS,Chao Yan,CERN CLOUD chamber,chamber,,CLOUD10,"Yan et al., 2020, Sci. Adv.",peakList_CLOUD10_NOx_checked_v2.db
C12H18NO11,-,352.08853,organic,NO3-,gas,HTOF-CIMS,Chao Yan,CERN CLOUD chamber,chamber,,CLOUD10,"Yan et al., 2020, Sci. Adv.",peakList_CLOUD10_NOx_checked_v2.db
C10H12NO13,-,354.03141,organic,NO3-,gas,HTOF-CIMS,Chao Yan,CERN CLOUD chamber,chamber,,CLOUD10,"Yan et al., 2020, Sci. Adv.",peakList_CLOUD10_NOx_checked_v2.db
C11H16NO12,-,354.06780,organic,NO3-,gas,HTOF-CIMS,Chao Yan,CERN CLOUD chamber,chamber,,CLOUD10,"Yan et al., 2020, Sci. Adv.",peakList_CLOUD10_NOx_checked_v2.db
C10H16N3O11,-,354.07903,organic,NO3-,gas,HTOF-CIMS,Chao Yan,CERN CLOUD chamber,chamber,,CLOUD10,"Yan et al., 2020, Sci. Adv.",peakList_CLOUD10_NOx_checked_v2.db
C17H24NO7,-,354.15583,organic,NO3-,gas,HTOF-CIMS,Chao Yan,CERN CLOUD chamber,chamber,,CLOUD10,"Yan et al., 2020, Sci. Adv.",peakList_CLOUD10_NOx_checked_v2.db
C10H15N2O12,-,355.06305,organic,NO3-,gas,HTOF-CIMS,Chao Yan,CERN CLOUD chamber,chamber,,CLOUD10,"Yan et al., 2020, Sci. Adv.",peakList_CLOUD10_NOx_checked_v2.db
C10H14NO13,-,356.04706,organic,NO3-,gas,HTOF-CIMS,Chao Yan,CERN CLOUD chamber,chamber,,CLOUD10,"Yan et al., 2020, Sci. Adv.",peakList_CLOUD10_NOx_checked_v2.db
C10H16N2O12,-,356.07087,organic,NO3-,gas,HTOF-CIMS,Chao Yan,CERN CLOUD chamber,chamber,,CLOUD10,"Yan et al., 2020, Sci. Adv.",peakList_CLOUD10_NOx_checked_v2.db
C10H15NO13,-,357.05489,organic,NO3-,gas,HTOF-CIMS,Chao Yan,CERN CLOUD chamber,chamber,,CLOUD10,"Yan et al., 2020, Sci. Adv.",peakList_CLOUD10_NOx_checked_v2.db
C10H17N2O12,-,357.07870,organic,NO3-,gas,HTOF-CIMS,Chao Yan,CERN CLOUD chamber,chamber,,CLOUD10,"Yan et al., 2020, Sci. Adv.",peakList_CLOUD10_NOx_checked_v2.db
C10H16NO13,-,358.06271,organic,NO3-,gas,HTOF-CIMS,Chao Yan,CERN CLOUD chamber,chamber,,CLOUD10,"Yan et al., 2020, Sci. Adv.",peakList_CLOUD10_NOx_checked_v2.db
C9H15N2O13,-,359.05796,organic,NO3-,gas,HTOF-CIMS,Chao Yan,CERN CLOUD chamber,chamber,,CLOUD10,"Yan et al., 2020, Sci. Adv.",peakList_CLOUD10_NOx_checked_v2.db
C10H17NO13,-,359.07054,organic,NO3-,gas,HTOF-CIMS,Chao Yan,CERN CLOUD chamber,chamber,,CLOUD10,"Yan et al., 2020, Sci. Adv.",peakList_CLOUD10_NOx_checked_v2.db
C8H10NO15,-,360.00559,organic,NO3-,gas,HTOF-CIMS,Chao Yan,CERN CLOUD chamber,chamber,,CLOUD10,"Yan et al., 2020, Sci. Adv.",peakList_CLOUD10_NOx_checked_v2.db
C9H14NO14,-,360.04198,organic,NO3-,gas,HTOF-CIMS,Chao Yan,CERN CLOUD chamber,chamber,,CLOUD10,"Yan et al., 2020, Sci. Adv.",peakList_CLOUD10_NOx_checked_v2.db
C10H18NO13,-,360.07836,organic,NO3-,gas,HTOF-CIMS,Chao Yan,CERN CLOUD chamber,chamber,,CLOUD10,"Yan et al., 2020, Sci. Adv.",peakList_CLOUD10_NOx_checked_v2.db
C7H9N2O15,-,361.00084,organic,NO3-,gas,HTOF-CIMS,Chao Yan,CERN CLOUD chamber,chamber,,CLOUD10,"Yan et al., 2020, Sci. Adv.",peakList_CLOUD10_NOx_checked_v2.db
C8H11NO15,-,361.01342,organic,NO3-,gas,HTOF-CIMS,Chao Yan,CERN CLOUD chamber,chamber,,CLOUD10,"Yan et al., 2020, Sci. Adv.",peakList_CLOUD10_NOx_checked_v2.db
C8H13N2O14,-,361.03723,organic,NO3-,gas,HTOF-CIMS,Chao Yan,CERN CLOUD chamber,chamber,,CLOUD10,"Yan et al., 2020, Sci. Adv.",peakList_CLOUD10_NOx_checked_v2.db
C9H15NO14,-,361.04980,organic,NO3-,gas,HTOF-CIMS,Chao Yan,CERN CLOUD chamber,chamber,,CLOUD10,"Yan et al., 2020, Sci. Adv.",peakList_CLOUD10_NOx_checked_v2.db
C8H12NO15,-,362.02124,organic,NO3-,gas,HTOF-CIMS,Chao Yan,CERN CLOUD chamber,chamber,,CLOUD10,"Yan et al., 2020, Sci. Adv.",peakList_CLOUD10_NOx_checked_v2.db
C13H16NO11,-,362.07288,organic,NO3-,gas,HTOF-CIMS,Chao Yan,CERN CLOUD chamber,chamber,,CLOUD10,"Yan et al., 2020, Sci. Adv.",peakList_CLOUD10_NOx_checked_v2.db
C14H20NO10,-,362.10927,organic,NO3-,gas,HTOF-CIMS,Chao Yan,CERN CLOUD chamber,chamber,,CLOUD10,"Yan et al., 2020, Sci. Adv.",peakList_CLOUD10_NOx_checked_v2.db
C15H24NO9,-,362.14565,organic,NO3-,gas,HTOF-CIMS,Chao Yan,CERN CLOUD chamber,chamber,,CLOUD10,"Yan et al., 2020, Sci. Adv.",peakList_CLOUD10_NOx_checked_v2.db
C7H11N2O15,-,363.01649,organic,NO3-,gas,HTOF-CIMS,Chao Yan,CERN CLOUD chamber,chamber,,CLOUD10,"Yan et al., 2020, Sci. Adv.",peakList_CLOUD10_NOx_checked_v2.db
C8H13NO15,-,363.02907,organic,NO3-,gas,HTOF-CIMS,Chao Yan,CERN CLOUD chamber,chamber,,CLOUD10,"Yan et al., 2020, Sci. Adv.",peakList_CLOUD10_NOx_checked_v2.db
C13H18NO11,-,364.08853,organic,NO3-,gas,HTOF-CIMS,Chao Yan,CERN CLOUD chamber,chamber,,CLOUD10,"Yan et al., 2020, Sci. Adv.",peakList_CLOUD10_NOx_checked_v2.db
C14H22NO10,-,364.12492,organic,NO3-,gas,HTOF-CIMS,Chao Yan,CERN CLOUD chamber,chamber,,CLOUD10,"Yan et al., 2020, Sci. Adv.",peakList_CLOUD10_NOx_checked_v2.db
C12H16NO12,-,366.06780,organic,NO3-,gas,HTOF-CIMS,Chao Yan,CERN CLOUD chamber,chamber,,CLOUD10,"Yan et al., 2020, Sci. Adv.",peakList_CLOUD10_NOx_checked_v2.db
C13H20NO11,-,366.10418,organic,NO3-,gas,HTOF-CIMS,Chao Yan,CERN CLOUD chamber,chamber,,CLOUD10,"Yan et al., 2020, Sci. Adv.",peakList_CLOUD10_NOx_checked_v2.db
C11H14NO13,-,368.04706,organic,NO3-,gas,HTOF-CIMS,Chao Yan,CERN CLOUD chamber,chamber,,CLOUD10,"Yan et al., 2020, Sci. Adv.",peakList_CLOUD10_NOx_checked_v2.db
C12H18NO12,-,368.08345,organic,NO3-,gas,HTOF-CIMS,Chao Yan,CERN CLOUD chamber,chamber,,CLOUD10,"Yan et al., 2020, Sci. Adv.",peakList_CLOUD10_NOx_checked_v2.db
C18H26NO7,-,368.17148,organic,NO3-,gas,HTOF-CIMS,Chao Yan,CERN CLOUD chamber,chamber,,CLOUD10,"Yan et al., 2020, Sci. Adv.",peakList_CLOUD10_NOx_checked_v2.db
C10H16N3O12,-,370.07395,organic,NO3-,gas,HTOF-CIMS,Chao Yan,CERN CLOUD chamber,chamber,,CLOUD10,"Yan et al., 2020, Sci. Adv.",peakList_CLOUD10_NOx_checked_v2.db
C10H15N2O13,-,371.05796,organic,NO3-,gas,HTOF-CIMS,Chao Yan,CERN CLOUD chamber,chamber,,CLOUD10,"Yan et al., 2020, Sci. Adv.",peakList_CLOUD10_NOx_checked_v2.db
C10H14NO14,-,372.04198,organic,NO3-,gas,HTOF-CIMS,Chao Yan,CERN CLOUD chamber,chamber,,CLOUD10,"Yan et al., 2020, Sci. Adv.",peakList_CLOUD10_NOx_checked_v2.db
C10H16N2O13,-,372.06579,organic,NO3-,gas,HTOF-CIMS,Chao Yan,CERN CLOUD chamber,chamber,,CLOUD10,"Yan et al., 2020, Sci. Adv.",peakList_CLOUD10_NOx_checked_v2.db
C10H15NO14,-,373.04980,organic,NO3-,gas,HTOF-CIMS,Chao Yan,CERN CLOUD chamber,chamber,,CLOUD10,"Yan et al., 2020, Sci. Adv.",peakList_CLOUD10_NOx_checked_v2.db
C10H17N2O13,-,373.07361,organic,NO3-,gas,HTOF-CIMS,Chao Yan,CERN CLOUD chamber,chamber,,CLOUD10,"Yan et al., 2020, Sci. Adv.",peakList_CLOUD10_NOx_checked_v2.db
C10H16NO14,-,374.05763,organic,NO3-,gas,HTOF-CIMS,Chao Yan,CERN CLOUD chamber,chamber,,CLOUD10,"Yan et al., 2020, Sci. Adv.",peakList_CLOUD10_NOx_checked_v2.db
C15H20NO10,-,374.10927,organic,NO3-,gas,HTOF-CIMS,Chao Yan,CERN CLOUD chamber,chamber,,CLOUD10,"Yan et al., 2020, Sci. Adv.",peakList_CLOUD10_NOx_checked_v2.db
C8H11N2O15,-,375.01649,organic,NO3-,gas,HTOF-CIMS,Chao Yan,CERN CLOUD chamber,chamber,,CLOUD10,"Yan et al., 2020, Sci. Adv.",peakList_CLOUD10_NOx_checked_v2.db
C9H13NO15,-,375.02907,organic,NO3-,gas,HTOF-CIMS,Chao Yan,CERN CLOUD chamber,chamber,,CLOUD10,"Yan et al., 2020, Sci. Adv.",peakList_CLOUD10_NOx_checked_v2.db
C9H15N2O14,-,375.05288,organic,NO3-,gas,HTOF-CIMS,Chao Yan,CERN CLOUD chamber,chamber,,CLOUD10,"Yan et al., 2020, Sci. Adv.",peakList_CLOUD10_NOx_checked_v2.db
C10H17NO14,-,375.06545,organic,NO3-,gas,HTOF-CIMS,Chao Yan,CERN CLOUD chamber,chamber,,CLOUD10,"Yan et al., 2020, Sci. Adv.",peakList_CLOUD10_NOx_checked_v2.db
C8H10NO16,-,376.00051,organic,NO3-,gas,HTOF-CIMS,Chao Yan,CERN CLOUD chamber,chamber,,CLOUD10,"Yan et al., 2020, Sci. Adv.",peakList_CLOUD10_NOx_checked_v2.db
C10H18NO14,-,376.07328,organic,NO3-,gas,HTOF-CIMS,Chao Yan,CERN CLOUD chamber,chamber,,CLOUD10,"Yan et al., 2020, Sci. Adv.",peakList_CLOUD10_NOx_checked_v2.db
C7H9N2O16,-,376.99576,organic,NO3-,gas,HTOF-CIMS,Chao Yan,CERN CLOUD chamber,chamber,,CLOUD10,"Yan et al., 2020, Sci. Adv.",peakList_CLOUD10_NOx_checked_v2.db
C8H11NO16,-,377.00833,organic,NO3-,gas,HTOF-CIMS,Chao Yan,CERN CLOUD chamber,chamber,,CLOUD10,"Yan et al., 2020, Sci. Adv.",peakList_CLOUD10_NOx_checked_v2.db
C8H13N2O15,-,377.03214,organic,NO3-,gas,HTOF-CIMS,Chao Yan,CERN CLOUD chamber,chamber,,CLOUD10,"Yan et al., 2020, Sci. Adv.",peakList_CLOUD10_NOx_checked_v2.db
C9H15NO15,-,377.04472,organic,NO3-,gas,HTOF-CIMS,Chao Yan,CERN CLOUD chamber,chamber,,CLOUD10,"Yan et al., 2020, Sci. Adv.",peakList_CLOUD10_NOx_checked_v2.db
C8H12NO16,-,378.01616,organic,NO3-,gas,HTOF-CIMS,Chao Yan,CERN CLOUD chamber,chamber,,CLOUD10,"Yan et al., 2020, Sci. Adv.",peakList_CLOUD10_NOx_checked_v2.db
C9H16NO15,-,378.05254,organic,NO3-,gas,HTOF-CIMS,Chao Yan,CERN CLOUD chamber,chamber,,CLOUD10,"Yan et al., 2020, Sci. Adv.",peakList_CLOUD10_NOx_checked_v2.db
C13H16NO12,-,378.06780,organic,NO3-,gas,HTOF-CIMS,Chao Yan,CERN CLOUD chamber,chamber,,CLOUD10,"Yan et al., 2020, Sci. Adv.",peakList_CLOUD10_NOx_checked_v2.db
C14H20NO11,-,378.10418,organic,NO3-,gas,HTOF-CIMS,Chao Yan,CERN CLOUD chamber,chamber,,CLOUD10,"Yan et al., 2020, Sci. Adv.",peakList_CLOUD10_NOx_checked_v2.db
C15H24NO10,-,378.14057,organic,NO3-,gas,HTOF-CIMS,Chao Yan,CERN CLOUD chamber,chamber,,CLOUD10,"Yan et al., 2020, Sci. Adv.",peakList_CLOUD10_NOx_checked_v2.db
C13H18NO12,-,380.08345,organic,NO3-,gas,HTOF-CIMS,Chao Yan,CERN CLOUD chamber,chamber,,CLOUD10,"Yan et al., 2020, Sci. Adv.",peakList_CLOUD10_NOx_checked_v2.db
C14H22NO11,-,380.11983,organic,NO3-,gas,HTOF-CIMS,Chao Yan,CERN CLOUD chamber,chamber,,CLOUD10,"Yan et al., 2020, Sci. Adv.",peakList_CLOUD10_NOx_checked_v2.db
C12H16NO13,-,382.06271,organic,NO3-,gas,HTOF-CIMS,Chao Yan,CERN CLOUD chamber,chamber,,CLOUD10,"Yan et al., 2020, Sci. Adv.",peakList_CLOUD10_NOx_checked_v2.db
C13H20NO12,-,382.09910,organic,NO3-,gas,HTOF-CIMS,Chao Yan,CERN CLOUD chamber,chamber,,CLOUD10,"Yan et al., 2020, Sci. Adv.",peakList_CLOUD10_NOx_checked_v2.db
C19H28NO7,-,382.18713,organic,NO3-,gas,HTOF-CIMS,Chao Yan,CERN CLOUD chamber,chamber,,CLOUD10,"Yan et al., 2020, Sci. Adv.",peakList_CLOUD10_NOx_checked_v2.db
C11H14NO14,-,384.04198,organic,NO3-,gas,HTOF-CIMS,Chao Yan,CERN CLOUD chamber,chamber,,CLOUD10,"Yan et al., 2020, Sci. Adv.",peakList_CLOUD10_NOx_checked_v2.db
C12H18NO13,-,384.07836,organic,NO3-,gas,HTOF-CIMS,Chao Yan,CERN CLOUD chamber,chamber,,CLOUD10,"Yan et al., 2020, Sci. Adv.",peakList_CLOUD10_NOx_checked_v2.db
C18H26NO8,-,384.16639,organic,NO3-,gas,HTOF-CIMS,Chao Yan,CERN CLOUD chamber,chamber,,CLOUD10,"Yan et al., 2020, Sci. Adv.",peakList_CLOUD10_NOx_checked_v2.db
C19H30NO7,-,384.20278,organic,NO3-,gas,HTOF-CIMS,Chao Yan,CERN CLOUD chamber,chamber,,CLOUD10,"Yan et al., 2020, Sci. Adv.",peakList_CLOUD10_NOx_checked_v2.db
C10H16N3O13,-,386.06886,organic,NO3-,gas,HTOF-CIMS,Chao Yan,CERN CLOUD chamber,chamber,,CLOUD10,"Yan et al., 2020, Sci. Adv.",peakList_CLOUD10_NOx_checked_v2.db
C10H15N2O14,-,387.05288,organic,NO3-,gas,HTOF-CIMS,Chao Yan,CERN CLOUD chamber,chamber,,CLOUD10,"Yan et al., 2020, Sci. Adv.",peakList_CLOUD10_NOx_checked_v2.db
C10H14NO15,-,388.03689,organic,NO3-,gas,HTOF-CIMS,Chao Yan,CERN CLOUD chamber,chamber,,CLOUD10,"Yan et al., 2020, Sci. Adv.",peakList_CLOUD10_NOx_checked_v2.db
C10H16N2O14,-,388.06070,organic,NO3-,gas,HTOF-CIMS,Chao Yan,CERN CLOUD chamber,chamber,,CLOUD10,"Yan et al., 2020, Sci. Adv.",peakList_CLOUD10_NOx_checked_v2.db
C9H13N2O15,-,389.03214,organic,NO3-,gas,HTOF-CIMS,Chao Yan,CERN CLOUD chamber,chamber,,CLOUD10,"Yan et al., 2020, Sci. Adv.",peakList_CLOUD10_NOx_checked_v2.db
C10H15NO15,-,389.04472,organic,NO3-,gas,HTOF-CIMS,Chao Yan,CERN CLOUD chamber,chamber,,CLOUD10,"Yan et al., 2020, Sci. Adv.",peakList_CLOUD10_NOx_checked_v2.db
C10H17N2O14,-,389.06853,organic,NO3-,gas,HTOF-CIMS,Chao Yan,CERN CLOUD chamber,chamber,,CLOUD10,"Yan et al., 2020, Sci. Adv.",peakList_CLOUD10_NOx_checked_v2.db
C9H12NO16,-,390.01616,organic,NO3-,gas,HTOF-CIMS,Chao Yan,CERN CLOUD chamber,chamber,,CLOUD10,"Yan et al., 2020, Sci. Adv.",peakList_CLOUD10_NOx_checked_v2.db
C10H16NO15,-,390.05254,organic,NO3-,gas,HTOF-CIMS,Chao Yan,CERN CLOUD chamber,chamber,,CLOUD10,"Yan et al., 2020, Sci. Adv.",peakList_CLOUD10_NOx_checked_v2.db
C15H20NO11,-,390.10418,organic,NO3-,gas,HTOF-CIMS,Chao Yan,CERN CLOUD chamber,chamber,,CLOUD10,"Yan et al., 2020, Sci. Adv.",peakList_CLOUD10_NOx_checked_v2.db
C8H11N2O16,-,391.01141,organic,NO3-,gas,HTOF-CIMS,Chao Yan,CERN CLOUD chamber,chamber,,CLOUD10,"Yan et al., 2020, Sci. Adv.",peakList_CLOUD10_NOx_checked_v2.db
C9H13NO16,-,391.02398,organic,NO3-,gas,HTOF-CIMS,Chao Yan,CERN CLOUD chamber,chamber,,CLOUD10,"Yan et al., 2020, Sci. Adv.",peakList_CLOUD10_NOx_checked_v2.db
C9H15N2O15,-,391.04779,organic,NO3-,gas,HTOF-CIMS,Chao Yan,CERN CLOUD chamber,chamber,,CLOUD10,"Yan et al., 2020, Sci. Adv.",peakList_CLOUD10_NOx_checked_v2.db
C10H17NO15,-,391.06037,organic,NO3-,gas,HTOF-CIMS,Chao Yan,CERN CLOUD chamber,chamber,,CLOUD10,"Yan et al., 2020, Sci. Adv.",peakList_CLOUD10_NOx_checked_v2.db
C14H21N3O10,-,391.12324,organic,NO3-,gas,HTOF-CIMS,Chao Yan,CERN CLOUD chamber,chamber,,CLOUD10,"Yan et al., 2020, Sci. Adv.",peakList_CLOUD10_NOx_checked_v2.db
C15H23N2O10,-,391.13582,organic,NO3-,gas,HTOF-CIMS,Chao Yan,CERN CLOUD chamber,chamber,,CLOUD10,"Yan et al., 2020, Sci. Adv.",peakList_CLOUD10_NOx_checked_v2.db
C8H10NO17,-,391.99542,organic,NO3-,gas,HTOF-CIMS,Chao Yan,CERN CLOUD chamber,chamber,,CLOUD10,"Yan et al., 2020, Sci. Adv.",peakList_CLOUD10_NOx_checked_v2.db
C9H14NO16,-,392.03181,organic,NO3-,gas,HTOF-CIMS,Chao Yan,CERN CLOUD chamber,chamber,,CLOUD10,"Yan et al., 2020, Sci. Adv.",peakList_CLOUD10_NOx_checked_v2.db
C10H18NO15,-,392.06819,organic,NO3-,gas,HTOF-CIMS,Chao Yan,CERN CLOUD chamber,chamber,,CLOUD10,"Yan et al., 2020, Sci. Adv.",peakList_CLOUD10_NOx_checked_v2.db
C14H18NO12,-,392.08345,organic,NO3-,gas,HTOF-CIMS,Chao Yan,CERN CLOUD chamber,chamber,,CLOUD10,"Yan et al., 2020, Sci. Adv.",peakList_CLOUD10_NOx_checked_v2.db
C15H22NO11,-,392.11983,organic,NO3-,gas,HTOF-CIMS,Chao Yan,CERN CLOUD chamber,chamber,,CLOUD10,"Yan et al., 2020, Sci. Adv.",peakList_CLOUD10_NOx_checked_v2.db
C16H26NO10,-,392.15622,organic,NO3-,gas,HTOF-CIMS,Chao Yan,CERN CLOUD chamber,chamber,,CLOUD10,"Yan et al., 2020, Sci. Adv.",peakList_CLOUD10_NOx_checked_v2.db
C8H13N2O16,-,393.02706,organic,NO3-,gas,HTOF-CIMS,Chao Yan,CERN CLOUD chamber,chamber,,CLOUD10,"Yan et al., 2020, Sci. Adv.",peakList_CLOUD10_NOx_checked_v2.db
C9H15NO16,-,393.03963,organic,NO3-,gas,HTOF-CIMS,Chao Yan,CERN CLOUD chamber,chamber,,CLOUD10,"Yan et al., 2020, Sci. Adv.",peakList_CLOUD10_NOx_checked_v2.db
C14H21N2O11,-,393.11508,organic,NO3-,gas,HTOF-CIMS,Chao Yan,CERN CLOUD chamber,chamber,,CLOUD10,"Yan et al., 2020, Sci. Adv.",peakList_CLOUD10_NOx_checked_v2.db
C13H16NO13,-,394.06271,organic,NO3-,gas,HTOF-CIMS,Chao Yan,CERN CLOUD chamber,chamber,,CLOUD10,"Yan et al., 2020, Sci. Adv.",peakList_CLOUD10_NOx_checked_v2.db
C14H20NO12,-,394.09910,organic,NO3-,gas,HTOF-CIMS,Chao Yan,CERN CLOUD chamber,chamber,,CLOUD10,"Yan et al., 2020, Sci. Adv.",peakList_CLOUD10_NOx_checked_v2.db
C15H24NO11,-,394.13548,organic,NO3-,gas,HTOF-CIMS,Chao Yan,CERN CLOUD chamber,chamber,,CLOUD10,"Yan et al., 2020, Sci. Adv.",peakList_CLOUD10_NOx_checked_v2.db
C13H18NO13,-,396.07836,organic,NO3-,gas,HTOF-CIMS,Chao Yan,CERN CLOUD chamber,chamber,,CLOUD10,"Yan et al., 2020, Sci. Adv.",peakList_CLOUD10_NOx_checked_v2.db
C14H22NO12,-,396.11475,organic,NO3-,gas,HTOF-CIMS,Chao Yan,CERN CLOUD chamber,chamber,,CLOUD10,"Yan et al., 2020, Sci. Adv.",peakList_CLOUD10_NOx_checked_v2.db
C12H16NO14,-,398.05763,organic,NO3-,gas,HTOF-CIMS,Chao Yan,CERN CLOUD chamber,chamber,,CLOUD10,"Yan et al., 2020, Sci. Adv.",peakList_CLOUD10_NOx_checked_v2.db
C13H20NO13,-,398.09401,organic,NO3-,gas,HTOF-CIMS,Chao Yan,CERN CLOUD chamber,chamber,,CLOUD10,"Yan et al., 2020, Sci. Adv.",peakList_CLOUD10_NOx_checked_v2.db
C19H28NO8,-,398.18204,organic,NO3-,gas,HTOF-CIMS,Chao Yan,CERN CLOUD chamber,chamber,,CLOUD10,"Yan et al., 2020, Sci. Adv.",peakList_CLOUD10_NOx_checked_v2.db
C12H18NO14,-,400.07328,organic,NO3-,gas,HTOF-CIMS,Chao Yan,CERN CLOUD chamber,chamber,,CLOUD10,"Yan et al., 2020, Sci. Adv.",peakList_CLOUD10_NOx_checked_v2.db
C18H26NO9,-,400.16130,organic,NO3-,gas,HTOF-CIMS,Chao Yan,CERN CLOUD chamber,chamber,,CLOUD10,"Yan et al., 2020, Sci. Adv.",peakList_CLOUD10_NOx_checked_v2.db
C19H30NO8,-,400.19769,organic,NO3-,gas,HTOF-CIMS,Chao Yan,CERN CLOUD chamber,chamber,,CLOUD10,"Yan et al., 2020, Sci. Adv.",peakList_CLOUD10_NOx_checked_v2.db
C20H34NO7,-,400.23408,organic,NO3-,gas,HTOF-CIMS,Chao Yan,CERN CLOUD chamber,chamber,,CLOUD10,"Yan et al., 2020, Sci. Adv.",peakList_CLOUD10_NOx_checked_v2.db
C11H16NO15,-,402.05254,organic,NO3-,gas,HTOF-CIMS,Chao Yan,CERN CLOUD chamber,chamber,,CLOUD10,"Yan et al., 2020, Sci. Adv.",peakList_CLOUD10_NOx_checked_v2.db
C10H16N3O14,-,402.06378,organic,NO3-,gas,HTOF-CIMS,Chao Yan,CERN CLOUD chamber,chamber,,CLOUD10,"Yan et al., 2020, Sci. Adv.",peakList_CLOUD10_NOx_checked_v2.db
C10H15N2O15,-,403.04779,organic,NO3-,gas,HTOF-CIMS,Chao Yan,CERN CLOUD chamber,chamber,,CLOUD10,"Yan et al., 2020, Sci. Adv.",peakList_CLOUD10_NOx_checked_v2.db
C10H14NO16,-,404.03181,organic,NO3-,gas,HTOF-CIMS,Chao Yan,CERN CLOUD chamber,chamber,,CLOUD10,"Yan et al., 2020, Sci. Adv.",peakList_CLOUD10_NOx_checked_v2.db
C10H16N2O15,-,404.05562,organic,NO3-,gas,HTOF-CIMS,Chao Yan,CERN CLOUD chamber,chamber,,CLOUD10,"Yan et al., 2020, Sci. Adv.",peakList_CLOUD10_NOx_checked_v2.db
C16H22NO11,-,404.11983,organic,NO3-,gas,HTOF-CIMS,Chao Yan,CERN CLOUD chamber,chamber,,CLOUD10,"Yan et al., 2020, Sci. Adv.",peakList_CLOUD10_NOx_checked_v2.db
C9H13N2O16,-,405.02706,organic,NO3-,gas,HTOF-CIMS,Chao Yan,CERN CLOUD chamber,chamber,,CLOUD10,"Yan et al., 2020, Sci. Adv.",peakList_CLOUD10_NOx_checked_v2.db
C10H15NO16,-,405.03963,organic,NO3-,gas,HTOF-CIMS,Chao Yan,CERN CLOUD chamber,chamber,,CLOUD10,"Yan et al., 2020, Sci. Adv.",peakList_CLOUD10_NOx_checked_v2.db
C10H17N2O15,-,405.06344,organic,NO3-,gas,HTOF-CIMS,Chao Yan,CERN CLOUD chamber,chamber,,CLOUD10,"Yan et al., 2020, Sci. Adv.",peakList_CLOUD10_NOx_checked_v2.db
C9H12NO17,-,406.01107,organic,NO3-,gas,HTOF-CIMS,Chao Yan,CERN CLOUD chamber,chamber,,CLOUD10,"Yan et al., 2020, Sci. Adv.",peakList_CLOUD10_NOx_checked_v2.db
C10H16NO16,-,406.04746,organic,NO3-,gas,HTOF-CIMS,Chao Yan,CERN CLOUD chamber,chamber,,CLOUD10,"Yan et al., 2020, Sci. Adv.",peakList_CLOUD10_NOx_checked_v2.db
C15H20NO12,-,406.09910,organic,NO3-,gas,HTOF-CIMS,Chao Yan,CERN CLOUD chamber,chamber,,CLOUD10,"Yan et al., 2020, Sci. Adv.",peakList_CLOUD10_NOx_checked_v2.db
C16H24NO11,-,406.13548,organic,NO3-,gas,HTOF-CIMS,Chao Yan,CERN CLOUD chamber,chamber,,CLOUD10,"Yan et al., 2020, Sci. Adv.",peakList_CLOUD10_NOx_checked_v2.db
C17H28NO10,-,406.17187,organic,NO3-,gas,HTOF-CIMS,Chao Yan,CERN CLOUD chamber,chamber,,CLOUD10,"Yan et al., 2020, Sci. Adv.",peakList_CLOUD10_NOx_checked_v2.db
C8H11N2O17,-,407.00632,organic,NO3-,gas,HTOF-CIMS,Chao Yan,CERN CLOUD chamber,chamber,,CLOUD10,"Yan et al., 2020, Sci. Adv.",peakList_CLOUD10_NOx_checked_v2.db
C9H15N2O16,-,407.04271,organic,NO3-,gas,HTOF-CIMS,Chao Yan,CERN CLOUD chamber,chamber,,CLOUD10,"Yan et al., 2020, Sci. Adv.",peakList_CLOUD10_NOx_checked_v2.db
C10H17NO16,-,407.05528,organic,NO3-,gas,HTOF-CIMS,Chao Yan,CERN CLOUD chamber,chamber,,CLOUD10,"Yan et al., 2020, Sci. Adv.",peakList_CLOUD10_NOx_checked_v2.db
C15H23N2O11,-,407.13073,organic,NO3-,gas,HTOF-CIMS,Chao Yan,CERN CLOUD chamber,chamber,,CLOUD10,"Yan et al., 2020, Sci. Adv.",peakList_CLOUD10_NOx_checked_v2.db
C8H10NO18,-,407.99034,organic,NO3-,gas,HTOF-CIMS,Chao Yan,CERN CLOUD chamber,chamber,,CLOUD10,"Yan et al., 2020, Sci. Adv.",peakList_CLOUD10_NOx_checked_v2.db
C10H18NO16,-,408.06311,organic,NO3-,gas,HTOF-CIMS,Chao Yan,CERN CLOUD chamber,chamber,,CLOUD10,"Yan et al., 2020, Sci. Adv.",peakList_CLOUD10_NOx_checked_v2.db
C14H18NO13,-,408.07836,organic,NO3-,gas,HTOF-CIMS,Chao Yan,CERN CLOUD chamber,chamber,,CLOUD10,"Yan et al., 2020, Sci. Adv.",peakList_CLOUD10_NOx_checked_v2.db
C15H22NO12,-,408.11475,organic,NO3-,gas,HTOF-CIMS,Chao Yan,CERN CLOUD chamber,chamber,,CLOUD10,"Yan et al., 2020, Sci. Adv.",peakList_CLOUD10_NOx_checked_v2.db
C16H26NO11,-,408.15113,organic,NO3-,gas,HTOF-CIMS,Chao Yan,CERN CLOUD chamber,chamber,,CLOUD10,"Yan et al., 2020, Sci. Adv.",peakList_CLOUD10_NOx_checked_v2.db
C14H21N2O12,-,409.11000,organic,NO3-,gas,HTOF-CIMS,Chao Yan,CERN CLOUD chamber,chamber,,CLOUD10,"Yan et al., 2020, Sci. Adv.",peakList_CLOUD10_NOx_checked_v2.db
C14H20NO13,-,410.09401,organic,NO3-,gas,HTOF-CIMS,Chao Yan,CERN CLOUD chamber,chamber,,CLOUD10,"Yan et al., 2020, Sci. Adv.",peakList_CLOUD10_NOx_checked_v2.db
C15H24NO12,-,410.13040,organic,NO3-,gas,HTOF-CIMS,Chao Yan,CERN CLOUD chamber,chamber,,CLOUD10,"Yan et al., 2020, Sci. Adv.",peakList_CLOUD10_NOx_checked_v2.db
C13H18NO14,-,412.07328,organic,NO3-,gas,HTOF-CIMS,Chao Yan,CERN CLOUD chamber,chamber,,CLOUD10,"Yan et al., 2020, Sci. Adv.",peakList_CLOUD10_NOx_checked_v2.db
C14H22NO13,-,412.10966,organic,NO3-,gas,HTOF-CIMS,Chao Yan,CERN CLOUD chamber,chamber,,CLOUD10,"Yan et al., 2020, Sci. Adv.",peakList_CLOUD10_NOx_checked_v2.db
C20H30NO8,-,412.19769,organic,NO3-,gas,HTOF-CIMS,Chao Yan,CERN CLOUD chamber,chamber,,CLOUD10,"Yan et al., 2020, Sci. Adv.",peakList_CLOUD10_NOx_checked_v2.db
C19H28NO9,-,414.17696,organic,NO3-,gas,HTOF-CIMS,Chao Yan,CERN CLOUD chamber,chamber,,CLOUD10,"Yan et al., 2020, Sci. Adv.",peakList_CLOUD10_NOx_checked_v2.db
C20H32NO8,-,414.21334,organic,NO3-,gas,HTOF-CIMS,Chao Yan,CERN CLOUD chamber,chamber,,CLOUD10,"Yan et al., 2020, Sci. Adv.",peakList_CLOUD10_NOx_checked_v2.db
C18H26NO10,-,416.15622,organic,NO3-,gas,HTOF-CIMS,Chao Yan,CERN CLOUD chamber,chamber,,CLOUD10,"Yan et al., 2020, Sci. Adv.",peakList_CLOUD10_NOx_checked_v2.db
C19H30NO9,-,416.19261,organic,NO3-,gas,HTOF-CIMS,Chao Yan,CERN CLOUD chamber,chamber,,CLOUD10,"Yan et al., 2020, Sci. Adv.",peakList_CLOUD10_NOx_checked_v2.db
C20H34NO8,-,416.22899,organic,NO3-,gas,HTOF-CIMS,Chao Yan,CERN CLOUD chamber,chamber,,CLOUD10,"Yan et al., 2020, Sci. Adv.",peakList_CLOUD10_NOx_checked_v2.db
C17H25N2O10,-,417.15147,organic,NO3-,gas,HTOF-CIMS,Chao Yan,CERN CLOUD chamber,chamber,,CLOUD10,"Yan et al., 2020, Sci. Adv.",peakList_CLOUD10_NOx_checked_v2.db
C18H29N2O9,-,417.18785,organic,NO3-,gas,HTOF-CIMS,Chao Yan,CERN CLOUD chamber,chamber,,CLOUD10,"Yan et al., 2020, Sci. Adv.",peakList_CLOUD10_NOx_checked_v2.db
C10H16N3O15,-,418.05869,organic,NO3-,gas,HTOF-CIMS,Chao Yan,CERN CLOUD chamber,chamber,,CLOUD10,"Yan et al., 2020, Sci. Adv.",peakList_CLOUD10_NOx_checked_v2.db
C10H15N2O16,-,419.04271,organic,NO3-,gas,HTOF-CIMS,Chao Yan,CERN CLOUD chamber,chamber,,CLOUD10,"Yan et al., 2020, Sci. Adv.",peakList_CLOUD10_NOx_checked_v2.db
C10H14NO17,-,420.02672,organic,NO3-,gas,HTOF-CIMS,Chao Yan,CERN CLOUD chamber,chamber,,CLOUD10,"Yan et al., 2020, Sci. Adv.",peakList_CLOUD10_NOx_checked_v2.db
C16H22NO12,-,420.11475,organic,NO3-,gas,HTOF-CIMS,Chao Yan,CERN CLOUD chamber,chamber,,CLOUD10,"Yan et al., 2020, Sci. Adv.",peakList_CLOUD10_NOx_checked_v2.db
C17H26NO11,-,420.15113,organic,NO3-,gas,HTOF-CIMS,Chao Yan,CERN CLOUD chamber,chamber,,CLOUD10,"Yan et al., 2020, Sci. Adv.",peakList_CLOUD10_NOx_checked_v2.db
C18H30NO10,-,420.18752,organic,NO3-,gas,HTOF-CIMS,Chao Yan,CERN CLOUD chamber,chamber,,CLOUD10,"Yan et al., 2020, Sci. Adv.",peakList_CLOUD10_NOx_checked_v2.db
C9H13N2O17,-,421.02197,organic,NO3-,gas,HTOF-CIMS,Chao Yan,CERN CLOUD chamber,chamber,,CLOUD10,"Yan et al., 2020, Sci. Adv.",peakList_CLOUD10_NOx_checked_v2.db
C10H17N2O16,-,421.05836,organic,NO3-,gas,HTOF-CIMS,Chao Yan,CERN CLOUD chamber,chamber,,CLOUD10,"Yan et al., 2020, Sci. Adv.",peakList_CLOUD10_NOx_checked_v2.db
C16H25N2O11,-,421.14638,organic,NO3-,gas,HTOF-CIMS,Chao Yan,CERN CLOUD chamber,chamber,,CLOUD10,"Yan et al., 2020, Sci. Adv.",peakList_CLOUD10_NOx_checked_v2.db
C15H20NO13,-,422.09401,organic,NO3-,gas,HTOF-CIMS,Chao Yan,CERN CLOUD chamber,chamber,,CLOUD10,"Yan et al., 2020, Sci. Adv.",peakList_CLOUD10_NOx_checked_v2.db
C16H24NO12,-,422.13040,organic,NO3-,gas,HTOF-CIMS,Chao Yan,CERN CLOUD chamber,chamber,,CLOUD10,"Yan et al., 2020, Sci. Adv.",peakList_CLOUD10_NOx_checked_v2.db
C17H28NO11,-,422.16678,organic,NO3-,gas,HTOF-CIMS,Chao Yan,CERN CLOUD chamber,chamber,,CLOUD10,"Yan et al., 2020, Sci. Adv.",peakList_CLOUD10_NOx_checked_v2.db
C15H23N2O12,-,423.12565,organic,NO3-,gas,HTOF-CIMS,Chao Yan,CERN CLOUD chamber,chamber,,CLOUD10,"Yan et al., 2020, Sci. Adv.",peakList_CLOUD10_NOx_checked_v2.db
C14H18NO14,-,424.07328,organic,NO3-,gas,HTOF-CIMS,Chao Yan,CERN CLOUD chamber,chamber,,CLOUD10,"Yan et al., 2020, Sci. Adv.",peakList_CLOUD10_NOx_checked_v2.db
C15H22NO13,-,424.10966,organic,NO3-,gas,HTOF-CIMS,Chao Yan,CERN CLOUD chamber,chamber,,CLOUD10,"Yan et al., 2020, Sci. Adv.",peakList_CLOUD10_NOx_checked_v2.db
C16H26NO12,-,424.14605,organic,NO3-,gas,HTOF-CIMS,Chao Yan,CERN CLOUD chamber,chamber,,CLOUD10,"Yan et al., 2020, Sci. Adv.",peakList_CLOUD10_NOx_checked_v2.db
C14H21N2O13,-,425.10491,organic,NO3-,gas,HTOF-CIMS,Chao Yan,CERN CLOUD chamber,chamber,,CLOUD10,"Yan et al., 2020, Sci. Adv.",peakList_CLOUD10_NOx_checked_v2.db
C13H16NO15,-,426.05254,organic,NO3-,gas,HTOF-CIMS,Chao Yan,CERN CLOUD chamber,chamber,,CLOUD10,"Yan et al., 2020, Sci. Adv.",peakList_CLOUD10_NOx_checked_v2.db
C14H20NO14,-,426.08893,organic,NO3-,gas,HTOF-CIMS,Chao Yan,CERN CLOUD chamber,chamber,,CLOUD10,"Yan et al., 2020, Sci. Adv.",peakList_CLOUD10_NOx_checked_v2.db
C15H24NO13,-,426.12531,organic,NO3-,gas,HTOF-CIMS,Chao Yan,CERN CLOUD chamber,chamber,,CLOUD10,"Yan et al., 2020, Sci. Adv.",peakList_CLOUD10_NOx_checked_v2.db
C13H18NO15,-,428.06819,organic,NO3-,gas,HTOF-CIMS,Chao Yan,CERN CLOUD chamber,chamber,,CLOUD10,"Yan et al., 2020, Sci. Adv.",peakList_CLOUD10_NOx_checked_v2.db
C14H22NO14,-,428.10458,organic,NO3-,gas,HTOF-CIMS,Chao Yan,CERN CLOUD chamber,chamber,,CLOUD10,"Yan et al., 2020, Sci. Adv.",peakList_CLOUD10_NOx_checked_v2.db
C20H30NO9,-,428.19261,organic,NO3-,gas,HTOF-CIMS,Chao Yan,CERN CLOUD chamber,chamber,,CLOUD10,"Yan et al., 2020, Sci. Adv.",peakList_CLOUD10_NOx_checked_v2.db
C19H29N2O9,-,429.18785,organic,NO3-,gas,HTOF-CIMS,Chao Yan,CERN CLOUD chamber,chamber,,CLOUD10,"Yan et al., 2020, Sci. Adv.",peakList_CLOUD10_NOx_checked_v2.db
C13H20NO15,-,430.08384,organic,NO3-,gas,HTOF-CIMS,Chao Yan,CERN CLOUD chamber,chamber,,CLOUD10,"Yan et al., 2020, Sci. Adv.",peakList_CLOUD10_NOx_checked_v2.db
C19H28NO10,-,430.17187,organic,NO3-,gas,HTOF-CIMS,Chao Yan,CERN CLOUD chamber,chamber,,CLOUD10,"Yan et al., 2020, Sci. Adv.",peakList_CLOUD10_NOx_checked_v2.db
C20H32NO9,-,430.20826,organic,NO3-,gas,HTOF-CIMS,Chao Yan,CERN CLOUD chamber,chamber,,CLOUD10,"Yan et al., 2020, Sci. Adv.",peakList_CLOUD10_NOx_checked_v2.db
C18H27N2O10,-,431.16712,organic,NO3-,gas,HTOF-CIMS,Chao Yan,CERN CLOUD chamber,chamber,,CLOUD10,"Yan et al., 2020, Sci. Adv.",peakList_CLOUD10_NOx_checked_v2.db
C19H31N2O9,-,431.20350,organic,NO3-,gas,HTOF-CIMS,Chao Yan,CERN CLOUD chamber,chamber,,CLOUD10,"Yan et al., 2020, Sci. Adv.",peakList_CLOUD10_NOx_checked_v2.db
C11H14NO17,-,432.02672,organic,NO3-,gas,HTOF-CIMS,Chao Yan,CERN CLOUD chamber,chamber,,CLOUD10,"Yan et al., 2020, Sci. Adv.",peakList_CLOUD10_NOx_checked_v2.db
C12H18NO16,-,432.06311,organic,NO3-,gas,HTOF-CIMS,Chao Yan,CERN CLOUD chamber,chamber,,CLOUD10,"Yan et al., 2020, Sci. Adv.",peakList_CLOUD10_NOx_checked_v2.db
C18H26NO11,-,432.15113,organic,NO3-,gas,HTOF-CIMS,Chao Yan,CERN CLOUD chamber,chamber,,CLOUD10,"Yan et al., 2020, Sci. Adv.",peakList_CLOUD10_NOx_checked_v2.db
C19H30NO10,-,432.18752,organic,NO3-,gas,HTOF-CIMS,Chao Yan,CERN CLOUD chamber,chamber,,CLOUD10,"Yan et al., 2020, Sci. Adv.",peakList_CLOUD10_NOx_checked_v2.db
C20H34NO9,-,432.22391,organic,NO3-,gas,HTOF-CIMS,Chao Yan,CERN CLOUD chamber,chamber,,CLOUD10,"Yan et al., 2020, Sci. Adv.",peakList_CLOUD10_NOx_checked_v2.db
C10H15N3O16,-,433.04578,organic,NO3-,gas,HTOF-CIMS,Chao Yan,CERN CLOUD chamber,chamber,,CLOUD10,"Yan et al., 2020, Sci. Adv.",peakList_CLOUD10_NOx_checked_v2.db
C10H16N3O16,-,434.05361,organic,NO3-,gas,HTOF-CIMS,Chao Yan,CERN CLOUD chamber,chamber,,CLOUD10,"Yan et al., 2020, Sci. Adv.",peakList_CLOUD10_NOx_checked_v2.db
C17H24NO12,-,434.13040,organic,NO3-,gas,HTOF-CIMS,Chao Yan,CERN CLOUD chamber,chamber,,CLOUD10,"Yan et al., 2020, Sci. Adv.",peakList_CLOUD10_NOx_checked_v2.db
C18H28NO11,-,434.16678,organic,NO3-,gas,HTOF-CIMS,Chao Yan,CERN CLOUD chamber,chamber,,CLOUD10,"Yan et al., 2020, Sci. Adv.",peakList_CLOUD10_NOx_checked_v2.db
C19H32NO10,-,434.20317,organic,NO3-,gas,HTOF-CIMS,Chao Yan,CERN CLOUD chamber,chamber,,CLOUD10,"Yan et al., 2020, Sci. Adv.",peakList_CLOUD10_NOx_checked_v2.db
C10H15N2O17,-,435.03762,organic,NO3-,gas,HTOF-CIMS,Chao Yan,CERN CLOUD chamber,chamber,,CLOUD10,"Yan et al., 2020, Sci. Adv.",peakList_CLOUD10_NOx_checked_v2.db
C16H23N2O12,-,435.12565,organic,NO3-,gas,HTOF-CIMS,Chao Yan,CERN CLOUD chamber,chamber,,CLOUD10,"Yan et al., 2020, Sci. Adv.",peakList_CLOUD10_NOx_checked_v2.db
C17H27N2O11,-,435.16203,organic,NO3-,gas,HTOF-CIMS,Chao Yan,CERN CLOUD chamber,chamber,,CLOUD10,"Yan et al., 2020, Sci. Adv.",peakList_CLOUD10_NOx_checked_v2.db
C16H22NO13,-,436.10966,organic,NO3-,gas,HTOF-CIMS,Chao Yan,CERN CLOUD chamber,chamber,,CLOUD10,"Yan et al., 2020, Sci. Adv.",peakList_CLOUD10_NOx_checked_v2.db
C17H26NO12,-,436.14605,organic,NO3-,gas,HTOF-CIMS,Chao Yan,CERN CLOUD chamber,chamber,,CLOUD10,"Yan et al., 2020, Sci. Adv.",peakList_CLOUD10_NOx_checked_v2.db
C18H30NO11,-,436.18243,organic,NO3-,gas,HTOF-CIMS,Chao Yan,CERN CLOUD chamber,chamber,,CLOUD10,"Yan et al., 2020, Sci. Adv.",peakList_CLOUD10_NOx_checked_v2.db
C16H25N2O12,-,437.14130,organic,NO3-,gas,HTOF-CIMS,Chao Yan,CERN CLOUD chamber,chamber,,CLOUD10,"Yan et al., 2020, Sci. Adv.",peakList_CLOUD10_NOx_checked_v2.db
C15H20NO14,-,438.08893,organic,NO3-,gas,HTOF-CIMS,Chao Yan,CERN CLOUD chamber,chamber,,CLOUD10,"Yan et al., 2020, Sci. Adv.",peakList_CLOUD10_NOx_checked_v2.db
C16H24NO13,-,438.12531,organic,NO3-,gas,HTOF-CIMS,Chao Yan,CERN CLOUD chamber,chamber,,CLOUD10,"Yan et al., 2020, Sci. Adv.",peakList_CLOUD10_NOx_checked_v2.db
C17H28NO12,-,438.16170,organic,NO3-,gas,HTOF-CIMS,Chao Yan,CERN CLOUD chamber,chamber,,CLOUD10,"Yan et al., 2020, Sci. Adv.",peakList_CLOUD10_NOx_checked_v2.db
C15H23N2O13,-,439.12056,organic,NO3-,gas,HTOF-CIMS,Chao Yan,CERN CLOUD chamber,chamber,,CLOUD10,"Yan et al., 2020, Sci. Adv.",peakList_CLOUD10_NOx_checked_v2.db
C14H18NO15,-,440.06819,organic,NO3-,gas,HTOF-CIMS,Chao Yan,CERN CLOUD chamber,chamber,,CLOUD10,"Yan et al., 2020, Sci. Adv.",peakList_CLOUD10_NOx_checked_v2.db
C15H22NO14,-,440.10458,organic,NO3-,gas,HTOF-CIMS,Chao Yan,CERN CLOUD chamber,chamber,,CLOUD10,"Yan et al., 2020, Sci. Adv.",peakList_CLOUD10_NOx_checked_v2.db
C16H26NO13,-,440.14096,organic,NO3-,gas,HTOF-CIMS,Chao Yan,CERN CLOUD chamber,chamber,,CLOUD10,"Yan et al., 2020, Sci. Adv.",peakList_CLOUD10_NOx_checked_v2.db
C14H21N2O14,-,441.09983,organic,NO3-,gas,HTOF-CIMS,Chao Yan,CERN CLOUD chamber,chamber,,CLOUD10,"Yan et al., 2020, Sci. Adv.",peakList_CLOUD10_NOx_checked_v2.db
C13H16NO16,-,442.04746,organic,NO3-,gas,HTOF-CIMS,Chao Yan,CERN CLOUD chamber,chamber,,CLOUD10,"Yan et al., 2020, Sci. Adv.",peakList_CLOUD10_NOx_checked_v2.db
C14H20NO15,-,442.08384,organic,NO3-,gas,HTOF-CIMS,Chao Yan,CERN CLOUD chamber,chamber,,CLOUD10,"Yan et al., 2020, Sci. Adv.",peakList_CLOUD10_NOx_checked_v2.db
C15H24NO14,-,442.12023,organic,NO3-,gas,HTOF-CIMS,Chao Yan,CERN CLOUD chamber,chamber,,CLOUD10,"Yan et al., 2020, Sci. Adv.",peakList_CLOUD10_NOx_checked_v2.db
C20H31N2O9,-,443.20350,organic,NO3-,gas,HTOF-CIMS,Chao Yan,CERN CLOUD chamber,chamber,,CLOUD10,"Yan et al., 2020, Sci. Adv.",peakList_CLOUD10_NOx_checked_v2.db
C13H18NO16,-,444.06311,organic,NO3-,gas,HTOF-CIMS,Chao Yan,CERN CLOUD chamber,chamber,,CLOUD10,"Yan et al., 2020, Sci. Adv.",peakList_CLOUD10_NOx_checked_v2.db
C14H22NO15,-,444.09949,organic,NO3-,gas,HTOF-CIMS,Chao Yan,CERN CLOUD chamber,chamber,,CLOUD10,"Yan et al., 2020, Sci. Adv.",peakList_CLOUD10_NOx_checked_v2.db
C20H30NO10,-,444.18752,organic,NO3-,gas,HTOF-CIMS,Chao Yan,CERN CLOUD chamber,chamber,,CLOUD10,"Yan et al., 2020, Sci. Adv.",peakList_CLOUD10_NOx_checked_v2.db
C19H29N2O10,-,445.18277,organic,NO3-,gas,HTOF-CIMS,Chao Yan,CERN CLOUD chamber,chamber,,CLOUD10,"Yan et al., 2020, Sci. Adv.",peakList_CLOUD10_NOx_checked_v2.db
C20H33N2O9,-,445.21915,organic,NO3-,gas,HTOF-CIMS,Chao Yan,CERN CLOUD chamber,chamber,,CLOUD10,"Yan et al., 2020, Sci. Adv.",peakList_CLOUD10_NOx_checked_v2.db
C19H28NO11,-,446.16678,organic,NO3-,gas,HTOF-CIMS,Chao Yan,CERN CLOUD chamber,chamber,,CLOUD10,"Yan et al., 2020, Sci. Adv.",peakList_CLOUD10_NOx_checked_v2.db
C20H32NO10,-,446.20317,organic,NO3-,gas,HTOF-CIMS,Chao Yan,CERN CLOUD chamber,chamber,,CLOUD10,"Yan et al., 2020, Sci. Adv.",peakList_CLOUD10_NOx_checked_v2.db
C18H27N2O11,-,447.16203,organic,NO3-,gas,HTOF-CIMS,Chao Yan,CERN CLOUD chamber,chamber,,CLOUD10,"Yan et al., 2020, Sci. Adv.",peakList_CLOUD10_NOx_checked_v2.db
C19H31N2O10,-,447.19842,organic,NO3-,gas,HTOF-CIMS,Chao Yan,CERN CLOUD chamber,chamber,,CLOUD10,"Yan et al., 2020, Sci. Adv.",peakList_CLOUD10_NOx_checked_v2.db
C18H26NO12,-,448.14605,organic,NO3-,gas,HTOF-CIMS,Chao Yan,CERN CLOUD chamber,chamber,,CLOUD10,"Yan et al., 2020, Sci. Adv.",peakList_CLOUD10_NOx_checked_v2.db
C19H30NO11,-,448.18243,organic,NO3-,gas,HTOF-CIMS,Chao Yan,CERN CLOUD chamber,chamber,,CLOUD10,"Yan et al., 2020, Sci. Adv.",peakList_CLOUD10_NOx_checked_v2.db
C20H34NO10,-,448.21882,organic,NO3-,gas,HTOF-CIMS,Chao Yan,CERN CLOUD chamber,chamber,,CLOUD10,"Yan et al., 2020, Sci. Adv.",peakList_CLOUD10_NOx_checked_v2.db
C10H15N3O17,-,449.04069,organic,NO3-,gas,HTOF-CIMS,Chao Yan,CERN CLOUD chamber,chamber,,CLOUD10,"Yan et al., 2020, Sci. Adv.",peakList_CLOUD10_NOx_checked_v2.db
C17H25N2O12,-,449.14130,organic,NO3-,gas,HTOF-CIMS,Chao Yan,CERN CLOUD chamber,chamber,,CLOUD10,"Yan et al., 2020, Sci. Adv.",peakList_CLOUD10_NOx_checked_v2.db
C18H29N2O11,-,449.17768,organic,NO3-,gas,HTOF-CIMS,Chao Yan,CERN CLOUD chamber,chamber,,CLOUD10,"Yan et al., 2020, Sci. Adv.",peakList_CLOUD10_NOx_checked_v2.db
C11H16NO18,-,450.03729,organic,NO3-,gas,HTOF-CIMS,Chao Yan,CERN CLOUD chamber,chamber,,CLOUD10,"Yan et al., 2020, Sci. Adv.",peakList_CLOUD10_NOx_checked_v2.db
C17H24NO13,-,450.12531,organic,NO3-,gas,HTOF-CIMS,Chao Yan,CERN CLOUD chamber,chamber,,CLOUD10,"Yan et al., 2020, Sci. Adv.",peakList_CLOUD10_NOx_checked_v2.db
C18H28NO12,-,450.16170,organic,NO3-,gas,HTOF-CIMS,Chao Yan,CERN CLOUD chamber,chamber,,CLOUD10,"Yan et al., 2020, Sci. Adv.",peakList_CLOUD10_NOx_checked_v2.db
C19H32NO11,-,450.19808,organic,NO3-,gas,HTOF-CIMS,Chao Yan,CERN CLOUD chamber,chamber,,CLOUD10,"Yan et al., 2020, Sci. Adv.",peakList_CLOUD10_NOx_checked_v2.db
C16H23N2O13,-,451.12056,organic,NO3-,gas,HTOF-CIMS,Chao Yan,CERN CLOUD chamber,chamber,,CLOUD10,"Yan et al., 2020, Sci. Adv.",peakList_CLOUD10_NOx_checked_v2.db
C17H27N2O12,-,451.15695,organic,NO3-,gas,HTOF-CIMS,Chao Yan,CERN CLOUD chamber,chamber,,CLOUD10,"Yan et al., 2020, Sci. Adv.",peakList_CLOUD10_NOx_checked_v2.db
C16H22NO14,-,452.10458,organic,NO3-,gas,HTOF-CIMS,Chao Yan,CERN CLOUD chamber,chamber,,CLOUD10,"Yan et al., 2020, Sci. Adv.",peakList_CLOUD10_NOx_checked_v2.db
C17H26NO13,-,452.14096,organic,NO3-,gas,HTOF-CIMS,Chao Yan,CERN CLOUD chamber,chamber,,CLOUD10,"Yan et al., 2020, Sci. Adv.",peakList_CLOUD10_NOx_checked_v2.db
C18H30NO12,-,452.17735,organic,NO3-,gas,HTOF-CIMS,Chao Yan,CERN CLOUD chamber,chamber,,CLOUD10,"Yan et al., 2020, Sci. Adv.",peakList_CLOUD10_NOx_checked_v2.db
C16H25N2O13,-,453.13621,organic,NO3-,gas,HTOF-CIMS,Chao Yan,CERN CLOUD chamber,chamber,,CLOUD10,"Yan et al., 2020, Sci. Adv.",peakList_CLOUD10_NOx_checked_v2.db
C15H20NO15,-,454.08384,organic,NO3-,gas,HTOF-CIMS,Chao Yan,CERN CLOUD chamber,chamber,,CLOUD10,"Yan et al., 2020, Sci. Adv.",peakList_CLOUD10_NOx_checked_v2.db
C16H24NO14,-,454.12023,organic,NO3-,gas,HTOF-CIMS,Chao Yan,CERN CLOUD chamber,chamber,,CLOUD10,"Yan et al., 2020, Sci. Adv.",peakList_CLOUD10_NOx_checked_v2.db
C17H28NO13,-,454.15661,organic,NO3-,gas,HTOF-CIMS,Chao Yan,CERN CLOUD chamber,chamber,,CLOUD10,"Yan et al., 2020, Sci. Adv.",peakList_CLOUD10_NOx_checked_v2.db
C15H23N2O14,-,455.11548,organic,NO3-,gas,HTOF-CIMS,Chao Yan,CERN CLOUD chamber,chamber,,CLOUD10,"Yan et al., 2020, Sci. Adv.",peakList_CLOUD10_NOx_checked_v2.db
C15H22NO15,-,456.09949,organic,NO3-,gas,HTOF-CIMS,Chao Yan,CERN CLOUD chamber,chamber,,CLOUD10,"Yan et al., 2020, Sci. Adv.",peakList_CLOUD10_NOx_checked_v2.db
C16H26NO14,-,456.13588,organic,NO3-,gas,HTOF-CIMS,Chao Yan,CERN CLOUD chamber,chamber,,CLOUD10,"Yan et al., 2020, Sci. Adv.",peakList_CLOUD10_NOx_checked_v2.db
C14H21N2O15,-,457.09474,organic,NO3-,gas,HTOF-CIMS,Chao Yan,CERN CLOUD chamber,chamber,,CLOUD10,"Yan et al., 2020, Sci. Adv.",peakList_CLOUD10_NOx_checked_v2.db
C14H20NO16,-,458.07876,organic,NO3-,gas,HTOF-CIMS,Chao Yan,CERN CLOUD chamber,chamber,,CLOUD10,"Yan et al., 2020, Sci. Adv.",peakList_CLOUD10_NOx_checked_v2.db
C20H31N2O10,-,459.19842,organic,NO3-,gas,HTOF-CIMS,Chao Yan,CERN CLOUD chamber,chamber,,CLOUD10,"Yan et al., 2020, Sci. Adv.",peakList_CLOUD10_NOx_checked_v2.db
C13H18NO17,-,460.05802,organic,NO3-,gas,HTOF-CIMS,Chao Yan,CERN CLOUD chamber,chamber,,CLOUD10,"Yan et al., 2020, Sci. Adv.",peakList_CLOUD10_NOx_checked_v2.db
C14H22NO16,-,460.09441,organic,NO3-,gas,HTOF-CIMS,Chao Yan,CERN CLOUD chamber,chamber,,CLOUD10,"Yan et al., 2020, Sci. Adv.",peakList_CLOUD10_NOx_checked_v2.db
C20H30NO11,-,460.18243,organic,NO3-,gas,HTOF-CIMS,Chao Yan,CERN CLOUD chamber,chamber,,CLOUD10,"Yan et al., 2020, Sci. Adv.",peakList_CLOUD10_NOx_checked_v2.db
C19H29N2O11,-,461.17768,organic,NO3-,gas,HTOF-CIMS,Chao Yan,CERN CLOUD chamber,chamber,,CLOUD10,"Yan et al., 2020, Sci. Adv.",peakList_CLOUD10_NOx_checked_v2.db
C20H33N2O10,-,461.21407,organic,NO3-,gas,HTOF-CIMS,Chao Yan,CERN CLOUD chamber,chamber,,CLOUD10,"Yan et al., 2020, Sci. Adv.",peakList_CLOUD10_NOx_checked_v2.db
C19H28NO12,-,462.16170,organic,NO3-,gas,HTOF-CIMS,Chao Yan,CERN CLOUD chamber,chamber,,CLOUD10,"Yan et al., 2020, Sci. Adv.",peakList_CLOUD10_NOx_checked_v2.db
C20H32NO11,-,462.19808,organic,NO3-,gas,HTOF-CIMS,Chao Yan,CERN CLOUD chamber,chamber,,CLOUD10,"Yan et al., 2020, Sci. Adv.",peakList_CLOUD10_NOx_checked_v2.db
C17H25N3O12,-,463.14437,organic,NO3-,gas,HTOF-CIMS,Chao Yan,CERN CLOUD chamber,chamber,,CLOUD10,"Yan et al., 2020, Sci. Adv.",peakList_CLOUD10_NOx_checked_v2.db
C18H27N2O12,-,463.15695,organic,NO3-,gas,HTOF-CIMS,Chao Yan,CERN CLOUD chamber,chamber,,CLOUD10,"Yan et al., 2020, Sci. Adv.",peakList_CLOUD10_NOx_checked_v2.db
C19H31N2O11,-,463.19333,organic,NO3-,gas,HTOF-CIMS,Chao Yan,CERN CLOUD chamber,chamber,,CLOUD10,"Yan et al., 2020, Sci. Adv.",peakList_CLOUD10_NOx_checked_v2.db
C18H26NO13,-,464.14096,organic,NO3-,gas,HTOF-CIMS,Chao Yan,CERN CLOUD chamber,chamber,,CLOUD10,"Yan et al., 2020, Sci. Adv.",peakList_CLOUD10_NOx_checked_v2.db
C19H30NO12,-,464.17735,organic,NO3-,gas,HTOF-CIMS,Chao Yan,CERN CLOUD chamber,chamber,,CLOUD10,"Yan et al., 2020, Sci. Adv.",peakList_CLOUD10_NOx_checked_v2.db
C20H34NO11,-,464.21373,organic,NO3-,gas,HTOF-CIMS,Chao Yan,CERN CLOUD chamber,chamber,,CLOUD10,"Yan et al., 2020, Sci. Adv.",peakList_CLOUD10_NOx_checked_v2.db
C17H25N2O13,-,465.13621,organic,NO3-,gas,HTOF-CIMS,Chao Yan,CERN CLOUD chamber,chamber,,CLOUD10,"Yan et al., 2020, Sci. Adv.",peakList_CLOUD10_NOx_checked_v2.db
C18H29N2O12,-,465.17260,organic,NO3-,gas,HTOF-CIMS,Chao Yan,CERN CLOUD chamber,chamber,,CLOUD10,"Yan et al., 2020, Sci. Adv.",peakList_CLOUD10_NOx_checked_v2.db
C10H12NO20,-,465.99582,organic,NO3-,gas,HTOF-CIMS,Chao Yan,CERN CLOUD chamber,chamber,,CLOUD10,"Yan et al., 2020, Sci. Adv.",peakList_CLOUD10_NOx_checked_v2.db
C17H24NO14,-,466.12023,organic,NO3-,gas,HTOF-CIMS,Chao Yan,CERN CLOUD chamber,chamber,,CLOUD10,"Yan et al., 2020, Sci. Adv.",peakList_CLOUD10_NOx_checked_v2.db
C18H28NO13,-,466.15661,organic,NO3-,gas,HTOF-CIMS,Chao Yan,CERN CLOUD chamber,chamber,,CLOUD10,"Yan et al., 2020, Sci. Adv.",peakList_CLOUD10_NOx_checked_v2.db
C19H32NO12,-,466.19300,organic,NO3-,gas,HTOF-CIMS,Chao Yan,CERN CLOUD chamber,chamber,,CLOUD10,"Yan et al., 2020, Sci. Adv.",peakList_CLOUD10_NOx_checked_v2.db
C16H23N2O14,-,467.11548,organic,NO3-,gas,HTOF-CIMS,Chao Yan,CERN CLOUD chamber,chamber,,CLOUD10,"Yan et al., 2020, Sci. Adv.",peakList_CLOUD10_NOx_checked_v2.db
C17H27N2O13,-,467.15186,organic,NO3-,gas,HTOF-CIMS,Chao Yan,CERN CLOUD chamber,chamber,,CLOUD10,"Yan et al., 2020, Sci. Adv.",peakList_CLOUD10_NOx_checked_v2.db
C16H22NO15,-,468.09949,organic,NO3-,gas,HTOF-CIMS,Chao Yan,CERN CLOUD chamber,chamber,,CLOUD10,"Yan et al., 2020, Sci. Adv.",peakList_CLOUD10_NOx_checked_v2.db
C17H26NO14,-,468.13588,organic,NO3-,gas,HTOF-CIMS,Chao Yan,CERN CLOUD chamber,chamber,,CLOUD10,"Yan et al., 2020, Sci. Adv.",peakList_CLOUD10_NOx_checked_v2.db
C18H30NO13,-,468.17226,organic,NO3-,gas,HTOF-CIMS,Chao Yan,CERN CLOUD chamber,chamber,,CLOUD10,"Yan et al., 2020, Sci. Adv.",peakList_CLOUD10_NOx_checked_v2.db
C16H25N2O14,-,469.13113,organic,NO3-,gas,HTOF-CIMS,Chao Yan,CERN CLOUD chamber,chamber,,CLOUD10,"Yan et al., 2020, Sci. Adv.",peakList_CLOUD10_NOx_checked_v2.db
C15H20NO16,-,470.07876,organic,NO3-,gas,HTOF-CIMS,Chao Yan,CERN CLOUD chamber,chamber,,CLOUD10,"Yan et al., 2020, Sci. Adv.",peakList_CLOUD10_NOx_checked_v2.db
C16H24NO15,-,470.11514,organic,NO3-,gas,HTOF-CIMS,Chao Yan,CERN CLOUD chamber,chamber,,CLOUD10,"Yan et al., 2020, Sci. Adv.",peakList_CLOUD10_NOx_checked_v2.db
C17H28NO14,-,470.15153,organic,NO3-,gas,HTOF-CIMS,Chao Yan,CERN CLOUD chamber,chamber,,CLOUD10,"Yan et al., 2020, Sci. Adv.",peakList_CLOUD10_NOx_checked_v2.db
C15H23N2O15,-,471.11039,organic,NO3-,gas,HTOF-CIMS,Chao Yan,CERN CLOUD chamber,chamber,,CLOUD10,"Yan et al., 2020, Sci. Adv.",peakList_CLOUD10_NOx_checked_v2.db
C14H18NO17,-,472.05802,organic,NO3-,gas,HTOF-CIMS,Chao Yan,CERN CLOUD chamber,chamber,,CLOUD10,"Yan et al., 2020, Sci. Adv.",peakList_CLOUD10_NOx_checked_v2.db
C15H22NO16,-,472.09441,organic,NO3-,gas,HTOF-CIMS,Chao Yan,CERN CLOUD chamber,chamber,,CLOUD10,"Yan et al., 2020, Sci. Adv.",peakList_CLOUD10_NOx_checked_v2.db
C16H26NO15,-,472.13079,organic,NO3-,gas,HTOF-CIMS,Chao Yan,CERN CLOUD chamber,chamber,,CLOUD10,"Yan et al., 2020, Sci. Adv.",peakList_CLOUD10_NOx_checked_v2.db
C14H21N2O16,-,473.08966,organic,NO3-,gas,HTOF-CIMS,Chao Yan,CERN CLOUD chamber,chamber,,CLOUD10,"Yan et al., 2020, Sci. Adv.",peakList_CLOUD10_NOx_checked_v2.db
C13H16NO18,-,474.03729,organic,NO3-,gas,HTOF-CIMS,Chao Yan,CERN CLOUD chamber,chamber,,CLOUD10,"Yan et al., 2020, Sci. Adv.",peakList_CLOUD10_NOx_checked_v2.db
C14H20NO17,-,474.07367,organic,NO3-,gas,HTOF-CIMS,Chao Yan,CERN CLOUD chamber,chamber,,CLOUD10,"Yan et al., 2020, Sci. Adv.",peakList_CLOUD10_NOx_checked_v2.db
C15H24NO16,-,474.11006,organic,NO3-,gas,HTOF-CIMS,Chao Yan,CERN CLOUD chamber,chamber,,CLOUD10,"Yan et al., 2020, Sci. Adv.",peakList_CLOUD10_NOx_checked_v2.db
C20H31N2O11,-,475.19333,organic,NO3-,gas,HTOF-CIMS,Chao Yan,CERN CLOUD chamber,chamber,,CLOUD10,"Yan et al., 2020, Sci. Adv.",peakList_CLOUD10_NOx_checked_v2.db
C20H30NO12,-,476.17735,organic,NO3-,gas,HTOF-CIMS,Chao Yan,CERN CLOUD chamber,chamber,,CLOUD10,"Yan et al., 2020, Sci. Adv.",peakList_CLOUD10_NOx_checked_v2.db
C19H29N2O12,-,477.17260,organic,NO3-,gas,HTOF-CIMS,Chao Yan,CERN CLOUD chamber,chamber,,CLOUD10,"Yan et al., 2020, Sci. Adv.",peakList_CLOUD10_NOx_checked_v2.db
C20H33N2O11,-,477.20898,organic,NO3-,gas,HTOF-CIMS,Chao Yan,CERN CLOUD chamber,chamber,,CLOUD10,"Yan et al., 2020, Sci. Adv.",peakList_CLOUD10_NOx_checked_v2.db
C19H28NO13,-,478.15661,organic,NO3-,gas,HTOF-CIMS,Chao Yan,CERN CLOUD chamber,chamber,,CLOUD10,"Yan et al., 2020, Sci. Adv.",peakList_CLOUD10_NOx_checked_v2.db
C20H32NO12,-,478.19300,organic,NO3-,gas,HTOF-CIMS,Chao Yan,CERN CLOUD chamber,chamber,,CLOUD10,"Yan et al., 2020, Sci. Adv.",peakList_CLOUD10_NOx_checked_v2.db
C18H27N2O13,-,479.15186,organic,NO3-,gas,HTOF-CIMS,Chao Yan,CERN CLOUD chamber,chamber,,CLOUD10,"Yan et al., 2020, Sci. Adv.",peakList_CLOUD10_NOx_checked_v2.db
C19H31N2O12,-,479.18825,organic,NO3-,gas,HTOF-CIMS,Chao Yan,CERN CLOUD chamber,chamber,,CLOUD10,"Yan et al., 2020, Sci. Adv.",peakList_CLOUD10_NOx_checked_v2.db
C18H26NO14,-,480.13588,organic,NO3-,gas,HTOF-CIMS,Chao Yan,CERN CLOUD chamber,chamber,,CLOUD10,"Yan et al., 2020, Sci. Adv.",peakList_CLOUD10_NOx_checked_v2.db
C19H30NO13,-,480.17226,organic,NO3-,gas,HTOF-CIMS,Chao Yan,CERN CLOUD chamber,chamber,,CLOUD10,"Yan et al., 2020, Sci. Adv.",peakList_CLOUD10_NOx_checked_v2.db
C20H34NO12,-,480.20865,organic,NO3-,gas,HTOF-CIMS,Chao Yan,CERN CLOUD chamber,chamber,,CLOUD10,"Yan et al., 2020, Sci. Adv.",peakList_CLOUD10_NOx_checked_v2.db
C17H25N2O14,-,481.13113,organic,NO3-,gas,HTOF-CIMS,Chao Yan,CERN CLOUD chamber,chamber,,CLOUD10,"Yan et al., 2020, Sci. Adv.",peakList_CLOUD10_NOx_checked_v2.db
C18H29N2O13,-,481.16751,organic,NO3-,gas,HTOF-CIMS,Chao Yan,CERN CLOUD chamber,chamber,,CLOUD10,"Yan et al., 2020, Sci. Adv.",peakList_CLOUD10_NOx_checked_v2.db
C17H24NO15,-,482.11514,organic,NO3-,gas,HTOF-CIMS,Chao Yan,CERN CLOUD chamber,chamber,,CLOUD10,"Yan et al., 2020, Sci. Adv.",peakList_CLOUD10_NOx_checked_v2.db
C18H28NO14,-,482.15153,organic,NO3-,gas,HTOF-CIMS,Chao Yan,CERN CLOUD chamber,chamber,,CLOUD10,"Yan et al., 2020, Sci. Adv.",peakList_CLOUD10_NOx_checked_v2.db
C19H32NO13,-,482.18791,organic,NO3-,gas,HTOF-CIMS,Chao Yan,CERN CLOUD chamber,chamber,,CLOUD10,"Yan et al., 2020, Sci. Adv.",peakList_CLOUD10_NOx_checked_v2.db
C16H23N2O15,-,483.11039,organic,NO3-,gas,HTOF-CIMS,Chao Yan,CERN CLOUD chamber,chamber,,CLOUD10,"Yan et al., 2020, Sci. Adv.",peakList_CLOUD10_NOx_checked_v2.db
C17H27N2O14,-,483.14678,organic,NO3-,gas,HTOF-CIMS,Chao Yan,CERN CLOUD chamber,chamber,,CLOUD10,"Yan et al., 2020, Sci. Adv.",peakList_CLOUD10_NOx_checked_v2.db
C16H22NO16,-,484.09441,organic,NO3-,gas,HTOF-CIMS,Chao Yan,CERN CLOUD chamber,chamber,,CLOUD10,"Yan et al., 2020, Sci. Adv.",peakList_CLOUD10_NOx_checked_v2.db
C17H26NO15,-,484.13079,organic,NO3-,gas,HTOF-CIMS,Chao Yan,CERN CLOUD chamber,chamber,,CLOUD10,"Yan et al., 2020, Sci. Adv.",peakList_CLOUD10_NOx_checked_v2.db
C18H30NO14,-,484.16718,organic,NO3-,gas,HTOF-CIMS,Chao Yan,CERN CLOUD chamber,chamber,,CLOUD10,"Yan et al., 2020, Sci. Adv.",peakList_CLOUD10_NOx_checked_v2.db
C16H25N2O15,-,485.12604,organic,NO3-,gas,HTOF-CIMS,Chao Yan,CERN CLOUD chamber,chamber,,CLOUD10,"Yan et al., 2020, Sci. Adv.",peakList_CLOUD10_NOx_checked_v2.db
C15H20NO17,-,486.07367,organic,NO3-,gas,HTOF-CIMS,Chao Yan,CERN CLOUD chamber,chamber,,CLOUD10,"Yan et al., 2020, Sci. Adv.",peakList_CLOUD10_NOx_checked_v2.db
C16H24NO16,-,486.11006,organic,NO3-,gas,HTOF-CIMS,Chao Yan,CERN CLOUD chamber,chamber,,CLOUD10,"Yan et al., 2020, Sci. Adv.",peakList_CLOUD10_NOx_checked_v2.db
C17H28NO15,-,486.14644,organic,NO3-,gas,HTOF-CIMS,Chao Yan,CERN CLOUD chamber,chamber,,CLOUD10,"Yan et al., 2020, Sci. Adv.",peakList_CLOUD10_NOx_checked_v2.db
C15H23N2O16,-,487.10531,organic,NO3-,gas,HTOF-CIMS,Chao Yan,CERN CLOUD chamber,chamber,,CLOUD10,"Yan et al., 2020, Sci. Adv.",peakList_CLOUD10_NOx_checked_v2.db
C14H18NO18,-,488.05294,organic,NO3-,gas,HTOF-CIMS,Chao Yan,CERN CLOUD chamber,chamber,,CLOUD10,"Yan et al., 2020, Sci. Adv.",peakList_CLOUD10_NOx_checked_v2.db
C15H22NO17,-,488.08932,organic,NO3-,gas,HTOF-CIMS,Chao Yan,CERN CLOUD chamber,chamber,,CLOUD10,"Yan et al., 2020, Sci. Adv.",peakList_CLOUD10_NOx_checked_v2.db
C16H26NO16,-,488.12571,organic,NO3-,gas,HTOF-CIMS,Chao Yan,CERN CLOUD chamber,chamber,,CLOUD10,"Yan et al., 2020, Sci. Adv.",peakList_CLOUD10_NOx_checked_v2.db
C14H21N2O17,-,489.08457,organic,NO3-,gas,HTOF-CIMS,Chao Yan,CERN CLOUD chamber,chamber,,CLOUD10,"Yan et al., 2020, Sci. Adv.",peakList_CLOUD10_NOx_checked_v2.db
C13H16NO19,-,490.03220,organic,NO3-,gas,HTOF-CIMS,Chao Yan,CERN CLOUD chamber,chamber,,CLOUD10,"Yan et al., 2020, Sci. Adv.",peakList_CLOUD10_NOx_checked_v2.db
C14H20NO18,-,490.06859,organic,NO3-,gas,HTOF-CIMS,Chao Yan,CERN CLOUD chamber,chamber,,CLOUD10,"Yan et al., 2020, Sci. Adv.",peakList_CLOUD10_NOx_checked_v2.db
C15H24NO17,-,490.10497,organic,NO3-,gas,HTOF-CIMS,Chao Yan,CERN CLOUD chamber,chamber,,CLOUD10,"Yan et al., 2020, Sci. Adv.",peakList_CLOUD10_NOx_checked_v2.db
C20H32N3O11,-,490.20423,organic,NO3-,gas,HTOF-CIMS,Chao Yan,CERN CLOUD chamber,chamber,,CLOUD10,"Yan et al., 2020, Sci. Adv.",peakList_CLOUD10_NOx_checked_v2.db
C20H31N2O12,-,491.18825,organic,NO3-,gas,HTOF-CIMS,Chao Yan,CERN CLOUD chamber,chamber,,CLOUD10,"Yan et al., 2020, Sci. Adv.",peakList_CLOUD10_NOx_checked_v2.db
C20H30NO13,-,492.17226,organic,NO3-,gas,HTOF-CIMS,Chao Yan,CERN CLOUD chamber,chamber,,CLOUD10,"Yan et al., 2020, Sci. Adv.",peakList_CLOUD10_NOx_checked_v2.db
C19H29N2O13,-,493.16751,organic,NO3-,gas,HTOF-CIMS,Chao Yan,CERN CLOUD chamber,chamber,,CLOUD10,"Yan et al., 2020, Sci. Adv.",peakList_CLOUD10_NOx_checked_v2.db
C20H33N2O12,-,493.20390,organic,NO3-,gas,HTOF-CIMS,Chao Yan,CERN CLOUD chamber,chamber,,CLOUD10,"Yan et al., 2020, Sci. Adv.",peakList_CLOUD10_NOx_checked_v2.db
C19H28NO14,-,494.15153,organic,NO3-,gas,HTOF-CIMS,Chao Yan,CERN CLOUD chamber,chamber,,CLOUD10,"Yan et al., 2020, Sci. Adv.",peakList_CLOUD10_NOx_checked_v2.db
C20H32NO13,-,494.18791,organic,NO3-,gas,HTOF-CIMS,Chao Yan,CERN CLOUD chamber,chamber,,CLOUD10,"Yan et al., 2020, Sci. Adv.",peakList_CLOUD10_NOx_checked_v2.db
C18H27N2O14,-,495.14678,organic,NO3-,gas,HTOF-CIMS,Chao Yan,CERN CLOUD chamber,chamber,,CLOUD10,"Yan et al., 2020, Sci. Adv.",peakList_CLOUD10_NOx_checked_v2.db
C19H31N2O13,-,495.18316,organic,NO3-,gas,HTOF-CIMS,Chao Yan,CERN CLOUD chamber,chamber,,CLOUD10,"Yan et al., 2020, Sci. Adv.",peakList_CLOUD10_NOx_checked_v2.db
C18H26NO15,-,496.13079,organic,NO3-,gas,HTOF-CIMS,Chao Yan,CERN CLOUD chamber,chamber,,CLOUD10,"Yan et al., 2020, Sci. Adv.",peakList_CLOUD10_NOx_checked_v2.db
C19H30NO14,-,496.16718,organic,NO3-,gas,HTOF-CIMS,Chao Yan,CERN CLOUD chamber,chamber,,CLOUD10,"Yan et al., 2020, Sci. Adv.",peakList_CLOUD10_NOx_checked_v2.db
C20H34NO13,-,496.20356,organic,NO3-,gas,HTOF-CIMS,Chao Yan,CERN CLOUD chamber,chamber,,CLOUD10,"Yan et al., 2020, Sci. Adv.",peakList_CLOUD10_NOx_checked_v2.db
C17H25N2O15,-,497.12604,organic,NO3-,gas,HTOF-CIMS,Chao Yan,CERN CLOUD chamber,chamber,,CLOUD10,"Yan et al., 2020, Sci. Adv.",peakList_CLOUD10_NOx_checked_v2.db
C18H29N2O14,-,497.16243,organic,NO3-,gas,HTOF-CIMS,Chao Yan,CERN CLOUD chamber,chamber,,CLOUD10,"Yan et al., 2020, Sci. Adv.",peakList_CLOUD10_NOx_checked_v2.db
C17H24NO16,-,498.11006,organic,NO3-,gas,HTOF-CIMS,Chao Yan,CERN CLOUD chamber,chamber,,CLOUD10,"Yan et al., 2020, Sci. Adv.",peakList_CLOUD10_NOx_checked_v2.db
C18H28NO15,-,498.14644,organic,NO3-,gas,HTOF-CIMS,Chao Yan,CERN CLOUD chamber,chamber,,CLOUD10,"Yan et al., 2020, Sci. Adv.",peakList_CLOUD10_NOx_checked_v2.db
C19H32NO14,-,498.18283,organic,NO3-,gas,HTOF-CIMS,Chao Yan,CERN CLOUD chamber,chamber,,CLOUD10,"Yan et al., 2020, Sci. Adv.",peakList_CLOUD10_NOx_checked_v2.db
C16H23N2O16,-,499.10531,organic,NO3-,gas,HTOF-CIMS,Chao Yan,CERN CLOUD chamber,chamber,,CLOUD10,"Yan et al., 2020, Sci. Adv.",peakList_CLOUD10_NOx_checked_v2.db
C17H27N2O15,-,499.14169,organic,NO3-,gas,HTOF-CIMS,Chao Yan,CERN CLOUD chamber,chamber,,CLOUD10,"Yan et al., 2020, Sci. Adv.",peakList_CLOUD10_NOx_checked_v2.db
C16H22NO17,-,500.08932,organic,NO3-,gas,HTOF-CIMS,Chao Yan,CERN CLOUD chamber,chamber,,CLOUD10,"Yan et al., 2020, Sci. Adv.",peakList_CLOUD10_NOx_checked_v2.db
C17H26NO16,-,500.12571,organic,NO3-,gas,HTOF-CIMS,Chao Yan,CERN CLOUD chamber,chamber,,CLOUD10,"Yan et al., 2020, Sci. Adv.",peakList_CLOUD10_NOx_checked_v2.db
C18H30NO15,-,500.16209,organic,NO3-,gas,HTOF-CIMS,Chao Yan,CERN CLOUD chamber,chamber,,CLOUD10,"Yan et al., 2020, Sci. Adv.",peakList_CLOUD10_NOx_checked_v2.db
C16H25N2O16,-,501.12096,organic,NO3-,gas,HTOF-CIMS,Chao Yan,CERN CLOUD chamber,chamber,,CLOUD10,"Yan et al., 2020, Sci. Adv.",peakList_CLOUD10_NOx_checked_v2.db
C15H20NO18,-,502.06859,organic,NO3-,gas,HTOF-CIMS,Chao Yan,CERN CLOUD chamber,chamber,,CLOUD10,"Yan et al., 2020, Sci. Adv.",peakList_CLOUD10_NOx_checked_v2.db
C16H24NO17,-,502.10497,organic,NO3-,gas,HTOF-CIMS,Chao Yan,CERN CLOUD chamber,chamber,,CLOUD10,"Yan et al., 2020, Sci. Adv.",peakList_CLOUD10_NOx_checked_v2.db
C17H28NO16,-,502.14136,organic,NO3-,gas,HTOF-CIMS,Chao Yan,CERN CLOUD chamber,chamber,,CLOUD10,"Yan et al., 2020, Sci. Adv.",peakList_CLOUD10_NOx_checked_v2.db
C15H23N2O17,-,503.10022,organic,NO3-,gas,HTOF-CIMS,Chao Yan,CERN CLOUD chamber,chamber,,CLOUD10,"Yan et al., 2020, Sci. Adv.",peakList_CLOUD10_NOx_checked_v2.db
C14H18NO19,-,504.04785,organic,NO3-,gas,HTOF-CIMS,Chao Yan,CERN CLOUD chamber,chamber,,CLOUD10,"Yan et al., 2020, Sci. Adv.",peakList_CLOUD10_NOx_checked_v2.db
C15H22NO18,-,504.08424,organic,NO3-,gas,HTOF-CIMS,Chao Yan,CERN CLOUD chamber,chamber,,CLOUD10,"Yan et al., 2020, Sci. Adv.",peakList_CLOUD10_NOx_checked_v2.db
C16H26NO17,-,504.12062,organic,NO3-,gas,HTOF-CIMS,Chao Yan,CERN CLOUD chamber,chamber,,CLOUD10,"Yan et al., 2020, Sci. Adv.",peakList_CLOUD10_NOx_checked_v2.db
C14H21N2O18,-,505.07949,organic,NO3-,gas,HTOF-CIMS,Chao Yan,CERN CLOUD chamber,chamber,,CLOUD10,"Yan et al., 2020, Sci. Adv.",peakList_CLOUD10_NOx_checked_v2.db
C13H16NO20,-,506.02712,organic,NO3-,gas,HTOF-CIMS,Chao Yan,CERN CLOUD chamber,chamber,,CLOUD10,"Yan et al., 2020, Sci. Adv.",peakList_CLOUD10_NOx_checked_v2.db
C14H20NO19,-,506.06350,organic,NO3-,gas,HTOF-CIMS,Chao Yan,CERN CLOUD chamber,chamber,,CLOUD10,"Yan et al., 2020, Sci. Adv.",peakList_CLOUD10_NOx_checked_v2.db
C15H24NO18,-,506.09989,organic,NO3-,gas,HTOF-CIMS,Chao Yan,CERN CLOUD chamber,chamber,,CLOUD10,"Yan et al., 2020, Sci. Adv.",peakList_CLOUD10_NOx_checked_v2.db
C20H32N3O12,-,506.19915,organic,NO3-,gas,HTOF-CIMS,Chao Yan,CERN CLOUD chamber,chamber,,CLOUD10,"Yan et al., 2020, Sci. Adv.",peakList_CLOUD10_NOx_checked_v2.db
C20H31N2O13,-,507.18316,organic,NO3-,gas,HTOF-CIMS,Chao Yan,CERN CLOUD chamber,chamber,,CLOUD10,"Yan et al., 2020, Sci. Adv.",peakList_CLOUD10_NOx_checked_v2.db
C20H30NO14,-,508.16718,organic,NO3-,gas,HTOF-CIMS,Chao Yan,CERN CLOUD chamber,chamber,,CLOUD10,"Yan et al., 2020, Sci. Adv.",peakList_CLOUD10_NOx_checked_v2.db
C19H29N2O14,-,509.16243,organic,NO3-,gas,HTOF-CIMS,Chao Yan,CERN CLOUD chamber,chamber,,CLOUD10,"Yan et al., 2020, Sci. Adv.",peakList_CLOUD10_NOx_checked_v2.db
C20H33N2O13,-,509.19881,organic,NO3-,gas,HTOF-CIMS,Chao Yan,CERN CLOUD chamber,chamber,,CLOUD10,"Yan et al., 2020, Sci. Adv.",peakList_CLOUD10_NOx_checked_v2.db
C19H28NO15,-,510.14644,organic,NO3-,gas,HTOF-CIMS,Chao Yan,CERN CLOUD chamber,chamber,,CLOUD10,"Yan et al., 2020, Sci. Adv.",peakList_CLOUD10_NOx_checked_v2.db
C20H32NO14,-,510.18283,organic,NO3-,gas,HTOF-CIMS,Chao Yan,CERN CLOUD chamber,chamber,,CLOUD10,"Yan et al., 2020, Sci. Adv.",peakList_CLOUD10_NOx_checked_v2.db
C18H27N2O15,-,511.14169,organic,NO3-,gas,HTOF-CIMS,Chao Yan,CERN CLOUD chamber,chamber,,CLOUD10,"Yan et al., 2020, Sci. Adv.",peakList_CLOUD10_NOx_checked_v2.db
C19H31N2O14,-,511.17808,organic,NO3-,gas,HTOF-CIMS,Chao Yan,CERN CLOUD chamber,chamber,,CLOUD10,"Yan et al., 2020, Sci. Adv.",peakList_CLOUD10_NOx_checked_v2.db
C18H26NO16,-,512.12571,organic,NO3-,gas,HTOF-CIMS,Chao Yan,CERN CLOUD chamber,chamber,,CLOUD10,"Yan et al., 2020, Sci. Adv.",peakList_CLOUD10_NOx_checked_v2.db
C19H30NO15,-,512.16209,organic,NO3-,gas,HTOF-CIMS,Chao Yan,CERN CLOUD chamber,chamber,,CLOUD10,"Yan et al., 2020, Sci. Adv.",peakList_CLOUD10_NOx_checked_v2.db
C20H34NO14,-,512.19848,organic,NO3-,gas,HTOF-CIMS,Chao Yan,CERN CLOUD chamber,chamber,,CLOUD10,"Yan et al., 2020, Sci. Adv.",peakList_CLOUD10_NOx_checked_v2.db
C17H25N2O16,-,513.12096,organic,NO3-,gas,HTOF-CIMS,Chao Yan,CERN CLOUD chamber,chamber,,CLOUD10,"Yan et al., 2020, Sci. Adv.",peakList_CLOUD10_NOx_checked_v2.db
C18H29N2O15,-,513.15734,organic,NO3-,gas,HTOF-CIMS,Chao Yan,CERN CLOUD chamber,chamber,,CLOUD10,"Yan et al., 2020, Sci. Adv.",peakList_CLOUD10_NOx_checked_v2.db
C17H24NO17,-,514.10497,organic,NO3-,gas,HTOF-CIMS,Chao Yan,CERN CLOUD chamber,chamber,,CLOUD10,"Yan et al., 2020, Sci. Adv.",peakList_CLOUD10_NOx_checked_v2.db
C18H28NO16,-,514.14136,organic,NO3-,gas,HTOF-CIMS,Chao Yan,CERN CLOUD chamber,chamber,,CLOUD10,"Yan et al., 2020, Sci. Adv.",peakList_CLOUD10_NOx_checked_v2.db
C19H32NO15,-,514.17774,organic,NO3-,gas,HTOF-CIMS,Chao Yan,CERN CLOUD chamber,chamber,,CLOUD10,"Yan et al., 2020, Sci. Adv.",peakList_CLOUD10_NOx_checked_v2.db
C16H23N2O17,-,515.10022,organic,NO3-,gas,HTOF-CIMS,Chao Yan,CERN CLOUD chamber,chamber,,CLOUD10,"Yan et al., 2020, Sci. Adv.",peakList_CLOUD10_NOx_checked_v2.db
C17H27N2O16,-,515.13661,organic,NO3-,gas,HTOF-CIMS,Chao Yan,CERN CLOUD chamber,chamber,,CLOUD10,"Yan et al., 2020, Sci. Adv.",peakList_CLOUD10_NOx_checked_v2.db
C16H22NO18,-,516.08424,organic,NO3-,gas,HTOF-CIMS,Chao Yan,CERN CLOUD chamber,chamber,,CLOUD10,"Yan et al., 2020, Sci. Adv.",peakList_CLOUD10_NOx_checked_v2.db
C17H26NO17,-,516.12062,organic,NO3-,gas,HTOF-CIMS,Chao Yan,CERN CLOUD chamber,chamber,,CLOUD10,"Yan et al., 2020, Sci. Adv.",peakList_CLOUD10_NOx_checked_v2.db
C18H30NO16,-,516.15701,organic,NO3-,gas,HTOF-CIMS,Chao Yan,CERN CLOUD chamber,chamber,,CLOUD10,"Yan et al., 2020, Sci. Adv.",peakList_CLOUD10_NOx_checked_v2.db
C16H25N2O17,-,517.11587,organic,NO3-,gas,HTOF-CIMS,Chao Yan,CERN CLOUD chamber,chamber,,CLOUD10,"Yan et al., 2020, Sci. Adv.",peakList_CLOUD10_NOx_checked_v2.db
C15H20NO19,-,518.06350,organic,NO3-,gas,HTOF-CIMS,Chao Yan,CERN CLOUD chamber,chamber,,CLOUD10,"Yan et al., 2020, Sci. Adv.",peakList_CLOUD10_NOx_checked_v2.db
C16H24NO18,-,518.09989,organic,NO3-,gas,HTOF-CIMS,Chao Yan,CERN CLOUD chamber,chamber,,CLOUD10,"Yan et al., 2020, Sci. Adv.",peakList_CLOUD10_NOx_checked_v2.db
C17H28NO17,-,518.13627,organic,NO3-,gas,HTOF-CIMS,Chao Yan,CERN CLOUD chamber,chamber,,CLOUD10,"Yan et al., 2020, Sci. Adv.",peakList_CLOUD10_NOx_checked_v2.db
C15H23N2O18,-,519.09514,organic,NO3-,gas,HTOF-CIMS,Chao Yan,CERN CLOUD chamber,chamber,,CLOUD10,"Yan et al., 2020, Sci. Adv.",peakList_CLOUD10_NOx_checked_v2.db
C14H18NO20,-,520.04277,organic,NO3-,gas,HTOF-CIMS,Chao Yan,CERN CLOUD chamber,chamber,,CLOUD10,"Yan et al., 2020, Sci. Adv.",peakList_CLOUD10_NOx_checked_v2.db
C15H22NO19,-,520.07915,organic,NO3-,gas,HTOF-CIMS,Chao Yan,CERN CLOUD chamber,chamber,,CLOUD10,"Yan et al., 2020, Sci. Adv.",peakList_CLOUD10_NOx_checked_v2.db
C16H26NO18,-,520.11554,organic,NO3-,gas,HTOF-CIMS,Chao Yan,CERN CLOUD chamber,chamber,,CLOUD10,"Yan et al., 2020, Sci. Adv.",peakList_CLOUD10_NOx_checked_v2.db
C14H21N2O19,-,521.07440,organic,NO3-,gas,HTOF-CIMS,Chao Yan,CERN CLOUD chamber,chamber,,CLOUD10,"Yan et al., 2020, Sci. Adv.",peakList_CLOUD10_NOx_checked_v2.db
C20H32N3O13,-,522.19406,organic,NO3-,gas,HTOF-CIMS,Chao Yan,CERN CLOUD chamber,chamber,,CLOUD10,"Yan et al., 2020, Sci. Adv.",peakList_CLOUD10_NOx_checked_v2.db
C20H31N2O14,-,523.17808,organic,NO3-,gas,HTOF-CIMS,Chao Yan,CERN CLOUD chamber,chamber,,CLOUD10,"Yan et al., 2020, Sci. Adv.",peakList_CLOUD10_NOx_checked_v2.db
C20H30NO15,-,524.16209,organic,NO3-,gas,HTOF-CIMS,Chao Yan,CERN CLOUD chamber,chamber,,CLOUD10,"Yan et al., 2020, Sci. Adv.",peakList_CLOUD10_NOx_checked_v2.db
C19H29N2O15,-,525.15734,organic,NO3-,gas,HTOF-CIMS,Chao Yan,CERN CLOUD chamber,chamber,,CLOUD10,"Yan et al., 2020, Sci. Adv.",peakList_CLOUD10_NOx_checked_v2.db
C20H33N2O14,-,525.19373,organic,NO3-,gas,HTOF-CIMS,Chao Yan,CERN CLOUD chamber,chamber,,CLOUD10,"Yan et al., 2020, Sci. Adv.",peakList_CLOUD10_NOx_checked_v2.db
C19H28NO16,-,526.14136,organic,NO3-,gas,HTOF-CIMS,Chao Yan,CERN CLOUD chamber,chamber,,CLOUD10,"Yan et al., 2020, Sci. Adv.",peakList_CLOUD10_NOx_checked_v2.db
C20H32NO15,-,526.17774,organic,NO3-,gas,HTOF-CIMS,Chao Yan,CERN CLOUD chamber,chamber,,CLOUD10,"Yan et al., 2020, Sci. Adv.",peakList_CLOUD10_NOx_checked_v2.db
C18H27N2O16,-,527.13661,organic,NO3-,gas,HTOF-CIMS,Chao Yan,CERN CLOUD chamber,chamber,,CLOUD10,"Yan et al., 2020, Sci. Adv.",peakList_CLOUD10_NOx_checked_v2.db
C19H31N2O15,-,527.17299,organic,NO3-,gas,HTOF-CIMS,Chao Yan,CERN CLOUD chamber,chamber,,CLOUD10,"Yan et al., 2020, Sci. Adv.",peakList_CLOUD10_NOx_checked_v2.db
C18H26NO17,-,528.12062,organic,NO3-,gas,HTOF-CIMS,Chao Yan,CERN CLOUD chamber,chamber,,CLOUD10,"Yan et al., 2020, Sci. Adv.",peakList_CLOUD10_NOx_checked_v2.db
C19H30NO16,-,528.15701,organic,NO3-,gas,HTOF-CIMS,Chao Yan,CERN CLOUD chamber,chamber,,CLOUD10,"Yan et al., 2020, Sci. Adv.",peakList_CLOUD10_NOx_checked_v2.db
C20H34NO15,-,528.19339,organic,NO3-,gas,HTOF-CIMS,Chao Yan,CERN CLOUD chamber,chamber,,CLOUD10,"Yan et al., 2020, Sci. Adv.",peakList_CLOUD10_NOx_checked_v2.db
C17H25N2O17,-,529.11587,organic,NO3-,gas,HTOF-CIMS,Chao Yan,CERN CLOUD chamber,chamber,,CLOUD10,"Yan et al., 2020, Sci. Adv.",peakList_CLOUD10_NOx_checked_v2.db
C18H29N2O16,-,529.15226,organic,NO3-,gas,HTOF-CIMS,Chao Yan,CERN CLOUD chamber,chamber,,CLOUD10,"Yan et al., 2020, Sci. Adv.",peakList_CLOUD10_NOx_checked_v2.db
C17H24NO18,-,530.09989,organic,NO3-,gas,HTOF-CIMS,Chao Yan,CERN CLOUD chamber,chamber,,CLOUD10,"Yan et al., 2020, Sci. Adv.",peakList_CLOUD10_NOx_checked_v2.db
C18H28NO17,-,530.13627,organic,NO3-,gas,HTOF-CIMS,Chao Yan,CERN CLOUD chamber,chamber,,CLOUD10,"Yan et al., 2020, Sci. Adv.",peakList_CLOUD10_NOx_checked_v2.db
C19H32NO16,-,530.17266,organic,NO3-,gas,HTOF-CIMS,Chao Yan,CERN CLOUD chamber,chamber,,CLOUD10,"Yan et al., 2020, Sci. Adv.",peakList_CLOUD10_NOx_checked_v2.db
C16H23N2O18,-,531.09514,organic,NO3-,gas,HTOF-CIMS,Chao Yan,CERN CLOUD chamber,chamber,,CLOUD10,"Yan et al., 2020, Sci. Adv.",peakList_CLOUD10_NOx_checked_v2.db
C17H27N2O17,-,531.13152,organic,NO3-,gas,HTOF-CIMS,Chao Yan,CERN CLOUD chamber,chamber,,CLOUD10,"Yan et al., 2020, Sci. Adv.",peakList_CLOUD10_NOx_checked_v2.db
C16H22NO19,-,532.07915,organic,NO3-,gas,HTOF-CIMS,Chao Yan,CERN CLOUD chamber,chamber,,CLOUD10,"Yan et al., 2020, Sci. Adv.",peakList_CLOUD10_NOx_checked_v2.db
C17H26NO18,-,532.11554,organic,NO3-,gas,HTOF-CIMS,Chao Yan,CERN CLOUD chamber,chamber,,CLOUD10,"Yan et al., 2020, Sci. Adv.",peakList_CLOUD10_NOx_checked_v2.db
C18H30NO17,-,532.15192,organic,NO3-,gas,HTOF-CIMS,Chao Yan,CERN CLOUD chamber,chamber,,CLOUD10,"Yan et al., 2020, Sci. Adv.",peakList_CLOUD10_NOx_checked_v2.db
C16H25N2O18,-,533.11079,organic,NO3-,gas,HTOF-CIMS,Chao Yan,CERN CLOUD chamber,chamber,,CLOUD10,"Yan et al., 2020, Sci. Adv.",peakList_CLOUD10_NOx_checked_v2.db
C15H20NO20,-,534.05842,organic,NO3-,gas,HTOF-CIMS,Chao Yan,CERN CLOUD chamber,chamber,,CLOUD10,"Yan et al., 2020, Sci. Adv.",peakList_CLOUD10_NOx_checked_v2.db
C16H24NO19,-,534.09480,organic,NO3-,gas,HTOF-CIMS,Chao Yan,CERN CLOUD chamber,chamber,,CLOUD10,"Yan et al., 2020, Sci. Adv.",peakList_CLOUD10_NOx_checked_v2.db
C17H28NO18,-,534.13119,organic,NO3-,gas,HTOF-CIMS,Chao Yan,CERN CLOUD chamber,chamber,,CLOUD10,"Yan et al., 2020, Sci. Adv.",peakList_CLOUD10_NOx_checked_v2.db
C15H23N2O19,-,535.09005,organic,NO3-,gas,HTOF-CIMS,Chao Yan,CERN CLOUD chamber,chamber,,CLOUD10,"Yan et al., 2020, Sci. Adv.",peakList_CLOUD10_NOx_checked_v2.db
C14H18NO21,-,536.03768,organic,NO3-,gas,HTOF-CIMS,Chao Yan,CERN CLOUD chamber,chamber,,CLOUD10,"Yan et al., 2020, Sci. Adv.",peakList_CLOUD10_NOx_checked_v2.db
C15H22NO20,-,536.07407,organic,NO3-,gas,HTOF-CIMS,Chao Yan,CERN CLOUD chamber,chamber,,CLOUD10,"Yan et al., 2020, Sci. Adv.",peakList_CLOUD10_NOx_checked_v2.db
C16H26NO19,-,536.11045,organic,NO3-,gas,HTOF-CIMS,Chao Yan,CERN CLOUD chamber,chamber,,CLOUD10,"Yan et al., 2020, Sci. Adv.",peakList_CLOUD10_NOx_checked_v2.db
C20H32N3O14,-,538.18898,organic,NO3-,gas,HTOF-CIMS,Chao Yan,CERN CLOUD chamber,chamber,,CLOUD10,"Yan et al., 2020, Sci. Adv.",peakList_CLOUD10_NOx_checked_v2.db
C20H31N2O15,-,539.17299,organic,NO3-,gas,HTOF-CIMS,Chao Yan,CERN CLOUD chamber,chamber,,CLOUD10,"Yan et al., 2020, Sci. Adv.",peakList_CLOUD10_NOx_checked_v2.db
C20H30NO16,-,540.15701,organic,NO3-,gas,HTOF-CIMS,Chao Yan,CERN CLOUD chamber,chamber,,CLOUD10,"Yan et al., 2020, Sci. Adv.",peakList_CLOUD10_NOx_checked_v2.db
C19H29N2O16,-,541.15226,organic,NO3-,gas,HTOF-CIMS,Chao Yan,CERN CLOUD chamber,chamber,,CLOUD10,"Yan et al., 2020, Sci. Adv.",peakList_CLOUD10_NOx_checked_v2.db
C20H33N2O15,-,541.18864,organic,NO3-,gas,HTOF-CIMS,Chao Yan,CERN CLOUD chamber,chamber,,CLOUD10,"Yan et al., 2020, Sci. Adv.",peakList_CLOUD10_NOx_checked_v2.db
C19H28NO17,-,542.13627,organic,NO3-,gas,HTOF-CIMS,Chao Yan,CERN CLOUD chamber,chamber,,CLOUD10,"Yan et al., 2020, Sci. Adv.",peakList_CLOUD10_NOx_checked_v2.db
C20H32NO16,-,542.17266,organic,NO3-,gas,HTOF-CIMS,Chao Yan,CERN CLOUD chamber,chamber,,CLOUD10,"Yan et al., 2020, Sci. Adv.",peakList_CLOUD10_NOx_checked_v2.db
C18H27N2O17,-,543.13152,organic,NO3-,gas,HTOF-CIMS,Chao Yan,CERN CLOUD chamber,chamber,,CLOUD10,"Yan et al., 2020, Sci. Adv.",peakList_CLOUD10_NOx_checked_v2.db
C19H31N2O16,-,543.16791,organic,NO3-,gas,HTOF-CIMS,Chao Yan,CERN CLOUD chamber,chamber,,CLOUD10,"Yan et al., 2020, Sci. Adv.",peakList_CLOUD10_NOx_checked_v2.db
C18H26NO18,-,544.11554,organic,NO3-,gas,HTOF-CIMS,Chao Yan,CERN CLOUD chamber,chamber,,CLOUD10,"Yan et al., 2020, Sci. Adv.",peakList_CLOUD10_NOx_checked_v2.db
C19H30NO17,-,544.15192,organic,NO3-,gas,HTOF-CIMS,Chao Yan,CERN CLOUD chamber,chamber,,CLOUD10,"Yan et al., 2020, Sci. Adv.",peakList_CLOUD10_NOx_checked_v2.db
C20H34NO16,-,544.18831,organic,NO3-,gas,HTOF-CIMS,Chao Yan,CERN CLOUD chamber,chamber,,CLOUD10,"Yan et al., 2020, Sci. Adv.",peakList_CLOUD10_NOx_checked_v2.db
C17H25N2O18,-,545.11079,organic,NO3-,gas,HTOF-CIMS,Chao Yan,CERN CLOUD chamber,chamber,,CLOUD10,"Yan et al., 2020, Sci. Adv.",peakList_CLOUD10_NOx_checked_v2.db
C18H29N2O17,-,545.14717,organic,NO3-,gas,HTOF-CIMS,Chao Yan,CERN CLOUD chamber,chamber,,CLOUD10,"Yan et al., 2020, Sci. Adv.",peakList_CLOUD10_NOx_checked_v2.db
C17H24NO19,-,546.09480,organic,NO3-,gas,HTOF-CIMS,Chao Yan,CERN CLOUD chamber,chamber,,CLOUD10,"Yan et al., 2020, Sci. Adv.",peakList_CLOUD10_NOx_checked_v2.db
C18H28NO18,-,546.13119,organic,NO3-,gas,HTOF-CIMS,Chao Yan,CERN CLOUD chamber,chamber,,CLOUD10,"Yan et al., 2020, Sci. Adv.",peakList_CLOUD10_NOx_checked_v2.db
C19H32NO17,-,546.16757,organic,NO3-,gas,HTOF-CIMS,Chao Yan,CERN CLOUD chamber,chamber,,CLOUD10,"Yan et al., 2020, Sci. Adv.",peakList_CLOUD10_NOx_checked_v2.db
C16H23N2O19,-,547.09005,organic,NO3-,gas,HTOF-CIMS,Chao Yan,CERN CLOUD chamber,chamber,,CLOUD10,"Yan et al., 2020, Sci. Adv.",peakList_CLOUD10_NOx_checked_v2.db
C17H27N2O18,-,547.12644,organic,NO3-,gas,HTOF-CIMS,Chao Yan,CERN CLOUD chamber,chamber,,CLOUD10,"Yan et al., 2020, Sci. Adv.",peakList_CLOUD10_NOx_checked_v2.db
C16H22NO20,-,548.07407,organic,NO3-,gas,HTOF-CIMS,Chao Yan,CERN CLOUD chamber,chamber,,CLOUD10,"Yan et al., 2020, Sci. Adv.",peakList_CLOUD10_NOx_checked_v2.db
C17H26NO19,-,548.11045,organic,NO3-,gas,HTOF-CIMS,Chao Yan,CERN CLOUD chamber,chamber,,CLOUD10,"Yan et al., 2020, Sci. Adv.",peakList_CLOUD10_NOx_checked_v2.db
C18H30NO18,-,548.14684,organic,NO3-,gas,HTOF-CIMS,Chao Yan,CERN CLOUD chamber,chamber,,CLOUD10,"Yan et al., 2020, Sci. Adv.",peakList_CLOUD10_NOx_checked_v2.db
C16H25N2O19,-,549.10570,organic,NO3-,gas,HTOF-CIMS,Chao Yan,CERN CLOUD chamber,chamber,,CLOUD10,"Yan et al., 2020, Sci. Adv.",peakList_CLOUD10_NOx_checked_v2.db
C15H20NO21,-,550.05333,organic,NO3-,gas,HTOF-CIMS,Chao Yan,CERN CLOUD chamber,chamber,,CLOUD10,"Yan et al., 2020, Sci. Adv.",peakList_CLOUD10_NOx_checked_v2.db
C16H24NO20,-,550.08972,organic,NO3-,gas,HTOF-CIMS,Chao Yan,CERN CLOUD chamber,chamber,,CLOUD10,"Yan et al., 2020, Sci. Adv.",peakList_CLOUD10_NOx_checked_v2.db
C17H28NO19,-,550.12610,organic,NO3-,gas,HTOF-CIMS,Chao Yan,CERN CLOUD chamber,chamber,,CLOUD10,"Yan et al., 2020, Sci. Adv.",peakList_CLOUD10_NOx_checked_v2.db
C15H23N2O20,-,551.08496,organic,NO3-,gas,HTOF-CIMS,Chao Yan,CERN CLOUD chamber,chamber,,CLOUD10,"Yan et al., 2020, Sci. Adv.",peakList_CLOUD10_NOx_checked_v2.db
C14H21N2O21,-,553.06423,organic,NO3-,gas,HTOF-CIMS,Chao Yan,CERN CLOUD chamber,chamber,,CLOUD10,"Yan et al., 2020, Sci. Adv.",peakList_CLOUD10_NOx_checked_v2.db
C20H31N3O15,-,553.17607,organic,NO3-,gas,HTOF-CIMS,Chao Yan,CERN CLOUD chamber,chamber,,CLOUD10,"Yan et al., 2020, Sci. Adv.",peakList_CLOUD10_NOx_checked_v2.db
C20H32N3O15,-,554.18389,organic,NO3-,gas,HTOF-CIMS,Chao Yan,CERN CLOUD chamber,chamber,,CLOUD10,"Yan et al., 2020, Sci. Adv.",peakList_CLOUD10_NOx_checked_v2.db
C20H31N2O16,-,555.16791,organic,NO3-,gas,HTOF-CIMS,Chao Yan,CERN CLOUD chamber,chamber,,CLOUD10,"Yan et al., 2020, Sci. Adv.",peakList_CLOUD10_NOx_checked_v2.db
C20H30NO17,-,556.15192,organic,NO3-,gas,HTOF-CIMS,Chao Yan,CERN CLOUD chamber,chamber,,CLOUD10,"Yan et al., 2020, Sci. Adv.",peakList_CLOUD10_NOx_checked_v2.db
C19H29N2O17,-,557.14717,organic,NO3-,gas,HTOF-CIMS,Chao Yan,CERN CLOUD chamber,chamber,,CLOUD10,"Yan et al., 2020, Sci. Adv.",peakList_CLOUD10_NOx_checked_v2.db
C20H33N2O16,-,557.18356,organic,NO3-,gas,HTOF-CIMS,Chao Yan,CERN CLOUD chamber,chamber,,CLOUD10,"Yan et al., 2020, Sci. Adv.",peakList_CLOUD10_NOx_checked_v2.db
C19H28NO18,-,558.13119,organic,NO3-,gas,HTOF-CIMS,Chao Yan,CERN CLOUD chamber,chamber,,CLOUD10,"Yan et al., 2020, Sci. Adv.",peakList_CLOUD10_NOx_checked_v2.db
C20H32NO17,-,558.16757,organic,NO3-,gas,HTOF-CIMS,Chao Yan,CERN CLOUD chamber,chamber,,CLOUD10,"Yan et al., 2020, Sci. Adv.",peakList_CLOUD10_NOx_checked_v2.db
C18H27N2O18,-,559.12644,organic,NO3-,gas,HTOF-CIMS,Chao Yan,CERN CLOUD chamber,chamber,,CLOUD10,"Yan et al., 2020, Sci. Adv.",peakList_CLOUD10_NOx_checked_v2.db
C19H31N2O17,-,559.16282,organic,NO3-,gas,HTOF-CIMS,Chao Yan,CERN CLOUD chamber,chamber,,CLOUD10,"Yan et al., 2020, Sci. Adv.",peakList_CLOUD10_NOx_checked_v2.db
C18H26NO19,-,560.11045,organic,NO3-,gas,HTOF-CIMS,Chao Yan,CERN CLOUD chamber,chamber,,CLOUD10,"Yan et al., 2020, Sci. Adv.",peakList_CLOUD10_NOx_checked_v2.db
C19H30NO18,-,560.14684,organic,NO3-,gas,HTOF-CIMS,Chao Yan,CERN CLOUD chamber,chamber,,CLOUD10,"Yan et al., 2020, Sci. Adv.",peakList_CLOUD10_NOx_checked_v2.db
C20H34NO17,-,560.18322,organic,NO3-,gas,HTOF-CIMS,Chao Yan,CERN CLOUD chamber,chamber,,CLOUD10,"Yan et al., 2020, Sci. Adv.",peakList_CLOUD10_NOx_checked_v2.db
C17H25N2O19,-,561.10570,organic,NO3-,gas,HTOF-CIMS,Chao Yan,CERN CLOUD chamber,chamber,,CLOUD10,"Yan et al., 2020, Sci. Adv.",peakList_CLOUD10_NOx_checked_v2.db
C18H29N2O18,-,561.14209,organic,NO3-,gas,HTOF-CIMS,Chao Yan,CERN CLOUD chamber,chamber,,CLOUD10,"Yan et al., 2020, Sci. Adv.",peakList_CLOUD10_NOx_checked_v2.db
C17H24NO20,-,562.08972,organic,NO3-,gas,HTOF-CIMS,Chao Yan,CERN CLOUD chamber,chamber,,CLOUD10,"Yan et al., 2020, Sci. Adv.",peakList_CLOUD10_NOx_checked_v2.db
C18H28NO19,-,562.12610,organic,NO3-,gas,HTOF-CIMS,Chao Yan,CERN CLOUD chamber,chamber,,CLOUD10,"Yan et al., 2020, Sci. Adv.",peakList_CLOUD10_NOx_checked_v2.db
C19H32NO18,-,562.16249,organic,NO3-,gas,HTOF-CIMS,Chao Yan,CERN CLOUD chamber,chamber,,CLOUD10,"Yan et al., 2020, Sci. Adv.",peakList_CLOUD10_NOx_checked_v2.db
C16H23N2O20,-,563.08496,organic,NO3-,gas,HTOF-CIMS,Chao Yan,CERN CLOUD chamber,chamber,,CLOUD10,"Yan et al., 2020, Sci. Adv.",peakList_CLOUD10_NOx_checked_v2.db
C17H27N2O19,-,563.12135,organic,NO3-,gas,HTOF-CIMS,Chao Yan,CERN CLOUD chamber,chamber,,CLOUD10,"Yan et al., 2020, Sci. Adv.",peakList_CLOUD10_NOx_checked_v2.db
C16H22NO21,-,564.06898,organic,NO3-,gas,HTOF-CIMS,Chao Yan,CERN CLOUD chamber,chamber,,CLOUD10,"Yan et al., 2020, Sci. Adv.",peakList_CLOUD10_NOx_checked_v2.db
C17H26NO20,-,564.10537,organic,NO3-,gas,HTOF-CIMS,Chao Yan,CERN CLOUD chamber,chamber,,CLOUD10,"Yan et al., 2020, Sci. Adv.",peakList_CLOUD10_NOx_checked_v2.db
C18H30NO19,-,564.14175,organic,NO3-,gas,HTOF-CIMS,Chao Yan,CERN CLOUD chamber,chamber,,CLOUD10,"Yan et al., 2020, Sci. Adv.",peakList_CLOUD10_NOx_checked_v2.db
C16H25N2O20,-,565.10061,organic,NO3-,gas,HTOF-CIMS,Chao Yan,CERN CLOUD chamber,chamber,,CLOUD10,"Yan et al., 2020, Sci. Adv.",peakList_CLOUD10_NOx_checked_v2.db
C15H20NO22,-,566.04824,organic,NO3-,gas,HTOF-CIMS,Chao Yan,CERN CLOUD chamber,chamber,,CLOUD10,"Yan et al., 2020, Sci. Adv.",peakList_CLOUD10_NOx_checked_v2.db
C16H24NO21,-,566.08463,organic,NO3-,gas,HTOF-CIMS,Chao Yan,CERN CLOUD chamber,chamber,,CLOUD10,"Yan et al., 2020, Sci. Adv.",peakList_CLOUD10_NOx_checked_v2.db
C17H28NO20,-,566.12102,organic,NO3-,gas,HTOF-CIMS,Chao Yan,CERN CLOUD chamber,chamber,,CLOUD10,"Yan et al., 2020, Sci. Adv.",peakList_CLOUD10_NOx_checked_v2.db
C15H23N2O21,-,567.07988,organic,NO3-,gas,HTOF-CIMS,Chao Yan,CERN CLOUD chamber,chamber,,CLOUD10,"Yan et al., 2020, Sci. Adv.",peakList_CLOUD10_NOx_checked_v2.db
C20H31N3O16,-,569.17098,organic,NO3-,gas,HTOF-CIMS,Chao Yan,CERN CLOUD chamber,chamber,,CLOUD10,"Yan et al., 2020, Sci. Adv.",peakList_CLOUD10_NOx_checked_v2.db
C20H32N3O16,-,570.17881,organic,NO3-,gas,HTOF-CIMS,Chao Yan,CERN CLOUD chamber,chamber,,CLOUD10,"Yan et al., 2020, Sci. Adv.",peakList_CLOUD10_NOx_checked_v2.db
C20H31N2O17,-,571.16282,organic,NO3-,gas,HTOF-CIMS,Chao Yan,CERN CLOUD chamber,chamber,,CLOUD10,"Yan et al., 2020, Sci. Adv.",peakList_CLOUD10_NOx_checked_v2.db
C20H30NO18,-,572.14684,organic,NO3-,gas,HTOF-CIMS,Chao Yan,CERN CLOUD chamber,chamber,,CLOUD10,"Yan et al., 2020, Sci. Adv.",peakList_CLOUD10_NOx_checked_v2.db
C19H29N2O18,-,573.14209,organic,NO3-,gas,HTOF-CIMS,Chao Yan,CERN CLOUD chamber,chamber,,CLOUD10,"Yan et al., 2020, Sci. Adv.",peakList_CLOUD10_NOx_checked_v2.db
C20H33N2O17,-,573.17847,organic,NO3-,gas,HTOF-CIMS,Chao Yan,CERN CLOUD chamber,chamber,,CLOUD10,"Yan et al., 2020, Sci. Adv.",peakList_CLOUD10_NOx_checked_v2.db
C19H28NO19,-,574.12610,organic,NO3-,gas,HTOF-CIMS,Chao Yan,CERN CLOUD chamber,chamber,,CLOUD10,"Yan et al., 2020, Sci. Adv.",peakList_CLOUD10_NOx_checked_v2.db
C20H32NO18,-,574.16249,organic,NO3-,gas,HTOF-CIMS,Chao Yan,CERN CLOUD chamber,chamber,,CLOUD10,"Yan et al., 2020, Sci. Adv.",peakList_CLOUD10_NOx_checked_v2.db
C18H27N2O19,-,575.12135,organic,NO3-,gas,HTOF-CIMS,Chao Yan,CERN CLOUD chamber,chamber,,CLOUD10,"Yan et al., 2020, Sci. Adv.",peakList_CLOUD10_NOx_checked_v2.db
C19H31N2O18,-,575.15774,organic,NO3-,gas,HTOF-CIMS,Chao Yan,CERN CLOUD chamber,chamber,,CLOUD10,"Yan et al., 2020, Sci. Adv.",peakList_CLOUD10_NOx_checked_v2.db
C18H26NO20,-,576.10537,organic,NO3-,gas,HTOF-CIMS,Chao Yan,CERN CLOUD chamber,chamber,,CLOUD10,"Yan et al., 2020, Sci. Adv.",peakList_CLOUD10_NOx_checked_v2.db
C19H30NO19,-,576.14175,organic,NO3-,gas,HTOF-CIMS,Chao Yan,CERN CLOUD chamber,chamber,,CLOUD10,"Yan et al., 2020, Sci. Adv.",peakList_CLOUD10_NOx_checked_v2.db
C20H34NO18,-,576.17814,organic,NO3-,gas,HTOF-CIMS,Chao Yan,CERN CLOUD chamber,chamber,,CLOUD10,"Yan et al., 2020, Sci. Adv.",peakList_CLOUD10_NOx_checked_v2.db
C17H25N2O20,-,577.10061,organic,NO3-,gas,HTOF-CIMS,Chao Yan,CERN CLOUD chamber,chamber,,CLOUD10,"Yan et al., 2020, Sci. Adv.",peakList_CLOUD10_NOx_checked_v2.db
C18H29N2O19,-,577.13700,organic,NO3-,gas,HTOF-CIMS,Chao Yan,CERN CLOUD chamber,chamber,,CLOUD10,"Yan et al., 2020, Sci. Adv.",peakList_CLOUD10_NOx_checked_v2.db
C17H24NO21,-,578.08463,organic,NO3-,gas,HTOF-CIMS,Chao Yan,CERN CLOUD chamber,chamber,,CLOUD10,"Yan et al., 2020, Sci. Adv.",peakList_CLOUD10_NOx_checked_v2.db
C18H28NO20,-,578.12102,organic,NO3-,gas,HTOF-CIMS,Chao Yan,CERN CLOUD chamber,chamber,,CLOUD10,"Yan et al., 2020, Sci. Adv.",peakList_CLOUD10_NOx_checked_v2.db
C19H32NO19,-,578.15740,organic,NO3-,gas,HTOF-CIMS,Chao Yan,CERN CLOUD chamber,chamber,,CLOUD10,"Yan et al., 2020, Sci. Adv.",peakList_CLOUD10_NOx_checked_v2.db
C16H23N2O21,-,579.07988,organic,NO3-,gas,HTOF-CIMS,Chao Yan,CERN CLOUD chamber,chamber,,CLOUD10,"Yan et al., 2020, Sci. Adv.",peakList_CLOUD10_NOx_checked_v2.db
C17H27N2O20,-,579.11626,organic,NO3-,gas,HTOF-CIMS,Chao Yan,CERN CLOUD chamber,chamber,,CLOUD10,"Yan et al., 2020, Sci. Adv.",peakList_CLOUD10_NOx_checked_v2.db
C16H22NO22,-,580.06389,organic,NO3-,gas,HTOF-CIMS,Chao Yan,CERN CLOUD chamber,chamber,,CLOUD10,"Yan et al., 2020, Sci. Adv.",peakList_CLOUD10_NOx_checked_v2.db
C17H26NO21,-,580.10028,organic,NO3-,gas,HTOF-CIMS,Chao Yan,CERN CLOUD chamber,chamber,,CLOUD10,"Yan et al., 2020, Sci. Adv.",peakList_CLOUD10_NOx_checked_v2.db
C18H30NO20,-,580.13667,organic,NO3-,gas,HTOF-CIMS,Chao Yan,CERN CLOUD chamber,chamber,,CLOUD10,"Yan et al., 2020, Sci. Adv.",peakList_CLOUD10_NOx_checked_v2.db
C16H25N2O21,-,581.09553,organic,NO3-,gas,HTOF-CIMS,Chao Yan,CERN CLOUD chamber,chamber,,CLOUD10,"Yan et al., 2020, Sci. Adv.",peakList_CLOUD10_NOx_checked_v2.db
C15H20NO23,-,582.04316,organic,NO3-,gas,HTOF-CIMS,Chao Yan,CERN CLOUD chamber,chamber,,CLOUD10,"Yan et al., 2020, Sci. Adv.",peakList_CLOUD10_NOx_checked_v2.db
C16H24NO22,-,582.07954,organic,NO3-,gas,HTOF-CIMS,Chao Yan,CERN CLOUD chamber,chamber,,CLOUD10,"Yan et al., 2020, Sci. Adv.",peakList_CLOUD10_NOx_checked_v2.db
C17H28NO21,-,582.11593,organic,NO3-,gas,HTOF-CIMS,Chao Yan,CERN CLOUD chamber,chamber,,CLOUD10,"Yan et al., 2020, Sci. Adv.",peakList_CLOUD10_NOx_checked_v2.db
C15H23N2O22,-,583.07479,organic,NO3-,gas,HTOF-CIMS,Chao Yan,CERN CLOUD chamber,chamber,,CLOUD10,"Yan et al., 2020, Sci. Adv.",peakList_CLOUD10_NOx_checked_v2.db
C20H32N3O17,-,586.17372,organic,NO3-,gas,HTOF-CIMS,Chao Yan,CERN CLOUD chamber,chamber,,CLOUD10,"Yan et al., 2020, Sci. Adv.",peakList_CLOUD10_NOx_checked_v2.db
C20H31N2O18,-,587.15774,organic,NO3-,gas,HTOF-CIMS,Chao Yan,CERN CLOUD chamber,chamber,,CLOUD10,"Yan et al., 2020, Sci. Adv.",peakList_CLOUD10_NOx_checked_v2.db
C20H30NO19,-,588.14175,organic,NO3-,gas,HTOF-CIMS,Chao Yan,CERN CLOUD chamber,chamber,,CLOUD10,"Yan et al., 2020, Sci. Adv.",peakList_CLOUD10_NOx_checked_v2.db
C19H29N2O19,-,589.13700,organic,NO3-,gas,HTOF-CIMS,Chao Yan,CERN CLOUD chamber,chamber,,CLOUD10,"Yan et al., 2020, Sci. Adv.",peakList_CLOUD10_NOx_checked_v2.db
C20H33N2O18,-,589.17339,organic,NO3-,gas,HTOF-CIMS,Chao Yan,CERN CLOUD chamber,chamber,,CLOUD10,"Yan et al., 2020, Sci. Adv.",peakList_CLOUD10_NOx_checked_v2.db
C19H28NO20,-,590.12102,organic,NO3-,gas,HTOF-CIMS,Chao Yan,CERN CLOUD chamber,chamber,,CLOUD10,"Yan et al., 2020, Sci. Adv.",peakList_CLOUD10_NOx_checked_v2.db
C20H32NO19,-,590.15740,organic,NO3-,gas,HTOF-CIMS,Chao Yan,CERN CLOUD chamber,chamber,,CLOUD10,"Yan et al., 2020, Sci. Adv.",peakList_CLOUD10_NOx_checked_v2.db
C18H27N2O20,-,591.11626,organic,NO3-,gas,HTOF-CIMS,Chao Yan,CERN CLOUD chamber,chamber,,CLOUD10,"Yan et al., 2020, Sci. Adv.",peakList_CLOUD10_NOx_checked_v2.db
C19H31N2O19,-,591.15265,organic,NO3-,gas,HTOF-CIMS,Chao Yan,CERN CLOUD chamber,chamber,,CLOUD10,"Yan et al., 2020, Sci. Adv.",peakList_CLOUD10_NOx_checked_v2.db
C18H26NO21,-,592.10028,organic,NO3-,gas,HTOF-CIMS,Chao Yan,CERN CLOUD chamber,chamber,,CLOUD10,"Yan et al., 2020, Sci. Adv.",peakList_CLOUD10_NOx_checked_v2.db
C19H30NO20,-,592.13667,organic,NO3-,gas,HTOF-CIMS,Chao Yan,CERN CLOUD chamber,chamber,,CLOUD10,"Yan et al., 2020, Sci. Adv.",peakList_CLOUD10_NOx_checked_v2.db
C20H34NO19,-,592.17305,organic,NO3-,gas,HTOF-CIMS,Chao Yan,CERN CLOUD chamber,chamber,,CLOUD10,"Yan et al., 2020, Sci. Adv.",peakList_CLOUD10_NOx_checked_v2.db
C17H25N2O21,-,593.09553,organic,NO3-,gas,HTOF-CIMS,Chao Yan,CERN CLOUD chamber,chamber,,CLOUD10,"Yan et al., 2020, Sci. Adv.",peakList_CLOUD10_NOx_checked_v2.db
C18H29N2O20,-,593.13191,organic,NO3-,gas,HTOF-CIMS,Chao Yan,CERN CLOUD chamber,chamber,,CLOUD10,"Yan et al., 2020, Sci. Adv.",peakList_CLOUD10_NOx_checked_v2.db
C17H24NO22,-,594.07954,organic,NO3-,gas,HTOF-CIMS,Chao Yan,CERN CLOUD chamber,chamber,,CLOUD10,"Yan et al., 2020, Sci. Adv.",peakList_CLOUD10_NOx_checked_v2.db
C18H28NO21,-,594.11593,organic,NO3-,gas,HTOF-CIMS,Chao Yan,CERN CLOUD chamber,chamber,,CLOUD10,"Yan et al., 2020, Sci. Adv.",peakList_CLOUD10_NOx_checked_v2.db
C19H32NO20,-,594.15232,organic,NO3-,gas,HTOF-CIMS,Chao Yan,CERN CLOUD chamber,chamber,,CLOUD10,"Yan et al., 2020, Sci. Adv.",peakList_CLOUD10_NOx_checked_v2.db
C16H23N2O22,-,595.07479,organic,NO3-,gas,HTOF-CIMS,Chao Yan,CERN CLOUD chamber,chamber,,CLOUD10,"Yan et al., 2020, Sci. Adv.",peakList_CLOUD10_NOx_checked_v2.db
C17H27N2O21,-,595.11118,organic,NO3-,gas,HTOF-CIMS,Chao Yan,CERN CLOUD chamber,chamber,,CLOUD10,"Yan et al., 2020, Sci. Adv.",peakList_CLOUD10_NOx_checked_v2.db
C16H22NO23,-,596.05881,organic,NO3-,gas,HTOF-CIMS,Chao Yan,CERN CLOUD chamber,chamber,,CLOUD10,"Yan et al., 2020, Sci. Adv.",peakList_CLOUD10_NOx_checked_v2.db
C17H26NO22,-,596.09520,organic,NO3-,gas,HTOF-CIMS,Chao Yan,CERN CLOUD chamber,chamber,,CLOUD10,"Yan et al., 2020, Sci. Adv.",peakList_CLOUD10_NOx_checked_v2.db
C18H30NO21,-,596.13158,organic,NO3-,gas,HTOF-CIMS,Chao Yan,CERN CLOUD chamber,chamber,,CLOUD10,"Yan et al., 2020, Sci. Adv.",peakList_CLOUD10_NOx_checked_v2.db
C16H25N2O22,-,597.09044,organic,NO3-,gas,HTOF-CIMS,Chao Yan,CERN CLOUD chamber,chamber,,CLOUD10,"Yan et al., 2020, Sci. Adv.",peakList_CLOUD10_NOx_checked_v2.db
C20H31N3O18,-,601.16081,organic,NO3-,gas,HTOF-CIMS,Chao Yan,CERN CLOUD chamber,chamber,,CLOUD10,"Yan et al., 2020, Sci. Adv.",peakList_CLOUD10_NOx_checked_v2.db
C20H32N3O18,-,602.16863,organic,NO3-,gas,HTOF-CIMS,Chao Yan,CERN CLOUD chamber,chamber,,CLOUD10,"Yan et al., 2020, Sci. Adv.",peakList_CLOUD10_NOx_checked_v2.db
C20H31N2O19,-,603.15265,organic,NO3-,gas,HTOF-CIMS,Chao Yan,CERN CLOUD chamber,chamber,,CLOUD10,"Yan et al., 2020, Sci. Adv.",peakList_CLOUD10_NOx_checked_v2.db
C20H30NO20,-,604.13667,organic,NO3-,gas,HTOF-CIMS,Chao Yan,CERN CLOUD chamber,chamber,,CLOUD10,"Yan et al., 2020, Sci. Adv.",peakList_CLOUD10_NOx_checked_v2.db
C19H29N2O20,-,605.13191,organic,NO3-,gas,HTOF-CIMS,Chao Yan,CERN CLOUD chamber,chamber,,CLOUD10,"Yan et al., 2020, Sci. Adv.",peakList_CLOUD10_NOx_checked_v2.db
C20H33N2O19,-,605.16830,organic,NO3-,gas,HTOF-CIMS,Chao Yan,CERN CLOUD chamber,chamber,,CLOUD10,"Yan et al., 2020, Sci. Adv.",peakList_CLOUD10_NOx_checked_v2.db
C19H28NO21,-,606.11593,organic,NO3-,gas,HTOF-CIMS,Chao Yan,CERN CLOUD chamber,chamber,,CLOUD10,"Yan et al., 2020, Sci. Adv.",peakList_CLOUD10_NOx_checked_v2.db
C20H32NO20,-,606.15232,organic,NO3-,gas,HTOF-CIMS,Chao Yan,CERN CLOUD chamber,chamber,,CLOUD10,"Yan et al., 2020, Sci. Adv.",peakList_CLOUD10_NOx_checked_v2.db
C18H27N2O21,-,607.11118,organic,NO3-,gas,HTOF-CIMS,Chao Yan,CERN CLOUD chamber,chamber,,CLOUD10,"Yan et al., 2020, Sci. Adv.",peakList_CLOUD10_NOx_checked_v2.db
C19H31N2O20,-,607.14756,organic,NO3-,gas,HTOF-CIMS,Chao Yan,CERN CLOUD chamber,chamber,,CLOUD10,"Yan et al., 2020, Sci. Adv.",peakList_CLOUD10_NOx_checked_v2.db
C20H32N3O19,-,618.16355,organic,NO3-,gas,HTOF-CIMS,Chao Yan,CERN CLOUD chamber,chamber,,CLOUD10,"Yan et al., 2020, Sci. Adv.",peakList_CLOUD10_NOx_checked_v2.db
C19H29N3O20,-,619.13499,organic,NO3-,gas,HTOF-CIMS,Chao Yan,CERN CLOUD chamber,chamber,,CLOUD10,"Yan et al., 2020, Sci. Adv.",peakList_CLOUD10_NOx_checked_v2.db
C20H31N2O20,-,619.14756,organic,NO3-,gas,HTOF-CIMS,Chao Yan,CERN CLOUD chamber,chamber,,CLOUD10,"Yan et al., 2020, Sci. Adv.",peakList_CLOUD10_NOx_checked_v2.db
C20H33N3O19,-,619.17137,organic,NO3-,gas,HTOF-CIMS,Chao Yan,CERN CLOUD chamber,chamber,,CLOUD10,"Yan et al., 2020, Sci. Adv.",peakList_CLOUD10_NOx_checked_v2.db
C20H30NO21,-,620.13158,organic,NO3-,gas,HTOF-CIMS,Chao Yan,CERN CLOUD chamber,chamber,,CLOUD10,"Yan et al., 2020, Sci. Adv.",peakList_CLOUD10_NOx_checked_v2.db
C18H27N3O21,-,621.11425,organic,NO3-,gas,HTOF-CIMS,Chao Yan,CERN CLOUD chamber,chamber,,CLOUD10,"Yan et al., 2020, Sci. Adv.",peakList_CLOUD10_NOx_checked_v2.db
C19H29N2O21,-,621.12683,organic,NO3-,gas,HTOF-CIMS,Chao Yan,CERN CLOUD chamber,chamber,,CLOUD10,"Yan et al., 2020, Sci. Adv.",peakList_CLOUD10_NOx_checked_v2.db
C19H31N3O20,-,621.15064,organic,NO3-,gas,HTOF-CIMS,Chao Yan,CERN CLOUD chamber,chamber,,CLOUD10,"Yan et al., 2020, Sci. Adv.",peakList_CLOUD10_NOx_checked_v2.db
C20H33N2O20,-,621.16322,organic,NO3-,gas,HTOF-CIMS,Chao Yan,CERN CLOUD chamber,chamber,,CLOUD10,"Yan et al., 2020, Sci. Adv.",peakList_CLOUD10_NOx_checked_v2.db
C19H28NO22,-,622.11085,organic,NO3-,gas,HTOF-CIMS,Chao Yan,CERN CLOUD chamber,chamber,,CLOUD10,"Yan et al., 2020, Sci. Adv.",peakList_CLOUD10_NOx_checked_v2.db
C20H32NO21,-,622.14723,organic,NO3-,gas,HTOF-CIMS,Chao Yan,CERN CLOUD chamber,chamber,,CLOUD10,"Yan et al., 2020, Sci. Adv.",peakList_CLOUD10_NOx_checked_v2.db
C20H32N3O20,-,634.15846,organic,NO3-,gas,HTOF-CIMS,Chao Yan,CERN CLOUD chamber,chamber,,CLOUD10,"Yan et al., 2020, Sci. Adv.",peakList_CLOUD10_NOx_checked_v2.db
C20H31N2O21,-,635.14248,organic,NO3-,gas,HTOF-CIMS,Chao Yan,CERN CLOUD chamber,chamber,,CLOUD10,"Yan et al., 2020, Sci. Adv.",peakList_CLOUD10_NOx_checked_v2.db
C20H33N3O20,-,635.16629,organic,NO3-,gas,HTOF-CIMS,Chao Yan,CERN CLOUD chamber,chamber,,CLOUD10,"Yan et al., 2020, Sci. Adv.",peakList_CLOUD10_NOx_checked_v2.db
C20H30NO22,-,636.12650,organic,NO3-,gas,HTOF-CIMS,Chao Yan,CERN CLOUD chamber,chamber,,CLOUD10,"Yan et al., 2020, Sci. Adv.",peakList_CLOUD10_NOx_checked_v2.db
NO2,-,45.99345,inorganic,NO3-,gas,LTOF-CIMS,Chao Yan,Beijing urban (BUCT),atmosphere,urban,BUCT long-term,"Guo et al., 2022, ACP",Beijing_Latest_peaklist_20190420.db
C2H3O2,-,59.01385,organic,NO3-,gas,LTOF-CIMS,Chao Yan,Beijing urban (BUCT),atmosphere,urban,BUCT long-term,"Guo et al., 2022, ACP",Beijing_Latest_peaklist_20190420.db
CO3,-,59.98529,organic,NO3-,gas,LTOF-CIMS,Chao Yan,Beijing urban (BUCT),atmosphere,urban,BUCT long-term,"Guo et al., 2022, ACP",Beijing_Latest_peaklist_20190420.db
CHO3,-,60.99312,organic,NO3-,gas,LTOF-CIMS,Chao Yan,Beijing urban (BUCT),atmosphere,urban,BUCT long-term,"Guo et al., 2022, ACP",Beijing_Latest_peaklist_20190420.db
NO3,-,61.98837,reagent,NO3-,gas,LTOF-CIMS,Chao Yan,Beijing urban (BUCT),atmosphere,urban,BUCT long-term,"Guo et al., 2022, ACP",Beijing_Latest_peaklist_20190420.db
CF3,-,68.99576,organic,NO3-,gas,LTOF-CIMS,Chao Yan,Beijing urban (BUCT),atmosphere,urban,BUCT long-term,"Guo et al., 2022, ACP",Beijing_Latest_peaklist_20190420.db
CH3F2O,-,69.01574,organic,NO3-,gas,LTOF-CIMS,Chao Yan,Beijing urban (BUCT),atmosphere,urban,BUCT long-term,"Guo et al., 2022, ACP",Beijing_Latest_peaklist_20190420.db
C3H3O2,-,71.01385,organic,NO3-,gas,LTOF-CIMS,Chao Yan,Beijing urban (BUCT),atmosphere,urban,BUCT long-term,"Guo et al., 2022, ACP",Beijing_Latest_peaklist_20190420.db
C4H7O,-,71.05024,organic,NO3-,gas,LTOF-CIMS,Chao Yan,Beijing urban (BUCT),atmosphere,urban,BUCT long-term,"Guo et al., 2022, ACP",Beijing_Latest_peaklist_20190420.db
C2HO3,-,72.99312,organic,NO3-,gas,LTOF-CIMS,Chao Yan,Beijing urban (BUCT),atmosphere,urban,BUCT long-term,"Guo et al., 2022, ACP",Beijing_Latest_peaklist_20190420.db
C3H5O2,-,73.02950,organic,NO3-,gas,LTOF-CIMS,Chao Yan,Beijing urban (BUCT),atmosphere,urban,BUCT long-term,"Guo et al., 2022, ACP",Beijing_Latest_peaklist_20190420.db
Br,-,78.91889,inorganic,NO3-,gas,LTOF-CIMS,Chao Yan,Beijing urban (BUCT),atmosphere,urban,BUCT long-term,"Guo et al., 2022, ACP",Beijing_Latest_peaklist_20190420.db
O3S,-,79.95736,inorganic,NO3-,gas,LTOF-CIMS,Chao Yan,Beijing urban (BUCT),atmosphere,urban,BUCT long-term,"Guo et al., 2022, ACP",Beijing_Latest_peaklist_20190420.db
H2NO4,-,79.99893,inorganic,NO3-,gas,LTOF-CIMS,Chao Yan,Beijing urban (BUCT),atmosphere,urban,BUCT long-term,"Guo et al., 2022, ACP",Beijing_Latest_peaklist_20190420.db
C3HO3,-,84.99312,organic,NO3-,gas,LTOF-CIMS,Chao Yan,Beijing urban (BUCT),atmosphere,urban,BUCT long-term,"Guo et al., 2022, ACP",Beijing_Latest_peaklist_20190420.db
C4H5O2,-,85.02950,organic,NO3-,gas,LTOF-CIMS,Chao Yan,Beijing urban (BUCT),atmosphere,urban,BUCT long-term,"Guo et al., 2022, ACP",Beijing_Latest_peaklist_20190420.db
CH2F3O,-,87.00632,organic,NO3-,gas,LTOF-CIMS,Chao Yan,Beijing urban (BUCT),atmosphere,urban,BUCT long-term,"Guo et al., 2022, ACP",Beijing_Latest_peaklist_20190420.db
C3H3O3,-,87.00877,organic,NO3-,gas,LTOF-CIMS,Chao Yan,Beijing urban (BUCT),atmosphere,urban,BUCT long-term,"Guo et al., 2022, ACP",Beijing_Latest_peaklist_20190420.db
C3H5O3,-,89.02442,organic,NO3-,gas,LTOF-CIMS,Chao Yan,Beijing urban (BUCT),atmosphere,urban,BUCT long-term,"Guo et al., 2022, ACP",Beijing_Latest_peaklist_20190420.db
HN2O4,-,92.99418,inorganic,NO3-,gas,LTOF-CIMS,Chao Yan,Beijing urban (BUCT),atmosphere,urban,BUCT long-term,"Guo et al., 2022, ACP",Beijing_Latest_peaklist_20190420.db
CH3O3S,-,94.98084,organic,NO3-,gas,LTOF-CIMS,Chao Yan,Beijing urban (BUCT),atmosphere,urban,BUCT long-term,"Guo et al., 2022, ACP",Beijing_Latest_peaklist_20190420.db
HNO5,-,94.98602,inorganic,NO3-,gas,LTOF-CIMS,Chao Yan,Beijing urban (BUCT),atmosphere,urban,BUCT long-term,"Guo et al., 2022, ACP",Beijing_Latest_peaklist_20190420.db
C2HF2O2,-,94.99501,organic,NO3-,gas,LTOF-CIMS,Chao Yan,Beijing urban (BUCT),atmosphere,urban,BUCT long-term,"Guo et al., 2022, ACP",Beijing_Latest_peaklist_20190420.db
C5H3O2,-,95.01385,organic,NO3-,gas,LTOF-CIMS,Chao Yan,Beijing urban (BUCT),atmosphere,urban,BUCT long-term,"Guo et al., 2022, ACP",Beijing_Latest_peaklist_20190420.db
O4S,-,95.95228,inorganic,NO3-,gas,LTOF-CIMS,Chao Yan,Beijing urban (BUCT),atmosphere,urban,BUCT long-term,"Guo et al., 2022, ACP",Beijing_Latest_peaklist_20190420.db
H2NO5,-,95.99385,inorganic,NO3-,gas,LTOF-CIMS,Chao Yan,Beijing urban (BUCT),atmosphere,urban,BUCT long-term,"Guo et al., 2022, ACP",Beijing_Latest_peaklist_20190420.db
HO4S,-,96.96010,inorganic,NO3-,gas,LTOF-CIMS,Chao Yan,Beijing urban (BUCT),atmosphere,urban,BUCT long-term,"Guo et al., 2022, ACP",Beijing_Latest_peaklist_20190420.db
H4NO5,-,98.00950,inorganic,NO3-,gas,LTOF-CIMS,Chao Yan,Beijing urban (BUCT),atmosphere,urban,BUCT long-term,"Guo et al., 2022, ACP",Beijing_Latest_peaklist_20190420.db
C4H3O3,-,99.00877,organic,NO3-,gas,LTOF-CIMS,Chao Yan,Beijing urban (BUCT),atmosphere,urban,BUCT long-term,"Guo et al., 2022, ACP",Beijing_Latest_peaklist_20190420.db
C5H7O2,-,99.04515,organic,NO3-,gas,LTOF-CIMS,Chao Yan,Beijing urban (BUCT),atmosphere,urban,BUCT long-term,"Guo et al., 2022, ACP",Beijing_Latest_peaklist_20190420.db
C3HO4,-,100.98803,organic,NO3-,gas,LTOF-CIMS,Chao Yan,Beijing urban (BUCT),atmosphere,urban,BUCT long-term,"Guo et al., 2022, ACP",Beijing_Latest_peaklist_20190420.db
C2HF4,-,101.00199,organic,NO3-,gas,LTOF-CIMS,Chao Yan,Beijing urban (BUCT),atmosphere,urban,BUCT long-term,"Guo et al., 2022, ACP",Beijing_Latest_peaklist_20190420.db
C4H5O3,-,101.02442,organic,NO3-,gas,LTOF-CIMS,Chao Yan,Beijing urban (BUCT),atmosphere,urban,BUCT long-term,"Guo et al., 2022, ACP",Beijing_Latest_peaklist_20190420.db
C3H3O4,-,103.00368,organic,NO3-,gas,LTOF-CIMS,Chao Yan,Beijing urban (BUCT),atmosphere,urban,BUCT long-term,"Guo et al., 2022, ACP",Beijing_Latest_peaklist_20190420.db
CH2NO5,-,107.99385,organic,NO3-,gas,LTOF-CIMS,Chao Yan,Beijing urban (BUCT),atmosphere,urban,BUCT long-term,"Guo et al., 2022, ACP",Beijing_Latest_peaklist_20190420.db
,,108.02150,unassigned,NO3-,gas,LTOF-CIMS,Chao Yan,Beijing urban (BUCT),atmosphere,urban,BUCT long-term,"Guo et al., 2022, ACP",Beijing_Latest_peaklist_20190420.db
HN2O5,-,108.98909,inorganic,NO3-,gas,LTOF-CIMS,Chao Yan,Beijing urban (BUCT),atmosphere,urban,BUCT long-term,"Guo et al., 2022, ACP",Beijing_Latest_peaklist_20190420.db
C5H3O3,-,111.00877,organic,NO3-,gas,LTOF-CIMS,Chao Yan,Beijing urban (BUCT),atmosphere,urban,BUCT long-term,"Guo et al., 2022, ACP",Beijing_Latest_peaklist_20190420.db
C6H7O2,-,111.04515,organic,NO3-,gas,LTOF-CIMS,Chao Yan,Beijing urban (BUCT),atmosphere,urban,BUCT long-term,"Guo et al., 2022, ACP",Beijing_Latest_peaklist_20190420.db
O5S,-,111.94719,inorganic,NO3-,gas,LTOF-CIMS,Chao Yan,Beijing urban (BUCT),atmosphere,urban,BUCT long-term,"Guo et al., 2022, ACP",Beijing_Latest_peaklist_20190420.db
C2F3O2,-,112.98559,organic,NO3-,gas,LTOF-CIMS,Chao Yan,Beijing urban (BUCT),atmosphere,urban,BUCT long-term,"Guo et al., 2022, ACP",Beijing_Latest_peaklist_20190420.db
C2H3F2O3,-,113.00557,organic,NO3-,gas,LTOF-CIMS,Chao Yan,Beijing urban (BUCT),atmosphere,urban,BUCT long-term,"Guo et al., 2022, ACP",Beijing_Latest_peaklist_20190420.db
C4H3O4,-,115.00368,organic,NO3-,gas,LTOF-CIMS,Chao Yan,Beijing urban (BUCT),atmosphere,urban,BUCT long-term,"Guo et al., 2022, ACP",Beijing_Latest_peaklist_20190420.db
C5H7O3,-,115.04007,organic,NO3-,gas,LTOF-CIMS,Chao Yan,Beijing urban (BUCT),atmosphere,urban,BUCT long-term,"Guo et al., 2022, ACP",Beijing_Latest_peaklist_20190420.db
C3H2NO4,-,115.99893,organic,NO3-,gas,LTOF-CIMS,Chao Yan,Beijing urban (BUCT),atmosphere,urban,BUCT long-term,"Guo et al., 2022, ACP",Beijing_Latest_peaklist_20190420.db
,,116.02930,unassigned,NO3-,gas,LTOF-CIMS,Chao Yan,Beijing urban (BUCT),atmosphere,urban,BUCT long-term,"Guo et al., 2022, ACP",Beijing_Latest_peaklist_20190420.db
C3HO5,-,116.98295,organic,NO3-,gas,LTOF-CIMS,Chao Yan,Beijing urban (BUCT),atmosphere,urban,BUCT long-term,"Guo et al., 2022, ACP",Beijing_Latest_peaklist_20190420.db
C4H5O4,-,117.01933,organic,NO3-,gas,LTOF-CIMS,Chao Yan,Beijing urban (BUCT),atmosphere,urban,BUCT long-term,"Guo et al., 2022, ACP",Beijing_Latest_peaklist_20190420.db
,,118.02970,unassigned,NO3-,gas,LTOF-CIMS,Chao Yan,Beijing urban (BUCT),atmosphere,urban,BUCT long-term,"Guo et al., 2022, ACP",Beijing_Latest_peaklist_20190420.db
C2F5,-,118.99256,organic,NO3-,gas,LTOF-CIMS,Chao Yan,Beijing urban (BUCT),atmosphere,urban,BUCT long-term,"Guo et al., 2022, ACP",Beijing_Latest_peaklist_20190420.db
C3H3O5,-,118.99860,organic,NO3-,gas,LTOF-CIMS,Chao Yan,Beijing urban (BUCT),atmosphere,urban,BUCT long-term,"Guo et al., 2022, ACP",Beijing_Latest_peaklist_20190420.db
C2H3F4O,-,119.01255,organic,NO3-,gas,LTOF-CIMS,Chao Yan,Beijing urban (BUCT),atmosphere,urban,BUCT long-term,"Guo et al., 2022, ACP",Beijing_Latest_peaklist_20190420.db
C4H7O4,-,119.03498,organic,NO3-,gas,LTOF-CIMS,Chao Yan,Beijing urban (BUCT),atmosphere,urban,BUCT long-term,"Guo et al., 2022, ACP",Beijing_Latest_peaklist_20190420.db
C7H5O2,-,121.02950,organic,NO3-,gas,LTOF-CIMS,Chao Yan,Beijing urban (BUCT),atmosphere,urban,BUCT long-term,"Guo et al., 2022, ACP",Beijing_Latest_peaklist_20190420.db
C2H4NO5,-,122.00950,organic,NO3-,gas,LTOF-CIMS,Chao Yan,Beijing urban (BUCT),atmosphere,urban,BUCT long-term,"Guo et al., 2022, ACP",Beijing_Latest_peaklist_20190420.db
C5H4N3O,-,122.03599,organic,NO3-,gas,LTOF-CIMS,Chao Yan,Beijing urban (BUCT),atmosphere,urban,BUCT long-term,"Guo et al., 2022, ACP",Beijing_Latest_peaklist_20190420.db
,,122.03630,unassigned,NO3-,gas,LTOF-CIMS,Chao Yan,Beijing urban (BUCT),atmosphere,urban,BUCT long-term,"Guo et al., 2022, ACP",Beijing_Latest_peaklist_20190420.db
C6H3O3,-,123.00877,organic,NO3-,gas,LTOF-CIMS,Chao Yan,Beijing urban (BUCT),atmosphere,urban,BUCT long-term,"Guo et al., 2022, ACP",Beijing_Latest_peaklist_20190420.db
CH2NO6,-,123.98876,organic,NO3-,gas,LTOF-CIMS,Chao Yan,Beijing urban (BUCT),atmosphere,urban,BUCT long-term,"Guo et al., 2022, ACP",Beijing_Latest_peaklist_20190420.db
HN2O6,-,124.98401,reagent,NO3-,gas,LTOF-CIMS,Chao Yan,Beijing urban (BUCT),atmosphere,urban,BUCT long-term,"Guo et al., 2022, ACP",Beijing_Latest_peaklist_20190420.db
C5H5O4,-,129.01933,organic,NO3-,gas,LTOF-CIMS,Chao Yan,Beijing urban (BUCT),atmosphere,urban,BUCT long-term,"Guo et al., 2022, ACP",Beijing_Latest_peaklist_20190420.db
,,130.95300,unassigned,NO3-,gas,LTOF-CIMS,Chao Yan,Beijing urban (BUCT),atmosphere,urban,BUCT long-term,"Guo et al., 2022, ACP",Beijing_Latest_peaklist_20190420.db
C2H2F3O3,-,130.99615,organic,NO3-,gas,LTOF-CIMS,Chao Yan,Beijing urban (BUCT),atmosphere,urban,BUCT long-term,"Guo et al., 2022, ACP",Beijing_Latest_peaklist_20190420.db
,,131.01000,unassigned,NO3-,gas,LTOF-CIMS,Chao Yan,Beijing urban (BUCT),atmosphere,urban,BUCT long-term,"Guo et al., 2022, ACP",Beijing_Latest_peaklist_20190420.db
C5H7O4,-,131.03498,organic,NO3-,gas,LTOF-CIMS,Chao Yan,Beijing urban (BUCT),atmosphere,urban,BUCT long-term,"Guo et al., 2022, ACP",Beijing_Latest_peaklist_20190420.db
C2H2N3O4,-,132.00508,organic,NO3-,gas,LTOF-CIMS,Chao Yan,Beijing urban (BUCT),atmosphere,urban,BUCT long-term,"Guo et al., 2022, ACP",Beijing_Latest_peaklist_20190420.db
C3H2F5,-,133.00821,organic,NO3-,gas,LTOF-CIMS,Chao Yan,Beijing urban (BUCT),atmosphere,urban,BUCT long-term,"Guo et al., 2022, ACP",Beijing_Latest_peaklist_20190420.db
C4H5O5,-,133.01425,organic,NO3-,gas,LTOF-CIMS,Chao Yan,Beijing urban (BUCT),atmosphere,urban,BUCT long-term,"Guo et al., 2022, ACP",Beijing_Latest_peaklist_20190420.db
CN3O5,-,133.98434,organic,NO3-,gas,LTOF-CIMS,Chao Yan,Beijing urban (BUCT),atmosphere,urban,BUCT long-term,"Guo et al., 2022, ACP",Beijing_Latest_peaklist_20190420.db
C3H4NO5,-,134.00950,organic,NO3-,gas,LTOF-CIMS,Chao Yan,Beijing urban (BUCT),atmosphere,urban,BUCT long-term,"Guo et al., 2022, ACP",Beijing_Latest_peaklist_20190420.db
C2H3N2O5,-,135.00474,organic,NO3-,gas,LTOF-CIMS,Chao Yan,Beijing urban (BUCT),atmosphere,urban,BUCT long-term,"Guo et al., 2022, ACP",Beijing_Latest_peaklist_20190420.db
C8H7O2,-,135.04515,organic,NO3-,gas,LTOF-CIMS,Chao Yan,Beijing urban (BUCT),atmosphere,urban,BUCT long-term,"Guo et al., 2022, ACP",Beijing_Latest_peaklist_20190420.db
C2H2NO6,-,135.98876,organic,NO3-,gas,LTOF-CIMS,Chao Yan,Beijing urban (BUCT),atmosphere,urban,BUCT long-term,"Guo et al., 2022, ACP",Beijing_Latest_peaklist_20190420.db
,,136.01380,unassigned,NO3-,gas,LTOF-CIMS,Chao Yan,Beijing urban (BUCT),atmosphere,urban,BUCT long-term,"Guo et al., 2022, ACP",Beijing_Latest_peaklist_20190420.db
,,136.03640,unassigned,NO3-,gas,LTOF-CIMS,Chao Yan,Beijing urban (BUCT),atmosphere,urban,BUCT long-term,"Guo et al., 2022, ACP",Beijing_Latest_peaklist_20190420.db
,,136.96600,unassigned,NO3-,gas,LTOF-CIMS,Chao Yan,Beijing urban (BUCT),atmosphere,urban,BUCT long-term,"Guo et al., 2022, ACP",Beijing_Latest_peaklist_20190420.db
C2H2F5O,-,137.00313,organic,NO3-,gas,LTOF-CIMS,Chao Yan,Beijing urban (BUCT),atmosphere,urban,BUCT long-term,"Guo et al., 2022, ACP",Beijing_Latest_peaklist_20190420.db
C7H5O3,-,137.02442,organic,NO3-,gas,LTOF-CIMS,Chao Yan,Beijing urban (BUCT),atmosphere,urban,BUCT long-term,"Guo et al., 2022, ACP",Beijing_Latest_peaklist_20190420.db
C6H4NO3,-,138.01967,organic,NO3-,gas,LTOF-CIMS,Chao Yan,Beijing urban (BUCT),atmosphere,urban,BUCT long-term,"Guo et al., 2022, ACP",Beijing_Latest_peaklist_20190420.db
,,140.97950,unassigned,NO3-,gas,LTOF-CIMS,Chao Yan,Beijing urban (BUCT),atmosphere,urban,BUCT long-term,"Guo et al., 2022, ACP",Beijing_Latest_peaklist_20190420.db
C6H5O4,-,141.01933,organic,NO3-,gas,LTOF-CIMS,Chao Yan,Beijing urban (BUCT),atmosphere,urban,BUCT long-term,"Guo et al., 2022, ACP",Beijing_Latest_peaklist_20190420.db
NO6S,-,141.94518,inorganic,NO3-,gas,LTOF-CIMS,Chao Yan,Beijing urban (BUCT),atmosphere,urban,BUCT long-term,"Guo et al., 2022, ACP",Beijing_Latest_peaklist_20190420.db
C5H4NO4,-,142.01458,organic,NO3-,gas,LTOF-CIMS,Chao Yan,Beijing urban (BUCT),atmosphere,urban,BUCT long-term,"Guo et al., 2022, ACP",Beijing_Latest_peaklist_20190420.db
C5H3O5,-,142.99860,organic,NO3-,gas,LTOF-CIMS,Chao Yan,Beijing urban (BUCT),atmosphere,urban,BUCT long-term,"Guo et al., 2022, ACP",Beijing_Latest_peaklist_20190420.db
C6H7O4,-,143.03498,organic,NO3-,gas,LTOF-CIMS,Chao Yan,Beijing urban (BUCT),atmosphere,urban,BUCT long-term,"Guo et al., 2022, ACP",Beijing_Latest_peaklist_20190420.db
C7H11O3,-,143.07137,organic,NO3-,gas,LTOF-CIMS,Chao Yan,Beijing urban (BUCT),atmosphere,urban,BUCT long-term,"Guo et al., 2022, ACP",Beijing_Latest_peaklist_20190420.db
C5H4O5,-,144.00642,organic,NO3-,gas,LTOF-CIMS,Chao Yan,Beijing urban (BUCT),atmosphere,urban,BUCT long-term,"Guo et al., 2022, ACP",Beijing_Latest_peaklist_20190420.db
C5H6NO4,-,144.03023,organic,NO3-,gas,LTOF-CIMS,Chao Yan,Beijing urban (BUCT),atmosphere,urban,BUCT long-term,"Guo et al., 2022, ACP",Beijing_Latest_peaklist_20190420.db
C3HF4O2,-,144.99182,organic,NO3-,gas,LTOF-CIMS,Chao Yan,Beijing urban (BUCT),atmosphere,urban,BUCT long-term,"Guo et al., 2022, ACP",Beijing_Latest_peaklist_20190420.db
C5H5O5,-,145.01425,organic,NO3-,gas,LTOF-CIMS,Chao Yan,Beijing urban (BUCT),atmosphere,urban,BUCT long-term,"Guo et al., 2022, ACP",Beijing_Latest_peaklist_20190420.db
C6H9O4,-,145.05063,organic,NO3-,gas,LTOF-CIMS,Chao Yan,Beijing urban (BUCT),atmosphere,urban,BUCT long-term,"Guo et al., 2022, ACP",Beijing_Latest_peaklist_20190420.db
C5H6O5,-,146.02207,organic,NO3-,gas,LTOF-CIMS,Chao Yan,Beijing urban (BUCT),atmosphere,urban,BUCT long-term,"Guo et al., 2022, ACP",Beijing_Latest_peaklist_20190420.db
C3H3N2O5,-,147.00474,organic,NO3-,gas,LTOF-CIMS,Chao Yan,Beijing urban (BUCT),atmosphere,urban,BUCT long-term,"Guo et al., 2022, ACP",Beijing_Latest_peaklist_20190420.db
C5H7O5,-,147.02990,organic,NO3-,gas,LTOF-CIMS,Chao Yan,Beijing urban (BUCT),atmosphere,urban,BUCT long-term,"Guo et al., 2022, ACP",Beijing_Latest_peaklist_20190420.db
C4H6NO5,-,148.02515,organic,NO3-,gas,LTOF-CIMS,Chao Yan,Beijing urban (BUCT),atmosphere,urban,BUCT long-term,"Guo et al., 2022, ACP",Beijing_Latest_peaklist_20190420.db
C3H5N2O5,-,149.02039,organic,NO3-,gas,LTOF-CIMS,Chao Yan,Beijing urban (BUCT),atmosphere,urban,BUCT long-term,"Guo et al., 2022, ACP",Beijing_Latest_peaklist_20190420.db
,,149.97980,unassigned,NO3-,gas,LTOF-CIMS,Chao Yan,Beijing urban (BUCT),atmosphere,urban,BUCT long-term,"Guo et al., 2022, ACP",Beijing_Latest_peaklist_20190420.db
C3H4NO6,-,150.00441,organic,NO3-,gas,LTOF-CIMS,Chao Yan,Beijing urban (BUCT),atmosphere,urban,BUCT long-term,"Guo et al., 2022, ACP",Beijing_Latest_peaklist_20190420.db
C4H6O6,-,150.01699,organic,NO3-,gas,LTOF-CIMS,Chao Yan,Beijing urban (BUCT),atmosphere,urban,BUCT long-term,"Guo et al., 2022, ACP",Beijing_Latest_peaklist_20190420.db
C3HF6,-,150.99879,organic,NO3-,gas,LTOF-CIMS,Chao Yan,Beijing urban (BUCT),atmosphere,urban,BUCT long-term,"Guo et al., 2022, ACP",Beijing_Latest_peaklist_20190420.db
C3H4F5O,-,151.01878,organic,NO3-,gas,LTOF-CIMS,Chao Yan,Beijing urban (BUCT),atmosphere,urban,BUCT long-term,"Guo et al., 2022, ACP",Beijing_Latest_peaklist_20190420.db
C3H7N2O5,-,151.03604,organic,NO3-,gas,LTOF-CIMS,Chao Yan,Beijing urban (BUCT),atmosphere,urban,BUCT long-term,"Guo et al., 2022, ACP",Beijing_Latest_peaklist_20190420.db
C2H2NO7,-,151.98367,organic,NO3-,gas,LTOF-CIMS,Chao Yan,Beijing urban (BUCT),atmosphere,urban,BUCT long-term,"Guo et al., 2022, ACP",Beijing_Latest_peaklist_20190420.db
C3H6NO6,-,152.02006,organic,NO3-,gas,LTOF-CIMS,Chao Yan,Beijing urban (BUCT),atmosphere,urban,BUCT long-term,"Guo et al., 2022, ACP",Beijing_Latest_peaklist_20190420.db
C7H6NO3,-,152.03532,organic,NO3-,gas,LTOF-CIMS,Chao Yan,Beijing urban (BUCT),atmosphere,urban,BUCT long-term,"Guo et al., 2022, ACP",Beijing_Latest_peaklist_20190420.db
C3H7NO6,-,153.02789,organic,NO3-,gas,LTOF-CIMS,Chao Yan,Beijing urban (BUCT),atmosphere,urban,BUCT long-term,"Guo et al., 2022, ACP",Beijing_Latest_peaklist_20190420.db
C8H9O3,-,153.05572,organic,NO3-,gas,LTOF-CIMS,Chao Yan,Beijing urban (BUCT),atmosphere,urban,BUCT long-term,"Guo et al., 2022, ACP",Beijing_Latest_peaklist_20190420.db
C6H4NO4,-,154.01458,organic,NO3-,gas,LTOF-CIMS,Chao Yan,Beijing urban (BUCT),atmosphere,urban,BUCT long-term,"Guo et al., 2022, ACP",Beijing_Latest_peaklist_20190420.db
C6H5NO4,-,155.02241,organic,NO3-,gas,LTOF-CIMS,Chao Yan,Beijing urban (BUCT),atmosphere,urban,BUCT long-term,"Guo et al., 2022, ACP",Beijing_Latest_peaklist_20190420.db
C7H7O4,-,155.03498,organic,NO3-,gas,LTOF-CIMS,Chao Yan,Beijing urban (BUCT),atmosphere,urban,BUCT long-term,"Guo et al., 2022, ACP",Beijing_Latest_peaklist_20190420.db
C2H3ClNO5,-,155.97052,organic,NO3-,gas,LTOF-CIMS,Chao Yan,Beijing urban (BUCT),atmosphere,urban,BUCT long-term,"Guo et al., 2022, ACP",Beijing_Latest_peaklist_20190420.db
C6H6NO4,-,156.03023,organic,NO3-,gas,LTOF-CIMS,Chao Yan,Beijing urban (BUCT),atmosphere,urban,BUCT long-term,"Guo et al., 2022, ACP",Beijing_Latest_peaklist_20190420.db
C6H5O5,-,157.01425,organic,NO3-,gas,LTOF-CIMS,Chao Yan,Beijing urban (BUCT),atmosphere,urban,BUCT long-term,"Guo et al., 2022, ACP",Beijing_Latest_peaklist_20190420.db
C7H9O4,-,157.05063,organic,NO3-,gas,LTOF-CIMS,Chao Yan,Beijing urban (BUCT),atmosphere,urban,BUCT long-term,"Guo et al., 2022, ACP",Beijing_Latest_peaklist_20190420.db
NO7S,-,157.94010,inorganic,NO3-,gas,LTOF-CIMS,Chao Yan,Beijing urban (BUCT),atmosphere,urban,BUCT long-term,"Guo et al., 2022, ACP",Beijing_Latest_peaklist_20190420.db
CH4NO6S,-,157.97648,organic,NO3-,gas,LTOF-CIMS,Chao Yan,Beijing urban (BUCT),atmosphere,urban,BUCT long-term,"Guo et al., 2022, ACP",Beijing_Latest_peaklist_20190420.db
C2H2F2NO5,-,157.99065,organic,NO3-,gas,LTOF-CIMS,Chao Yan,Beijing urban (BUCT),atmosphere,urban,BUCT long-term,"Guo et al., 2022, ACP",Beijing_Latest_peaklist_20190420.db
C5H4NO5,-,158.00950,organic,NO3-,gas,LTOF-CIMS,Chao Yan,Beijing urban (BUCT),atmosphere,urban,BUCT long-term,"Guo et al., 2022, ACP",Beijing_Latest_peaklist_20190420.db
C4H3N2O5,-,159.00474,organic,NO3-,gas,LTOF-CIMS,Chao Yan,Beijing urban (BUCT),atmosphere,urban,BUCT long-term,"Guo et al., 2022, ACP",Beijing_Latest_peaklist_20190420.db
C6H7O5,-,159.02990,organic,NO3-,gas,LTOF-CIMS,Chao Yan,Beijing urban (BUCT),atmosphere,urban,BUCT long-term,"Guo et al., 2022, ACP",Beijing_Latest_peaklist_20190420.db
C7H11O4,-,159.06628,organic,NO3-,gas,LTOF-CIMS,Chao Yan,Beijing urban (BUCT),atmosphere,urban,BUCT long-term,"Guo et al., 2022, ACP",Beijing_Latest_peaklist_20190420.db
H2NO7S,-,159.95575,inorganic,NO3-,gas,LTOF-CIMS,Chao Yan,Beijing urban (BUCT),atmosphere,urban,BUCT long-term,"Guo et al., 2022, ACP",Beijing_Latest_peaklist_20190420.db
C6H4ClFNO,-,159.99709,organic,NO3-,gas,LTOF-CIMS,Chao Yan,Beijing urban (BUCT),atmosphere,urban,BUCT long-term,"Guo et al., 2022, ACP",Beijing_Latest_peaklist_20190420.db
C5H6NO5,-,160.02515,organic,NO3-,gas,LTOF-CIMS,Chao Yan,Beijing urban (BUCT),atmosphere,urban,BUCT long-term,"Guo et al., 2022, ACP",Beijing_Latest_peaklist_20190420.db
C4H5N2O5,-,161.02039,organic,NO3-,gas,LTOF-CIMS,Chao Yan,Beijing urban (BUCT),atmosphere,urban,BUCT long-term,"Guo et al., 2022, ACP",Beijing_Latest_peaklist_20190420.db
C6H9O5,-,161.04555,organic,NO3-,gas,LTOF-CIMS,Chao Yan,Beijing urban (BUCT),atmosphere,urban,BUCT long-term,"Guo et al., 2022, ACP",Beijing_Latest_peaklist_20190420.db
C4H4NO6,-,162.00441,organic,NO3-,gas,LTOF-CIMS,Chao Yan,Beijing urban (BUCT),atmosphere,urban,BUCT long-term,"Guo et al., 2022, ACP",Beijing_Latest_peaklist_20190420.db
C5H8NO5,-,162.04080,organic,NO3-,gas,LTOF-CIMS,Chao Yan,Beijing urban (BUCT),atmosphere,urban,BUCT long-term,"Guo et al., 2022, ACP",Beijing_Latest_peaklist_20190420.db
C3F5O2,-,162.98239,organic,NO3-,gas,LTOF-CIMS,Chao Yan,Beijing urban (BUCT),atmosphere,urban,BUCT long-term,"Guo et al., 2022, ACP",Beijing_Latest_peaklist_20190420.db
C4H5NO6,-,163.01224,organic,NO3-,gas,LTOF-CIMS,Chao Yan,Beijing urban (BUCT),atmosphere,urban,BUCT long-term,"Guo et al., 2022, ACP",Beijing_Latest_peaklist_20190420.db
C4H7N2O5,-,163.03604,organic,NO3-,gas,LTOF-CIMS,Chao Yan,Beijing urban (BUCT),atmosphere,urban,BUCT long-term,"Guo et al., 2022, ACP",Beijing_Latest_peaklist_20190420.db
,,163.96080,unassigned,NO3-,gas,LTOF-CIMS,Chao Yan,Beijing urban (BUCT),atmosphere,urban,BUCT long-term,"Guo et al., 2022, ACP",Beijing_Latest_peaklist_20190420.db
C3H2NO7,-,163.98367,organic,NO3-,gas,LTOF-CIMS,Chao Yan,Beijing urban (BUCT),atmosphere,urban,BUCT long-term,"Guo et al., 2022, ACP",Beijing_Latest_peaklist_20190420.db
C4H6NO6,-,164.02006,organic,NO3-,gas,LTOF-CIMS,Chao Yan,Beijing urban (BUCT),atmosphere,urban,BUCT long-term,"Guo et al., 2022, ACP",Beijing_Latest_peaklist_20190420.db
C8H6NO3,-,164.03532,organic,NO3-,gas,LTOF-CIMS,Chao Yan,Beijing urban (BUCT),atmosphere,urban,BUCT long-term,"Guo et al., 2022, ACP",Beijing_Latest_peaklist_20190420.db
C5H10NO5,-,164.05645,organic,NO3-,gas,LTOF-CIMS,Chao Yan,Beijing urban (BUCT),atmosphere,urban,BUCT long-term,"Guo et al., 2022, ACP",Beijing_Latest_peaklist_20190420.db
C8H5O4,-,165.01933,organic,NO3-,gas,LTOF-CIMS,Chao Yan,Beijing urban (BUCT),atmosphere,urban,BUCT long-term,"Guo et al., 2022, ACP",Beijing_Latest_peaklist_20190420.db
C4H9N2O5,-,165.05169,organic,NO3-,gas,LTOF-CIMS,Chao Yan,Beijing urban (BUCT),atmosphere,urban,BUCT long-term,"Guo et al., 2022, ACP",Beijing_Latest_peaklist_20190420.db
C3H4NO7,-,165.99933,organic,NO3-,gas,LTOF-CIMS,Chao Yan,Beijing urban (BUCT),atmosphere,urban,BUCT long-term,"Guo et al., 2022, ACP",Beijing_Latest_peaklist_20190420.db
C7H4NO4,-,166.01458,organic,NO3-,gas,LTOF-CIMS,Chao Yan,Beijing urban (BUCT),atmosphere,urban,BUCT long-term,"Guo et al., 2022, ACP",Beijing_Latest_peaklist_20190420.db
C4H8NO6,-,166.03571,organic,NO3-,gas,LTOF-CIMS,Chao Yan,Beijing urban (BUCT),atmosphere,urban,BUCT long-term,"Guo et al., 2022, ACP",Beijing_Latest_peaklist_20190420.db
C8H8NO3,-,166.05097,organic,NO3-,gas,LTOF-CIMS,Chao Yan,Beijing urban (BUCT),atmosphere,urban,BUCT long-term,"Guo et al., 2022, ACP",Beijing_Latest_peaklist_20190420.db
C2H3N2O7,-,166.99457,organic,NO3-,gas,LTOF-CIMS,Chao Yan,Beijing urban (BUCT),atmosphere,urban,BUCT long-term,"Guo et al., 2022, ACP",Beijing_Latest_peaklist_20190420.db
C6H3N2O4,-,167.00983,organic,NO3-,gas,LTOF-CIMS,Chao Yan,Beijing urban (BUCT),atmosphere,urban,BUCT long-term,"Guo et al., 2022, ACP",Beijing_Latest_peaklist_20190420.db
C3H7N2O6,-,167.03096,organic,NO3-,gas,LTOF-CIMS,Chao Yan,Beijing urban (BUCT),atmosphere,urban,BUCT long-term,"Guo et al., 2022, ACP",Beijing_Latest_peaklist_20190420.db
C3H3ClNO5,-,167.97052,organic,NO3-,gas,LTOF-CIMS,Chao Yan,Beijing urban (BUCT),atmosphere,urban,BUCT long-term,"Guo et al., 2022, ACP",Beijing_Latest_peaklist_20190420.db
C3H6NO7,-,168.01498,organic,NO3-,gas,LTOF-CIMS,Chao Yan,Beijing urban (BUCT),atmosphere,urban,BUCT long-term,"Guo et al., 2022, ACP",Beijing_Latest_peaklist_20190420.db
C7H6NO4,-,168.03023,organic,NO3-,gas,LTOF-CIMS,Chao Yan,Beijing urban (BUCT),atmosphere,urban,BUCT long-term,"Guo et al., 2022, ACP",Beijing_Latest_peaklist_20190420.db
,,168.96600,unassigned,NO3-,gas,LTOF-CIMS,Chao Yan,Beijing urban (BUCT),atmosphere,urban,BUCT long-term,"Guo et al., 2022, ACP",Beijing_Latest_peaklist_20190420.db
C3F7,-,168.98937,organic,NO3-,gas,LTOF-CIMS,Chao Yan,Beijing urban (BUCT),atmosphere,urban,BUCT long-term,"Guo et al., 2022, ACP",Beijing_Latest_peaklist_20190420.db
C3H3F6O,-,169.00936,organic,NO3-,gas,LTOF-CIMS,Chao Yan,Beijing urban (BUCT),atmosphere,urban,BUCT long-term,"Guo et al., 2022, ACP",Beijing_Latest_peaklist_20190420.db
,,169.04100,unassigned,NO3-,gas,LTOF-CIMS,Chao Yan,Beijing urban (BUCT),atmosphere,urban,BUCT long-term,"Guo et al., 2022, ACP",Beijing_Latest_peaklist_20190420.db
C8H9O4,-,169.05063,organic,NO3-,gas,LTOF-CIMS,Chao Yan,Beijing urban (BUCT),atmosphere,urban,BUCT long-term,"Guo et al., 2022, ACP",Beijing_Latest_peaklist_20190420.db
C9H13O3,-,169.08702,organic,NO3-,gas,LTOF-CIMS,Chao Yan,Beijing urban (BUCT),atmosphere,urban,BUCT long-term,"Guo et al., 2022, ACP",Beijing_Latest_peaklist_20190420.db
CH4N3O7,-,170.00547,organic,NO3-,gas,LTOF-CIMS,Chao Yan,Beijing urban (BUCT),atmosphere,urban,BUCT long-term,"Guo et al., 2022, ACP",Beijing_Latest_peaklist_20190420.db
C7H8NO4,-,170.04588,organic,NO3-,gas,LTOF-CIMS,Chao Yan,Beijing urban (BUCT),atmosphere,urban,BUCT long-term,"Guo et al., 2022, ACP",Beijing_Latest_peaklist_20190420.db
C5H3N2O5,-,171.00474,organic,NO3-,gas,LTOF-CIMS,Chao Yan,Beijing urban (BUCT),atmosphere,urban,BUCT long-term,"Guo et al., 2022, ACP",Beijing_Latest_peaklist_20190420.db
C7H7O5,-,171.02990,organic,NO3-,gas,LTOF-CIMS,Chao Yan,Beijing urban (BUCT),atmosphere,urban,BUCT long-term,"Guo et al., 2022, ACP",Beijing_Latest_peaklist_20190420.db
C8H11O4,-,171.06628,organic,NO3-,gas,LTOF-CIMS,Chao Yan,Beijing urban (BUCT),atmosphere,urban,BUCT long-term,"Guo et al., 2022, ACP",Beijing_Latest_peaklist_20190420.db
C6H3ClNO3,-,171.98069,organic,NO3-,gas,LTOF-CIMS,Chao Yan,Beijing urban (BUCT),atmosphere,urban,BUCT long-term,"Guo et al., 2022, ACP",Beijing_Latest_peaklist_20190420.db
C6H6NO5,-,172.02515,organic,NO3-,gas,LTOF-CIMS,Chao Yan,Beijing urban (BUCT),atmosphere,urban,BUCT long-term,"Guo et al., 2022, ACP",Beijing_Latest_peaklist_20190420.db
C6H5O6,-,173.00916,organic,NO3-,gas,LTOF-CIMS,Chao Yan,Beijing urban (BUCT),atmosphere,urban,BUCT long-term,"Guo et al., 2022, ACP",Beijing_Latest_peaklist_20190420.db
C5H5N2O5,-,173.02039,organic,NO3-,gas,LTOF-CIMS,Chao Yan,Beijing urban (BUCT),atmosphere,urban,BUCT long-term,"Guo et al., 2022, ACP",Beijing_Latest_peaklist_20190420.db
C7H9O5,-,173.04555,organic,NO3-,gas,LTOF-CIMS,Chao Yan,Beijing urban (BUCT),atmosphere,urban,BUCT long-term,"Guo et al., 2022, ACP",Beijing_Latest_peaklist_20190420.db
C8H13O4,-,173.08193,organic,NO3-,gas,LTOF-CIMS,Chao Yan,Beijing urban (BUCT),atmosphere,urban,BUCT long-term,"Guo et al., 2022, ACP",Beijing_Latest_peaklist_20190420.db
C5H4NO6,-,174.00441,organic,NO3-,gas,LTOF-CIMS,Chao Yan,Beijing urban (BUCT),atmosphere,urban,BUCT long-term,"Guo et al., 2022, ACP",Beijing_Latest_peaklist_20190420.db
C6H6O6,-,174.01699,organic,NO3-,gas,LTOF-CIMS,Chao Yan,Beijing urban (BUCT),atmosphere,urban,BUCT long-term,"Guo et al., 2022, ACP",Beijing_Latest_peaklist_20190420.db
C6H8NO5,-,174.04080,organic,NO3-,gas,LTOF-CIMS,Chao Yan,Beijing urban (BUCT),atmosphere,urban,BUCT long-term,"Guo et al., 2022, ACP",Beijing_Latest_peaklist_20190420.db
C5H3O7,-,174.98843,organic,NO3-,gas,LTOF-CIMS,Chao Yan,Beijing urban (BUCT),atmosphere,urban,BUCT long-term,"Guo et al., 2022, ACP",Beijing_Latest_peaklist_20190420.db
C3H8ClO6,-,175.00149,organic,NO3-,gas,LTOF-CIMS,Chao Yan,Beijing urban (BUCT),atmosphere,urban,BUCT long-term,"Guo et al., 2022, ACP",Beijing_Latest_peaklist_20190420.db
C6H7O6,-,175.02481,organic,NO3-,gas,LTOF-CIMS,Chao Yan,Beijing urban (BUCT),atmosphere,urban,BUCT long-term,"Guo et al., 2022, ACP",Beijing_Latest_peaklist_20190420.db
C5H7N2O5,-,175.03604,organic,NO3-,gas,LTOF-CIMS,Chao Yan,Beijing urban (BUCT),atmosphere,urban,BUCT long-term,"Guo et al., 2022, ACP",Beijing_Latest_peaklist_20190420.db
C10H7O3,-,175.04007,organic,NO3-,gas,LTOF-CIMS,Chao Yan,Beijing urban (BUCT),atmosphere,urban,BUCT long-term,"Guo et al., 2022, ACP",Beijing_Latest_peaklist_20190420.db
C7H11O5,-,175.06120,organic,NO3-,gas,LTOF-CIMS,Chao Yan,Beijing urban (BUCT),atmosphere,urban,BUCT long-term,"Guo et al., 2022, ACP",Beijing_Latest_peaklist_20190420.db
C2HF3NO5,-,175.98123,organic,NO3-,gas,LTOF-CIMS,Chao Yan,Beijing urban (BUCT),atmosphere,urban,BUCT long-term,"Guo et al., 2022, ACP",Beijing_Latest_peaklist_20190420.db
C5H6NO6,-,176.02006,organic,NO3-,gas,LTOF-CIMS,Chao Yan,Beijing urban (BUCT),atmosphere,urban,BUCT long-term,"Guo et al., 2022, ACP",Beijing_Latest_peaklist_20190420.db
C6H10NO5,-,176.05645,organic,NO3-,gas,LTOF-CIMS,Chao Yan,Beijing urban (BUCT),atmosphere,urban,BUCT long-term,"Guo et al., 2022, ACP",Beijing_Latest_peaklist_20190420.db
C4H5N2O6,-,177.01531,organic,NO3-,gas,LTOF-CIMS,Chao Yan,Beijing urban (BUCT),atmosphere,urban,BUCT long-term,"Guo et al., 2022, ACP",Beijing_Latest_peaklist_20190420.db
C6H9O6,-,177.04046,organic,NO3-,gas,LTOF-CIMS,Chao Yan,Beijing urban (BUCT),atmosphere,urban,BUCT long-term,"Guo et al., 2022, ACP",Beijing_Latest_peaklist_20190420.db
C4H4NO7,-,177.99933,organic,NO3-,gas,LTOF-CIMS,Chao Yan,Beijing urban (BUCT),atmosphere,urban,BUCT long-term,"Guo et al., 2022, ACP",Beijing_Latest_peaklist_20190420.db
C3H4N3O6,-,178.01056,organic,NO3-,gas,LTOF-CIMS,Chao Yan,Beijing urban (BUCT),atmosphere,urban,BUCT long-term,"Guo et al., 2022, ACP",Beijing_Latest_peaklist_20190420.db
C5H8NO6,-,178.03571,organic,NO3-,gas,LTOF-CIMS,Chao Yan,Beijing urban (BUCT),atmosphere,urban,BUCT long-term,"Guo et al., 2022, ACP",Beijing_Latest_peaklist_20190420.db
C3H3N2O5S,-,178.97682,organic,NO3-,gas,LTOF-CIMS,Chao Yan,Beijing urban (BUCT),atmosphere,urban,BUCT long-term,"Guo et al., 2022, ACP",Beijing_Latest_peaklist_20190420.db
C3H3N2O7,-,178.99457,organic,NO3-,gas,LTOF-CIMS,Chao Yan,Beijing urban (BUCT),atmosphere,urban,BUCT long-term,"Guo et al., 2022, ACP",Beijing_Latest_peaklist_20190420.db
C4H7N2O6,-,179.03096,organic,NO3-,gas,LTOF-CIMS,Chao Yan,Beijing urban (BUCT),atmosphere,urban,BUCT long-term,"Guo et al., 2022, ACP",Beijing_Latest_peaklist_20190420.db
C5H11N2O5,-,179.06735,organic,NO3-,gas,LTOF-CIMS,Chao Yan,Beijing urban (BUCT),atmosphere,urban,BUCT long-term,"Guo et al., 2022, ACP",Beijing_Latest_peaklist_20190420.db
C3H2NO8,-,179.97859,organic,NO3-,gas,LTOF-CIMS,Chao Yan,Beijing urban (BUCT),atmosphere,urban,BUCT long-term,"Guo et al., 2022, ACP",Beijing_Latest_peaklist_20190420.db
C4H6NO7,-,180.01498,organic,NO3-,gas,LTOF-CIMS,Chao Yan,Beijing urban (BUCT),atmosphere,urban,BUCT long-term,"Guo et al., 2022, ACP",Beijing_Latest_peaklist_20190420.db
C5H10NO6,-,180.05136,organic,NO3-,gas,LTOF-CIMS,Chao Yan,Beijing urban (BUCT),atmosphere,urban,BUCT long-term,"Guo et al., 2022, ACP",Beijing_Latest_peaklist_20190420.db
C9H10NO3,-,180.06662,organic,NO3-,gas,LTOF-CIMS,Chao Yan,Beijing urban (BUCT),atmosphere,urban,BUCT long-term,"Guo et al., 2022, ACP",Beijing_Latest_peaklist_20190420.db
C3H2F5O3,-,180.99296,organic,NO3-,gas,LTOF-CIMS,Chao Yan,Beijing urban (BUCT),atmosphere,urban,BUCT long-term,"Guo et al., 2022, ACP",Beijing_Latest_peaklist_20190420.db
C7H5N2O4,-,181.02548,organic,NO3-,gas,LTOF-CIMS,Chao Yan,Beijing urban (BUCT),atmosphere,urban,BUCT long-term,"Guo et al., 2022, ACP",Beijing_Latest_peaklist_20190420.db
C5H9O7,-,181.03538,organic,NO3-,gas,LTOF-CIMS,Chao Yan,Beijing urban (BUCT),atmosphere,urban,BUCT long-term,"Guo et al., 2022, ACP",Beijing_Latest_peaklist_20190420.db
C7H4NO5,-,182.00950,organic,NO3-,gas,LTOF-CIMS,Chao Yan,Beijing urban (BUCT),atmosphere,urban,BUCT long-term,"Guo et al., 2022, ACP",Beijing_Latest_peaklist_20190420.db
C3H6N2O7,-,182.01805,organic,NO3-,gas,LTOF-CIMS,Chao Yan,Beijing urban (BUCT),atmosphere,urban,BUCT long-term,"Guo et al., 2022, ACP",Beijing_Latest_peaklist_20190420.db
C4H8NO7,-,182.03063,organic,NO3-,gas,LTOF-CIMS,Chao Yan,Beijing urban (BUCT),atmosphere,urban,BUCT long-term,"Guo et al., 2022, ACP",Beijing_Latest_peaklist_20190420.db
C8H8NO4,-,182.04588,organic,NO3-,gas,LTOF-CIMS,Chao Yan,Beijing urban (BUCT),atmosphere,urban,BUCT long-term,"Guo et al., 2022, ACP",Beijing_Latest_peaklist_20190420.db
C2H3N2O8,-,182.98949,organic,NO3-,gas,LTOF-CIMS,Chao Yan,Beijing urban (BUCT),atmosphere,urban,BUCT long-term,"Guo et al., 2022, ACP",Beijing_Latest_peaklist_20190420.db
C6H3N2O5,-,183.00474,organic,NO3-,gas,LTOF-CIMS,Chao Yan,Beijing urban (BUCT),atmosphere,urban,BUCT long-term,"Guo et al., 2022, ACP",Beijing_Latest_peaklist_20190420.db
C4H2F7,-,183.00502,organic,NO3-,gas,LTOF-CIMS,Chao Yan,Beijing urban (BUCT),atmosphere,urban,BUCT long-term,"Guo et al., 2022, ACP",Beijing_Latest_peaklist_20190420.db
C3H6NO8,-,184.00989,organic,NO3-,gas,LTOF-CIMS,Chao Yan,Beijing urban (BUCT),atmosphere,urban,BUCT long-term,"Guo et al., 2022, ACP",Beijing_Latest_peaklist_20190420.db
C7H6NO5,-,184.02515,organic,NO3-,gas,LTOF-CIMS,Chao Yan,Beijing urban (BUCT),atmosphere,urban,BUCT long-term,"Guo et al., 2022, ACP",Beijing_Latest_peaklist_20190420.db
C8H10NO4,-,184.06153,organic,NO3-,gas,LTOF-CIMS,Chao Yan,Beijing urban (BUCT),atmosphere,urban,BUCT long-term,"Guo et al., 2022, ACP",Beijing_Latest_peaklist_20190420.db
C6H5N2O5,-,185.02039,organic,NO3-,gas,LTOF-CIMS,Chao Yan,Beijing urban (BUCT),atmosphere,urban,BUCT long-term,"Guo et al., 2022, ACP",Beijing_Latest_peaklist_20190420.db
C8H9O5,-,185.04555,organic,NO3-,gas,LTOF-CIMS,Chao Yan,Beijing urban (BUCT),atmosphere,urban,BUCT long-term,"Guo et al., 2022, ACP",Beijing_Latest_peaklist_20190420.db
C9H13O4,-,185.08193,organic,NO3-,gas,LTOF-CIMS,Chao Yan,Beijing urban (BUCT),atmosphere,urban,BUCT long-term,"Guo et al., 2022, ACP",Beijing_Latest_peaklist_20190420.db
,,185.95700,unassigned,NO3-,gas,LTOF-CIMS,Chao Yan,Beijing urban (BUCT),atmosphere,urban,BUCT long-term,"Guo et al., 2022, ACP",Beijing_Latest_peaklist_20190420.db
C3H5ClNO6,-,185.98109,organic,NO3-,gas,LTOF-CIMS,Chao Yan,Beijing urban (BUCT),atmosphere,urban,BUCT long-term,"Guo et al., 2022, ACP",Beijing_Latest_peaklist_20190420.db
C6H4NO6,-,186.00441,organic,NO3-,gas,LTOF-CIMS,Chao Yan,Beijing urban (BUCT),atmosphere,urban,BUCT long-term,"Guo et al., 2022, ACP",Beijing_Latest_peaklist_20190420.db
C7H8NO5,-,186.04080,organic,NO3-,gas,LTOF-CIMS,Chao Yan,Beijing urban (BUCT),atmosphere,urban,BUCT long-term,"Guo et al., 2022, ACP",Beijing_Latest_peaklist_20190420.db
C8H12NO4,-,186.07718,organic,NO3-,gas,LTOF-CIMS,Chao Yan,Beijing urban (BUCT),atmosphere,urban,BUCT long-term,"Guo et al., 2022, ACP",Beijing_Latest_peaklist_20190420.db
CH3N2O9,-,186.98440,organic,NO3-,gas,LTOF-CIMS,Chao Yan,Beijing urban (BUCT),atmosphere,urban,BUCT long-term,"Guo et al., 2022, ACP",Beijing_Latest_peaklist_20190420.db
C3H2F7O,-,186.99994,organic,NO3-,gas,LTOF-CIMS,Chao Yan,Beijing urban (BUCT),atmosphere,urban,BUCT long-term,"Guo et al., 2022, ACP",Beijing_Latest_peaklist_20190420.db
C6H7N2O5,-,187.03604,organic,NO3-,gas,LTOF-CIMS,Chao Yan,Beijing urban (BUCT),atmosphere,urban,BUCT long-term,"Guo et al., 2022, ACP",Beijing_Latest_peaklist_20190420.db
C8H11O5,-,187.06120,organic,NO3-,gas,LTOF-CIMS,Chao Yan,Beijing urban (BUCT),atmosphere,urban,BUCT long-term,"Guo et al., 2022, ACP",Beijing_Latest_peaklist_20190420.db
H2N3O9,-,187.97965,reagent,NO3-,gas,LTOF-CIMS,Chao Yan,Beijing urban (BUCT),atmosphere,urban,BUCT long-term,"Guo et al., 2022, ACP",Beijing_Latest_peaklist_20190420.db
C5H5N2O6,-,189.01531,organic,NO3-,gas,LTOF-CIMS,Chao Yan,Beijing urban (BUCT),atmosphere,urban,BUCT long-term,"Guo et al., 2022, ACP",Beijing_Latest_peaklist_20190420.db
C7H9O6,-,189.04046,organic,NO3-,gas,LTOF-CIMS,Chao Yan,Beijing urban (BUCT),atmosphere,urban,BUCT long-term,"Guo et al., 2022, ACP",Beijing_Latest_peaklist_20190420.db
C6H9N2O5,-,189.05169,organic,NO3-,gas,LTOF-CIMS,Chao Yan,Beijing urban (BUCT),atmosphere,urban,BUCT long-term,"Guo et al., 2022, ACP",Beijing_Latest_peaklist_20190420.db
C8H13O5,-,189.07685,organic,NO3-,gas,LTOF-CIMS,Chao Yan,Beijing urban (BUCT),atmosphere,urban,BUCT long-term,"Guo et al., 2022, ACP",Beijing_Latest_peaklist_20190420.db
C2H2Cl2NO5,-,189.93155,organic,NO3-,gas,LTOF-CIMS,Chao Yan,Beijing urban (BUCT),atmosphere,urban,BUCT long-term,"Guo et al., 2022, ACP",Beijing_Latest_peaklist_20190420.db
C5H4NO7,-,189.99933,organic,NO3-,gas,LTOF-CIMS,Chao Yan,Beijing urban (BUCT),atmosphere,urban,BUCT long-term,"Guo et al., 2022, ACP",Beijing_Latest_peaklist_20190420.db
C6H8NO6,-,190.03571,organic,NO3-,gas,LTOF-CIMS,Chao Yan,Beijing urban (BUCT),atmosphere,urban,BUCT long-term,"Guo et al., 2022, ACP",Beijing_Latest_peaklist_20190420.db
C4H3F4O4,-,190.99730,organic,NO3-,gas,LTOF-CIMS,Chao Yan,Beijing urban (BUCT),atmosphere,urban,BUCT long-term,"Guo et al., 2022, ACP",Beijing_Latest_peaklist_20190420.db
C5H7N2O6,-,191.03096,organic,NO3-,gas,LTOF-CIMS,Chao Yan,Beijing urban (BUCT),atmosphere,urban,BUCT long-term,"Guo et al., 2022, ACP",Beijing_Latest_peaklist_20190420.db
C5H6NO7,-,192.01498,organic,NO3-,gas,LTOF-CIMS,Chao Yan,Beijing urban (BUCT),atmosphere,urban,BUCT long-term,"Guo et al., 2022, ACP",Beijing_Latest_peaklist_20190420.db
C6H10NO6,-,192.05136,organic,NO3-,gas,LTOF-CIMS,Chao Yan,Beijing urban (BUCT),atmosphere,urban,BUCT long-term,"Guo et al., 2022, ACP",Beijing_Latest_peaklist_20190420.db
C6H8ClNO4,-,193.01473,organic,NO3-,gas,LTOF-CIMS,Chao Yan,Beijing urban (BUCT),atmosphere,urban,BUCT long-term,"Guo et al., 2022, ACP",Beijing_Latest_peaklist_20190420.db
C8H11ClFO2,-,193.04371,organic,NO3-,gas,LTOF-CIMS,Chao Yan,Beijing urban (BUCT),atmosphere,urban,BUCT long-term,"Guo et al., 2022, ACP",Beijing_Latest_peaklist_20190420.db
C6H13N2O5,-,193.08300,organic,NO3-,gas,LTOF-CIMS,Chao Yan,Beijing urban (BUCT),atmosphere,urban,BUCT long-term,"Guo et al., 2022, ACP",Beijing_Latest_peaklist_20190420.db
C4H4NO8,-,193.99424,organic,NO3-,gas,LTOF-CIMS,Chao Yan,Beijing urban (BUCT),atmosphere,urban,BUCT long-term,"Guo et al., 2022, ACP",Beijing_Latest_peaklist_20190420.db
C3H4N3O7,-,194.00547,organic,NO3-,gas,LTOF-CIMS,Chao Yan,Beijing urban (BUCT),atmosphere,urban,BUCT long-term,"Guo et al., 2022, ACP",Beijing_Latest_peaklist_20190420.db
C5H8NO7,-,194.03063,organic,NO3-,gas,LTOF-CIMS,Chao Yan,Beijing urban (BUCT),atmosphere,urban,BUCT long-term,"Guo et al., 2022, ACP",Beijing_Latest_peaklist_20190420.db
C6H12NO6,-,194.06701,organic,NO3-,gas,LTOF-CIMS,Chao Yan,Beijing urban (BUCT),atmosphere,urban,BUCT long-term,"Guo et al., 2022, ACP",Beijing_Latest_peaklist_20190420.db
C10H12NO3,-,194.08227,organic,NO3-,gas,LTOF-CIMS,Chao Yan,Beijing urban (BUCT),atmosphere,urban,BUCT long-term,"Guo et al., 2022, ACP",Beijing_Latest_peaklist_20190420.db
H3O8S2,-,194.92748,inorganic,NO3-,gas,LTOF-CIMS,Chao Yan,Beijing urban (BUCT),atmosphere,urban,BUCT long-term,"Guo et al., 2022, ACP",Beijing_Latest_peaklist_20190420.db
C4HF6O2,-,194.98862,organic,NO3-,gas,LTOF-CIMS,Chao Yan,Beijing urban (BUCT),atmosphere,urban,BUCT long-term,"Guo et al., 2022, ACP",Beijing_Latest_peaklist_20190420.db
C4H5NO8,-,195.00206,organic,NO3-,gas,LTOF-CIMS,Chao Yan,Beijing urban (BUCT),atmosphere,urban,BUCT long-term,"Guo et al., 2022, ACP",Beijing_Latest_peaklist_20190420.db
C4H7N2O7,-,195.02587,organic,NO3-,gas,LTOF-CIMS,Chao Yan,Beijing urban (BUCT),atmosphere,urban,BUCT long-term,"Guo et al., 2022, ACP",Beijing_Latest_peaklist_20190420.db
C8H7N2O4,-,195.04113,organic,NO3-,gas,LTOF-CIMS,Chao Yan,Beijing urban (BUCT),atmosphere,urban,BUCT long-term,"Guo et al., 2022, ACP",Beijing_Latest_peaklist_20190420.db
C5H11N2O6,-,195.06226,organic,NO3-,gas,LTOF-CIMS,Chao Yan,Beijing urban (BUCT),atmosphere,urban,BUCT long-term,"Guo et al., 2022, ACP",Beijing_Latest_peaklist_20190420.db
,,195.96710,unassigned,NO3-,gas,LTOF-CIMS,Chao Yan,Beijing urban (BUCT),atmosphere,urban,BUCT long-term,"Guo et al., 2022, ACP",Beijing_Latest_peaklist_20190420.db
C4H6NO8,-,196.00989,organic,NO3-,gas,LTOF-CIMS,Chao Yan,Beijing urban (BUCT),atmosphere,urban,BUCT long-term,"Guo et al., 2022, ACP",Beijing_Latest_peaklist_20190420.db
C5H8O8,-,196.02247,organic,NO3-,gas,LTOF-CIMS,Chao Yan,Beijing urban (BUCT),atmosphere,urban,BUCT long-term,"Guo et al., 2022, ACP",Beijing_Latest_peaklist_20190420.db
C5H10NO7,-,196.04628,organic,NO3-,gas,LTOF-CIMS,Chao Yan,Beijing urban (BUCT),atmosphere,urban,BUCT long-term,"Guo et al., 2022, ACP",Beijing_Latest_peaklist_20190420.db
C9H10NO4,-,196.06153,organic,NO3-,gas,LTOF-CIMS,Chao Yan,Beijing urban (BUCT),atmosphere,urban,BUCT long-term,"Guo et al., 2022, ACP",Beijing_Latest_peaklist_20190420.db
Cl2I,-,196.84273,inorganic,NO3-,gas,LTOF-CIMS,Chao Yan,Beijing urban (BUCT),atmosphere,urban,BUCT long-term,"Guo et al., 2022, ACP",Beijing_Latest_peaklist_20190420.db
C3H5N2O8,-,197.00514,organic,NO3-,gas,LTOF-CIMS,Chao Yan,Beijing urban (BUCT),atmosphere,urban,BUCT long-term,"Guo et al., 2022, ACP",Beijing_Latest_peaklist_20190420.db
C7H5N2O5,-,197.02039,organic,NO3-,gas,LTOF-CIMS,Chao Yan,Beijing urban (BUCT),atmosphere,urban,BUCT long-term,"Guo et al., 2022, ACP",Beijing_Latest_peaklist_20190420.db
C5H11NO7,-,197.05410,organic,NO3-,gas,LTOF-CIMS,Chao Yan,Beijing urban (BUCT),atmosphere,urban,BUCT long-term,"Guo et al., 2022, ACP",Beijing_Latest_peaklist_20190420.db
,,197.98210,unassigned,NO3-,gas,LTOF-CIMS,Chao Yan,Beijing urban (BUCT),atmosphere,urban,BUCT long-term,"Guo et al., 2022, ACP",Beijing_Latest_peaklist_20190420.db
C4H8NO8,-,198.02554,organic,NO3-,gas,LTOF-CIMS,Chao Yan,Beijing urban (BUCT),atmosphere,urban,BUCT long-term,"Guo et al., 2022, ACP",Beijing_Latest_peaklist_20190420.db
C8H8NO5,-,198.04080,organic,NO3-,gas,LTOF-CIMS,Chao Yan,Beijing urban (BUCT),atmosphere,urban,BUCT long-term,"Guo et al., 2022, ACP",Beijing_Latest_peaklist_20190420.db
C9H12NO4,-,198.07718,organic,NO3-,gas,LTOF-CIMS,Chao Yan,Beijing urban (BUCT),atmosphere,urban,BUCT long-term,"Guo et al., 2022, ACP",Beijing_Latest_peaklist_20190420.db
C2H3N2O9,-,198.98440,organic,NO3-,gas,LTOF-CIMS,Chao Yan,Beijing urban (BUCT),atmosphere,urban,BUCT long-term,"Guo et al., 2022, ACP",Beijing_Latest_peaklist_20190420.db
C6H3N2O6,-,198.99966,organic,NO3-,gas,LTOF-CIMS,Chao Yan,Beijing urban (BUCT),atmosphere,urban,BUCT long-term,"Guo et al., 2022, ACP",Beijing_Latest_peaklist_20190420.db
C3H7N2O8,-,199.02079,organic,NO3-,gas,LTOF-CIMS,Chao Yan,Beijing urban (BUCT),atmosphere,urban,BUCT long-term,"Guo et al., 2022, ACP",Beijing_Latest_peaklist_20190420.db
C5H11O8,-,199.04594,organic,NO3-,gas,LTOF-CIMS,Chao Yan,Beijing urban (BUCT),atmosphere,urban,BUCT long-term,"Guo et al., 2022, ACP",Beijing_Latest_peaklist_20190420.db
C9H11O5,-,199.06120,organic,NO3-,gas,LTOF-CIMS,Chao Yan,Beijing urban (BUCT),atmosphere,urban,BUCT long-term,"Guo et al., 2022, ACP",Beijing_Latest_peaklist_20190420.db
,,199.96800,unassigned,NO3-,gas,LTOF-CIMS,Chao Yan,Beijing urban (BUCT),atmosphere,urban,BUCT long-term,"Guo et al., 2022, ACP",Beijing_Latest_peaklist_20190420.db
C5H2N3O6,-,199.99491,organic,NO3-,gas,LTOF-CIMS,Chao Yan,Beijing urban (BUCT),atmosphere,urban,BUCT long-term,"Guo et al., 2022, ACP",Beijing_Latest_peaklist_20190420.db
C7H6NO6,-,200.02006,organic,NO3-,gas,LTOF-CIMS,Chao Yan,Beijing urban (BUCT),atmosphere,urban,BUCT long-term,"Guo et al., 2022, ACP",Beijing_Latest_peaklist_20190420.db
,,200.04700,unassigned,NO3-,gas,LTOF-CIMS,Chao Yan,Beijing urban (BUCT),atmosphere,urban,BUCT long-term,"Guo et al., 2022, ACP",Beijing_Latest_peaklist_20190420.db
C4HF8,-,200.99560,organic,NO3-,gas,LTOF-CIMS,Chao Yan,Beijing urban (BUCT),atmosphere,urban,BUCT long-term,"Guo et al., 2022, ACP",Beijing_Latest_peaklist_20190420.db
C6H5N2O6,-,201.01531,organic,NO3-,gas,LTOF-CIMS,Chao Yan,Beijing urban (BUCT),atmosphere,urban,BUCT long-term,"Guo et al., 2022, ACP",Beijing_Latest_peaklist_20190420.db
C4H4F7O,-,201.01559,organic,NO3-,gas,LTOF-CIMS,Chao Yan,Beijing urban (BUCT),atmosphere,urban,BUCT long-term,"Guo et al., 2022, ACP",Beijing_Latest_peaklist_20190420.db
C6H7N2O6,-,203.03096,organic,NO3-,gas,LTOF-CIMS,Chao Yan,Beijing urban (BUCT),atmosphere,urban,BUCT long-term,"Guo et al., 2022, ACP",Beijing_Latest_peaklist_20190420.db
C9H15O5,-,203.09250,organic,NO3-,gas,LTOF-CIMS,Chao Yan,Beijing urban (BUCT),atmosphere,urban,BUCT long-term,"Guo et al., 2022, ACP",Beijing_Latest_peaklist_20190420.db
,,203.96500,unassigned,NO3-,gas,LTOF-CIMS,Chao Yan,Beijing urban (BUCT),atmosphere,urban,BUCT long-term,"Guo et al., 2022, ACP",Beijing_Latest_peaklist_20190420.db
C6H6NO7,-,204.01498,organic,NO3-,gas,LTOF-CIMS,Chao Yan,Beijing urban (BUCT),atmosphere,urban,BUCT long-term,"Guo et al., 2022, ACP",Beijing_Latest_peaklist_20190420.db
C6H8N2O6,-,204.03878,organic,NO3-,gas,LTOF-CIMS,Chao Yan,Beijing urban (BUCT),atmosphere,urban,BUCT long-term,"Guo et al., 2022, ACP",Beijing_Latest_peaklist_20190420.db
C7H10NO6,-,204.05136,organic,NO3-,gas,LTOF-CIMS,Chao Yan,Beijing urban (BUCT),atmosphere,urban,BUCT long-term,"Guo et al., 2022, ACP",Beijing_Latest_peaklist_20190420.db
HN2O9S,-,204.94082,inorganic,NO3-,gas,LTOF-CIMS,Chao Yan,Beijing urban (BUCT),atmosphere,urban,BUCT long-term,"Guo et al., 2022, ACP",Beijing_Latest_peaklist_20190420.db
C5H5N2O7,-,205.01022,organic,NO3-,gas,LTOF-CIMS,Chao Yan,Beijing urban (BUCT),atmosphere,urban,BUCT long-term,"Guo et al., 2022, ACP",Beijing_Latest_peaklist_20190420.db
C6H7NO7,-,205.02280,organic,NO3-,gas,LTOF-CIMS,Chao Yan,Beijing urban (BUCT),atmosphere,urban,BUCT long-term,"Guo et al., 2022, ACP",Beijing_Latest_peaklist_20190420.db
C6H9N2O6,-,205.04661,organic,NO3-,gas,LTOF-CIMS,Chao Yan,Beijing urban (BUCT),atmosphere,urban,BUCT long-term,"Guo et al., 2022, ACP",Beijing_Latest_peaklist_20190420.db
C8H13O6,-,205.07176,organic,NO3-,gas,LTOF-CIMS,Chao Yan,Beijing urban (BUCT),atmosphere,urban,BUCT long-term,"Guo et al., 2022, ACP",Beijing_Latest_peaklist_20190420.db
C6H2Cl2NO3,-,205.94172,organic,NO3-,gas,LTOF-CIMS,Chao Yan,Beijing urban (BUCT),atmosphere,urban,BUCT long-term,"Guo et al., 2022, ACP",Beijing_Latest_peaklist_20190420.db
C5H4NO8,-,205.99424,organic,NO3-,gas,LTOF-CIMS,Chao Yan,Beijing urban (BUCT),atmosphere,urban,BUCT long-term,"Guo et al., 2022, ACP",Beijing_Latest_peaklist_20190420.db
C6H8NO7,-,206.03063,organic,NO3-,gas,LTOF-CIMS,Chao Yan,Beijing urban (BUCT),atmosphere,urban,BUCT long-term,"Guo et al., 2022, ACP",Beijing_Latest_peaklist_20190420.db
C7H12NO6,-,206.06701,organic,NO3-,gas,LTOF-CIMS,Chao Yan,Beijing urban (BUCT),atmosphere,urban,BUCT long-term,"Guo et al., 2022, ACP",Beijing_Latest_peaklist_20190420.db
C4H3N2O8,-,206.98949,organic,NO3-,gas,LTOF-CIMS,Chao Yan,Beijing urban (BUCT),atmosphere,urban,BUCT long-term,"Guo et al., 2022, ACP",Beijing_Latest_peaklist_20190420.db
C6H7O8,-,207.01464,organic,NO3-,gas,LTOF-CIMS,Chao Yan,Beijing urban (BUCT),atmosphere,urban,BUCT long-term,"Guo et al., 2022, ACP",Beijing_Latest_peaklist_20190420.db
C10H7O5,-,207.02990,organic,NO3-,gas,LTOF-CIMS,Chao Yan,Beijing urban (BUCT),atmosphere,urban,BUCT long-term,"Guo et al., 2022, ACP",Beijing_Latest_peaklist_20190420.db
C7H11O7,-,207.05103,organic,NO3-,gas,LTOF-CIMS,Chao Yan,Beijing urban (BUCT),atmosphere,urban,BUCT long-term,"Guo et al., 2022, ACP",Beijing_Latest_peaklist_20190420.db
C6H11N2O6,-,207.06226,organic,NO3-,gas,LTOF-CIMS,Chao Yan,Beijing urban (BUCT),atmosphere,urban,BUCT long-term,"Guo et al., 2022, ACP",Beijing_Latest_peaklist_20190420.db
C3H2F4NO5,-,207.98746,organic,NO3-,gas,LTOF-CIMS,Chao Yan,Beijing urban (BUCT),atmosphere,urban,BUCT long-term,"Guo et al., 2022, ACP",Beijing_Latest_peaklist_20190420.db
,,208.01800,unassigned,NO3-,gas,LTOF-CIMS,Chao Yan,Beijing urban (BUCT),atmosphere,urban,BUCT long-term,"Guo et al., 2022, ACP",Beijing_Latest_peaklist_20190420.db
C6H10NO7,-,208.04628,organic,NO3-,gas,LTOF-CIMS,Chao Yan,Beijing urban (BUCT),atmosphere,urban,BUCT long-term,"Guo et al., 2022, ACP",Beijing_Latest_peaklist_20190420.db
,,208.08000,unassigned,NO3-,gas,LTOF-CIMS,Chao Yan,Beijing urban (BUCT),atmosphere,urban,BUCT long-term,"Guo et al., 2022, ACP",Beijing_Latest_peaklist_20190420.db
C4H5N2O8,-,209.00514,organic,NO3-,gas,LTOF-CIMS,Chao Yan,Beijing urban (BUCT),atmosphere,urban,BUCT long-term,"Guo et al., 2022, ACP",Beijing_Latest_peaklist_20190420.db
C8H5N2O5,-,209.02039,organic,NO3-,gas,LTOF-CIMS,Chao Yan,Beijing urban (BUCT),atmosphere,urban,BUCT long-term,"Guo et al., 2022, ACP",Beijing_Latest_peaklist_20190420.db
C10H9O5,-,209.04555,organic,NO3-,gas,LTOF-CIMS,Chao Yan,Beijing urban (BUCT),atmosphere,urban,BUCT long-term,"Guo et al., 2022, ACP",Beijing_Latest_peaklist_20190420.db
C7H13O7,-,209.06668,organic,NO3-,gas,LTOF-CIMS,Chao Yan,Beijing urban (BUCT),atmosphere,urban,BUCT long-term,"Guo et al., 2022, ACP",Beijing_Latest_peaklist_20190420.db
C6H13N2O6,-,209.07791,organic,NO3-,gas,LTOF-CIMS,Chao Yan,Beijing urban (BUCT),atmosphere,urban,BUCT long-term,"Guo et al., 2022, ACP",Beijing_Latest_peaklist_20190420.db
,,209.98000,unassigned,NO3-,gas,LTOF-CIMS,Chao Yan,Beijing urban (BUCT),atmosphere,urban,BUCT long-term,"Guo et al., 2022, ACP",Beijing_Latest_peaklist_20190420.db
C3H4N3O8,-,210.00039,organic,NO3-,gas,LTOF-CIMS,Chao Yan,Beijing urban (BUCT),atmosphere,urban,BUCT long-term,"Guo et al., 2022, ACP",Beijing_Latest_peaklist_20190420.db
C5H8NO8,-,210.02554,organic,NO3-,gas,LTOF-CIMS,Chao Yan,Beijing urban (BUCT),atmosphere,urban,BUCT long-term,"Guo et al., 2022, ACP",Beijing_Latest_peaklist_20190420.db
C6H12NO7,-,210.06193,organic,NO3-,gas,LTOF-CIMS,Chao Yan,Beijing urban (BUCT),atmosphere,urban,BUCT long-term,"Guo et al., 2022, ACP",Beijing_Latest_peaklist_20190420.db
C4H7N2O8,-,211.02079,organic,NO3-,gas,LTOF-CIMS,Chao Yan,Beijing urban (BUCT),atmosphere,urban,BUCT long-term,"Guo et al., 2022, ACP",Beijing_Latest_peaklist_20190420.db
C8H7N2O5,-,211.03604,organic,NO3-,gas,LTOF-CIMS,Chao Yan,Beijing urban (BUCT),atmosphere,urban,BUCT long-term,"Guo et al., 2022, ACP",Beijing_Latest_peaklist_20190420.db
C10H11O5,-,211.06120,organic,NO3-,gas,LTOF-CIMS,Chao Yan,Beijing urban (BUCT),atmosphere,urban,BUCT long-term,"Guo et al., 2022, ACP",Beijing_Latest_peaklist_20190420.db
C3H3INO2,-,211.92140,organic,NO3-,gas,LTOF-CIMS,Chao Yan,Beijing urban (BUCT),atmosphere,urban,BUCT long-term,"Guo et al., 2022, ACP",Beijing_Latest_peaklist_20190420.db
,,211.97860,unassigned,NO3-,gas,LTOF-CIMS,Chao Yan,Beijing urban (BUCT),atmosphere,urban,BUCT long-term,"Guo et al., 2022, ACP",Beijing_Latest_peaklist_20190420.db
C4H6NO9,-,212.00480,organic,NO3-,gas,LTOF-CIMS,Chao Yan,Beijing urban (BUCT),atmosphere,urban,BUCT long-term,"Guo et al., 2022, ACP",Beijing_Latest_peaklist_20190420.db
C8H6NO6,-,212.02006,organic,NO3-,gas,LTOF-CIMS,Chao Yan,Beijing urban (BUCT),atmosphere,urban,BUCT long-term,"Guo et al., 2022, ACP",Beijing_Latest_peaklist_20190420.db
C9H10NO5,-,212.05645,organic,NO3-,gas,LTOF-CIMS,Chao Yan,Beijing urban (BUCT),atmosphere,urban,BUCT long-term,"Guo et al., 2022, ACP",Beijing_Latest_peaklist_20190420.db
C4F7O2,-,212.97920,organic,NO3-,gas,LTOF-CIMS,Chao Yan,Beijing urban (BUCT),atmosphere,urban,BUCT long-term,"Guo et al., 2022, ACP",Beijing_Latest_peaklist_20190420.db
C4H3F6O3,-,212.99919,organic,NO3-,gas,LTOF-CIMS,Chao Yan,Beijing urban (BUCT),atmosphere,urban,BUCT long-term,"Guo et al., 2022, ACP",Beijing_Latest_peaklist_20190420.db
C7H5N2O6,-,213.01531,organic,NO3-,gas,LTOF-CIMS,Chao Yan,Beijing urban (BUCT),atmosphere,urban,BUCT long-term,"Guo et al., 2022, ACP",Beijing_Latest_peaklist_20190420.db
C4H9N2O8,-,213.03644,organic,NO3-,gas,LTOF-CIMS,Chao Yan,Beijing urban (BUCT),atmosphere,urban,BUCT long-term,"Guo et al., 2022, ACP",Beijing_Latest_peaklist_20190420.db
C8H9N2O5,-,213.05169,organic,NO3-,gas,LTOF-CIMS,Chao Yan,Beijing urban (BUCT),atmosphere,urban,BUCT long-term,"Guo et al., 2022, ACP",Beijing_Latest_peaklist_20190420.db
,,213.91760,unassigned,NO3-,gas,LTOF-CIMS,Chao Yan,Beijing urban (BUCT),atmosphere,urban,BUCT long-term,"Guo et al., 2022, ACP",Beijing_Latest_peaklist_20190420.db
,,213.97300,unassigned,NO3-,gas,LTOF-CIMS,Chao Yan,Beijing urban (BUCT),atmosphere,urban,BUCT long-term,"Guo et al., 2022, ACP",Beijing_Latest_peaklist_20190420.db
C7H4NO7,-,213.99933,organic,NO3-,gas,LTOF-CIMS,Chao Yan,Beijing urban (BUCT),atmosphere,urban,BUCT long-term,"Guo et al., 2022, ACP",Beijing_Latest_peaklist_20190420.db
C4H8NO9,-,214.02045,organic,NO3-,gas,LTOF-CIMS,Chao Yan,Beijing urban (BUCT),atmosphere,urban,BUCT long-term,"Guo et al., 2022, ACP",Beijing_Latest_peaklist_20190420.db
C8H8NO6,-,214.03571,organic,NO3-,gas,LTOF-CIMS,Chao Yan,Beijing urban (BUCT),atmosphere,urban,BUCT long-term,"Guo et al., 2022, ACP",Beijing_Latest_peaklist_20190420.db
C9H12NO5,-,214.07210,organic,NO3-,gas,LTOF-CIMS,Chao Yan,Beijing urban (BUCT),atmosphere,urban,BUCT long-term,"Guo et al., 2022, ACP",Beijing_Latest_peaklist_20190420.db
C7H7N2O6,-,215.03096,organic,NO3-,gas,LTOF-CIMS,Chao Yan,Beijing urban (BUCT),atmosphere,urban,BUCT long-term,"Guo et al., 2022, ACP",Beijing_Latest_peaklist_20190420.db
C6H4N2O7,-,216.00240,organic,NO3-,gas,LTOF-CIMS,Chao Yan,Beijing urban (BUCT),atmosphere,urban,BUCT long-term,"Guo et al., 2022, ACP",Beijing_Latest_peaklist_20190420.db
C6H5F5N2O,-,216.03275,organic,NO3-,gas,LTOF-CIMS,Chao Yan,Beijing urban (BUCT),atmosphere,urban,BUCT long-term,"Guo et al., 2022, ACP",Beijing_Latest_peaklist_20190420.db
,,216.96460,unassigned,NO3-,gas,LTOF-CIMS,Chao Yan,Beijing urban (BUCT),atmosphere,urban,BUCT long-term,"Guo et al., 2022, ACP",Beijing_Latest_peaklist_20190420.db
C6H5N2O7,-,217.01022,organic,NO3-,gas,LTOF-CIMS,Chao Yan,Beijing urban (BUCT),atmosphere,urban,BUCT long-term,"Guo et al., 2022, ACP",Beijing_Latest_peaklist_20190420.db
C7H9N2O6,-,217.04661,organic,NO3-,gas,LTOF-CIMS,Chao Yan,Beijing urban (BUCT),atmosphere,urban,BUCT long-term,"Guo et al., 2022, ACP",Beijing_Latest_peaklist_20190420.db
C9H13O6,-,217.07176,organic,NO3-,gas,LTOF-CIMS,Chao Yan,Beijing urban (BUCT),atmosphere,urban,BUCT long-term,"Guo et al., 2022, ACP",Beijing_Latest_peaklist_20190420.db
,,217.93300,unassigned,NO3-,gas,LTOF-CIMS,Chao Yan,Beijing urban (BUCT),atmosphere,urban,BUCT long-term,"Guo et al., 2022, ACP",Beijing_Latest_peaklist_20190420.db
C6H4NO8,-,217.99424,organic,NO3-,gas,LTOF-CIMS,Chao Yan,Beijing urban (BUCT),atmosphere,urban,BUCT long-term,"Guo et al., 2022, ACP",Beijing_Latest_peaklist_20190420.db
C7H8NO7,-,218.03063,organic,NO3-,gas,LTOF-CIMS,Chao Yan,Beijing urban (BUCT),atmosphere,urban,BUCT long-term,"Guo et al., 2022, ACP",Beijing_Latest_peaklist_20190420.db
C8H12NO6,-,218.06701,organic,NO3-,gas,LTOF-CIMS,Chao Yan,Beijing urban (BUCT),atmosphere,urban,BUCT long-term,"Guo et al., 2022, ACP",Beijing_Latest_peaklist_20190420.db
,,218.95900,unassigned,NO3-,gas,LTOF-CIMS,Chao Yan,Beijing urban (BUCT),atmosphere,urban,BUCT long-term,"Guo et al., 2022, ACP",Beijing_Latest_peaklist_20190420.db
C4F9,-,218.98618,organic,NO3-,gas,LTOF-CIMS,Chao Yan,Beijing urban (BUCT),atmosphere,urban,BUCT long-term,"Guo et al., 2022, ACP",Beijing_Latest_peaklist_20190420.db
C4H3F8O,-,219.00616,organic,NO3-,gas,LTOF-CIMS,Chao Yan,Beijing urban (BUCT),atmosphere,urban,BUCT long-term,"Guo et al., 2022, ACP",Beijing_Latest_peaklist_20190420.db
C6H7N2O7,-,219.02587,organic,NO3-,gas,LTOF-CIMS,Chao Yan,Beijing urban (BUCT),atmosphere,urban,BUCT long-term,"Guo et al., 2022, ACP",Beijing_Latest_peaklist_20190420.db
C7H11N2O6,-,219.06226,organic,NO3-,gas,LTOF-CIMS,Chao Yan,Beijing urban (BUCT),atmosphere,urban,BUCT long-term,"Guo et al., 2022, ACP",Beijing_Latest_peaklist_20190420.db
C8H15N2O5,-,219.09865,organic,NO3-,gas,LTOF-CIMS,Chao Yan,Beijing urban (BUCT),atmosphere,urban,BUCT long-term,"Guo et al., 2022, ACP",Beijing_Latest_peaklist_20190420.db
,,219.97400,unassigned,NO3-,gas,LTOF-CIMS,Chao Yan,Beijing urban (BUCT),atmosphere,urban,BUCT long-term,"Guo et al., 2022, ACP",Beijing_Latest_peaklist_20190420.db
C6H6NO8,-,220.00989,organic,NO3-,gas,LTOF-CIMS,Chao Yan,Beijing urban (BUCT),atmosphere,urban,BUCT long-term,"Guo et al., 2022, ACP",Beijing_Latest_peaklist_20190420.db
C5H6N3O7,-,220.02112,organic,NO3-,gas,LTOF-CIMS,Chao Yan,Beijing urban (BUCT),atmosphere,urban,BUCT long-term,"Guo et al., 2022, ACP",Beijing_Latest_peaklist_20190420.db
C7H10NO7,-,220.04628,organic,NO3-,gas,LTOF-CIMS,Chao Yan,Beijing urban (BUCT),atmosphere,urban,BUCT long-term,"Guo et al., 2022, ACP",Beijing_Latest_peaklist_20190420.db
C8H14NO6,-,220.08266,organic,NO3-,gas,LTOF-CIMS,Chao Yan,Beijing urban (BUCT),atmosphere,urban,BUCT long-term,"Guo et al., 2022, ACP",Beijing_Latest_peaklist_20190420.db
HN2O10S,-,220.93574,inorganic,NO3-,gas,LTOF-CIMS,Chao Yan,Beijing urban (BUCT),atmosphere,urban,BUCT long-term,"Guo et al., 2022, ACP",Beijing_Latest_peaklist_20190420.db
,,220.98300,unassigned,NO3-,gas,LTOF-CIMS,Chao Yan,Beijing urban (BUCT),atmosphere,urban,BUCT long-term,"Guo et al., 2022, ACP",Beijing_Latest_peaklist_20190420.db
C5H5N2O8,-,221.00514,organic,NO3-,gas,LTOF-CIMS,Chao Yan,Beijing urban (BUCT),atmosphere,urban,BUCT long-term,"Guo et al., 2022, ACP",Beijing_Latest_peaklist_20190420.db
C6H7NO8,-,221.01771,organic,NO3-,gas,LTOF-CIMS,Chao Yan,Beijing urban (BUCT),atmosphere,urban,BUCT long-term,"Guo et al., 2022, ACP",Beijing_Latest_peaklist_20190420.db
C6H9N2O7,-,221.04152,organic,NO3-,gas,LTOF-CIMS,Chao Yan,Beijing urban (BUCT),atmosphere,urban,BUCT long-term,"Guo et al., 2022, ACP",Beijing_Latest_peaklist_20190420.db
C7H13N2O6,-,221.07791,organic,NO3-,gas,LTOF-CIMS,Chao Yan,Beijing urban (BUCT),atmosphere,urban,BUCT long-term,"Guo et al., 2022, ACP",Beijing_Latest_peaklist_20190420.db
C5H4NO9,-,221.98915,organic,NO3-,gas,LTOF-CIMS,Chao Yan,Beijing urban (BUCT),atmosphere,urban,BUCT long-term,"Guo et al., 2022, ACP",Beijing_Latest_peaklist_20190420.db
C6H8NO8,-,222.02554,organic,NO3-,gas,LTOF-CIMS,Chao Yan,Beijing urban (BUCT),atmosphere,urban,BUCT long-term,"Guo et al., 2022, ACP",Beijing_Latest_peaklist_20190420.db
C5H8N3O7,-,222.03677,organic,NO3-,gas,LTOF-CIMS,Chao Yan,Beijing urban (BUCT),atmosphere,urban,BUCT long-term,"Guo et al., 2022, ACP",Beijing_Latest_peaklist_20190420.db
C7H12NO7,-,222.06193,organic,NO3-,gas,LTOF-CIMS,Chao Yan,Beijing urban (BUCT),atmosphere,urban,BUCT long-term,"Guo et al., 2022, ACP",Beijing_Latest_peaklist_20190420.db
H3N2O10S,-,222.95139,inorganic,NO3-,gas,LTOF-CIMS,Chao Yan,Beijing urban (BUCT),atmosphere,urban,BUCT long-term,"Guo et al., 2022, ACP",Beijing_Latest_peaklist_20190420.db
C4H3N2O9,-,222.98440,organic,NO3-,gas,LTOF-CIMS,Chao Yan,Beijing urban (BUCT),atmosphere,urban,BUCT long-term,"Guo et al., 2022, ACP",Beijing_Latest_peaklist_20190420.db
C5H7N2O8,-,223.02079,organic,NO3-,gas,LTOF-CIMS,Chao Yan,Beijing urban (BUCT),atmosphere,urban,BUCT long-term,"Guo et al., 2022, ACP",Beijing_Latest_peaklist_20190420.db
C9H7N2O5,-,223.03604,organic,NO3-,gas,LTOF-CIMS,Chao Yan,Beijing urban (BUCT),atmosphere,urban,BUCT long-term,"Guo et al., 2022, ACP",Beijing_Latest_peaklist_20190420.db
C7H11O8,-,223.04594,organic,NO3-,gas,LTOF-CIMS,Chao Yan,Beijing urban (BUCT),atmosphere,urban,BUCT long-term,"Guo et al., 2022, ACP",Beijing_Latest_peaklist_20190420.db
C6H11N2O7,-,223.05717,organic,NO3-,gas,LTOF-CIMS,Chao Yan,Beijing urban (BUCT),atmosphere,urban,BUCT long-term,"Guo et al., 2022, ACP",Beijing_Latest_peaklist_20190420.db
C8H15O7,-,223.08233,organic,NO3-,gas,LTOF-CIMS,Chao Yan,Beijing urban (BUCT),atmosphere,urban,BUCT long-term,"Guo et al., 2022, ACP",Beijing_Latest_peaklist_20190420.db
ClINO3,-,223.86169,inorganic,NO3-,gas,LTOF-CIMS,Chao Yan,Beijing urban (BUCT),atmosphere,urban,BUCT long-term,"Guo et al., 2022, ACP",Beijing_Latest_peaklist_20190420.db
,,223.89300,unassigned,NO3-,gas,LTOF-CIMS,Chao Yan,Beijing urban (BUCT),atmosphere,urban,BUCT long-term,"Guo et al., 2022, ACP",Beijing_Latest_peaklist_20190420.db
,,223.98990,unassigned,NO3-,gas,LTOF-CIMS,Chao Yan,Beijing urban (BUCT),atmosphere,urban,BUCT long-term,"Guo et al., 2022, ACP",Beijing_Latest_peaklist_20190420.db
C8H4N2O6,-,224.00748,organic,NO3-,gas,LTOF-CIMS,Chao Yan,Beijing urban (BUCT),atmosphere,urban,BUCT long-term,"Guo et al., 2022, ACP",Beijing_Latest_peaklist_20190420.db
C4H6N3O8,-,224.01604,organic,NO3-,gas,LTOF-CIMS,Chao Yan,Beijing urban (BUCT),atmosphere,urban,BUCT long-term,"Guo et al., 2022, ACP",Beijing_Latest_peaklist_20190420.db
C6H10NO8,-,224.04119,organic,NO3-,gas,LTOF-CIMS,Chao Yan,Beijing urban (BUCT),atmosphere,urban,BUCT long-term,"Guo et al., 2022, ACP",Beijing_Latest_peaklist_20190420.db
C7H14NO7,-,224.07758,organic,NO3-,gas,LTOF-CIMS,Chao Yan,Beijing urban (BUCT),atmosphere,urban,BUCT long-term,"Guo et al., 2022, ACP",Beijing_Latest_peaklist_20190420.db
C4H5N2O9,-,225.00005,organic,NO3-,gas,LTOF-CIMS,Chao Yan,Beijing urban (BUCT),atmosphere,urban,BUCT long-term,"Guo et al., 2022, ACP",Beijing_Latest_peaklist_20190420.db
C5H9N2O8,-,225.03644,organic,NO3-,gas,LTOF-CIMS,Chao Yan,Beijing urban (BUCT),atmosphere,urban,BUCT long-term,"Guo et al., 2022, ACP",Beijing_Latest_peaklist_20190420.db
C9H9N2O5,-,225.05169,organic,NO3-,gas,LTOF-CIMS,Chao Yan,Beijing urban (BUCT),atmosphere,urban,BUCT long-term,"Guo et al., 2022, ACP",Beijing_Latest_peaklist_20190420.db
C7H13O8,-,225.06159,organic,NO3-,gas,LTOF-CIMS,Chao Yan,Beijing urban (BUCT),atmosphere,urban,BUCT long-term,"Guo et al., 2022, ACP",Beijing_Latest_peaklist_20190420.db
C3HF5NO5,-,225.97804,organic,NO3-,gas,LTOF-CIMS,Chao Yan,Beijing urban (BUCT),atmosphere,urban,BUCT long-term,"Guo et al., 2022, ACP",Beijing_Latest_peaklist_20190420.db
,,226.00390,unassigned,NO3-,gas,LTOF-CIMS,Chao Yan,Beijing urban (BUCT),atmosphere,urban,BUCT long-term,"Guo et al., 2022, ACP",Beijing_Latest_peaklist_20190420.db
C5H8NO9,-,226.02045,organic,NO3-,gas,LTOF-CIMS,Chao Yan,Beijing urban (BUCT),atmosphere,urban,BUCT long-term,"Guo et al., 2022, ACP",Beijing_Latest_peaklist_20190420.db
C9H8NO6,-,226.03571,organic,NO3-,gas,LTOF-CIMS,Chao Yan,Beijing urban (BUCT),atmosphere,urban,BUCT long-term,"Guo et al., 2022, ACP",Beijing_Latest_peaklist_20190420.db
C4HF6O4,-,226.97845,organic,NO3-,gas,LTOF-CIMS,Chao Yan,Beijing urban (BUCT),atmosphere,urban,BUCT long-term,"Guo et al., 2022, ACP",Beijing_Latest_peaklist_20190420.db
C4H7N2O9,-,227.01570,organic,NO3-,gas,LTOF-CIMS,Chao Yan,Beijing urban (BUCT),atmosphere,urban,BUCT long-term,"Guo et al., 2022, ACP",Beijing_Latest_peaklist_20190420.db
C8H7N2O6,-,227.03096,organic,NO3-,gas,LTOF-CIMS,Chao Yan,Beijing urban (BUCT),atmosphere,urban,BUCT long-term,"Guo et al., 2022, ACP",Beijing_Latest_peaklist_20190420.db
C5H11N2O8,-,227.05209,organic,NO3-,gas,LTOF-CIMS,Chao Yan,Beijing urban (BUCT),atmosphere,urban,BUCT long-term,"Guo et al., 2022, ACP",Beijing_Latest_peaklist_20190420.db
,,227.88800,unassigned,NO3-,gas,LTOF-CIMS,Chao Yan,Beijing urban (BUCT),atmosphere,urban,BUCT long-term,"Guo et al., 2022, ACP",Beijing_Latest_peaklist_20190420.db
C3H4N2O10,-,227.98714,organic,NO3-,gas,LTOF-CIMS,Chao Yan,Beijing urban (BUCT),atmosphere,urban,BUCT long-term,"Guo et al., 2022, ACP",Beijing_Latest_peaklist_20190420.db
C4H6NO10,-,227.99972,organic,NO3-,gas,LTOF-CIMS,Chao Yan,Beijing urban (BUCT),atmosphere,urban,BUCT long-term,"Guo et al., 2022, ACP",Beijing_Latest_peaklist_20190420.db
C8H6NO7,-,228.01498,organic,NO3-,gas,LTOF-CIMS,Chao Yan,Beijing urban (BUCT),atmosphere,urban,BUCT long-term,"Guo et al., 2022, ACP",Beijing_Latest_peaklist_20190420.db
C5H10NO9,-,228.03610,organic,NO3-,gas,LTOF-CIMS,Chao Yan,Beijing urban (BUCT),atmosphere,urban,BUCT long-term,"Guo et al., 2022, ACP",Beijing_Latest_peaklist_20190420.db
C9H10NO6,-,228.05136,organic,NO3-,gas,LTOF-CIMS,Chao Yan,Beijing urban (BUCT),atmosphere,urban,BUCT long-term,"Guo et al., 2022, ACP",Beijing_Latest_peaklist_20190420.db
C4H7NO10,-,229.00754,organic,NO3-,gas,LTOF-CIMS,Chao Yan,Beijing urban (BUCT),atmosphere,urban,BUCT long-term,"Guo et al., 2022, ACP",Beijing_Latest_peaklist_20190420.db
C8H9N2O6,-,229.04661,organic,NO3-,gas,LTOF-CIMS,Chao Yan,Beijing urban (BUCT),atmosphere,urban,BUCT long-term,"Guo et al., 2022, ACP",Beijing_Latest_peaklist_20190420.db
C7H4NO8,-,229.99424,organic,NO3-,gas,LTOF-CIMS,Chao Yan,Beijing urban (BUCT),atmosphere,urban,BUCT long-term,"Guo et al., 2022, ACP",Beijing_Latest_peaklist_20190420.db
C4H8NO10,-,230.01537,organic,NO3-,gas,LTOF-CIMS,Chao Yan,Beijing urban (BUCT),atmosphere,urban,BUCT long-term,"Guo et al., 2022, ACP",Beijing_Latest_peaklist_20190420.db
C5H12NO9,-,230.05175,organic,NO3-,gas,LTOF-CIMS,Chao Yan,Beijing urban (BUCT),atmosphere,urban,BUCT long-term,"Guo et al., 2022, ACP",Beijing_Latest_peaklist_20190420.db
C4H2F7O3,-,230.98977,organic,NO3-,gas,LTOF-CIMS,Chao Yan,Beijing urban (BUCT),atmosphere,urban,BUCT long-term,"Guo et al., 2022, ACP",Beijing_Latest_peaklist_20190420.db
C7H7N2O7,-,231.02587,organic,NO3-,gas,LTOF-CIMS,Chao Yan,Beijing urban (BUCT),atmosphere,urban,BUCT long-term,"Guo et al., 2022, ACP",Beijing_Latest_peaklist_20190420.db
C10H15O6,-,231.08741,organic,NO3-,gas,LTOF-CIMS,Chao Yan,Beijing urban (BUCT),atmosphere,urban,BUCT long-term,"Guo et al., 2022, ACP",Beijing_Latest_peaklist_20190420.db
,,231.92500,unassigned,NO3-,gas,LTOF-CIMS,Chao Yan,Beijing urban (BUCT),atmosphere,urban,BUCT long-term,"Guo et al., 2022, ACP",Beijing_Latest_peaklist_20190420.db
C7H6NO8,-,232.00989,organic,NO3-,gas,LTOF-CIMS,Chao Yan,Beijing urban (BUCT),atmosphere,urban,BUCT long-term,"Guo et al., 2022, ACP",Beijing_Latest_peaklist_20190420.db
C8H10NO7,-,232.04628,organic,NO3-,gas,LTOF-CIMS,Chao Yan,Beijing urban (BUCT),atmosphere,urban,BUCT long-term,"Guo et al., 2022, ACP",Beijing_Latest_peaklist_20190420.db
C9H14NO6,-,232.08266,organic,NO3-,gas,LTOF-CIMS,Chao Yan,Beijing urban (BUCT),atmosphere,urban,BUCT long-term,"Guo et al., 2022, ACP",Beijing_Latest_peaklist_20190420.db
,,232.96400,unassigned,NO3-,gas,LTOF-CIMS,Chao Yan,Beijing urban (BUCT),atmosphere,urban,BUCT long-term,"Guo et al., 2022, ACP",Beijing_Latest_peaklist_20190420.db
C5H2F9,-,233.00183,organic,NO3-,gas,LTOF-CIMS,Chao Yan,Beijing urban (BUCT),atmosphere,urban,BUCT long-term,"Guo et al., 2022, ACP",Beijing_Latest_peaklist_20190420.db
C4H9O11,-,233.01503,organic,NO3-,gas,LTOF-CIMS,Chao Yan,Beijing urban (BUCT),atmosphere,urban,BUCT long-term,"Guo et al., 2022, ACP",Beijing_Latest_peaklist_20190420.db
C3H9N2O10,-,233.02627,organic,NO3-,gas,LTOF-CIMS,Chao Yan,Beijing urban (BUCT),atmosphere,urban,BUCT long-term,"Guo et al., 2022, ACP",Beijing_Latest_peaklist_20190420.db
C7H9N2O7,-,233.04152,organic,NO3-,gas,LTOF-CIMS,Chao Yan,Beijing urban (BUCT),atmosphere,urban,BUCT long-term,"Guo et al., 2022, ACP",Beijing_Latest_peaklist_20190420.db
C8H13N2O6,-,233.07791,organic,NO3-,gas,LTOF-CIMS,Chao Yan,Beijing urban (BUCT),atmosphere,urban,BUCT long-term,"Guo et al., 2022, ACP",Beijing_Latest_peaklist_20190420.db
C5BrClN2O2,-,233.88372,organic,NO3-,gas,LTOF-CIMS,Chao Yan,Beijing urban (BUCT),atmosphere,urban,BUCT long-term,"Guo et al., 2022, ACP",Beijing_Latest_peaklist_20190420.db
C6H4NO9,-,233.98915,organic,NO3-,gas,LTOF-CIMS,Chao Yan,Beijing urban (BUCT),atmosphere,urban,BUCT long-term,"Guo et al., 2022, ACP",Beijing_Latest_peaklist_20190420.db
C7H8NO8,-,234.02554,organic,NO3-,gas,LTOF-CIMS,Chao Yan,Beijing urban (BUCT),atmosphere,urban,BUCT long-term,"Guo et al., 2022, ACP",Beijing_Latest_peaklist_20190420.db
C8H12NO7,-,234.06193,organic,NO3-,gas,LTOF-CIMS,Chao Yan,Beijing urban (BUCT),atmosphere,urban,BUCT long-term,"Guo et al., 2022, ACP",Beijing_Latest_peaklist_20190420.db
C9H16NO6,-,234.09831,organic,NO3-,gas,LTOF-CIMS,Chao Yan,Beijing urban (BUCT),atmosphere,urban,BUCT long-term,"Guo et al., 2022, ACP",Beijing_Latest_peaklist_20190420.db
,,234.88600,unassigned,NO3-,gas,LTOF-CIMS,Chao Yan,Beijing urban (BUCT),atmosphere,urban,BUCT long-term,"Guo et al., 2022, ACP",Beijing_Latest_peaklist_20190420.db
C6H4ClN2O6,-,234.97634,organic,NO3-,gas,LTOF-CIMS,Chao Yan,Beijing urban (BUCT),atmosphere,urban,BUCT long-term,"Guo et al., 2022, ACP",Beijing_Latest_peaklist_20190420.db
C6H7N2O8,-,235.02079,organic,NO3-,gas,LTOF-CIMS,Chao Yan,Beijing urban (BUCT),atmosphere,urban,BUCT long-term,"Guo et al., 2022, ACP",Beijing_Latest_peaklist_20190420.db
C7H11N2O7,-,235.05717,organic,NO3-,gas,LTOF-CIMS,Chao Yan,Beijing urban (BUCT),atmosphere,urban,BUCT long-term,"Guo et al., 2022, ACP",Beijing_Latest_peaklist_20190420.db
,,235.99030,unassigned,NO3-,gas,LTOF-CIMS,Chao Yan,Beijing urban (BUCT),atmosphere,urban,BUCT long-term,"Guo et al., 2022, ACP",Beijing_Latest_peaklist_20190420.db
C7H8O9,-,236.01738,organic,NO3-,gas,LTOF-CIMS,Chao Yan,Beijing urban (BUCT),atmosphere,urban,BUCT long-term,"Guo et al., 2022, ACP",Beijing_Latest_peaklist_20190420.db
C7H10NO8,-,236.04119,organic,NO3-,gas,LTOF-CIMS,Chao Yan,Beijing urban (BUCT),atmosphere,urban,BUCT long-term,"Guo et al., 2022, ACP",Beijing_Latest_peaklist_20190420.db
C6H10N3O7,-,236.05242,organic,NO3-,gas,LTOF-CIMS,Chao Yan,Beijing urban (BUCT),atmosphere,urban,BUCT long-term,"Guo et al., 2022, ACP",Beijing_Latest_peaklist_20190420.db
C8H14NO7,-,236.07758,organic,NO3-,gas,LTOF-CIMS,Chao Yan,Beijing urban (BUCT),atmosphere,urban,BUCT long-term,"Guo et al., 2022, ACP",Beijing_Latest_peaklist_20190420.db
C4H2F9O,-,236.99674,organic,NO3-,gas,LTOF-CIMS,Chao Yan,Beijing urban (BUCT),atmosphere,urban,BUCT long-term,"Guo et al., 2022, ACP",Beijing_Latest_peaklist_20190420.db
C5H5N2O9,-,237.00005,organic,NO3-,gas,LTOF-CIMS,Chao Yan,Beijing urban (BUCT),atmosphere,urban,BUCT long-term,"Guo et al., 2022, ACP",Beijing_Latest_peaklist_20190420.db
C6H7NO9,-,237.01263,organic,NO3-,gas,LTOF-CIMS,Chao Yan,Beijing urban (BUCT),atmosphere,urban,BUCT long-term,"Guo et al., 2022, ACP",Beijing_Latest_peaklist_20190420.db
C6H9N2O8,-,237.03644,organic,NO3-,gas,LTOF-CIMS,Chao Yan,Beijing urban (BUCT),atmosphere,urban,BUCT long-term,"Guo et al., 2022, ACP",Beijing_Latest_peaklist_20190420.db
C11H13N2O4,-,237.08808,organic,NO3-,gas,LTOF-CIMS,Chao Yan,Beijing urban (BUCT),atmosphere,urban,BUCT long-term,"Guo et al., 2022, ACP",Beijing_Latest_peaklist_20190420.db
HINO6,-,237.88541,inorganic,NO3-,gas,LTOF-CIMS,Chao Yan,Beijing urban (BUCT),atmosphere,urban,BUCT long-term,"Guo et al., 2022, ACP",Beijing_Latest_peaklist_20190420.db
,,237.97840,unassigned,NO3-,gas,LTOF-CIMS,Chao Yan,Beijing urban (BUCT),atmosphere,urban,BUCT long-term,"Guo et al., 2022, ACP",Beijing_Latest_peaklist_20190420.db
,,238.01300,unassigned,NO3-,gas,LTOF-CIMS,Chao Yan,Beijing urban (BUCT),atmosphere,urban,BUCT long-term,"Guo et al., 2022, ACP",Beijing_Latest_peaklist_20190420.db
C6H8NO9,-,238.02045,organic,NO3-,gas,LTOF-CIMS,Chao Yan,Beijing urban (BUCT),atmosphere,urban,BUCT long-term,"Guo et al., 2022, ACP",Beijing_Latest_peaklist_20190420.db
C10H8NO6,-,238.03571,organic,NO3-,gas,LTOF-CIMS,Chao Yan,Beijing urban (BUCT),atmosphere,urban,BUCT long-term,"Guo et al., 2022, ACP",Beijing_Latest_peaklist_20190420.db
C7H12NO8,-,238.05684,organic,NO3-,gas,LTOF-CIMS,Chao Yan,Beijing urban (BUCT),atmosphere,urban,BUCT long-term,"Guo et al., 2022, ACP",Beijing_Latest_peaklist_20190420.db
C8H16NO7,-,238.09323,organic,NO3-,gas,LTOF-CIMS,Chao Yan,Beijing urban (BUCT),atmosphere,urban,BUCT long-term,"Guo et al., 2022, ACP",Beijing_Latest_peaklist_20190420.db
C2H2F3N2O8,-,238.97687,organic,NO3-,gas,LTOF-CIMS,Chao Yan,Beijing urban (BUCT),atmosphere,urban,BUCT long-term,"Guo et al., 2022, ACP",Beijing_Latest_peaklist_20190420.db
C5H7N2O9,-,239.01570,organic,NO3-,gas,LTOF-CIMS,Chao Yan,Beijing urban (BUCT),atmosphere,urban,BUCT long-term,"Guo et al., 2022, ACP",Beijing_Latest_peaklist_20190420.db
C6H11N2O8,-,239.05209,organic,NO3-,gas,LTOF-CIMS,Chao Yan,Beijing urban (BUCT),atmosphere,urban,BUCT long-term,"Guo et al., 2022, ACP",Beijing_Latest_peaklist_20190420.db
C10H11N2O5,-,239.06735,organic,NO3-,gas,LTOF-CIMS,Chao Yan,Beijing urban (BUCT),atmosphere,urban,BUCT long-term,"Guo et al., 2022, ACP",Beijing_Latest_peaklist_20190420.db
,,239.97800,unassigned,NO3-,gas,LTOF-CIMS,Chao Yan,Beijing urban (BUCT),atmosphere,urban,BUCT long-term,"Guo et al., 2022, ACP",Beijing_Latest_peaklist_20190420.db
C5H6NO10,-,239.99972,organic,NO3-,gas,LTOF-CIMS,Chao Yan,Beijing urban (BUCT),atmosphere,urban,BUCT long-term,"Guo et al., 2022, ACP",Beijing_Latest_peaklist_20190420.db
C9H6NO7,-,240.01498,organic,NO3-,gas,LTOF-CIMS,Chao Yan,Beijing urban (BUCT),atmosphere,urban,BUCT long-term,"Guo et al., 2022, ACP",Beijing_Latest_peaklist_20190420.db
C8H6N3O6,-,240.02621,organic,NO3-,gas,LTOF-CIMS,Chao Yan,Beijing urban (BUCT),atmosphere,urban,BUCT long-term,"Guo et al., 2022, ACP",Beijing_Latest_peaklist_20190420.db
C10H10NO6,-,240.05136,organic,NO3-,gas,LTOF-CIMS,Chao Yan,Beijing urban (BUCT),atmosphere,urban,BUCT long-term,"Guo et al., 2022, ACP",Beijing_Latest_peaklist_20190420.db
C11H14NO5,-,240.08775,organic,NO3-,gas,LTOF-CIMS,Chao Yan,Beijing urban (BUCT),atmosphere,urban,BUCT long-term,"Guo et al., 2022, ACP",Beijing_Latest_peaklist_20190420.db
C4H5N2O10,-,240.99497,organic,NO3-,gas,LTOF-CIMS,Chao Yan,Beijing urban (BUCT),atmosphere,urban,BUCT long-term,"Guo et al., 2022, ACP",Beijing_Latest_peaklist_20190420.db
C5H9N2O9,-,241.03135,organic,NO3-,gas,LTOF-CIMS,Chao Yan,Beijing urban (BUCT),atmosphere,urban,BUCT long-term,"Guo et al., 2022, ACP",Beijing_Latest_peaklist_20190420.db
C9H9N2O6,-,241.04661,organic,NO3-,gas,LTOF-CIMS,Chao Yan,Beijing urban (BUCT),atmosphere,urban,BUCT long-term,"Guo et al., 2022, ACP",Beijing_Latest_peaklist_20190420.db
C6H13N2O8,-,241.06774,organic,NO3-,gas,LTOF-CIMS,Chao Yan,Beijing urban (BUCT),atmosphere,urban,BUCT long-term,"Guo et al., 2022, ACP",Beijing_Latest_peaklist_20190420.db
C3HF5NO6,-,241.97295,organic,NO3-,gas,LTOF-CIMS,Chao Yan,Beijing urban (BUCT),atmosphere,urban,BUCT long-term,"Guo et al., 2022, ACP",Beijing_Latest_peaklist_20190420.db
C5H8NO10,-,242.01537,organic,NO3-,gas,LTOF-CIMS,Chao Yan,Beijing urban (BUCT),atmosphere,urban,BUCT long-term,"Guo et al., 2022, ACP",Beijing_Latest_peaklist_20190420.db
C10H10O7,-,242.04320,organic,NO3-,gas,LTOF-CIMS,Chao Yan,Beijing urban (BUCT),atmosphere,urban,BUCT long-term,"Guo et al., 2022, ACP",Beijing_Latest_peaklist_20190420.db
C4H7N2O10,-,243.01062,organic,NO3-,gas,LTOF-CIMS,Chao Yan,Beijing urban (BUCT),atmosphere,urban,BUCT long-term,"Guo et al., 2022, ACP",Beijing_Latest_peaklist_20190420.db
C8H7N2O7,-,243.02587,organic,NO3-,gas,LTOF-CIMS,Chao Yan,Beijing urban (BUCT),atmosphere,urban,BUCT long-term,"Guo et al., 2022, ACP",Beijing_Latest_peaklist_20190420.db
C5H11N2O9,-,243.04700,organic,NO3-,gas,LTOF-CIMS,Chao Yan,Beijing urban (BUCT),atmosphere,urban,BUCT long-term,"Guo et al., 2022, ACP",Beijing_Latest_peaklist_20190420.db
C9H11N2O6,-,243.06226,organic,NO3-,gas,LTOF-CIMS,Chao Yan,Beijing urban (BUCT),atmosphere,urban,BUCT long-term,"Guo et al., 2022, ACP",Beijing_Latest_peaklist_20190420.db
,,243.94500,unassigned,NO3-,gas,LTOF-CIMS,Chao Yan,Beijing urban (BUCT),atmosphere,urban,BUCT long-term,"Guo et al., 2022, ACP",Beijing_Latest_peaklist_20190420.db
C3H6N3O10,-,244.00587,organic,NO3-,gas,LTOF-CIMS,Chao Yan,Beijing urban (BUCT),atmosphere,urban,BUCT long-term,"Guo et al., 2022, ACP",Beijing_Latest_peaklist_20190420.db
C7H6N3O7,-,244.02112,organic,NO3-,gas,LTOF-CIMS,Chao Yan,Beijing urban (BUCT),atmosphere,urban,BUCT long-term,"Guo et al., 2022, ACP",Beijing_Latest_peaklist_20190420.db
C9H10NO7,-,244.04628,organic,NO3-,gas,LTOF-CIMS,Chao Yan,Beijing urban (BUCT),atmosphere,urban,BUCT long-term,"Guo et al., 2022, ACP",Beijing_Latest_peaklist_20190420.db
C10H14NO6,-,244.08266,organic,NO3-,gas,LTOF-CIMS,Chao Yan,Beijing urban (BUCT),atmosphere,urban,BUCT long-term,"Guo et al., 2022, ACP",Beijing_Latest_peaklist_20190420.db
C11H18NO5,-,244.11905,organic,NO3-,gas,LTOF-CIMS,Chao Yan,Beijing urban (BUCT),atmosphere,urban,BUCT long-term,"Guo et al., 2022, ACP",Beijing_Latest_peaklist_20190420.db
,,244.97290,unassigned,NO3-,gas,LTOF-CIMS,Chao Yan,Beijing urban (BUCT),atmosphere,urban,BUCT long-term,"Guo et al., 2022, ACP",Beijing_Latest_peaklist_20190420.db
C5HF8O2,-,244.98543,organic,NO3-,gas,LTOF-CIMS,Chao Yan,Beijing urban (BUCT),atmosphere,urban,BUCT long-term,"Guo et al., 2022, ACP",Beijing_Latest_peaklist_20190420.db
C7H5N2O8,-,245.00514,organic,NO3-,gas,LTOF-CIMS,Chao Yan,Beijing urban (BUCT),atmosphere,urban,BUCT long-term,"Guo et al., 2022, ACP",Beijing_Latest_peaklist_20190420.db
C8H9N2O7,-,245.04152,organic,NO3-,gas,LTOF-CIMS,Chao Yan,Beijing urban (BUCT),atmosphere,urban,BUCT long-term,"Guo et al., 2022, ACP",Beijing_Latest_peaklist_20190420.db
C6H4N3O8,-,246.00039,organic,NO3-,gas,LTOF-CIMS,Chao Yan,Beijing urban (BUCT),atmosphere,urban,BUCT long-term,"Guo et al., 2022, ACP",Beijing_Latest_peaklist_20190420.db
C3H7N2O11,-,247.00553,organic,NO3-,gas,LTOF-CIMS,Chao Yan,Beijing urban (BUCT),atmosphere,urban,BUCT long-term,"Guo et al., 2022, ACP",Beijing_Latest_peaklist_20190420.db
C8H11N2O7,-,247.05717,organic,NO3-,gas,LTOF-CIMS,Chao Yan,Beijing urban (BUCT),atmosphere,urban,BUCT long-term,"Guo et al., 2022, ACP",Beijing_Latest_peaklist_20190420.db
C7H6NO9,-,248.00480,organic,NO3-,gas,LTOF-CIMS,Chao Yan,Beijing urban (BUCT),atmosphere,urban,BUCT long-term,"Guo et al., 2022, ACP",Beijing_Latest_peaklist_20190420.db
C8H10NO8,-,248.04119,organic,NO3-,gas,LTOF-CIMS,Chao Yan,Beijing urban (BUCT),atmosphere,urban,BUCT long-term,"Guo et al., 2022, ACP",Beijing_Latest_peaklist_20190420.db
C9H14NO7,-,248.07758,organic,NO3-,gas,LTOF-CIMS,Chao Yan,Beijing urban (BUCT),atmosphere,urban,BUCT long-term,"Guo et al., 2022, ACP",Beijing_Latest_peaklist_20190420.db
C10H18NO6,-,248.11396,organic,NO3-,gas,LTOF-CIMS,Chao Yan,Beijing urban (BUCT),atmosphere,urban,BUCT long-term,"Guo et al., 2022, ACP",Beijing_Latest_peaklist_20190420.db
,,248.98470,unassigned,NO3-,gas,LTOF-CIMS,Chao Yan,Beijing urban (BUCT),atmosphere,urban,BUCT long-term,"Guo et al., 2022, ACP",Beijing_Latest_peaklist_20190420.db
C6H5N2O9,-,249.00005,organic,NO3-,gas,LTOF-CIMS,Chao Yan,Beijing urban (BUCT),atmosphere,urban,BUCT long-term,"Guo et al., 2022, ACP",Beijing_Latest_peaklist_20190420.db
C7H9N2O8,-,249.03644,organic,NO3-,gas,LTOF-CIMS,Chao Yan,Beijing urban (BUCT),atmosphere,urban,BUCT long-term,"Guo et al., 2022, ACP",Beijing_Latest_peaklist_20190420.db
C8H13N2O7,-,249.07282,organic,NO3-,gas,LTOF-CIMS,Chao Yan,Beijing urban (BUCT),atmosphere,urban,BUCT long-term,"Guo et al., 2022, ACP",Beijing_Latest_peaklist_20190420.db
,,250.00050,unassigned,NO3-,gas,LTOF-CIMS,Chao Yan,Beijing urban (BUCT),atmosphere,urban,BUCT long-term,"Guo et al., 2022, ACP",Beijing_Latest_peaklist_20190420.db
C7H8NO9,-,250.02045,organic,NO3-,gas,LTOF-CIMS,Chao Yan,Beijing urban (BUCT),atmosphere,urban,BUCT long-term,"Guo et al., 2022, ACP",Beijing_Latest_peaklist_20190420.db
C8H12NO8,-,250.05684,organic,NO3-,gas,LTOF-CIMS,Chao Yan,Beijing urban (BUCT),atmosphere,urban,BUCT long-term,"Guo et al., 2022, ACP",Beijing_Latest_peaklist_20190420.db
C9H16NO7,-,250.09323,organic,NO3-,gas,LTOF-CIMS,Chao Yan,Beijing urban (BUCT),atmosphere,urban,BUCT long-term,"Guo et al., 2022, ACP",Beijing_Latest_peaklist_20190420.db
C10H20NO6,-,250.12961,organic,NO3-,gas,LTOF-CIMS,Chao Yan,Beijing urban (BUCT),atmosphere,urban,BUCT long-term,"Guo et al., 2022, ACP",Beijing_Latest_peaklist_20190420.db
IN2O6,-,250.88066,inorganic,NO3-,gas,LTOF-CIMS,Chao Yan,Beijing urban (BUCT),atmosphere,urban,BUCT long-term,"Guo et al., 2022, ACP",Beijing_Latest_peaklist_20190420.db
,,250.95380,unassigned,NO3-,gas,LTOF-CIMS,Chao Yan,Beijing urban (BUCT),atmosphere,urban,BUCT long-term,"Guo et al., 2022, ACP",Beijing_Latest_peaklist_20190420.db
H3N4O12,-,250.97530,inorganic,NO3-,gas,LTOF-CIMS,Chao Yan,Beijing urban (BUCT),atmosphere,urban,BUCT long-term,"Guo et al., 2022, ACP",Beijing_Latest_peaklist_20190420.db
C5H4F9O,-,251.01239,organic,NO3-,gas,LTOF-CIMS,Chao Yan,Beijing urban (BUCT),atmosphere,urban,BUCT long-term,"Guo et al., 2022, ACP",Beijing_Latest_peaklist_20190420.db
C6H7N2O9,-,251.01570,organic,NO3-,gas,LTOF-CIMS,Chao Yan,Beijing urban (BUCT),atmosphere,urban,BUCT long-term,"Guo et al., 2022, ACP",Beijing_Latest_peaklist_20190420.db
C10H7N2O6,-,251.03096,organic,NO3-,gas,LTOF-CIMS,Chao Yan,Beijing urban (BUCT),atmosphere,urban,BUCT long-term,"Guo et al., 2022, ACP",Beijing_Latest_peaklist_20190420.db
C7H11N2O8,-,251.05209,organic,NO3-,gas,LTOF-CIMS,Chao Yan,Beijing urban (BUCT),atmosphere,urban,BUCT long-term,"Guo et al., 2022, ACP",Beijing_Latest_peaklist_20190420.db
C13H15O5,-,251.09250,organic,NO3-,gas,LTOF-CIMS,Chao Yan,Beijing urban (BUCT),atmosphere,urban,BUCT long-term,"Guo et al., 2022, ACP",Beijing_Latest_peaklist_20190420.db
C5H6N3O9,-,252.01095,organic,NO3-,gas,LTOF-CIMS,Chao Yan,Beijing urban (BUCT),atmosphere,urban,BUCT long-term,"Guo et al., 2022, ACP",Beijing_Latest_peaklist_20190420.db
C10H6NO7,-,252.01498,organic,NO3-,gas,LTOF-CIMS,Chao Yan,Beijing urban (BUCT),atmosphere,urban,BUCT long-term,"Guo et al., 2022, ACP",Beijing_Latest_peaklist_20190420.db
C6H10N3O8,-,252.04734,organic,NO3-,gas,LTOF-CIMS,Chao Yan,Beijing urban (BUCT),atmosphere,urban,BUCT long-term,"Guo et al., 2022, ACP",Beijing_Latest_peaklist_20190420.db
C7H14N3O7,-,252.08372,organic,NO3-,gas,LTOF-CIMS,Chao Yan,Beijing urban (BUCT),atmosphere,urban,BUCT long-term,"Guo et al., 2022, ACP",Beijing_Latest_peaklist_20190420.db
C2H3Cl2N2O8,-,252.92719,organic,NO3-,gas,LTOF-CIMS,Chao Yan,Beijing urban (BUCT),atmosphere,urban,BUCT long-term,"Guo et al., 2022, ACP",Beijing_Latest_peaklist_20190420.db
C5H5N2O10,-,252.99497,organic,NO3-,gas,LTOF-CIMS,Chao Yan,Beijing urban (BUCT),atmosphere,urban,BUCT long-term,"Guo et al., 2022, ACP",Beijing_Latest_peaklist_20190420.db
C6H9N2O9,-,253.03135,organic,NO3-,gas,LTOF-CIMS,Chao Yan,Beijing urban (BUCT),atmosphere,urban,BUCT long-term,"Guo et al., 2022, ACP",Beijing_Latest_peaklist_20190420.db
C7H13N2O8,-,253.06774,organic,NO3-,gas,LTOF-CIMS,Chao Yan,Beijing urban (BUCT),atmosphere,urban,BUCT long-term,"Guo et al., 2022, ACP",Beijing_Latest_peaklist_20190420.db
C4H4N3O10,-,253.99022,organic,NO3-,gas,LTOF-CIMS,Chao Yan,Beijing urban (BUCT),atmosphere,urban,BUCT long-term,"Guo et al., 2022, ACP",Beijing_Latest_peaklist_20190420.db
C6H8NO10,-,254.01537,organic,NO3-,gas,LTOF-CIMS,Chao Yan,Beijing urban (BUCT),atmosphere,urban,BUCT long-term,"Guo et al., 2022, ACP",Beijing_Latest_peaklist_20190420.db
C9H8N3O6,-,254.04186,organic,NO3-,gas,LTOF-CIMS,Chao Yan,Beijing urban (BUCT),atmosphere,urban,BUCT long-term,"Guo et al., 2022, ACP",Beijing_Latest_peaklist_20190420.db
C15H12NO3,-,254.08227,organic,NO3-,gas,LTOF-CIMS,Chao Yan,Beijing urban (BUCT),atmosphere,urban,BUCT long-term,"Guo et al., 2022, ACP",Beijing_Latest_peaklist_20190420.db
C5H7N2O10,-,255.01062,organic,NO3-,gas,LTOF-CIMS,Chao Yan,Beijing urban (BUCT),atmosphere,urban,BUCT long-term,"Guo et al., 2022, ACP",Beijing_Latest_peaklist_20190420.db
C6H11N2O9,-,255.04700,organic,NO3-,gas,LTOF-CIMS,Chao Yan,Beijing urban (BUCT),atmosphere,urban,BUCT long-term,"Guo et al., 2022, ACP",Beijing_Latest_peaklist_20190420.db
C10H11N2O6,-,255.06226,organic,NO3-,gas,LTOF-CIMS,Chao Yan,Beijing urban (BUCT),atmosphere,urban,BUCT long-term,"Guo et al., 2022, ACP",Beijing_Latest_peaklist_20190420.db
C7H15N2O8,-,255.08339,organic,NO3-,gas,LTOF-CIMS,Chao Yan,Beijing urban (BUCT),atmosphere,urban,BUCT long-term,"Guo et al., 2022, ACP",Beijing_Latest_peaklist_20190420.db
,,255.93200,unassigned,NO3-,gas,LTOF-CIMS,Chao Yan,Beijing urban (BUCT),atmosphere,urban,BUCT long-term,"Guo et al., 2022, ACP",Beijing_Latest_peaklist_20190420.db
C5H6NO11,-,255.99463,organic,NO3-,gas,LTOF-CIMS,Chao Yan,Beijing urban (BUCT),atmosphere,urban,BUCT long-term,"Guo et al., 2022, ACP",Beijing_Latest_peaklist_20190420.db
C9H6NO8,-,256.00989,organic,NO3-,gas,LTOF-CIMS,Chao Yan,Beijing urban (BUCT),atmosphere,urban,BUCT long-term,"Guo et al., 2022, ACP",Beijing_Latest_peaklist_20190420.db
C5H10N3O9,-,256.04225,organic,NO3-,gas,LTOF-CIMS,Chao Yan,Beijing urban (BUCT),atmosphere,urban,BUCT long-term,"Guo et al., 2022, ACP",Beijing_Latest_peaklist_20190420.db
C7H14NO9,-,256.06740,organic,NO3-,gas,LTOF-CIMS,Chao Yan,Beijing urban (BUCT),atmosphere,urban,BUCT long-term,"Guo et al., 2022, ACP",Beijing_Latest_peaklist_20190420.db
,,256.99590,unassigned,NO3-,gas,LTOF-CIMS,Chao Yan,Beijing urban (BUCT),atmosphere,urban,BUCT long-term,"Guo et al., 2022, ACP",Beijing_Latest_peaklist_20190420.db
C5H9N2O10,-,257.02627,organic,NO3-,gas,LTOF-CIMS,Chao Yan,Beijing urban (BUCT),atmosphere,urban,BUCT long-term,"Guo et al., 2022, ACP",Beijing_Latest_peaklist_20190420.db
C5H11N3O9,-,257.05008,organic,NO3-,gas,LTOF-CIMS,Chao Yan,Beijing urban (BUCT),atmosphere,urban,BUCT long-term,"Guo et al., 2022, ACP",Beijing_Latest_peaklist_20190420.db
C10H13N2O6,-,257.07791,organic,NO3-,gas,LTOF-CIMS,Chao Yan,Beijing urban (BUCT),atmosphere,urban,BUCT long-term,"Guo et al., 2022, ACP",Beijing_Latest_peaklist_20190420.db
C4H2F6NO5,-,257.98427,organic,NO3-,gas,LTOF-CIMS,Chao Yan,Beijing urban (BUCT),atmosphere,urban,BUCT long-term,"Guo et al., 2022, ACP",Beijing_Latest_peaklist_20190420.db
C4H8N3O10,-,258.02152,organic,NO3-,gas,LTOF-CIMS,Chao Yan,Beijing urban (BUCT),atmosphere,urban,BUCT long-term,"Guo et al., 2022, ACP",Beijing_Latest_peaklist_20190420.db
,,258.05670,unassigned,NO3-,gas,LTOF-CIMS,Chao Yan,Beijing urban (BUCT),atmosphere,urban,BUCT long-term,"Guo et al., 2022, ACP",Beijing_Latest_peaklist_20190420.db
,,258.99610,unassigned,NO3-,gas,LTOF-CIMS,Chao Yan,Beijing urban (BUCT),atmosphere,urban,BUCT long-term,"Guo et al., 2022, ACP",Beijing_Latest_peaklist_20190420.db
C8H7N2O8,-,259.02079,organic,NO3-,gas,LTOF-CIMS,Chao Yan,Beijing urban (BUCT),atmosphere,urban,BUCT long-term,"Guo et al., 2022, ACP",Beijing_Latest_peaklist_20190420.db
C9H11N2O7,-,259.05717,organic,NO3-,gas,LTOF-CIMS,Chao Yan,Beijing urban (BUCT),atmosphere,urban,BUCT long-term,"Guo et al., 2022, ACP",Beijing_Latest_peaklist_20190420.db
,,259.09500,unassigned,NO3-,gas,LTOF-CIMS,Chao Yan,Beijing urban (BUCT),atmosphere,urban,BUCT long-term,"Guo et al., 2022, ACP",Beijing_Latest_peaklist_20190420.db
C7H6N3O8,-,260.01604,organic,NO3-,gas,LTOF-CIMS,Chao Yan,Beijing urban (BUCT),atmosphere,urban,BUCT long-term,"Guo et al., 2022, ACP",Beijing_Latest_peaklist_20190420.db
C10H14NO7,-,260.07758,organic,NO3-,gas,LTOF-CIMS,Chao Yan,Beijing urban (BUCT),atmosphere,urban,BUCT long-term,"Guo et al., 2022, ACP",Beijing_Latest_peaklist_20190420.db
,,260.93490,unassigned,NO3-,gas,LTOF-CIMS,Chao Yan,Beijing urban (BUCT),atmosphere,urban,BUCT long-term,"Guo et al., 2022, ACP",Beijing_Latest_peaklist_20190420.db
C7H5N2O9,-,261.00005,organic,NO3-,gas,LTOF-CIMS,Chao Yan,Beijing urban (BUCT),atmosphere,urban,BUCT long-term,"Guo et al., 2022, ACP",Beijing_Latest_peaklist_20190420.db
C4H9N2O11,-,261.02118,organic,NO3-,gas,LTOF-CIMS,Chao Yan,Beijing urban (BUCT),atmosphere,urban,BUCT long-term,"Guo et al., 2022, ACP",Beijing_Latest_peaklist_20190420.db
C8H9N2O8,-,261.03644,organic,NO3-,gas,LTOF-CIMS,Chao Yan,Beijing urban (BUCT),atmosphere,urban,BUCT long-term,"Guo et al., 2022, ACP",Beijing_Latest_peaklist_20190420.db
C9H13N2O7,-,261.07282,organic,NO3-,gas,LTOF-CIMS,Chao Yan,Beijing urban (BUCT),atmosphere,urban,BUCT long-term,"Guo et al., 2022, ACP",Beijing_Latest_peaklist_20190420.db
,,261.94000,unassigned,NO3-,gas,LTOF-CIMS,Chao Yan,Beijing urban (BUCT),atmosphere,urban,BUCT long-term,"Guo et al., 2022, ACP",Beijing_Latest_peaklist_20190420.db
C6H4N3O9,-,261.99530,organic,NO3-,gas,LTOF-CIMS,Chao Yan,Beijing urban (BUCT),atmosphere,urban,BUCT long-term,"Guo et al., 2022, ACP",Beijing_Latest_peaklist_20190420.db
C3H8N3O11,-,262.01643,organic,NO3-,gas,LTOF-CIMS,Chao Yan,Beijing urban (BUCT),atmosphere,urban,BUCT long-term,"Guo et al., 2022, ACP",Beijing_Latest_peaklist_20190420.db
C9H12NO8,-,262.05684,organic,NO3-,gas,LTOF-CIMS,Chao Yan,Beijing urban (BUCT),atmosphere,urban,BUCT long-term,"Guo et al., 2022, ACP",Beijing_Latest_peaklist_20190420.db
C10H16NO7,-,262.09323,organic,NO3-,gas,LTOF-CIMS,Chao Yan,Beijing urban (BUCT),atmosphere,urban,BUCT long-term,"Guo et al., 2022, ACP",Beijing_Latest_peaklist_20190420.db
C11H20NO6,-,262.12961,organic,NO3-,gas,LTOF-CIMS,Chao Yan,Beijing urban (BUCT),atmosphere,urban,BUCT long-term,"Guo et al., 2022, ACP",Beijing_Latest_peaklist_20190420.db
,,262.93180,unassigned,NO3-,gas,LTOF-CIMS,Chao Yan,Beijing urban (BUCT),atmosphere,urban,BUCT long-term,"Guo et al., 2022, ACP",Beijing_Latest_peaklist_20190420.db
C5F9O2,-,262.97601,organic,NO3-,gas,LTOF-CIMS,Chao Yan,Beijing urban (BUCT),atmosphere,urban,BUCT long-term,"Guo et al., 2022, ACP",Beijing_Latest_peaklist_20190420.db
C5H3F8O3,-,262.99599,organic,NO3-,gas,LTOF-CIMS,Chao Yan,Beijing urban (BUCT),atmosphere,urban,BUCT long-term,"Guo et al., 2022, ACP",Beijing_Latest_peaklist_20190420.db
C7H7N2O9,-,263.01570,organic,NO3-,gas,LTOF-CIMS,Chao Yan,Beijing urban (BUCT),atmosphere,urban,BUCT long-term,"Guo et al., 2022, ACP",Beijing_Latest_peaklist_20190420.db
C8H11N2O8,-,263.05209,organic,NO3-,gas,LTOF-CIMS,Chao Yan,Beijing urban (BUCT),atmosphere,urban,BUCT long-term,"Guo et al., 2022, ACP",Beijing_Latest_peaklist_20190420.db
C9H15N2O7,-,263.08847,organic,NO3-,gas,LTOF-CIMS,Chao Yan,Beijing urban (BUCT),atmosphere,urban,BUCT long-term,"Guo et al., 2022, ACP",Beijing_Latest_peaklist_20190420.db
C6H6N3O9,-,264.01095,organic,NO3-,gas,LTOF-CIMS,Chao Yan,Beijing urban (BUCT),atmosphere,urban,BUCT long-term,"Guo et al., 2022, ACP",Beijing_Latest_peaklist_20190420.db
C9H14NO8,-,264.07249,organic,NO3-,gas,LTOF-CIMS,Chao Yan,Beijing urban (BUCT),atmosphere,urban,BUCT long-term,"Guo et al., 2022, ACP",Beijing_Latest_peaklist_20190420.db
,,264.96360,unassigned,NO3-,gas,LTOF-CIMS,Chao Yan,Beijing urban (BUCT),atmosphere,urban,BUCT long-term,"Guo et al., 2022, ACP",Beijing_Latest_peaklist_20190420.db
C7H7NO10,-,265.00754,organic,NO3-,gas,LTOF-CIMS,Chao Yan,Beijing urban (BUCT),atmosphere,urban,BUCT long-term,"Guo et al., 2022, ACP",Beijing_Latest_peaklist_20190420.db
C7H9N2O9,-,265.03135,organic,NO3-,gas,LTOF-CIMS,Chao Yan,Beijing urban (BUCT),atmosphere,urban,BUCT long-term,"Guo et al., 2022, ACP",Beijing_Latest_peaklist_20190420.db
C8H13N2O8,-,265.06774,organic,NO3-,gas,LTOF-CIMS,Chao Yan,Beijing urban (BUCT),atmosphere,urban,BUCT long-term,"Guo et al., 2022, ACP",Beijing_Latest_peaklist_20190420.db
C9H17N2O7,-,265.10412,organic,NO3-,gas,LTOF-CIMS,Chao Yan,Beijing urban (BUCT),atmosphere,urban,BUCT long-term,"Guo et al., 2022, ACP",Beijing_Latest_peaklist_20190420.db
,,265.99420,unassigned,NO3-,gas,LTOF-CIMS,Chao Yan,Beijing urban (BUCT),atmosphere,urban,BUCT long-term,"Guo et al., 2022, ACP",Beijing_Latest_peaklist_20190420.db
C6H8N3O9,-,266.02660,organic,NO3-,gas,LTOF-CIMS,Chao Yan,Beijing urban (BUCT),atmosphere,urban,BUCT long-term,"Guo et al., 2022, ACP",Beijing_Latest_peaklist_20190420.db
C8H12NO9,-,266.05175,organic,NO3-,gas,LTOF-CIMS,Chao Yan,Beijing urban (BUCT),atmosphere,urban,BUCT long-term,"Guo et al., 2022, ACP",Beijing_Latest_peaklist_20190420.db
C9H16NO8,-,266.08814,organic,NO3-,gas,LTOF-CIMS,Chao Yan,Beijing urban (BUCT),atmosphere,urban,BUCT long-term,"Guo et al., 2022, ACP",Beijing_Latest_peaklist_20190420.db
C6H7N2O10,-,267.01062,organic,NO3-,gas,LTOF-CIMS,Chao Yan,Beijing urban (BUCT),atmosphere,urban,BUCT long-term,"Guo et al., 2022, ACP",Beijing_Latest_peaklist_20190420.db
C7H11N2O9,-,267.04700,organic,NO3-,gas,LTOF-CIMS,Chao Yan,Beijing urban (BUCT),atmosphere,urban,BUCT long-term,"Guo et al., 2022, ACP",Beijing_Latest_peaklist_20190420.db
C8H15N2O8,-,267.08339,organic,NO3-,gas,LTOF-CIMS,Chao Yan,Beijing urban (BUCT),atmosphere,urban,BUCT long-term,"Guo et al., 2022, ACP",Beijing_Latest_peaklist_20190420.db
BrINO3,-,267.81118,inorganic,NO3-,gas,LTOF-CIMS,Chao Yan,Beijing urban (BUCT),atmosphere,urban,BUCT long-term,"Guo et al., 2022, ACP",Beijing_Latest_peaklist_20190420.db
,,267.95670,unassigned,NO3-,gas,LTOF-CIMS,Chao Yan,Beijing urban (BUCT),atmosphere,urban,BUCT long-term,"Guo et al., 2022, ACP",Beijing_Latest_peaklist_20190420.db
C6H6NO11,-,267.99463,organic,NO3-,gas,LTOF-CIMS,Chao Yan,Beijing urban (BUCT),atmosphere,urban,BUCT long-term,"Guo et al., 2022, ACP",Beijing_Latest_peaklist_20190420.db
C7H8O11,-,268.00721,organic,NO3-,gas,LTOF-CIMS,Chao Yan,Beijing urban (BUCT),atmosphere,urban,BUCT long-term,"Guo et al., 2022, ACP",Beijing_Latest_peaklist_20190420.db
C7H10NO10,-,268.03102,organic,NO3-,gas,LTOF-CIMS,Chao Yan,Beijing urban (BUCT),atmosphere,urban,BUCT long-term,"Guo et al., 2022, ACP",Beijing_Latest_peaklist_20190420.db
C11H10NO7,-,268.04628,organic,NO3-,gas,LTOF-CIMS,Chao Yan,Beijing urban (BUCT),atmosphere,urban,BUCT long-term,"Guo et al., 2022, ACP",Beijing_Latest_peaklist_20190420.db
C12H14NO6,-,268.08266,organic,NO3-,gas,LTOF-CIMS,Chao Yan,Beijing urban (BUCT),atmosphere,urban,BUCT long-term,"Guo et al., 2022, ACP",Beijing_Latest_peaklist_20190420.db
,,268.94230,unassigned,NO3-,gas,LTOF-CIMS,Chao Yan,Beijing urban (BUCT),atmosphere,urban,BUCT long-term,"Guo et al., 2022, ACP",Beijing_Latest_peaklist_20190420.db
C5F11,-,268.98298,organic,NO3-,gas,LTOF-CIMS,Chao Yan,Beijing urban (BUCT),atmosphere,urban,BUCT long-term,"Guo et al., 2022, ACP",Beijing_Latest_peaklist_20190420.db
C5H3F10O,-,269.00297,organic,NO3-,gas,LTOF-CIMS,Chao Yan,Beijing urban (BUCT),atmosphere,urban,BUCT long-term,"Guo et al., 2022, ACP",Beijing_Latest_peaklist_20190420.db
C6H9N2O10,-,269.02627,organic,NO3-,gas,LTOF-CIMS,Chao Yan,Beijing urban (BUCT),atmosphere,urban,BUCT long-term,"Guo et al., 2022, ACP",Beijing_Latest_peaklist_20190420.db
C7H13N2O9,-,269.06265,organic,NO3-,gas,LTOF-CIMS,Chao Yan,Beijing urban (BUCT),atmosphere,urban,BUCT long-term,"Guo et al., 2022, ACP",Beijing_Latest_peaklist_20190420.db
C8H17N2O8,-,269.09904,organic,NO3-,gas,LTOF-CIMS,Chao Yan,Beijing urban (BUCT),atmosphere,urban,BUCT long-term,"Guo et al., 2022, ACP",Beijing_Latest_peaklist_20190420.db
,,269.95200,unassigned,NO3-,gas,LTOF-CIMS,Chao Yan,Beijing urban (BUCT),atmosphere,urban,BUCT long-term,"Guo et al., 2022, ACP",Beijing_Latest_peaklist_20190420.db
,,269.99120,unassigned,NO3-,gas,LTOF-CIMS,Chao Yan,Beijing urban (BUCT),atmosphere,urban,BUCT long-term,"Guo et al., 2022, ACP",Beijing_Latest_peaklist_20190420.db
C7H10O11,-,270.02286,organic,NO3-,gas,LTOF-CIMS,Chao Yan,Beijing urban (BUCT),atmosphere,urban,BUCT long-term,"Guo et al., 2022, ACP",Beijing_Latest_peaklist_20190420.db
C8H14O10,-,270.05925,organic,NO3-,gas,LTOF-CIMS,Chao Yan,Beijing urban (BUCT),atmosphere,urban,BUCT long-term,"Guo et al., 2022, ACP",Beijing_Latest_peaklist_20190420.db
C12H16NO6,-,270.09831,organic,NO3-,gas,LTOF-CIMS,Chao Yan,Beijing urban (BUCT),atmosphere,urban,BUCT long-term,"Guo et al., 2022, ACP",Beijing_Latest_peaklist_20190420.db
,,270.93820,unassigned,NO3-,gas,LTOF-CIMS,Chao Yan,Beijing urban (BUCT),atmosphere,urban,BUCT long-term,"Guo et al., 2022, ACP",Beijing_Latest_peaklist_20190420.db
,,270.98910,unassigned,NO3-,gas,LTOF-CIMS,Chao Yan,Beijing urban (BUCT),atmosphere,urban,BUCT long-term,"Guo et al., 2022, ACP",Beijing_Latest_peaklist_20190420.db
C5H7N2O11,-,271.00553,organic,NO3-,gas,LTOF-CIMS,Chao Yan,Beijing urban (BUCT),atmosphere,urban,BUCT long-term,"Guo et al., 2022, ACP",Beijing_Latest_peaklist_20190420.db
C9H7N2O8,-,271.02079,organic,NO3-,gas,LTOF-CIMS,Chao Yan,Beijing urban (BUCT),atmosphere,urban,BUCT long-term,"Guo et al., 2022, ACP",Beijing_Latest_peaklist_20190420.db
C6H11N2O10,-,271.04192,organic,NO3-,gas,LTOF-CIMS,Chao Yan,Beijing urban (BUCT),atmosphere,urban,BUCT long-term,"Guo et al., 2022, ACP",Beijing_Latest_peaklist_20190420.db
C10H11N2O7,-,271.05717,organic,NO3-,gas,LTOF-CIMS,Chao Yan,Beijing urban (BUCT),atmosphere,urban,BUCT long-term,"Guo et al., 2022, ACP",Beijing_Latest_peaklist_20190420.db
C7H15N2O9,-,271.07830,organic,NO3-,gas,LTOF-CIMS,Chao Yan,Beijing urban (BUCT),atmosphere,urban,BUCT long-term,"Guo et al., 2022, ACP",Beijing_Latest_peaklist_20190420.db
C11H15N2O6,-,271.09356,organic,NO3-,gas,LTOF-CIMS,Chao Yan,Beijing urban (BUCT),atmosphere,urban,BUCT long-term,"Guo et al., 2022, ACP",Beijing_Latest_peaklist_20190420.db
C4H6N3O11,-,272.00078,organic,NO3-,gas,LTOF-CIMS,Chao Yan,Beijing urban (BUCT),atmosphere,urban,BUCT long-term,"Guo et al., 2022, ACP",Beijing_Latest_peaklist_20190420.db
C5H10N3O10,-,272.03717,organic,NO3-,gas,LTOF-CIMS,Chao Yan,Beijing urban (BUCT),atmosphere,urban,BUCT long-term,"Guo et al., 2022, ACP",Beijing_Latest_peaklist_20190420.db
C11H14NO7,-,272.07758,organic,NO3-,gas,LTOF-CIMS,Chao Yan,Beijing urban (BUCT),atmosphere,urban,BUCT long-term,"Guo et al., 2022, ACP",Beijing_Latest_peaklist_20190420.db
,,272.97620,unassigned,NO3-,gas,LTOF-CIMS,Chao Yan,Beijing urban (BUCT),atmosphere,urban,BUCT long-term,"Guo et al., 2022, ACP",Beijing_Latest_peaklist_20190420.db
,,273.01570,unassigned,NO3-,gas,LTOF-CIMS,Chao Yan,Beijing urban (BUCT),atmosphere,urban,BUCT long-term,"Guo et al., 2022, ACP",Beijing_Latest_peaklist_20190420.db
C9H9N2O8,-,273.03644,organic,NO3-,gas,LTOF-CIMS,Chao Yan,Beijing urban (BUCT),atmosphere,urban,BUCT long-term,"Guo et al., 2022, ACP",Beijing_Latest_peaklist_20190420.db
C10H13N2O7,-,273.07282,organic,NO3-,gas,LTOF-CIMS,Chao Yan,Beijing urban (BUCT),atmosphere,urban,BUCT long-term,"Guo et al., 2022, ACP",Beijing_Latest_peaklist_20190420.db
C4H2F6NO6,-,273.97918,organic,NO3-,gas,LTOF-CIMS,Chao Yan,Beijing urban (BUCT),atmosphere,urban,BUCT long-term,"Guo et al., 2022, ACP",Beijing_Latest_peaklist_20190420.db
C4H8N3O11,-,274.01643,organic,NO3-,gas,LTOF-CIMS,Chao Yan,Beijing urban (BUCT),atmosphere,urban,BUCT long-term,"Guo et al., 2022, ACP",Beijing_Latest_peaklist_20190420.db
C8H8N3O8,-,274.03169,organic,NO3-,gas,LTOF-CIMS,Chao Yan,Beijing urban (BUCT),atmosphere,urban,BUCT long-term,"Guo et al., 2022, ACP",Beijing_Latest_peaklist_20190420.db
C10H12NO8,-,274.05684,organic,NO3-,gas,LTOF-CIMS,Chao Yan,Beijing urban (BUCT),atmosphere,urban,BUCT long-term,"Guo et al., 2022, ACP",Beijing_Latest_peaklist_20190420.db
C11H16NO7,-,274.09323,organic,NO3-,gas,LTOF-CIMS,Chao Yan,Beijing urban (BUCT),atmosphere,urban,BUCT long-term,"Guo et al., 2022, ACP",Beijing_Latest_peaklist_20190420.db
,,274.97300,unassigned,NO3-,gas,LTOF-CIMS,Chao Yan,Beijing urban (BUCT),atmosphere,urban,BUCT long-term,"Guo et al., 2022, ACP",Beijing_Latest_peaklist_20190420.db
C8H7N2O9,-,275.01570,organic,NO3-,gas,LTOF-CIMS,Chao Yan,Beijing urban (BUCT),atmosphere,urban,BUCT long-term,"Guo et al., 2022, ACP",Beijing_Latest_peaklist_20190420.db
C5H11N2O11,-,275.03683,organic,NO3-,gas,LTOF-CIMS,Chao Yan,Beijing urban (BUCT),atmosphere,urban,BUCT long-term,"Guo et al., 2022, ACP",Beijing_Latest_peaklist_20190420.db
C9H11N2O8,-,275.05209,organic,NO3-,gas,LTOF-CIMS,Chao Yan,Beijing urban (BUCT),atmosphere,urban,BUCT long-term,"Guo et al., 2022, ACP",Beijing_Latest_peaklist_20190420.db
C10H15N2O7,-,275.08847,organic,NO3-,gas,LTOF-CIMS,Chao Yan,Beijing urban (BUCT),atmosphere,urban,BUCT long-term,"Guo et al., 2022, ACP",Beijing_Latest_peaklist_20190420.db
C4HF7NO5,-,275.97484,organic,NO3-,gas,LTOF-CIMS,Chao Yan,Beijing urban (BUCT),atmosphere,urban,BUCT long-term,"Guo et al., 2022, ACP",Beijing_Latest_peaklist_20190420.db
C7H6N3O9,-,276.01095,organic,NO3-,gas,LTOF-CIMS,Chao Yan,Beijing urban (BUCT),atmosphere,urban,BUCT long-term,"Guo et al., 2022, ACP",Beijing_Latest_peaklist_20190420.db
C9H10NO9,-,276.03610,organic,NO3-,gas,LTOF-CIMS,Chao Yan,Beijing urban (BUCT),atmosphere,urban,BUCT long-term,"Guo et al., 2022, ACP",Beijing_Latest_peaklist_20190420.db
C10H14NO8,-,276.07249,organic,NO3-,gas,LTOF-CIMS,Chao Yan,Beijing urban (BUCT),atmosphere,urban,BUCT long-term,"Guo et al., 2022, ACP",Beijing_Latest_peaklist_20190420.db
C11H18NO7,-,276.10888,organic,NO3-,gas,LTOF-CIMS,Chao Yan,Beijing urban (BUCT),atmosphere,urban,BUCT long-term,"Guo et al., 2022, ACP",Beijing_Latest_peaklist_20190420.db
C13H26NO5,-,276.18165,organic,NO3-,gas,LTOF-CIMS,Chao Yan,Beijing urban (BUCT),atmosphere,urban,BUCT long-term,"Guo et al., 2022, ACP",Beijing_Latest_peaklist_20190420.db
C4H6ClN2O10,-,276.97165,organic,NO3-,gas,LTOF-CIMS,Chao Yan,Beijing urban (BUCT),atmosphere,urban,BUCT long-term,"Guo et al., 2022, ACP",Beijing_Latest_peaklist_20190420.db
C7H5N2O10,-,276.99497,organic,NO3-,gas,LTOF-CIMS,Chao Yan,Beijing urban (BUCT),atmosphere,urban,BUCT long-term,"Guo et al., 2022, ACP",Beijing_Latest_peaklist_20190420.db
C8H9N2O9,-,277.03135,organic,NO3-,gas,LTOF-CIMS,Chao Yan,Beijing urban (BUCT),atmosphere,urban,BUCT long-term,"Guo et al., 2022, ACP",Beijing_Latest_peaklist_20190420.db
C10H13O9,-,277.05651,organic,NO3-,gas,LTOF-CIMS,Chao Yan,Beijing urban (BUCT),atmosphere,urban,BUCT long-term,"Guo et al., 2022, ACP",Beijing_Latest_peaklist_20190420.db
C9H13N2O8,-,277.06774,organic,NO3-,gas,LTOF-CIMS,Chao Yan,Beijing urban (BUCT),atmosphere,urban,BUCT long-term,"Guo et al., 2022, ACP",Beijing_Latest_peaklist_20190420.db
C10H17N2O7,-,277.10412,organic,NO3-,gas,LTOF-CIMS,Chao Yan,Beijing urban (BUCT),atmosphere,urban,BUCT long-term,"Guo et al., 2022, ACP",Beijing_Latest_peaklist_20190420.db
C8H8NO10,-,278.01537,organic,NO3-,gas,LTOF-CIMS,Chao Yan,Beijing urban (BUCT),atmosphere,urban,BUCT long-term,"Guo et al., 2022, ACP",Beijing_Latest_peaklist_20190420.db
C7H8N3O9,-,278.02660,organic,NO3-,gas,LTOF-CIMS,Chao Yan,Beijing urban (BUCT),atmosphere,urban,BUCT long-term,"Guo et al., 2022, ACP",Beijing_Latest_peaklist_20190420.db
C9H12NO9,-,278.05175,organic,NO3-,gas,LTOF-CIMS,Chao Yan,Beijing urban (BUCT),atmosphere,urban,BUCT long-term,"Guo et al., 2022, ACP",Beijing_Latest_peaklist_20190420.db
C8H12N3O8,-,278.06299,organic,NO3-,gas,LTOF-CIMS,Chao Yan,Beijing urban (BUCT),atmosphere,urban,BUCT long-term,"Guo et al., 2022, ACP",Beijing_Latest_peaklist_20190420.db
C10H16NO8,-,278.08814,organic,NO3-,gas,LTOF-CIMS,Chao Yan,Beijing urban (BUCT),atmosphere,urban,BUCT long-term,"Guo et al., 2022, ACP",Beijing_Latest_peaklist_20190420.db
C11H20NO7,-,278.12453,organic,NO3-,gas,LTOF-CIMS,Chao Yan,Beijing urban (BUCT),atmosphere,urban,BUCT long-term,"Guo et al., 2022, ACP",Beijing_Latest_peaklist_20190420.db
C6H6Cl3O6,-,278.92354,organic,NO3-,gas,LTOF-CIMS,Chao Yan,Beijing urban (BUCT),atmosphere,urban,BUCT long-term,"Guo et al., 2022, ACP",Beijing_Latest_peaklist_20190420.db
C7H7N2O10,-,279.01062,organic,NO3-,gas,LTOF-CIMS,Chao Yan,Beijing urban (BUCT),atmosphere,urban,BUCT long-term,"Guo et al., 2022, ACP",Beijing_Latest_peaklist_20190420.db
C8H11N2O9,-,279.04700,organic,NO3-,gas,LTOF-CIMS,Chao Yan,Beijing urban (BUCT),atmosphere,urban,BUCT long-term,"Guo et al., 2022, ACP",Beijing_Latest_peaklist_20190420.db
C9H15N2O8,-,279.08339,organic,NO3-,gas,LTOF-CIMS,Chao Yan,Beijing urban (BUCT),atmosphere,urban,BUCT long-term,"Guo et al., 2022, ACP",Beijing_Latest_peaklist_20190420.db
,,279.90520,unassigned,NO3-,gas,LTOF-CIMS,Chao Yan,Beijing urban (BUCT),atmosphere,urban,BUCT long-term,"Guo et al., 2022, ACP",Beijing_Latest_peaklist_20190420.db
,,279.97080,unassigned,NO3-,gas,LTOF-CIMS,Chao Yan,Beijing urban (BUCT),atmosphere,urban,BUCT long-term,"Guo et al., 2022, ACP",Beijing_Latest_peaklist_20190420.db
C6H6N3O10,-,280.00587,organic,NO3-,gas,LTOF-CIMS,Chao Yan,Beijing urban (BUCT),atmosphere,urban,BUCT long-term,"Guo et al., 2022, ACP",Beijing_Latest_peaklist_20190420.db
C7H10N3O9,-,280.04225,organic,NO3-,gas,LTOF-CIMS,Chao Yan,Beijing urban (BUCT),atmosphere,urban,BUCT long-term,"Guo et al., 2022, ACP",Beijing_Latest_peaklist_20190420.db
C9H14NO9,-,280.06740,organic,NO3-,gas,LTOF-CIMS,Chao Yan,Beijing urban (BUCT),atmosphere,urban,BUCT long-term,"Guo et al., 2022, ACP",Beijing_Latest_peaklist_20190420.db
C10H18NO8,-,280.10379,organic,NO3-,gas,LTOF-CIMS,Chao Yan,Beijing urban (BUCT),atmosphere,urban,BUCT long-term,"Guo et al., 2022, ACP",Beijing_Latest_peaklist_20190420.db
C5H2F9O3,-,280.98657,organic,NO3-,gas,LTOF-CIMS,Chao Yan,Beijing urban (BUCT),atmosphere,urban,BUCT long-term,"Guo et al., 2022, ACP",Beijing_Latest_peaklist_20190420.db
C7H9N2O10,-,281.02627,organic,NO3-,gas,LTOF-CIMS,Chao Yan,Beijing urban (BUCT),atmosphere,urban,BUCT long-term,"Guo et al., 2022, ACP",Beijing_Latest_peaklist_20190420.db
C8H13N2O9,-,281.06265,organic,NO3-,gas,LTOF-CIMS,Chao Yan,Beijing urban (BUCT),atmosphere,urban,BUCT long-term,"Guo et al., 2022, ACP",Beijing_Latest_peaklist_20190420.db
C9H17N2O8,-,281.09904,organic,NO3-,gas,LTOF-CIMS,Chao Yan,Beijing urban (BUCT),atmosphere,urban,BUCT long-term,"Guo et al., 2022, ACP",Beijing_Latest_peaklist_20190420.db
C3H3ClO7S3,-,281.87349,organic,NO3-,gas,LTOF-CIMS,Chao Yan,Beijing urban (BUCT),atmosphere,urban,BUCT long-term,"Guo et al., 2022, ACP",Beijing_Latest_peaklist_20190420.db
,,281.87400,unassigned,NO3-,gas,LTOF-CIMS,Chao Yan,Beijing urban (BUCT),atmosphere,urban,BUCT long-term,"Guo et al., 2022, ACP",Beijing_Latest_peaklist_20190420.db
,,281.94600,unassigned,NO3-,gas,LTOF-CIMS,Chao Yan,Beijing urban (BUCT),atmosphere,urban,BUCT long-term,"Guo et al., 2022, ACP",Beijing_Latest_peaklist_20190420.db
,,281.96630,unassigned,NO3-,gas,LTOF-CIMS,Chao Yan,Beijing urban (BUCT),atmosphere,urban,BUCT long-term,"Guo et al., 2022, ACP",Beijing_Latest_peaklist_20190420.db
,,281.99100,unassigned,NO3-,gas,LTOF-CIMS,Chao Yan,Beijing urban (BUCT),atmosphere,urban,BUCT long-term,"Guo et al., 2022, ACP",Beijing_Latest_peaklist_20190420.db
C6H8N3O10,-,282.02152,organic,NO3-,gas,LTOF-CIMS,Chao Yan,Beijing urban (BUCT),atmosphere,urban,BUCT long-term,"Guo et al., 2022, ACP",Beijing_Latest_peaklist_20190420.db
C8H12NO10,-,282.04667,organic,NO3-,gas,LTOF-CIMS,Chao Yan,Beijing urban (BUCT),atmosphere,urban,BUCT long-term,"Guo et al., 2022, ACP",Beijing_Latest_peaklist_20190420.db
C7H12N3O9,-,282.05790,organic,NO3-,gas,LTOF-CIMS,Chao Yan,Beijing urban (BUCT),atmosphere,urban,BUCT long-term,"Guo et al., 2022, ACP",Beijing_Latest_peaklist_20190420.db
C13H16NO6,-,282.09831,organic,NO3-,gas,LTOF-CIMS,Chao Yan,Beijing urban (BUCT),atmosphere,urban,BUCT long-term,"Guo et al., 2022, ACP",Beijing_Latest_peaklist_20190420.db
C6H2F11,-,282.99863,organic,NO3-,gas,LTOF-CIMS,Chao Yan,Beijing urban (BUCT),atmosphere,urban,BUCT long-term,"Guo et al., 2022, ACP",Beijing_Latest_peaklist_20190420.db
C6H7N2O11,-,283.00553,organic,NO3-,gas,LTOF-CIMS,Chao Yan,Beijing urban (BUCT),atmosphere,urban,BUCT long-term,"Guo et al., 2022, ACP",Beijing_Latest_peaklist_20190420.db
C7H11N2O10,-,283.04192,organic,NO3-,gas,LTOF-CIMS,Chao Yan,Beijing urban (BUCT),atmosphere,urban,BUCT long-term,"Guo et al., 2022, ACP",Beijing_Latest_peaklist_20190420.db
C8H15N2O9,-,283.07830,organic,NO3-,gas,LTOF-CIMS,Chao Yan,Beijing urban (BUCT),atmosphere,urban,BUCT long-term,"Guo et al., 2022, ACP",Beijing_Latest_peaklist_20190420.db
C9H19N2O8,-,283.11469,organic,NO3-,gas,LTOF-CIMS,Chao Yan,Beijing urban (BUCT),atmosphere,urban,BUCT long-term,"Guo et al., 2022, ACP",Beijing_Latest_peaklist_20190420.db
,,283.87320,unassigned,NO3-,gas,LTOF-CIMS,Chao Yan,Beijing urban (BUCT),atmosphere,urban,BUCT long-term,"Guo et al., 2022, ACP",Beijing_Latest_peaklist_20190420.db
,,283.96500,unassigned,NO3-,gas,LTOF-CIMS,Chao Yan,Beijing urban (BUCT),atmosphere,urban,BUCT long-term,"Guo et al., 2022, ACP",Beijing_Latest_peaklist_20190420.db
C5H6N3O11,-,284.00078,organic,NO3-,gas,LTOF-CIMS,Chao Yan,Beijing urban (BUCT),atmosphere,urban,BUCT long-term,"Guo et al., 2022, ACP",Beijing_Latest_peaklist_20190420.db
C7H10NO11,-,284.02593,organic,NO3-,gas,LTOF-CIMS,Chao Yan,Beijing urban (BUCT),atmosphere,urban,BUCT long-term,"Guo et al., 2022, ACP",Beijing_Latest_peaklist_20190420.db
C6H10N3O10,-,284.03717,organic,NO3-,gas,LTOF-CIMS,Chao Yan,Beijing urban (BUCT),atmosphere,urban,BUCT long-term,"Guo et al., 2022, ACP",Beijing_Latest_peaklist_20190420.db
C8H14NO10,-,284.06232,organic,NO3-,gas,LTOF-CIMS,Chao Yan,Beijing urban (BUCT),atmosphere,urban,BUCT long-term,"Guo et al., 2022, ACP",Beijing_Latest_peaklist_20190420.db
C7H14N3O9,-,284.07355,organic,NO3-,gas,LTOF-CIMS,Chao Yan,Beijing urban (BUCT),atmosphere,urban,BUCT long-term,"Guo et al., 2022, ACP",Beijing_Latest_peaklist_20190420.db
C13H18NO6,-,284.11396,organic,NO3-,gas,LTOF-CIMS,Chao Yan,Beijing urban (BUCT),atmosphere,urban,BUCT long-term,"Guo et al., 2022, ACP",Beijing_Latest_peaklist_20190420.db
,,284.95820,unassigned,NO3-,gas,LTOF-CIMS,Chao Yan,Beijing urban (BUCT),atmosphere,urban,BUCT long-term,"Guo et al., 2022, ACP",Beijing_Latest_peaklist_20190420.db
C5H5N2O12,-,284.98480,organic,NO3-,gas,LTOF-CIMS,Chao Yan,Beijing urban (BUCT),atmosphere,urban,BUCT long-term,"Guo et al., 2022, ACP",Beijing_Latest_peaklist_20190420.db
C6H9N2O11,-,285.02118,organic,NO3-,gas,LTOF-CIMS,Chao Yan,Beijing urban (BUCT),atmosphere,urban,BUCT long-term,"Guo et al., 2022, ACP",Beijing_Latest_peaklist_20190420.db
C10H9N2O8,-,285.03644,organic,NO3-,gas,LTOF-CIMS,Chao Yan,Beijing urban (BUCT),atmosphere,urban,BUCT long-term,"Guo et al., 2022, ACP",Beijing_Latest_peaklist_20190420.db
C7H13N2O10,-,285.05757,organic,NO3-,gas,LTOF-CIMS,Chao Yan,Beijing urban (BUCT),atmosphere,urban,BUCT long-term,"Guo et al., 2022, ACP",Beijing_Latest_peaklist_20190420.db
C8H17N2O9,-,285.09395,organic,NO3-,gas,LTOF-CIMS,Chao Yan,Beijing urban (BUCT),atmosphere,urban,BUCT long-term,"Guo et al., 2022, ACP",Beijing_Latest_peaklist_20190420.db
C12H17N2O6,-,285.10921,organic,NO3-,gas,LTOF-CIMS,Chao Yan,Beijing urban (BUCT),atmosphere,urban,BUCT long-term,"Guo et al., 2022, ACP",Beijing_Latest_peaklist_20190420.db
C5H8N3O11,-,286.01643,organic,NO3-,gas,LTOF-CIMS,Chao Yan,Beijing urban (BUCT),atmosphere,urban,BUCT long-term,"Guo et al., 2022, ACP",Beijing_Latest_peaklist_20190420.db
C6H12N3O10,-,286.05282,organic,NO3-,gas,LTOF-CIMS,Chao Yan,Beijing urban (BUCT),atmosphere,urban,BUCT long-term,"Guo et al., 2022, ACP",Beijing_Latest_peaklist_20190420.db
C8H16NO10,-,286.07797,organic,NO3-,gas,LTOF-CIMS,Chao Yan,Beijing urban (BUCT),atmosphere,urban,BUCT long-term,"Guo et al., 2022, ACP",Beijing_Latest_peaklist_20190420.db
C5H2F11O,-,286.99355,organic,NO3-,gas,LTOF-CIMS,Chao Yan,Beijing urban (BUCT),atmosphere,urban,BUCT long-term,"Guo et al., 2022, ACP",Beijing_Latest_peaklist_20190420.db
C9H7N2O9,-,287.01570,organic,NO3-,gas,LTOF-CIMS,Chao Yan,Beijing urban (BUCT),atmosphere,urban,BUCT long-term,"Guo et al., 2022, ACP",Beijing_Latest_peaklist_20190420.db
C10H11N2O8,-,287.05209,organic,NO3-,gas,LTOF-CIMS,Chao Yan,Beijing urban (BUCT),atmosphere,urban,BUCT long-term,"Guo et al., 2022, ACP",Beijing_Latest_peaklist_20190420.db
C11H15N2O7,-,287.08847,organic,NO3-,gas,LTOF-CIMS,Chao Yan,Beijing urban (BUCT),atmosphere,urban,BUCT long-term,"Guo et al., 2022, ACP",Beijing_Latest_peaklist_20190420.db
C4H6N3O12,-,287.99570,organic,NO3-,gas,LTOF-CIMS,Chao Yan,Beijing urban (BUCT),atmosphere,urban,BUCT long-term,"Guo et al., 2022, ACP",Beijing_Latest_peaklist_20190420.db
C5H10N3O11,-,288.03208,organic,NO3-,gas,LTOF-CIMS,Chao Yan,Beijing urban (BUCT),atmosphere,urban,BUCT long-term,"Guo et al., 2022, ACP",Beijing_Latest_peaklist_20190420.db
C9H10N3O8,-,288.04734,organic,NO3-,gas,LTOF-CIMS,Chao Yan,Beijing urban (BUCT),atmosphere,urban,BUCT long-term,"Guo et al., 2022, ACP",Beijing_Latest_peaklist_20190420.db
C12H18NO7,-,288.10888,organic,NO3-,gas,LTOF-CIMS,Chao Yan,Beijing urban (BUCT),atmosphere,urban,BUCT long-term,"Guo et al., 2022, ACP",Beijing_Latest_peaklist_20190420.db
,,288.94300,unassigned,NO3-,gas,LTOF-CIMS,Chao Yan,Beijing urban (BUCT),atmosphere,urban,BUCT long-term,"Guo et al., 2022, ACP",Beijing_Latest_peaklist_20190420.db
,,288.98700,unassigned,NO3-,gas,LTOF-CIMS,Chao Yan,Beijing urban (BUCT),atmosphere,urban,BUCT long-term,"Guo et al., 2022, ACP",Beijing_Latest_peaklist_20190420.db
C10H9O10,-,289.02012,organic,NO3-,gas,LTOF-CIMS,Chao Yan,Beijing urban (BUCT),atmosphere,urban,BUCT long-term,"Guo et al., 2022, ACP",Beijing_Latest_peaklist_20190420.db
C13H9N2O6,-,289.04661,organic,NO3-,gas,LTOF-CIMS,Chao Yan,Beijing urban (BUCT),atmosphere,urban,BUCT long-term,"Guo et al., 2022, ACP",Beijing_Latest_peaklist_20190420.db
C10H13N2O8,-,289.06774,organic,NO3-,gas,LTOF-CIMS,Chao Yan,Beijing urban (BUCT),atmosphere,urban,BUCT long-term,"Guo et al., 2022, ACP",Beijing_Latest_peaklist_20190420.db
C11H17N2O7,-,289.10412,organic,NO3-,gas,LTOF-CIMS,Chao Yan,Beijing urban (BUCT),atmosphere,urban,BUCT long-term,"Guo et al., 2022, ACP",Beijing_Latest_peaklist_20190420.db
,,289.92000,unassigned,NO3-,gas,LTOF-CIMS,Chao Yan,Beijing urban (BUCT),atmosphere,urban,BUCT long-term,"Guo et al., 2022, ACP",Beijing_Latest_peaklist_20190420.db
,,289.97200,unassigned,NO3-,gas,LTOF-CIMS,Chao Yan,Beijing urban (BUCT),atmosphere,urban,BUCT long-term,"Guo et al., 2022, ACP",Beijing_Latest_peaklist_20190420.db
C4H8N3O12,-,290.01135,organic,NO3-,gas,LTOF-CIMS,Chao Yan,Beijing urban (BUCT),atmosphere,urban,BUCT long-term,"Guo et al., 2022, ACP",Beijing_Latest_peaklist_20190420.db
C8H8N3O9,-,290.02660,organic,NO3-,gas,LTOF-CIMS,Chao Yan,Beijing urban (BUCT),atmosphere,urban,BUCT long-term,"Guo et al., 2022, ACP",Beijing_Latest_peaklist_20190420.db
C6H12NO12,-,290.03650,organic,NO3-,gas,LTOF-CIMS,Chao Yan,Beijing urban (BUCT),atmosphere,urban,BUCT long-term,"Guo et al., 2022, ACP",Beijing_Latest_peaklist_20190420.db
C9H12N3O8,-,290.06299,organic,NO3-,gas,LTOF-CIMS,Chao Yan,Beijing urban (BUCT),atmosphere,urban,BUCT long-term,"Guo et al., 2022, ACP",Beijing_Latest_peaklist_20190420.db
C11H16NO8,-,290.08814,organic,NO3-,gas,LTOF-CIMS,Chao Yan,Beijing urban (BUCT),atmosphere,urban,BUCT long-term,"Guo et al., 2022, ACP",Beijing_Latest_peaklist_20190420.db
C12H20NO7,-,290.12453,organic,NO3-,gas,LTOF-CIMS,Chao Yan,Beijing urban (BUCT),atmosphere,urban,BUCT long-term,"Guo et al., 2022, ACP",Beijing_Latest_peaklist_20190420.db
C14H28NO5,-,290.19730,organic,NO3-,gas,LTOF-CIMS,Chao Yan,Beijing urban (BUCT),atmosphere,urban,BUCT long-term,"Guo et al., 2022, ACP",Beijing_Latest_peaklist_20190420.db
,,290.93900,unassigned,NO3-,gas,LTOF-CIMS,Chao Yan,Beijing urban (BUCT),atmosphere,urban,BUCT long-term,"Guo et al., 2022, ACP",Beijing_Latest_peaklist_20190420.db
,,290.98100,unassigned,NO3-,gas,LTOF-CIMS,Chao Yan,Beijing urban (BUCT),atmosphere,urban,BUCT long-term,"Guo et al., 2022, ACP",Beijing_Latest_peaklist_20190420.db
C8H7N2O10,-,291.01062,organic,NO3-,gas,LTOF-CIMS,Chao Yan,Beijing urban (BUCT),atmosphere,urban,BUCT long-term,"Guo et al., 2022, ACP",Beijing_Latest_peaklist_20190420.db
C9H11N2O9,-,291.04700,organic,NO3-,gas,LTOF-CIMS,Chao Yan,Beijing urban (BUCT),atmosphere,urban,BUCT long-term,"Guo et al., 2022, ACP",Beijing_Latest_peaklist_20190420.db
C10H15N2O8,-,291.08339,organic,NO3-,gas,LTOF-CIMS,Chao Yan,Beijing urban (BUCT),atmosphere,urban,BUCT long-term,"Guo et al., 2022, ACP",Beijing_Latest_peaklist_20190420.db
,,291.97000,unassigned,NO3-,gas,LTOF-CIMS,Chao Yan,Beijing urban (BUCT),atmosphere,urban,BUCT long-term,"Guo et al., 2022, ACP",Beijing_Latest_peaklist_20190420.db
,,291.98600,unassigned,NO3-,gas,LTOF-CIMS,Chao Yan,Beijing urban (BUCT),atmosphere,urban,BUCT long-term,"Guo et al., 2022, ACP",Beijing_Latest_peaklist_20190420.db
C4H10N3O12,-,292.02700,organic,NO3-,gas,LTOF-CIMS,Chao Yan,Beijing urban (BUCT),atmosphere,urban,BUCT long-term,"Guo et al., 2022, ACP",Beijing_Latest_peaklist_20190420.db
C8H10N3O9,-,292.04225,organic,NO3-,gas,LTOF-CIMS,Chao Yan,Beijing urban (BUCT),atmosphere,urban,BUCT long-term,"Guo et al., 2022, ACP",Beijing_Latest_peaklist_20190420.db
C10H14NO9,-,292.06740,organic,NO3-,gas,LTOF-CIMS,Chao Yan,Beijing urban (BUCT),atmosphere,urban,BUCT long-term,"Guo et al., 2022, ACP",Beijing_Latest_peaklist_20190420.db
C11H18NO8,-,292.10379,organic,NO3-,gas,LTOF-CIMS,Chao Yan,Beijing urban (BUCT),atmosphere,urban,BUCT long-term,"Guo et al., 2022, ACP",Beijing_Latest_peaklist_20190420.db
C12H22NO7,-,292.14018,organic,NO3-,gas,LTOF-CIMS,Chao Yan,Beijing urban (BUCT),atmosphere,urban,BUCT long-term,"Guo et al., 2022, ACP",Beijing_Latest_peaklist_20190420.db
H5O12S3,-,292.89486,inorganic,NO3-,gas,LTOF-CIMS,Chao Yan,Beijing urban (BUCT),atmosphere,urban,BUCT long-term,"Guo et al., 2022, ACP",Beijing_Latest_peaklist_20190420.db
,,292.97600,unassigned,NO3-,gas,LTOF-CIMS,Chao Yan,Beijing urban (BUCT),atmosphere,urban,BUCT long-term,"Guo et al., 2022, ACP",Beijing_Latest_peaklist_20190420.db
C8H9N2O10,-,293.02627,organic,NO3-,gas,LTOF-CIMS,Chao Yan,Beijing urban (BUCT),atmosphere,urban,BUCT long-term,"Guo et al., 2022, ACP",Beijing_Latest_peaklist_20190420.db
C9H13N2O9,-,293.06265,organic,NO3-,gas,LTOF-CIMS,Chao Yan,Beijing urban (BUCT),atmosphere,urban,BUCT long-term,"Guo et al., 2022, ACP",Beijing_Latest_peaklist_20190420.db
C10H17N2O8,-,293.09904,organic,NO3-,gas,LTOF-CIMS,Chao Yan,Beijing urban (BUCT),atmosphere,urban,BUCT long-term,"Guo et al., 2022, ACP",Beijing_Latest_peaklist_20190420.db
,,293.97690,unassigned,NO3-,gas,LTOF-CIMS,Chao Yan,Beijing urban (BUCT),atmosphere,urban,BUCT long-term,"Guo et al., 2022, ACP",Beijing_Latest_peaklist_20190420.db
C8H8NO11,-,294.01028,organic,NO3-,gas,LTOF-CIMS,Chao Yan,Beijing urban (BUCT),atmosphere,urban,BUCT long-term,"Guo et al., 2022, ACP",Beijing_Latest_peaklist_20190420.db
C7H8N3O10,-,294.02152,organic,NO3-,gas,LTOF-CIMS,Chao Yan,Beijing urban (BUCT),atmosphere,urban,BUCT long-term,"Guo et al., 2022, ACP",Beijing_Latest_peaklist_20190420.db
C9H12NO10,-,294.04667,organic,NO3-,gas,LTOF-CIMS,Chao Yan,Beijing urban (BUCT),atmosphere,urban,BUCT long-term,"Guo et al., 2022, ACP",Beijing_Latest_peaklist_20190420.db
C13H12NO7,-,294.06193,organic,NO3-,gas,LTOF-CIMS,Chao Yan,Beijing urban (BUCT),atmosphere,urban,BUCT long-term,"Guo et al., 2022, ACP",Beijing_Latest_peaklist_20190420.db
C10H16NO9,-,294.08305,organic,NO3-,gas,LTOF-CIMS,Chao Yan,Beijing urban (BUCT),atmosphere,urban,BUCT long-term,"Guo et al., 2022, ACP",Beijing_Latest_peaklist_20190420.db
,,294.10640,unassigned,NO3-,gas,LTOF-CIMS,Chao Yan,Beijing urban (BUCT),atmosphere,urban,BUCT long-term,"Guo et al., 2022, ACP",Beijing_Latest_peaklist_20190420.db
C6HF10O2,-,294.98224,organic,NO3-,gas,LTOF-CIMS,Chao Yan,Beijing urban (BUCT),atmosphere,urban,BUCT long-term,"Guo et al., 2022, ACP",Beijing_Latest_peaklist_20190420.db
C7H7N2O11,-,295.00553,organic,NO3-,gas,LTOF-CIMS,Chao Yan,Beijing urban (BUCT),atmosphere,urban,BUCT long-term,"Guo et al., 2022, ACP",Beijing_Latest_peaklist_20190420.db
C8H11N2O10,-,295.04192,organic,NO3-,gas,LTOF-CIMS,Chao Yan,Beijing urban (BUCT),atmosphere,urban,BUCT long-term,"Guo et al., 2022, ACP",Beijing_Latest_peaklist_20190420.db
C9H15N2O9,-,295.07830,organic,NO3-,gas,LTOF-CIMS,Chao Yan,Beijing urban (BUCT),atmosphere,urban,BUCT long-term,"Guo et al., 2022, ACP",Beijing_Latest_peaklist_20190420.db
C10H19N2O8,-,295.11469,organic,NO3-,gas,LTOF-CIMS,Chao Yan,Beijing urban (BUCT),atmosphere,urban,BUCT long-term,"Guo et al., 2022, ACP",Beijing_Latest_peaklist_20190420.db
,,295.95800,unassigned,NO3-,gas,LTOF-CIMS,Chao Yan,Beijing urban (BUCT),atmosphere,urban,BUCT long-term,"Guo et al., 2022, ACP",Beijing_Latest_peaklist_20190420.db
C6H6N3O9S,-,295.98302,organic,NO3-,gas,LTOF-CIMS,Chao Yan,Beijing urban (BUCT),atmosphere,urban,BUCT long-term,"Guo et al., 2022, ACP",Beijing_Latest_peaklist_20190420.db
C8H10NO11,-,296.02593,organic,NO3-,gas,LTOF-CIMS,Chao Yan,Beijing urban (BUCT),atmosphere,urban,BUCT long-term,"Guo et al., 2022, ACP",Beijing_Latest_peaklist_20190420.db
C7H10N3O10,-,296.03717,organic,NO3-,gas,LTOF-CIMS,Chao Yan,Beijing urban (BUCT),atmosphere,urban,BUCT long-term,"Guo et al., 2022, ACP",Beijing_Latest_peaklist_20190420.db
C11H10N3O7,-,296.05242,organic,NO3-,gas,LTOF-CIMS,Chao Yan,Beijing urban (BUCT),atmosphere,urban,BUCT long-term,"Guo et al., 2022, ACP",Beijing_Latest_peaklist_20190420.db
C13H14NO7,-,296.07758,organic,NO3-,gas,LTOF-CIMS,Chao Yan,Beijing urban (BUCT),atmosphere,urban,BUCT long-term,"Guo et al., 2022, ACP",Beijing_Latest_peaklist_20190420.db
C18H18NO3,-,296.12922,organic,NO3-,gas,LTOF-CIMS,Chao Yan,Beijing urban (BUCT),atmosphere,urban,BUCT long-term,"Guo et al., 2022, ACP",Beijing_Latest_peaklist_20190420.db
C6H5N2O12,-,296.98480,organic,NO3-,gas,LTOF-CIMS,Chao Yan,Beijing urban (BUCT),atmosphere,urban,BUCT long-term,"Guo et al., 2022, ACP",Beijing_Latest_peaklist_20190420.db
C10H5N2O9,-,297.00005,organic,NO3-,gas,LTOF-CIMS,Chao Yan,Beijing urban (BUCT),atmosphere,urban,BUCT long-term,"Guo et al., 2022, ACP",Beijing_Latest_peaklist_20190420.db
C7H9N2O11,-,297.02118,organic,NO3-,gas,LTOF-CIMS,Chao Yan,Beijing urban (BUCT),atmosphere,urban,BUCT long-term,"Guo et al., 2022, ACP",Beijing_Latest_peaklist_20190420.db
C8H13N2O10,-,297.05757,organic,NO3-,gas,LTOF-CIMS,Chao Yan,Beijing urban (BUCT),atmosphere,urban,BUCT long-term,"Guo et al., 2022, ACP",Beijing_Latest_peaklist_20190420.db
C9H17N2O9,-,297.09395,organic,NO3-,gas,LTOF-CIMS,Chao Yan,Beijing urban (BUCT),atmosphere,urban,BUCT long-term,"Guo et al., 2022, ACP",Beijing_Latest_peaklist_20190420.db
C10H21N2O8,-,297.13034,organic,NO3-,gas,LTOF-CIMS,Chao Yan,Beijing urban (BUCT),atmosphere,urban,BUCT long-term,"Guo et al., 2022, ACP",Beijing_Latest_peaklist_20190420.db
,,297.97560,unassigned,NO3-,gas,LTOF-CIMS,Chao Yan,Beijing urban (BUCT),atmosphere,urban,BUCT long-term,"Guo et al., 2022, ACP",Beijing_Latest_peaklist_20190420.db
C11H8NO9,-,298.02045,organic,NO3-,gas,LTOF-CIMS,Chao Yan,Beijing urban (BUCT),atmosphere,urban,BUCT long-term,"Guo et al., 2022, ACP",Beijing_Latest_peaklist_20190420.db
C10H8N3O8,-,298.03169,organic,NO3-,gas,LTOF-CIMS,Chao Yan,Beijing urban (BUCT),atmosphere,urban,BUCT long-term,"Guo et al., 2022, ACP",Beijing_Latest_peaklist_20190420.db
C7H12N3O10,-,298.05282,organic,NO3-,gas,LTOF-CIMS,Chao Yan,Beijing urban (BUCT),atmosphere,urban,BUCT long-term,"Guo et al., 2022, ACP",Beijing_Latest_peaklist_20190420.db
C13H16NO7,-,298.09323,organic,NO3-,gas,LTOF-CIMS,Chao Yan,Beijing urban (BUCT),atmosphere,urban,BUCT long-term,"Guo et al., 2022, ACP",Beijing_Latest_peaklist_20190420.db
,,298.93000,unassigned,NO3-,gas,LTOF-CIMS,Chao Yan,Beijing urban (BUCT),atmosphere,urban,BUCT long-term,"Guo et al., 2022, ACP",Beijing_Latest_peaklist_20190420.db
,,298.99400,unassigned,NO3-,gas,LTOF-CIMS,Chao Yan,Beijing urban (BUCT),atmosphere,urban,BUCT long-term,"Guo et al., 2022, ACP",Beijing_Latest_peaklist_20190420.db
C6H7N2O12,-,299.00045,organic,NO3-,gas,LTOF-CIMS,Chao Yan,Beijing urban (BUCT),atmosphere,urban,BUCT long-term,"Guo et al., 2022, ACP",Beijing_Latest_peaklist_20190420.db
C7H11N2O11,-,299.03683,organic,NO3-,gas,LTOF-CIMS,Chao Yan,Beijing urban (BUCT),atmosphere,urban,BUCT long-term,"Guo et al., 2022, ACP",Beijing_Latest_peaklist_20190420.db
C11H11N2O8,-,299.05209,organic,NO3-,gas,LTOF-CIMS,Chao Yan,Beijing urban (BUCT),atmosphere,urban,BUCT long-term,"Guo et al., 2022, ACP",Beijing_Latest_peaklist_20190420.db
C8H15N2O10,-,299.07322,organic,NO3-,gas,LTOF-CIMS,Chao Yan,Beijing urban (BUCT),atmosphere,urban,BUCT long-term,"Guo et al., 2022, ACP",Beijing_Latest_peaklist_20190420.db
C12H15N2O7,-,299.08847,organic,NO3-,gas,LTOF-CIMS,Chao Yan,Beijing urban (BUCT),atmosphere,urban,BUCT long-term,"Guo et al., 2022, ACP",Beijing_Latest_peaklist_20190420.db
C14H19O7,-,299.11363,organic,NO3-,gas,LTOF-CIMS,Chao Yan,Beijing urban (BUCT),atmosphere,urban,BUCT long-term,"Guo et al., 2022, ACP",Beijing_Latest_peaklist_20190420.db
C5H6N3O12,-,299.99570,organic,NO3-,gas,LTOF-CIMS,Chao Yan,Beijing urban (BUCT),atmosphere,urban,BUCT long-term,"Guo et al., 2022, ACP",Beijing_Latest_peaklist_20190420.db
C6H10N3O11,-,300.03208,organic,NO3-,gas,LTOF-CIMS,Chao Yan,Beijing urban (BUCT),atmosphere,urban,BUCT long-term,"Guo et al., 2022, ACP",Beijing_Latest_peaklist_20190420.db
C7H14N3O10,-,300.06847,organic,NO3-,gas,LTOF-CIMS,Chao Yan,Beijing urban (BUCT),atmosphere,urban,BUCT long-term,"Guo et al., 2022, ACP",Beijing_Latest_peaklist_20190420.db
H2IN2O9,-,300.88105,inorganic,NO3-,gas,LTOF-CIMS,Chao Yan,Beijing urban (BUCT),atmosphere,urban,BUCT long-term,"Guo et al., 2022, ACP",Beijing_Latest_peaklist_20190420.db
C6HF12,-,300.98921,organic,NO3-,gas,LTOF-CIMS,Chao Yan,Beijing urban (BUCT),atmosphere,urban,BUCT long-term,"Guo et al., 2022, ACP",Beijing_Latest_peaklist_20190420.db
C6H4F11O,-,301.00920,organic,NO3-,gas,LTOF-CIMS,Chao Yan,Beijing urban (BUCT),atmosphere,urban,BUCT long-term,"Guo et al., 2022, ACP",Beijing_Latest_peaklist_20190420.db
C10H9N2O9,-,301.03135,organic,NO3-,gas,LTOF-CIMS,Chao Yan,Beijing urban (BUCT),atmosphere,urban,BUCT long-term,"Guo et al., 2022, ACP",Beijing_Latest_peaklist_20190420.db
C12H13O9,-,301.05651,organic,NO3-,gas,LTOF-CIMS,Chao Yan,Beijing urban (BUCT),atmosphere,urban,BUCT long-term,"Guo et al., 2022, ACP",Beijing_Latest_peaklist_20190420.db
C11H13N2O8,-,301.06774,organic,NO3-,gas,LTOF-CIMS,Chao Yan,Beijing urban (BUCT),atmosphere,urban,BUCT long-term,"Guo et al., 2022, ACP",Beijing_Latest_peaklist_20190420.db
C12H17N2O7,-,301.10412,organic,NO3-,gas,LTOF-CIMS,Chao Yan,Beijing urban (BUCT),atmosphere,urban,BUCT long-term,"Guo et al., 2022, ACP",Beijing_Latest_peaklist_20190420.db
,,301.92800,unassigned,NO3-,gas,LTOF-CIMS,Chao Yan,Beijing urban (BUCT),atmosphere,urban,BUCT long-term,"Guo et al., 2022, ACP",Beijing_Latest_peaklist_20190420.db
C5H8N3O12,-,302.01135,organic,NO3-,gas,LTOF-CIMS,Chao Yan,Beijing urban (BUCT),atmosphere,urban,BUCT long-term,"Guo et al., 2022, ACP",Beijing_Latest_peaklist_20190420.db
C6H12N3O11,-,302.04773,organic,NO3-,gas,LTOF-CIMS,Chao Yan,Beijing urban (BUCT),atmosphere,urban,BUCT long-term,"Guo et al., 2022, ACP",Beijing_Latest_peaklist_20190420.db
C10H12N3O8,-,302.06299,organic,NO3-,gas,LTOF-CIMS,Chao Yan,Beijing urban (BUCT),atmosphere,urban,BUCT long-term,"Guo et al., 2022, ACP",Beijing_Latest_peaklist_20190420.db
C12H16NO8,-,302.08814,organic,NO3-,gas,LTOF-CIMS,Chao Yan,Beijing urban (BUCT),atmosphere,urban,BUCT long-term,"Guo et al., 2022, ACP",Beijing_Latest_peaklist_20190420.db
C17H20NO4,-,302.13978,organic,NO3-,gas,LTOF-CIMS,Chao Yan,Beijing urban (BUCT),atmosphere,urban,BUCT long-term,"Guo et al., 2022, ACP",Beijing_Latest_peaklist_20190420.db
,,302.93860,unassigned,NO3-,gas,LTOF-CIMS,Chao Yan,Beijing urban (BUCT),atmosphere,urban,BUCT long-term,"Guo et al., 2022, ACP",Beijing_Latest_peaklist_20190420.db
,,302.98210,unassigned,NO3-,gas,LTOF-CIMS,Chao Yan,Beijing urban (BUCT),atmosphere,urban,BUCT long-term,"Guo et al., 2022, ACP",Beijing_Latest_peaklist_20190420.db
C9H7N2O10,-,303.01062,organic,NO3-,gas,LTOF-CIMS,Chao Yan,Beijing urban (BUCT),atmosphere,urban,BUCT long-term,"Guo et al., 2022, ACP",Beijing_Latest_peaklist_20190420.db
C10H11N2O9,-,303.04700,organic,NO3-,gas,LTOF-CIMS,Chao Yan,Beijing urban (BUCT),atmosphere,urban,BUCT long-term,"Guo et al., 2022, ACP",Beijing_Latest_peaklist_20190420.db
C11H15N2O8,-,303.08339,organic,NO3-,gas,LTOF-CIMS,Chao Yan,Beijing urban (BUCT),atmosphere,urban,BUCT long-term,"Guo et al., 2022, ACP",Beijing_Latest_peaklist_20190420.db
C12H19N2O7,-,303.11977,organic,NO3-,gas,LTOF-CIMS,Chao Yan,Beijing urban (BUCT),atmosphere,urban,BUCT long-term,"Guo et al., 2022, ACP",Beijing_Latest_peaklist_20190420.db
,,303.89100,unassigned,NO3-,gas,LTOF-CIMS,Chao Yan,Beijing urban (BUCT),atmosphere,urban,BUCT long-term,"Guo et al., 2022, ACP",Beijing_Latest_peaklist_20190420.db
,,303.95100,unassigned,NO3-,gas,LTOF-CIMS,Chao Yan,Beijing urban (BUCT),atmosphere,urban,BUCT long-term,"Guo et al., 2022, ACP",Beijing_Latest_peaklist_20190420.db
C9H6NO11,-,303.99463,organic,NO3-,gas,LTOF-CIMS,Chao Yan,Beijing urban (BUCT),atmosphere,urban,BUCT long-term,"Guo et al., 2022, ACP",Beijing_Latest_peaklist_20190420.db
C10H10NO10,-,304.03102,organic,NO3-,gas,LTOF-CIMS,Chao Yan,Beijing urban (BUCT),atmosphere,urban,BUCT long-term,"Guo et al., 2022, ACP",Beijing_Latest_peaklist_20190420.db
C9H10N3O9,-,304.04225,organic,NO3-,gas,LTOF-CIMS,Chao Yan,Beijing urban (BUCT),atmosphere,urban,BUCT long-term,"Guo et al., 2022, ACP",Beijing_Latest_peaklist_20190420.db
C6H14N3O11,-,304.06338,organic,NO3-,gas,LTOF-CIMS,Chao Yan,Beijing urban (BUCT),atmosphere,urban,BUCT long-term,"Guo et al., 2022, ACP",Beijing_Latest_peaklist_20190420.db
C12H18NO8,-,304.10379,organic,NO3-,gas,LTOF-CIMS,Chao Yan,Beijing urban (BUCT),atmosphere,urban,BUCT long-term,"Guo et al., 2022, ACP",Beijing_Latest_peaklist_20190420.db
C13H22NO7,-,304.14018,organic,NO3-,gas,LTOF-CIMS,Chao Yan,Beijing urban (BUCT),atmosphere,urban,BUCT long-term,"Guo et al., 2022, ACP",Beijing_Latest_peaklist_20190420.db
C15H30NO5,-,304.21295,organic,NO3-,gas,LTOF-CIMS,Chao Yan,Beijing urban (BUCT),atmosphere,urban,BUCT long-term,"Guo et al., 2022, ACP",Beijing_Latest_peaklist_20190420.db
,,304.89450,unassigned,NO3-,gas,LTOF-CIMS,Chao Yan,Beijing urban (BUCT),atmosphere,urban,BUCT long-term,"Guo et al., 2022, ACP",Beijing_Latest_peaklist_20190420.db
,,304.95300,unassigned,NO3-,gas,LTOF-CIMS,Chao Yan,Beijing urban (BUCT),atmosphere,urban,BUCT long-term,"Guo et al., 2022, ACP",Beijing_Latest_peaklist_20190420.db
C3H5N4O13,-,304.98586,organic,NO3-,gas,LTOF-CIMS,Chao Yan,Beijing urban (BUCT),atmosphere,urban,BUCT long-term,"Guo et al., 2022, ACP",Beijing_Latest_peaklist_20190420.db
C9H9N2O10,-,305.02627,organic,NO3-,gas,LTOF-CIMS,Chao Yan,Beijing urban (BUCT),atmosphere,urban,BUCT long-term,"Guo et al., 2022, ACP",Beijing_Latest_peaklist_20190420.db
C10H13N2O9,-,305.06265,organic,NO3-,gas,LTOF-CIMS,Chao Yan,Beijing urban (BUCT),atmosphere,urban,BUCT long-term,"Guo et al., 2022, ACP",Beijing_Latest_peaklist_20190420.db
C11H17N2O8,-,305.09904,organic,NO3-,gas,LTOF-CIMS,Chao Yan,Beijing urban (BUCT),atmosphere,urban,BUCT long-term,"Guo et al., 2022, ACP",Beijing_Latest_peaklist_20190420.db
C12H21N2O7,-,305.13542,organic,NO3-,gas,LTOF-CIMS,Chao Yan,Beijing urban (BUCT),atmosphere,urban,BUCT long-term,"Guo et al., 2022, ACP",Beijing_Latest_peaklist_20190420.db
C5H8NO14,-,305.99503,organic,NO3-,gas,LTOF-CIMS,Chao Yan,Beijing urban (BUCT),atmosphere,urban,BUCT long-term,"Guo et al., 2022, ACP",Beijing_Latest_peaklist_20190420.db
C8H8N3O10,-,306.02152,organic,NO3-,gas,LTOF-CIMS,Chao Yan,Beijing urban (BUCT),atmosphere,urban,BUCT long-term,"Guo et al., 2022, ACP",Beijing_Latest_peaklist_20190420.db
C6H12NO13,-,306.03141,organic,NO3-,gas,LTOF-CIMS,Chao Yan,Beijing urban (BUCT),atmosphere,urban,BUCT long-term,"Guo et al., 2022, ACP",Beijing_Latest_peaklist_20190420.db
C10H12NO10,-,306.04667,organic,NO3-,gas,LTOF-CIMS,Chao Yan,Beijing urban (BUCT),atmosphere,urban,BUCT long-term,"Guo et al., 2022, ACP",Beijing_Latest_peaklist_20190420.db
C9H12N3O9,-,306.05790,organic,NO3-,gas,LTOF-CIMS,Chao Yan,Beijing urban (BUCT),atmosphere,urban,BUCT long-term,"Guo et al., 2022, ACP",Beijing_Latest_peaklist_20190420.db
C10H16N3O8,-,306.09429,organic,NO3-,gas,LTOF-CIMS,Chao Yan,Beijing urban (BUCT),atmosphere,urban,BUCT long-term,"Guo et al., 2022, ACP",Beijing_Latest_peaklist_20190420.db
C12H20NO8,-,306.11944,organic,NO3-,gas,LTOF-CIMS,Chao Yan,Beijing urban (BUCT),atmosphere,urban,BUCT long-term,"Guo et al., 2022, ACP",Beijing_Latest_peaklist_20190420.db
C13H24NO7,-,306.15583,organic,NO3-,gas,LTOF-CIMS,Chao Yan,Beijing urban (BUCT),atmosphere,urban,BUCT long-term,"Guo et al., 2022, ACP",Beijing_Latest_peaklist_20190420.db
C8H7N2O11,-,307.00553,organic,NO3-,gas,LTOF-CIMS,Chao Yan,Beijing urban (BUCT),atmosphere,urban,BUCT long-term,"Guo et al., 2022, ACP",Beijing_Latest_peaklist_20190420.db
C9H11N2O10,-,307.04192,organic,NO3-,gas,LTOF-CIMS,Chao Yan,Beijing urban (BUCT),atmosphere,urban,BUCT long-term,"Guo et al., 2022, ACP",Beijing_Latest_peaklist_20190420.db
C10H15N2O9,-,307.07830,organic,NO3-,gas,LTOF-CIMS,Chao Yan,Beijing urban (BUCT),atmosphere,urban,BUCT long-term,"Guo et al., 2022, ACP",Beijing_Latest_peaklist_20190420.db
C11H19N2O8,-,307.11469,organic,NO3-,gas,LTOF-CIMS,Chao Yan,Beijing urban (BUCT),atmosphere,urban,BUCT long-term,"Guo et al., 2022, ACP",Beijing_Latest_peaklist_20190420.db
,,307.89630,unassigned,NO3-,gas,LTOF-CIMS,Chao Yan,Beijing urban (BUCT),atmosphere,urban,BUCT long-term,"Guo et al., 2022, ACP",Beijing_Latest_peaklist_20190420.db
C5H2F8NO5,-,307.98107,organic,NO3-,gas,LTOF-CIMS,Chao Yan,Beijing urban (BUCT),atmosphere,urban,BUCT long-term,"Guo et al., 2022, ACP",Beijing_Latest_peaklist_20190420.db
C7H6N3O11,-,308.00078,organic,NO3-,gas,LTOF-CIMS,Chao Yan,Beijing urban (BUCT),atmosphere,urban,BUCT long-term,"Guo et al., 2022, ACP",Beijing_Latest_peaklist_20190420.db
C8H10N3O10,-,308.03717,organic,NO3-,gas,LTOF-CIMS,Chao Yan,Beijing urban (BUCT),atmosphere,urban,BUCT long-term,"Guo et al., 2022, ACP",Beijing_Latest_peaklist_20190420.db
C9H14N3O9,-,308.07355,organic,NO3-,gas,LTOF-CIMS,Chao Yan,Beijing urban (BUCT),atmosphere,urban,BUCT long-term,"Guo et al., 2022, ACP",Beijing_Latest_peaklist_20190420.db
C10H18N3O8,-,308.10994,organic,NO3-,gas,LTOF-CIMS,Chao Yan,Beijing urban (BUCT),atmosphere,urban,BUCT long-term,"Guo et al., 2022, ACP",Beijing_Latest_peaklist_20190420.db
,,308.89200,unassigned,NO3-,gas,LTOF-CIMS,Chao Yan,Beijing urban (BUCT),atmosphere,urban,BUCT long-term,"Guo et al., 2022, ACP",Beijing_Latest_peaklist_20190420.db
,,308.94360,unassigned,NO3-,gas,LTOF-CIMS,Chao Yan,Beijing urban (BUCT),atmosphere,urban,BUCT long-term,"Guo et al., 2022, ACP",Beijing_Latest_peaklist_20190420.db
C6H5N4O11,-,308.99603,organic,NO3-,gas,LTOF-CIMS,Chao Yan,Beijing urban (BUCT),atmosphere,urban,BUCT long-term,"Guo et al., 2022, ACP",Beijing_Latest_peaklist_20190420.db
C8H9N2O11,-,309.02118,organic,NO3-,gas,LTOF-CIMS,Chao Yan,Beijing urban (BUCT),atmosphere,urban,BUCT long-term,"Guo et al., 2022, ACP",Beijing_Latest_peaklist_20190420.db
C9H13N2O10,-,309.05757,organic,NO3-,gas,LTOF-CIMS,Chao Yan,Beijing urban (BUCT),atmosphere,urban,BUCT long-term,"Guo et al., 2022, ACP",Beijing_Latest_peaklist_20190420.db
C10H17N2O9,-,309.09395,organic,NO3-,gas,LTOF-CIMS,Chao Yan,Beijing urban (BUCT),atmosphere,urban,BUCT long-term,"Guo et al., 2022, ACP",Beijing_Latest_peaklist_20190420.db
C11H21N2O8,-,309.13034,organic,NO3-,gas,LTOF-CIMS,Chao Yan,Beijing urban (BUCT),atmosphere,urban,BUCT long-term,"Guo et al., 2022, ACP",Beijing_Latest_peaklist_20190420.db
,,309.97830,unassigned,NO3-,gas,LTOF-CIMS,Chao Yan,Beijing urban (BUCT),atmosphere,urban,BUCT long-term,"Guo et al., 2022, ACP",Beijing_Latest_peaklist_20190420.db
C7H8N3O11,-,310.01643,organic,NO3-,gas,LTOF-CIMS,Chao Yan,Beijing urban (BUCT),atmosphere,urban,BUCT long-term,"Guo et al., 2022, ACP",Beijing_Latest_peaklist_20190420.db
C8H12N3O10,-,310.05282,organic,NO3-,gas,LTOF-CIMS,Chao Yan,Beijing urban (BUCT),atmosphere,urban,BUCT long-term,"Guo et al., 2022, ACP",Beijing_Latest_peaklist_20190420.db
C9H16N3O9,-,310.08920,organic,NO3-,gas,LTOF-CIMS,Chao Yan,Beijing urban (BUCT),atmosphere,urban,BUCT long-term,"Guo et al., 2022, ACP",Beijing_Latest_peaklist_20190420.db
C10H20N3O8,-,310.12559,organic,NO3-,gas,LTOF-CIMS,Chao Yan,Beijing urban (BUCT),atmosphere,urban,BUCT long-term,"Guo et al., 2022, ACP",Beijing_Latest_peaklist_20190420.db
C16H24NO5,-,310.16600,organic,NO3-,gas,LTOF-CIMS,Chao Yan,Beijing urban (BUCT),atmosphere,urban,BUCT long-term,"Guo et al., 2022, ACP",Beijing_Latest_peaklist_20190420.db
,,310.90200,unassigned,NO3-,gas,LTOF-CIMS,Chao Yan,Beijing urban (BUCT),atmosphere,urban,BUCT long-term,"Guo et al., 2022, ACP",Beijing_Latest_peaklist_20190420.db
C7H7N2O12,-,311.00045,organic,NO3-,gas,LTOF-CIMS,Chao Yan,Beijing urban (BUCT),atmosphere,urban,BUCT long-term,"Guo et al., 2022, ACP",Beijing_Latest_peaklist_20190420.db
C8H11N2O11,-,311.03683,organic,NO3-,gas,LTOF-CIMS,Chao Yan,Beijing urban (BUCT),atmosphere,urban,BUCT long-term,"Guo et al., 2022, ACP",Beijing_Latest_peaklist_20190420.db
C9H15N2O10,-,311.07322,organic,NO3-,gas,LTOF-CIMS,Chao Yan,Beijing urban (BUCT),atmosphere,urban,BUCT long-term,"Guo et al., 2022, ACP",Beijing_Latest_peaklist_20190420.db
C10H19N2O9,-,311.10960,organic,NO3-,gas,LTOF-CIMS,Chao Yan,Beijing urban (BUCT),atmosphere,urban,BUCT long-term,"Guo et al., 2022, ACP",Beijing_Latest_peaklist_20190420.db
C11H23N2O8,-,311.14599,organic,NO3-,gas,LTOF-CIMS,Chao Yan,Beijing urban (BUCT),atmosphere,urban,BUCT long-term,"Guo et al., 2022, ACP",Beijing_Latest_peaklist_20190420.db
C8H8O11S,-,311.97928,organic,NO3-,gas,LTOF-CIMS,Chao Yan,Beijing urban (BUCT),atmosphere,urban,BUCT long-term,"Guo et al., 2022, ACP",Beijing_Latest_peaklist_20190420.db
C7H10N3O11,-,312.03208,organic,NO3-,gas,LTOF-CIMS,Chao Yan,Beijing urban (BUCT),atmosphere,urban,BUCT long-term,"Guo et al., 2022, ACP",Beijing_Latest_peaklist_20190420.db
C8H14N3O10,-,312.06847,organic,NO3-,gas,LTOF-CIMS,Chao Yan,Beijing urban (BUCT),atmosphere,urban,BUCT long-term,"Guo et al., 2022, ACP",Beijing_Latest_peaklist_20190420.db
C10H18NO10,-,312.09362,organic,NO3-,gas,LTOF-CIMS,Chao Yan,Beijing urban (BUCT),atmosphere,urban,BUCT long-term,"Guo et al., 2022, ACP",Beijing_Latest_peaklist_20190420.db
,,312.89940,unassigned,NO3-,gas,LTOF-CIMS,Chao Yan,Beijing urban (BUCT),atmosphere,urban,BUCT long-term,"Guo et al., 2022, ACP",Beijing_Latest_peaklist_20190420.db
C6F11O2,-,312.97281,organic,NO3-,gas,LTOF-CIMS,Chao Yan,Beijing urban (BUCT),atmosphere,urban,BUCT long-term,"Guo et al., 2022, ACP",Beijing_Latest_peaklist_20190420.db
C6H3F10O3,-,312.99280,organic,NO3-,gas,LTOF-CIMS,Chao Yan,Beijing urban (BUCT),atmosphere,urban,BUCT long-term,"Guo et al., 2022, ACP",Beijing_Latest_peaklist_20190420.db
C7H9N2O12,-,313.01610,organic,NO3-,gas,LTOF-CIMS,Chao Yan,Beijing urban (BUCT),atmosphere,urban,BUCT long-term,"Guo et al., 2022, ACP",Beijing_Latest_peaklist_20190420.db
C6H9N4O11,-,313.02733,organic,NO3-,gas,LTOF-CIMS,Chao Yan,Beijing urban (BUCT),atmosphere,urban,BUCT long-term,"Guo et al., 2022, ACP",Beijing_Latest_peaklist_20190420.db
C8H13N2O11,-,313.05248,organic,NO3-,gas,LTOF-CIMS,Chao Yan,Beijing urban (BUCT),atmosphere,urban,BUCT long-term,"Guo et al., 2022, ACP",Beijing_Latest_peaklist_20190420.db
C9H17N2O10,-,313.08887,organic,NO3-,gas,LTOF-CIMS,Chao Yan,Beijing urban (BUCT),atmosphere,urban,BUCT long-term,"Guo et al., 2022, ACP",Beijing_Latest_peaklist_20190420.db
C10H21N2O9,-,313.12525,organic,NO3-,gas,LTOF-CIMS,Chao Yan,Beijing urban (BUCT),atmosphere,urban,BUCT long-term,"Guo et al., 2022, ACP",Beijing_Latest_peaklist_20190420.db
C14H21N2O6,-,313.14051,organic,NO3-,gas,LTOF-CIMS,Chao Yan,Beijing urban (BUCT),atmosphere,urban,BUCT long-term,"Guo et al., 2022, ACP",Beijing_Latest_peaklist_20190420.db
C6H8N3O12,-,314.01135,organic,NO3-,gas,LTOF-CIMS,Chao Yan,Beijing urban (BUCT),atmosphere,urban,BUCT long-term,"Guo et al., 2022, ACP",Beijing_Latest_peaklist_20190420.db
C7H12N3O11,-,314.04773,organic,NO3-,gas,LTOF-CIMS,Chao Yan,Beijing urban (BUCT),atmosphere,urban,BUCT long-term,"Guo et al., 2022, ACP",Beijing_Latest_peaklist_20190420.db
C8H16N3O10,-,314.08412,organic,NO3-,gas,LTOF-CIMS,Chao Yan,Beijing urban (BUCT),atmosphere,urban,BUCT long-term,"Guo et al., 2022, ACP",Beijing_Latest_peaklist_20190420.db
C5H7N4O12,-,315.00660,organic,NO3-,gas,LTOF-CIMS,Chao Yan,Beijing urban (BUCT),atmosphere,urban,BUCT long-term,"Guo et al., 2022, ACP",Beijing_Latest_peaklist_20190420.db
C11H11N2O9,-,315.04700,organic,NO3-,gas,LTOF-CIMS,Chao Yan,Beijing urban (BUCT),atmosphere,urban,BUCT long-term,"Guo et al., 2022, ACP",Beijing_Latest_peaklist_20190420.db
C12H15N2O8,-,315.08339,organic,NO3-,gas,LTOF-CIMS,Chao Yan,Beijing urban (BUCT),atmosphere,urban,BUCT long-term,"Guo et al., 2022, ACP",Beijing_Latest_peaklist_20190420.db
,,315.98880,unassigned,NO3-,gas,LTOF-CIMS,Chao Yan,Beijing urban (BUCT),atmosphere,urban,BUCT long-term,"Guo et al., 2022, ACP",Beijing_Latest_peaklist_20190420.db
C6H10N3O12,-,316.02700,organic,NO3-,gas,LTOF-CIMS,Chao Yan,Beijing urban (BUCT),atmosphere,urban,BUCT long-term,"Guo et al., 2022, ACP",Beijing_Latest_peaklist_20190420.db
C7H14N3O11,-,316.06338,organic,NO3-,gas,LTOF-CIMS,Chao Yan,Beijing urban (BUCT),atmosphere,urban,BUCT long-term,"Guo et al., 2022, ACP",Beijing_Latest_peaklist_20190420.db
C12H14NO9,-,316.06740,organic,NO3-,gas,LTOF-CIMS,Chao Yan,Beijing urban (BUCT),atmosphere,urban,BUCT long-term,"Guo et al., 2022, ACP",Beijing_Latest_peaklist_20190420.db
C9H18NO11,-,316.08853,organic,NO3-,gas,LTOF-CIMS,Chao Yan,Beijing urban (BUCT),atmosphere,urban,BUCT long-term,"Guo et al., 2022, ACP",Beijing_Latest_peaklist_20190420.db
C13H18NO8,-,316.10379,organic,NO3-,gas,LTOF-CIMS,Chao Yan,Beijing urban (BUCT),atmosphere,urban,BUCT long-term,"Guo et al., 2022, ACP",Beijing_Latest_peaklist_20190420.db
C14H22NO7,-,316.14018,organic,NO3-,gas,LTOF-CIMS,Chao Yan,Beijing urban (BUCT),atmosphere,urban,BUCT long-term,"Guo et al., 2022, ACP",Beijing_Latest_peaklist_20190420.db
C18H22NO4,-,316.15543,organic,NO3-,gas,LTOF-CIMS,Chao Yan,Beijing urban (BUCT),atmosphere,urban,BUCT long-term,"Guo et al., 2022, ACP",Beijing_Latest_peaklist_20190420.db
,,316.96580,unassigned,NO3-,gas,LTOF-CIMS,Chao Yan,Beijing urban (BUCT),atmosphere,urban,BUCT long-term,"Guo et al., 2022, ACP",Beijing_Latest_peaklist_20190420.db
C8H5N4O10,-,317.00112,organic,NO3-,gas,LTOF-CIMS,Chao Yan,Beijing urban (BUCT),atmosphere,urban,BUCT long-term,"Guo et al., 2022, ACP",Beijing_Latest_peaklist_20190420.db
C6H9N2O13,-,317.01101,organic,NO3-,gas,LTOF-CIMS,Chao Yan,Beijing urban (BUCT),atmosphere,urban,BUCT long-term,"Guo et al., 2022, ACP",Beijing_Latest_peaklist_20190420.db
C10H9N2O10,-,317.02627,organic,NO3-,gas,LTOF-CIMS,Chao Yan,Beijing urban (BUCT),atmosphere,urban,BUCT long-term,"Guo et al., 2022, ACP",Beijing_Latest_peaklist_20190420.db
C15H11NO7,-,317.05410,organic,NO3-,gas,LTOF-CIMS,Chao Yan,Beijing urban (BUCT),atmosphere,urban,BUCT long-term,"Guo et al., 2022, ACP",Beijing_Latest_peaklist_20190420.db
C11H13N2O9,-,317.06265,organic,NO3-,gas,LTOF-CIMS,Chao Yan,Beijing urban (BUCT),atmosphere,urban,BUCT long-term,"Guo et al., 2022, ACP",Beijing_Latest_peaklist_20190420.db
C16H15NO6,-,317.09049,organic,NO3-,gas,LTOF-CIMS,Chao Yan,Beijing urban (BUCT),atmosphere,urban,BUCT long-term,"Guo et al., 2022, ACP",Beijing_Latest_peaklist_20190420.db
C10H21O11,-,317.10894,organic,NO3-,gas,LTOF-CIMS,Chao Yan,Beijing urban (BUCT),atmosphere,urban,BUCT long-term,"Guo et al., 2022, ACP",Beijing_Latest_peaklist_20190420.db
,,317.96500,unassigned,NO3-,gas,LTOF-CIMS,Chao Yan,Beijing urban (BUCT),atmosphere,urban,BUCT long-term,"Guo et al., 2022, ACP",Beijing_Latest_peaklist_20190420.db
C5H8N3O13,-,318.00626,organic,NO3-,gas,LTOF-CIMS,Chao Yan,Beijing urban (BUCT),atmosphere,urban,BUCT long-term,"Guo et al., 2022, ACP",Beijing_Latest_peaklist_20190420.db
C6H12N3O12,-,318.04265,organic,NO3-,gas,LTOF-CIMS,Chao Yan,Beijing urban (BUCT),atmosphere,urban,BUCT long-term,"Guo et al., 2022, ACP",Beijing_Latest_peaklist_20190420.db
C10H12N3O9,-,318.05790,organic,NO3-,gas,LTOF-CIMS,Chao Yan,Beijing urban (BUCT),atmosphere,urban,BUCT long-term,"Guo et al., 2022, ACP",Beijing_Latest_peaklist_20190420.db
C12H16NO9,-,318.08305,organic,NO3-,gas,LTOF-CIMS,Chao Yan,Beijing urban (BUCT),atmosphere,urban,BUCT long-term,"Guo et al., 2022, ACP",Beijing_Latest_peaklist_20190420.db
C13H20NO8,-,318.11944,organic,NO3-,gas,LTOF-CIMS,Chao Yan,Beijing urban (BUCT),atmosphere,urban,BUCT long-term,"Guo et al., 2022, ACP",Beijing_Latest_peaklist_20190420.db
C12H20N3O7,-,318.13067,organic,NO3-,gas,LTOF-CIMS,Chao Yan,Beijing urban (BUCT),atmosphere,urban,BUCT long-term,"Guo et al., 2022, ACP",Beijing_Latest_peaklist_20190420.db
C14H24NO7,-,318.15583,organic,NO3-,gas,LTOF-CIMS,Chao Yan,Beijing urban (BUCT),atmosphere,urban,BUCT long-term,"Guo et al., 2022, ACP",Beijing_Latest_peaklist_20190420.db
C18H24NO4,-,318.17108,organic,NO3-,gas,LTOF-CIMS,Chao Yan,Beijing urban (BUCT),atmosphere,urban,BUCT long-term,"Guo et al., 2022, ACP",Beijing_Latest_peaklist_20190420.db
C16H32NO5,-,318.22860,organic,NO3-,gas,LTOF-CIMS,Chao Yan,Beijing urban (BUCT),atmosphere,urban,BUCT long-term,"Guo et al., 2022, ACP",Beijing_Latest_peaklist_20190420.db
,,318.96560,unassigned,NO3-,gas,LTOF-CIMS,Chao Yan,Beijing urban (BUCT),atmosphere,urban,BUCT long-term,"Guo et al., 2022, ACP",Beijing_Latest_peaklist_20190420.db
C6H3F12O,-,318.99978,organic,NO3-,gas,LTOF-CIMS,Chao Yan,Beijing urban (BUCT),atmosphere,urban,BUCT long-term,"Guo et al., 2022, ACP",Beijing_Latest_peaklist_20190420.db
C10H11N2O10,-,319.04192,organic,NO3-,gas,LTOF-CIMS,Chao Yan,Beijing urban (BUCT),atmosphere,urban,BUCT long-term,"Guo et al., 2022, ACP",Beijing_Latest_peaklist_20190420.db
C11H15N2O9,-,319.07830,organic,NO3-,gas,LTOF-CIMS,Chao Yan,Beijing urban (BUCT),atmosphere,urban,BUCT long-term,"Guo et al., 2022, ACP",Beijing_Latest_peaklist_20190420.db
C12H19N2O8,-,319.11469,organic,NO3-,gas,LTOF-CIMS,Chao Yan,Beijing urban (BUCT),atmosphere,urban,BUCT long-term,"Guo et al., 2022, ACP",Beijing_Latest_peaklist_20190420.db
C13H23N2O7,-,319.15107,organic,NO3-,gas,LTOF-CIMS,Chao Yan,Beijing urban (BUCT),atmosphere,urban,BUCT long-term,"Guo et al., 2022, ACP",Beijing_Latest_peaklist_20190420.db
C4H6N3O14,-,319.98553,organic,NO3-,gas,LTOF-CIMS,Chao Yan,Beijing urban (BUCT),atmosphere,urban,BUCT long-term,"Guo et al., 2022, ACP",Beijing_Latest_peaklist_20190420.db
C6H10NO14,-,320.01068,organic,NO3-,gas,LTOF-CIMS,Chao Yan,Beijing urban (BUCT),atmosphere,urban,BUCT long-term,"Guo et al., 2022, ACP",Beijing_Latest_peaklist_20190420.db
C9H10N3O10,-,320.03717,organic,NO3-,gas,LTOF-CIMS,Chao Yan,Beijing urban (BUCT),atmosphere,urban,BUCT long-term,"Guo et al., 2022, ACP",Beijing_Latest_peaklist_20190420.db
C15H12O8,-,320.05377,organic,NO3-,gas,LTOF-CIMS,Chao Yan,Beijing urban (BUCT),atmosphere,urban,BUCT long-term,"Guo et al., 2022, ACP",Beijing_Latest_peaklist_20190420.db
C10H14N3O9,-,320.07355,organic,NO3-,gas,LTOF-CIMS,Chao Yan,Beijing urban (BUCT),atmosphere,urban,BUCT long-term,"Guo et al., 2022, ACP",Beijing_Latest_peaklist_20190420.db
C16H18NO6,-,320.11396,organic,NO3-,gas,LTOF-CIMS,Chao Yan,Beijing urban (BUCT),atmosphere,urban,BUCT long-term,"Guo et al., 2022, ACP",Beijing_Latest_peaklist_20190420.db
,,320.15920,unassigned,NO3-,gas,LTOF-CIMS,Chao Yan,Beijing urban (BUCT),atmosphere,urban,BUCT long-term,"Guo et al., 2022, ACP",Beijing_Latest_peaklist_20190420.db
,,320.97780,unassigned,NO3-,gas,LTOF-CIMS,Chao Yan,Beijing urban (BUCT),atmosphere,urban,BUCT long-term,"Guo et al., 2022, ACP",Beijing_Latest_peaklist_20190420.db
C9H9N2O11,-,321.02118,organic,NO3-,gas,LTOF-CIMS,Chao Yan,Beijing urban (BUCT),atmosphere,urban,BUCT long-term,"Guo et al., 2022, ACP",Beijing_Latest_peaklist_20190420.db
C10H13N2O10,-,321.05757,organic,NO3-,gas,LTOF-CIMS,Chao Yan,Beijing urban (BUCT),atmosphere,urban,BUCT long-term,"Guo et al., 2022, ACP",Beijing_Latest_peaklist_20190420.db
C11H17N2O9,-,321.09395,organic,NO3-,gas,LTOF-CIMS,Chao Yan,Beijing urban (BUCT),atmosphere,urban,BUCT long-term,"Guo et al., 2022, ACP",Beijing_Latest_peaklist_20190420.db
C12H21N2O8,-,321.13034,organic,NO3-,gas,LTOF-CIMS,Chao Yan,Beijing urban (BUCT),atmosphere,urban,BUCT long-term,"Guo et al., 2022, ACP",Beijing_Latest_peaklist_20190420.db
C16H21N2O5,-,321.14560,organic,NO3-,gas,LTOF-CIMS,Chao Yan,Beijing urban (BUCT),atmosphere,urban,BUCT long-term,"Guo et al., 2022, ACP",Beijing_Latest_peaklist_20190420.db
C5H8NO15,-,321.98994,organic,NO3-,gas,LTOF-CIMS,Chao Yan,Beijing urban (BUCT),atmosphere,urban,BUCT long-term,"Guo et al., 2022, ACP",Beijing_Latest_peaklist_20190420.db
C8H8N3O11,-,322.01643,organic,NO3-,gas,LTOF-CIMS,Chao Yan,Beijing urban (BUCT),atmosphere,urban,BUCT long-term,"Guo et al., 2022, ACP",Beijing_Latest_peaklist_20190420.db
C7H8N5O10,-,322.02767,organic,NO3-,gas,LTOF-CIMS,Chao Yan,Beijing urban (BUCT),atmosphere,urban,BUCT long-term,"Guo et al., 2022, ACP",Beijing_Latest_peaklist_20190420.db
C10H12NO11,-,322.04158,organic,NO3-,gas,LTOF-CIMS,Chao Yan,Beijing urban (BUCT),atmosphere,urban,BUCT long-term,"Guo et al., 2022, ACP",Beijing_Latest_peaklist_20190420.db
C9H12N3O10,-,322.05282,organic,NO3-,gas,LTOF-CIMS,Chao Yan,Beijing urban (BUCT),atmosphere,urban,BUCT long-term,"Guo et al., 2022, ACP",Beijing_Latest_peaklist_20190420.db
C11H16NO10,-,322.07797,organic,NO3-,gas,LTOF-CIMS,Chao Yan,Beijing urban (BUCT),atmosphere,urban,BUCT long-term,"Guo et al., 2022, ACP",Beijing_Latest_peaklist_20190420.db
C12H20NO9,-,322.11435,organic,NO3-,gas,LTOF-CIMS,Chao Yan,Beijing urban (BUCT),atmosphere,urban,BUCT long-term,"Guo et al., 2022, ACP",Beijing_Latest_peaklist_20190420.db
C7H7N4O11,-,323.01168,organic,NO3-,gas,LTOF-CIMS,Chao Yan,Beijing urban (BUCT),atmosphere,urban,BUCT long-term,"Guo et al., 2022, ACP",Beijing_Latest_peaklist_20190420.db
C9H11N2O11,-,323.03683,organic,NO3-,gas,LTOF-CIMS,Chao Yan,Beijing urban (BUCT),atmosphere,urban,BUCT long-term,"Guo et al., 2022, ACP",Beijing_Latest_peaklist_20190420.db
C10H15N2O10,-,323.07322,organic,NO3-,gas,LTOF-CIMS,Chao Yan,Beijing urban (BUCT),atmosphere,urban,BUCT long-term,"Guo et al., 2022, ACP",Beijing_Latest_peaklist_20190420.db
C11H19N2O9,-,323.10960,organic,NO3-,gas,LTOF-CIMS,Chao Yan,Beijing urban (BUCT),atmosphere,urban,BUCT long-term,"Guo et al., 2022, ACP",Beijing_Latest_peaklist_20190420.db
C12H23N2O8,-,323.14599,organic,NO3-,gas,LTOF-CIMS,Chao Yan,Beijing urban (BUCT),atmosphere,urban,BUCT long-term,"Guo et al., 2022, ACP",Beijing_Latest_peaklist_20190420.db
C13H27N2O7,-,323.18237,organic,NO3-,gas,LTOF-CIMS,Chao Yan,Beijing urban (BUCT),atmosphere,urban,BUCT long-term,"Guo et al., 2022, ACP",Beijing_Latest_peaklist_20190420.db
,,323.98800,unassigned,NO3-,gas,LTOF-CIMS,Chao Yan,Beijing urban (BUCT),atmosphere,urban,BUCT long-term,"Guo et al., 2022, ACP",Beijing_Latest_peaklist_20190420.db
C8H10N3O11,-,324.03208,organic,NO3-,gas,LTOF-CIMS,Chao Yan,Beijing urban (BUCT),atmosphere,urban,BUCT long-term,"Guo et al., 2022, ACP",Beijing_Latest_peaklist_20190420.db
C9H14N3O10,-,324.06847,organic,NO3-,gas,LTOF-CIMS,Chao Yan,Beijing urban (BUCT),atmosphere,urban,BUCT long-term,"Guo et al., 2022, ACP",Beijing_Latest_peaklist_20190420.db
C10H18N3O9,-,324.10485,organic,NO3-,gas,LTOF-CIMS,Chao Yan,Beijing urban (BUCT),atmosphere,urban,BUCT long-term,"Guo et al., 2022, ACP",Beijing_Latest_peaklist_20190420.db
C12H22NO9,-,324.13000,organic,NO3-,gas,LTOF-CIMS,Chao Yan,Beijing urban (BUCT),atmosphere,urban,BUCT long-term,"Guo et al., 2022, ACP",Beijing_Latest_peaklist_20190420.db
C8H9N2O12,-,325.01610,organic,NO3-,gas,LTOF-CIMS,Chao Yan,Beijing urban (BUCT),atmosphere,urban,BUCT long-term,"Guo et al., 2022, ACP",Beijing_Latest_peaklist_20190420.db
C9H13N2O11,-,325.05248,organic,NO3-,gas,LTOF-CIMS,Chao Yan,Beijing urban (BUCT),atmosphere,urban,BUCT long-term,"Guo et al., 2022, ACP",Beijing_Latest_peaklist_20190420.db
C10H17N2O10,-,325.08887,organic,NO3-,gas,LTOF-CIMS,Chao Yan,Beijing urban (BUCT),atmosphere,urban,BUCT long-term,"Guo et al., 2022, ACP",Beijing_Latest_peaklist_20190420.db
C11H21N2O9,-,325.12525,organic,NO3-,gas,LTOF-CIMS,Chao Yan,Beijing urban (BUCT),atmosphere,urban,BUCT long-term,"Guo et al., 2022, ACP",Beijing_Latest_peaklist_20190420.db
C12H25N2O8,-,325.16164,organic,NO3-,gas,LTOF-CIMS,Chao Yan,Beijing urban (BUCT),atmosphere,urban,BUCT long-term,"Guo et al., 2022, ACP",Beijing_Latest_peaklist_20190420.db
C5HF9NO5,-,325.97165,organic,NO3-,gas,LTOF-CIMS,Chao Yan,Beijing urban (BUCT),atmosphere,urban,BUCT long-term,"Guo et al., 2022, ACP",Beijing_Latest_peaklist_20190420.db
C7H8N3O12,-,326.01135,organic,NO3-,gas,LTOF-CIMS,Chao Yan,Beijing urban (BUCT),atmosphere,urban,BUCT long-term,"Guo et al., 2022, ACP",Beijing_Latest_peaklist_20190420.db
C8H12N3O11,-,326.04773,organic,NO3-,gas,LTOF-CIMS,Chao Yan,Beijing urban (BUCT),atmosphere,urban,BUCT long-term,"Guo et al., 2022, ACP",Beijing_Latest_peaklist_20190420.db
C9H16N3O10,-,326.08412,organic,NO3-,gas,LTOF-CIMS,Chao Yan,Beijing urban (BUCT),atmosphere,urban,BUCT long-term,"Guo et al., 2022, ACP",Beijing_Latest_peaklist_20190420.db
C15H20NO7,-,326.12453,organic,NO3-,gas,LTOF-CIMS,Chao Yan,Beijing urban (BUCT),atmosphere,urban,BUCT long-term,"Guo et al., 2022, ACP",Beijing_Latest_peaklist_20190420.db
,,326.92490,unassigned,NO3-,gas,LTOF-CIMS,Chao Yan,Beijing urban (BUCT),atmosphere,urban,BUCT long-term,"Guo et al., 2022, ACP",Beijing_Latest_peaklist_20190420.db
C6HF10O4,-,326.97206,organic,NO3-,gas,LTOF-CIMS,Chao Yan,Beijing urban (BUCT),atmosphere,urban,BUCT long-term,"Guo et al., 2022, ACP",Beijing_Latest_peaklist_20190420.db
C8H11N2O12,-,327.03175,organic,NO3-,gas,LTOF-CIMS,Chao Yan,Beijing urban (BUCT),atmosphere,urban,BUCT long-term,"Guo et al., 2022, ACP",Beijing_Latest_peaklist_20190420.db
C9H15N2O11,-,327.06813,organic,NO3-,gas,LTOF-CIMS,Chao Yan,Beijing urban (BUCT),atmosphere,urban,BUCT long-term,"Guo et al., 2022, ACP",Beijing_Latest_peaklist_20190420.db
C10H19N2O10,-,327.10452,organic,NO3-,gas,LTOF-CIMS,Chao Yan,Beijing urban (BUCT),atmosphere,urban,BUCT long-term,"Guo et al., 2022, ACP",Beijing_Latest_peaklist_20190420.db
C11H23N2O9,-,327.14090,organic,NO3-,gas,LTOF-CIMS,Chao Yan,Beijing urban (BUCT),atmosphere,urban,BUCT long-term,"Guo et al., 2022, ACP",Beijing_Latest_peaklist_20190420.db
C7H10N3O12,-,328.02700,organic,NO3-,gas,LTOF-CIMS,Chao Yan,Beijing urban (BUCT),atmosphere,urban,BUCT long-term,"Guo et al., 2022, ACP",Beijing_Latest_peaklist_20190420.db
C8H14N3O11,-,328.06338,organic,NO3-,gas,LTOF-CIMS,Chao Yan,Beijing urban (BUCT),atmosphere,urban,BUCT long-term,"Guo et al., 2022, ACP",Beijing_Latest_peaklist_20190420.db
C9H18N3O10,-,328.09977,organic,NO3-,gas,LTOF-CIMS,Chao Yan,Beijing urban (BUCT),atmosphere,urban,BUCT long-term,"Guo et al., 2022, ACP",Beijing_Latest_peaklist_20190420.db
,,328.96760,unassigned,NO3-,gas,LTOF-CIMS,Chao Yan,Beijing urban (BUCT),atmosphere,urban,BUCT long-term,"Guo et al., 2022, ACP",Beijing_Latest_peaklist_20190420.db
C7H9N2O13,-,329.01101,organic,NO3-,gas,LTOF-CIMS,Chao Yan,Beijing urban (BUCT),atmosphere,urban,BUCT long-term,"Guo et al., 2022, ACP",Beijing_Latest_peaklist_20190420.db
C6H9N4O12,-,329.02225,organic,NO3-,gas,LTOF-CIMS,Chao Yan,Beijing urban (BUCT),atmosphere,urban,BUCT long-term,"Guo et al., 2022, ACP",Beijing_Latest_peaklist_20190420.db
C7H13N4O11,-,329.05863,organic,NO3-,gas,LTOF-CIMS,Chao Yan,Beijing urban (BUCT),atmosphere,urban,BUCT long-term,"Guo et al., 2022, ACP",Beijing_Latest_peaklist_20190420.db
C8H17N4O10,-,329.09502,organic,NO3-,gas,LTOF-CIMS,Chao Yan,Beijing urban (BUCT),atmosphere,urban,BUCT long-term,"Guo et al., 2022, ACP",Beijing_Latest_peaklist_20190420.db
,,329.95560,unassigned,NO3-,gas,LTOF-CIMS,Chao Yan,Beijing urban (BUCT),atmosphere,urban,BUCT long-term,"Guo et al., 2022, ACP",Beijing_Latest_peaklist_20190420.db
C6H8N3O13,-,330.00626,organic,NO3-,gas,LTOF-CIMS,Chao Yan,Beijing urban (BUCT),atmosphere,urban,BUCT long-term,"Guo et al., 2022, ACP",Beijing_Latest_peaklist_20190420.db
C7H12N3O12,-,330.04265,organic,NO3-,gas,LTOF-CIMS,Chao Yan,Beijing urban (BUCT),atmosphere,urban,BUCT long-term,"Guo et al., 2022, ACP",Beijing_Latest_peaklist_20190420.db
C8H16N3O11,-,330.07903,organic,NO3-,gas,LTOF-CIMS,Chao Yan,Beijing urban (BUCT),atmosphere,urban,BUCT long-term,"Guo et al., 2022, ACP",Beijing_Latest_peaklist_20190420.db
C10H24N3O9,-,330.15180,organic,NO3-,gas,LTOF-CIMS,Chao Yan,Beijing urban (BUCT),atmosphere,urban,BUCT long-term,"Guo et al., 2022, ACP",Beijing_Latest_peaklist_20190420.db
,,330.94900,unassigned,NO3-,gas,LTOF-CIMS,Chao Yan,Beijing urban (BUCT),atmosphere,urban,BUCT long-term,"Guo et al., 2022, ACP",Beijing_Latest_peaklist_20190420.db
C6H2F11O3,-,330.98338,organic,NO3-,gas,LTOF-CIMS,Chao Yan,Beijing urban (BUCT),atmosphere,urban,BUCT long-term,"Guo et al., 2022, ACP",Beijing_Latest_peaklist_20190420.db
C5H7N4O13,-,331.00151,organic,NO3-,gas,LTOF-CIMS,Chao Yan,Beijing urban (BUCT),atmosphere,urban,BUCT long-term,"Guo et al., 2022, ACP",Beijing_Latest_peaklist_20190420.db
C6H11N4O12,-,331.03790,organic,NO3-,gas,LTOF-CIMS,Chao Yan,Beijing urban (BUCT),atmosphere,urban,BUCT long-term,"Guo et al., 2022, ACP",Beijing_Latest_peaklist_20190420.db
C12H15N2O9,-,331.07830,organic,NO3-,gas,LTOF-CIMS,Chao Yan,Beijing urban (BUCT),atmosphere,urban,BUCT long-term,"Guo et al., 2022, ACP",Beijing_Latest_peaklist_20190420.db
C13H19N2O8,-,331.11469,organic,NO3-,gas,LTOF-CIMS,Chao Yan,Beijing urban (BUCT),atmosphere,urban,BUCT long-term,"Guo et al., 2022, ACP",Beijing_Latest_peaklist_20190420.db
,,331.92290,unassigned,NO3-,gas,LTOF-CIMS,Chao Yan,Beijing urban (BUCT),atmosphere,urban,BUCT long-term,"Guo et al., 2022, ACP",Beijing_Latest_peaklist_20190420.db
C5H6N3O14,-,331.98553,organic,NO3-,gas,LTOF-CIMS,Chao Yan,Beijing urban (BUCT),atmosphere,urban,BUCT long-term,"Guo et al., 2022, ACP",Beijing_Latest_peaklist_20190420.db
C6H10N3O13,-,332.02191,organic,NO3-,gas,LTOF-CIMS,Chao Yan,Beijing urban (BUCT),atmosphere,urban,BUCT long-term,"Guo et al., 2022, ACP",Beijing_Latest_peaklist_20190420.db
C7H14N3O12,-,332.05830,organic,NO3-,gas,LTOF-CIMS,Chao Yan,Beijing urban (BUCT),atmosphere,urban,BUCT long-term,"Guo et al., 2022, ACP",Beijing_Latest_peaklist_20190420.db
C8H18N3O11,-,332.09468,organic,NO3-,gas,LTOF-CIMS,Chao Yan,Beijing urban (BUCT),atmosphere,urban,BUCT long-term,"Guo et al., 2022, ACP",Beijing_Latest_peaklist_20190420.db
C14H22NO8,-,332.13509,organic,NO3-,gas,LTOF-CIMS,Chao Yan,Beijing urban (BUCT),atmosphere,urban,BUCT long-term,"Guo et al., 2022, ACP",Beijing_Latest_peaklist_20190420.db
,,332.19210,unassigned,NO3-,gas,LTOF-CIMS,Chao Yan,Beijing urban (BUCT),atmosphere,urban,BUCT long-term,"Guo et al., 2022, ACP",Beijing_Latest_peaklist_20190420.db
,,332.99390,unassigned,NO3-,gas,LTOF-CIMS,Chao Yan,Beijing urban (BUCT),atmosphere,urban,BUCT long-term,"Guo et al., 2022, ACP",Beijing_Latest_peaklist_20190420.db
C5H9N4O13,-,333.01716,organic,NO3-,gas,LTOF-CIMS,Chao Yan,Beijing urban (BUCT),atmosphere,urban,BUCT long-term,"Guo et al., 2022, ACP",Beijing_Latest_peaklist_20190420.db
C8H15NO13,-,333.05489,organic,NO3-,gas,LTOF-CIMS,Chao Yan,Beijing urban (BUCT),atmosphere,urban,BUCT long-term,"Guo et al., 2022, ACP",Beijing_Latest_peaklist_20190420.db
C12H17N2O9,-,333.09395,organic,NO3-,gas,LTOF-CIMS,Chao Yan,Beijing urban (BUCT),atmosphere,urban,BUCT long-term,"Guo et al., 2022, ACP",Beijing_Latest_peaklist_20190420.db
C13H21N2O8,-,333.13034,organic,NO3-,gas,LTOF-CIMS,Chao Yan,Beijing urban (BUCT),atmosphere,urban,BUCT long-term,"Guo et al., 2022, ACP",Beijing_Latest_peaklist_20190420.db
,,333.90920,unassigned,NO3-,gas,LTOF-CIMS,Chao Yan,Beijing urban (BUCT),atmosphere,urban,BUCT long-term,"Guo et al., 2022, ACP",Beijing_Latest_peaklist_20190420.db
C5H8N3O14,-,334.00118,organic,NO3-,gas,LTOF-CIMS,Chao Yan,Beijing urban (BUCT),atmosphere,urban,BUCT long-term,"Guo et al., 2022, ACP",Beijing_Latest_peaklist_20190420.db
C6H12N3O13,-,334.03756,organic,NO3-,gas,LTOF-CIMS,Chao Yan,Beijing urban (BUCT),atmosphere,urban,BUCT long-term,"Guo et al., 2022, ACP",Beijing_Latest_peaklist_20190420.db
C14H12N3O7,-,334.06807,organic,NO3-,gas,LTOF-CIMS,Chao Yan,Beijing urban (BUCT),atmosphere,urban,BUCT long-term,"Guo et al., 2022, ACP",Beijing_Latest_peaklist_20190420.db
C13H20NO9,-,334.11435,organic,NO3-,gas,LTOF-CIMS,Chao Yan,Beijing urban (BUCT),atmosphere,urban,BUCT long-term,"Guo et al., 2022, ACP",Beijing_Latest_peaklist_20190420.db
C14H24NO8,-,334.15074,organic,NO3-,gas,LTOF-CIMS,Chao Yan,Beijing urban (BUCT),atmosphere,urban,BUCT long-term,"Guo et al., 2022, ACP",Beijing_Latest_peaklist_20190420.db
C15H28NO7,-,334.18713,organic,NO3-,gas,LTOF-CIMS,Chao Yan,Beijing urban (BUCT),atmosphere,urban,BUCT long-term,"Guo et al., 2022, ACP",Beijing_Latest_peaklist_20190420.db
,,334.97900,unassigned,NO3-,gas,LTOF-CIMS,Chao Yan,Beijing urban (BUCT),atmosphere,urban,BUCT long-term,"Guo et al., 2022, ACP",Beijing_Latest_peaklist_20190420.db
C6H11N2O14,-,335.02158,organic,NO3-,gas,LTOF-CIMS,Chao Yan,Beijing urban (BUCT),atmosphere,urban,BUCT long-term,"Guo et al., 2022, ACP",Beijing_Latest_peaklist_20190420.db
C5H11N4O13,-,335.03281,organic,NO3-,gas,LTOF-CIMS,Chao Yan,Beijing urban (BUCT),atmosphere,urban,BUCT long-term,"Guo et al., 2022, ACP",Beijing_Latest_peaklist_20190420.db
C11H15N2O10,-,335.07322,organic,NO3-,gas,LTOF-CIMS,Chao Yan,Beijing urban (BUCT),atmosphere,urban,BUCT long-term,"Guo et al., 2022, ACP",Beijing_Latest_peaklist_20190420.db
C12H19N2O9,-,335.10960,organic,NO3-,gas,LTOF-CIMS,Chao Yan,Beijing urban (BUCT),atmosphere,urban,BUCT long-term,"Guo et al., 2022, ACP",Beijing_Latest_peaklist_20190420.db
C13H23N2O8,-,335.14599,organic,NO3-,gas,LTOF-CIMS,Chao Yan,Beijing urban (BUCT),atmosphere,urban,BUCT long-term,"Guo et al., 2022, ACP",Beijing_Latest_peaklist_20190420.db
C17H23N2O5,-,335.16125,organic,NO3-,gas,LTOF-CIMS,Chao Yan,Beijing urban (BUCT),atmosphere,urban,BUCT long-term,"Guo et al., 2022, ACP",Beijing_Latest_peaklist_20190420.db
,,335.93140,unassigned,NO3-,gas,LTOF-CIMS,Chao Yan,Beijing urban (BUCT),atmosphere,urban,BUCT long-term,"Guo et al., 2022, ACP",Beijing_Latest_peaklist_20190420.db
C8H6N3O12,-,335.99570,organic,NO3-,gas,LTOF-CIMS,Chao Yan,Beijing urban (BUCT),atmosphere,urban,BUCT long-term,"Guo et al., 2022, ACP",Beijing_Latest_peaklist_20190420.db
C7H14NO14,-,336.04198,organic,NO3-,gas,LTOF-CIMS,Chao Yan,Beijing urban (BUCT),atmosphere,urban,BUCT long-term,"Guo et al., 2022, ACP",Beijing_Latest_peaklist_20190420.db
C10H14N3O10,-,336.06847,organic,NO3-,gas,LTOF-CIMS,Chao Yan,Beijing urban (BUCT),atmosphere,urban,BUCT long-term,"Guo et al., 2022, ACP",Beijing_Latest_peaklist_20190420.db
C16H18NO7,-,336.10888,organic,NO3-,gas,LTOF-CIMS,Chao Yan,Beijing urban (BUCT),atmosphere,urban,BUCT long-term,"Guo et al., 2022, ACP",Beijing_Latest_peaklist_20190420.db
,,336.96600,unassigned,NO3-,gas,LTOF-CIMS,Chao Yan,Beijing urban (BUCT),atmosphere,urban,BUCT long-term,"Guo et al., 2022, ACP",Beijing_Latest_peaklist_20190420.db
C6H2F13O,-,336.99036,organic,NO3-,gas,LTOF-CIMS,Chao Yan,Beijing urban (BUCT),atmosphere,urban,BUCT long-term,"Guo et al., 2022, ACP",Beijing_Latest_peaklist_20190420.db
C8H9N4O11,-,337.02733,organic,NO3-,gas,LTOF-CIMS,Chao Yan,Beijing urban (BUCT),atmosphere,urban,BUCT long-term,"Guo et al., 2022, ACP",Beijing_Latest_peaklist_20190420.db
C10H13N2O11,-,337.05248,organic,NO3-,gas,LTOF-CIMS,Chao Yan,Beijing urban (BUCT),atmosphere,urban,BUCT long-term,"Guo et al., 2022, ACP",Beijing_Latest_peaklist_20190420.db
C11H17N2O10,-,337.08887,organic,NO3-,gas,LTOF-CIMS,Chao Yan,Beijing urban (BUCT),atmosphere,urban,BUCT long-term,"Guo et al., 2022, ACP",Beijing_Latest_peaklist_20190420.db
C12H21N2O9,-,337.12525,organic,NO3-,gas,LTOF-CIMS,Chao Yan,Beijing urban (BUCT),atmosphere,urban,BUCT long-term,"Guo et al., 2022, ACP",Beijing_Latest_peaklist_20190420.db
C13H25N2O8,-,337.16164,organic,NO3-,gas,LTOF-CIMS,Chao Yan,Beijing urban (BUCT),atmosphere,urban,BUCT long-term,"Guo et al., 2022, ACP",Beijing_Latest_peaklist_20190420.db
C14H29N2O7,-,337.19802,organic,NO3-,gas,LTOF-CIMS,Chao Yan,Beijing urban (BUCT),atmosphere,urban,BUCT long-term,"Guo et al., 2022, ACP",Beijing_Latest_peaklist_20190420.db
,,337.93260,unassigned,NO3-,gas,LTOF-CIMS,Chao Yan,Beijing urban (BUCT),atmosphere,urban,BUCT long-term,"Guo et al., 2022, ACP",Beijing_Latest_peaklist_20190420.db
,,337.99710,unassigned,NO3-,gas,LTOF-CIMS,Chao Yan,Beijing urban (BUCT),atmosphere,urban,BUCT long-term,"Guo et al., 2022, ACP",Beijing_Latest_peaklist_20190420.db
C9H12N3O11,-,338.04773,organic,NO3-,gas,LTOF-CIMS,Chao Yan,Beijing urban (BUCT),atmosphere,urban,BUCT long-term,"Guo et al., 2022, ACP",Beijing_Latest_peaklist_20190420.db
C10H16N3O10,-,338.08412,organic,NO3-,gas,LTOF-CIMS,Chao Yan,Beijing urban (BUCT),atmosphere,urban,BUCT long-term,"Guo et al., 2022, ACP",Beijing_Latest_peaklist_20190420.db
C12H20NO10,-,338.10927,organic,NO3-,gas,LTOF-CIMS,Chao Yan,Beijing urban (BUCT),atmosphere,urban,BUCT long-term,"Guo et al., 2022, ACP",Beijing_Latest_peaklist_20190420.db
C9H11N2O12,-,339.03175,organic,NO3-,gas,LTOF-CIMS,Chao Yan,Beijing urban (BUCT),atmosphere,urban,BUCT long-term,"Guo et al., 2022, ACP",Beijing_Latest_peaklist_20190420.db
C10H15N2O11,-,339.06813,organic,NO3-,gas,LTOF-CIMS,Chao Yan,Beijing urban (BUCT),atmosphere,urban,BUCT long-term,"Guo et al., 2022, ACP",Beijing_Latest_peaklist_20190420.db
C11H19N2O10,-,339.10452,organic,NO3-,gas,LTOF-CIMS,Chao Yan,Beijing urban (BUCT),atmosphere,urban,BUCT long-term,"Guo et al., 2022, ACP",Beijing_Latest_peaklist_20190420.db
C12H23N2O9,-,339.14090,organic,NO3-,gas,LTOF-CIMS,Chao Yan,Beijing urban (BUCT),atmosphere,urban,BUCT long-term,"Guo et al., 2022, ACP",Beijing_Latest_peaklist_20190420.db
C13H27N2O8,-,339.17729,organic,NO3-,gas,LTOF-CIMS,Chao Yan,Beijing urban (BUCT),atmosphere,urban,BUCT long-term,"Guo et al., 2022, ACP",Beijing_Latest_peaklist_20190420.db
C7H10N5O11,-,340.03823,organic,NO3-,gas,LTOF-CIMS,Chao Yan,Beijing urban (BUCT),atmosphere,urban,BUCT long-term,"Guo et al., 2022, ACP",Beijing_Latest_peaklist_20190420.db
C12H10N3O9,-,340.04225,organic,NO3-,gas,LTOF-CIMS,Chao Yan,Beijing urban (BUCT),atmosphere,urban,BUCT long-term,"Guo et al., 2022, ACP",Beijing_Latest_peaklist_20190420.db
C10H14NO12,-,340.05215,organic,NO3-,gas,LTOF-CIMS,Chao Yan,Beijing urban (BUCT),atmosphere,urban,BUCT long-term,"Guo et al., 2022, ACP",Beijing_Latest_peaklist_20190420.db
C11H18NO11,-,340.08853,organic,NO3-,gas,LTOF-CIMS,Chao Yan,Beijing urban (BUCT),atmosphere,urban,BUCT long-term,"Guo et al., 2022, ACP",Beijing_Latest_peaklist_20190420.db
C10H18N3O10,-,340.09977,organic,NO3-,gas,LTOF-CIMS,Chao Yan,Beijing urban (BUCT),atmosphere,urban,BUCT long-term,"Guo et al., 2022, ACP",Beijing_Latest_peaklist_20190420.db
C9H13N2O12,-,341.04740,organic,NO3-,gas,LTOF-CIMS,Chao Yan,Beijing urban (BUCT),atmosphere,urban,BUCT long-term,"Guo et al., 2022, ACP",Beijing_Latest_peaklist_20190420.db
C10H17N2O11,-,341.08378,organic,NO3-,gas,LTOF-CIMS,Chao Yan,Beijing urban (BUCT),atmosphere,urban,BUCT long-term,"Guo et al., 2022, ACP",Beijing_Latest_peaklist_20190420.db
C11H21N2O10,-,341.12017,organic,NO3-,gas,LTOF-CIMS,Chao Yan,Beijing urban (BUCT),atmosphere,urban,BUCT long-term,"Guo et al., 2022, ACP",Beijing_Latest_peaklist_20190420.db
C15H21N2O7,-,341.13542,organic,NO3-,gas,LTOF-CIMS,Chao Yan,Beijing urban (BUCT),atmosphere,urban,BUCT long-term,"Guo et al., 2022, ACP",Beijing_Latest_peaklist_20190420.db
,,341.97900,unassigned,NO3-,gas,LTOF-CIMS,Chao Yan,Beijing urban (BUCT),atmosphere,urban,BUCT long-term,"Guo et al., 2022, ACP",Beijing_Latest_peaklist_20190420.db
C8H12N3O12,-,342.04265,organic,NO3-,gas,LTOF-CIMS,Chao Yan,Beijing urban (BUCT),atmosphere,urban,BUCT long-term,"Guo et al., 2022, ACP",Beijing_Latest_peaklist_20190420.db
C9H16N3O11,-,342.07903,organic,NO3-,gas,LTOF-CIMS,Chao Yan,Beijing urban (BUCT),atmosphere,urban,BUCT long-term,"Guo et al., 2022, ACP",Beijing_Latest_peaklist_20190420.db
C10H20N3O10,-,342.11542,organic,NO3-,gas,LTOF-CIMS,Chao Yan,Beijing urban (BUCT),atmosphere,urban,BUCT long-term,"Guo et al., 2022, ACP",Beijing_Latest_peaklist_20190420.db
,,342.90800,unassigned,NO3-,gas,LTOF-CIMS,Chao Yan,Beijing urban (BUCT),atmosphere,urban,BUCT long-term,"Guo et al., 2022, ACP",Beijing_Latest_peaklist_20190420.db
,,342.98500,unassigned,NO3-,gas,LTOF-CIMS,Chao Yan,Beijing urban (BUCT),atmosphere,urban,BUCT long-term,"Guo et al., 2022, ACP",Beijing_Latest_peaklist_20190420.db
C8H11N2O13,-,343.02666,organic,NO3-,gas,LTOF-CIMS,Chao Yan,Beijing urban (BUCT),atmosphere,urban,BUCT long-term,"Guo et al., 2022, ACP",Beijing_Latest_peaklist_20190420.db
C9H15N2O12,-,343.06305,organic,NO3-,gas,LTOF-CIMS,Chao Yan,Beijing urban (BUCT),atmosphere,urban,BUCT long-term,"Guo et al., 2022, ACP",Beijing_Latest_peaklist_20190420.db
C10H19N2O11,-,343.09943,organic,NO3-,gas,LTOF-CIMS,Chao Yan,Beijing urban (BUCT),atmosphere,urban,BUCT long-term,"Guo et al., 2022, ACP",Beijing_Latest_peaklist_20190420.db
C15H23N2O7,-,343.15107,organic,NO3-,gas,LTOF-CIMS,Chao Yan,Beijing urban (BUCT),atmosphere,urban,BUCT long-term,"Guo et al., 2022, ACP",Beijing_Latest_peaklist_20190420.db
,,343.95300,unassigned,NO3-,gas,LTOF-CIMS,Chao Yan,Beijing urban (BUCT),atmosphere,urban,BUCT long-term,"Guo et al., 2022, ACP",Beijing_Latest_peaklist_20190420.db
C8H10NO14,-,344.01068,organic,NO3-,gas,LTOF-CIMS,Chao Yan,Beijing urban (BUCT),atmosphere,urban,BUCT long-term,"Guo et al., 2022, ACP",Beijing_Latest_peaklist_20190420.db
C7H10N3O13,-,344.02191,organic,NO3-,gas,LTOF-CIMS,Chao Yan,Beijing urban (BUCT),atmosphere,urban,BUCT long-term,"Guo et al., 2022, ACP",Beijing_Latest_peaklist_20190420.db
C8H14N3O12,-,344.05830,organic,NO3-,gas,LTOF-CIMS,Chao Yan,Beijing urban (BUCT),atmosphere,urban,BUCT long-term,"Guo et al., 2022, ACP",Beijing_Latest_peaklist_20190420.db
C9H18N3O11,-,344.09468,organic,NO3-,gas,LTOF-CIMS,Chao Yan,Beijing urban (BUCT),atmosphere,urban,BUCT long-term,"Guo et al., 2022, ACP",Beijing_Latest_peaklist_20190420.db
C14H18NO9,-,344.09870,organic,NO3-,gas,LTOF-CIMS,Chao Yan,Beijing urban (BUCT),atmosphere,urban,BUCT long-term,"Guo et al., 2022, ACP",Beijing_Latest_peaklist_20190420.db
C19H22NO5,-,344.15035,organic,NO3-,gas,LTOF-CIMS,Chao Yan,Beijing urban (BUCT),atmosphere,urban,BUCT long-term,"Guo et al., 2022, ACP",Beijing_Latest_peaklist_20190420.db
,,344.92700,unassigned,NO3-,gas,LTOF-CIMS,Chao Yan,Beijing urban (BUCT),atmosphere,urban,BUCT long-term,"Guo et al., 2022, ACP",Beijing_Latest_peaklist_20190420.db
C7HF12O2,-,344.97904,organic,NO3-,gas,LTOF-CIMS,Chao Yan,Beijing urban (BUCT),atmosphere,urban,BUCT long-term,"Guo et al., 2022, ACP",Beijing_Latest_peaklist_20190420.db
C6H9N4O13,-,345.01716,organic,NO3-,gas,LTOF-CIMS,Chao Yan,Beijing urban (BUCT),atmosphere,urban,BUCT long-term,"Guo et al., 2022, ACP",Beijing_Latest_peaklist_20190420.db
C8H13N2O13,-,345.04231,organic,NO3-,gas,LTOF-CIMS,Chao Yan,Beijing urban (BUCT),atmosphere,urban,BUCT long-term,"Guo et al., 2022, ACP",Beijing_Latest_peaklist_20190420.db
C7H13N4O12,-,345.05355,organic,NO3-,gas,LTOF-CIMS,Chao Yan,Beijing urban (BUCT),atmosphere,urban,BUCT long-term,"Guo et al., 2022, ACP",Beijing_Latest_peaklist_20190420.db
C13H17N2O9,-,345.09395,organic,NO3-,gas,LTOF-CIMS,Chao Yan,Beijing urban (BUCT),atmosphere,urban,BUCT long-term,"Guo et al., 2022, ACP",Beijing_Latest_peaklist_20190420.db
C18H21N2O5,-,345.14560,organic,NO3-,gas,LTOF-CIMS,Chao Yan,Beijing urban (BUCT),atmosphere,urban,BUCT long-term,"Guo et al., 2022, ACP",Beijing_Latest_peaklist_20190420.db
,,345.93000,unassigned,NO3-,gas,LTOF-CIMS,Chao Yan,Beijing urban (BUCT),atmosphere,urban,BUCT long-term,"Guo et al., 2022, ACP",Beijing_Latest_peaklist_20190420.db
,,345.96200,unassigned,NO3-,gas,LTOF-CIMS,Chao Yan,Beijing urban (BUCT),atmosphere,urban,BUCT long-term,"Guo et al., 2022, ACP",Beijing_Latest_peaklist_20190420.db
C6H8N3O14,-,346.00118,organic,NO3-,gas,LTOF-CIMS,Chao Yan,Beijing urban (BUCT),atmosphere,urban,BUCT long-term,"Guo et al., 2022, ACP",Beijing_Latest_peaklist_20190420.db
C7H12N3O13,-,346.03756,organic,NO3-,gas,LTOF-CIMS,Chao Yan,Beijing urban (BUCT),atmosphere,urban,BUCT long-term,"Guo et al., 2022, ACP",Beijing_Latest_peaklist_20190420.db
C8H16N3O12,-,346.07395,organic,NO3-,gas,LTOF-CIMS,Chao Yan,Beijing urban (BUCT),atmosphere,urban,BUCT long-term,"Guo et al., 2022, ACP",Beijing_Latest_peaklist_20190420.db
C14H20NO9,-,346.11435,organic,NO3-,gas,LTOF-CIMS,Chao Yan,Beijing urban (BUCT),atmosphere,urban,BUCT long-term,"Guo et al., 2022, ACP",Beijing_Latest_peaklist_20190420.db
C15H24NO8,-,346.15074,organic,NO3-,gas,LTOF-CIMS,Chao Yan,Beijing urban (BUCT),atmosphere,urban,BUCT long-term,"Guo et al., 2022, ACP",Beijing_Latest_peaklist_20190420.db
C16H28NO7,-,346.18713,organic,NO3-,gas,LTOF-CIMS,Chao Yan,Beijing urban (BUCT),atmosphere,urban,BUCT long-term,"Guo et al., 2022, ACP",Beijing_Latest_peaklist_20190420.db
C21H32NO3,-,346.23877,organic,NO3-,gas,LTOF-CIMS,Chao Yan,Beijing urban (BUCT),atmosphere,urban,BUCT long-term,"Guo et al., 2022, ACP",Beijing_Latest_peaklist_20190420.db
C18H36NO5,-,346.25990,organic,NO3-,gas,LTOF-CIMS,Chao Yan,Beijing urban (BUCT),atmosphere,urban,BUCT long-term,"Guo et al., 2022, ACP",Beijing_Latest_peaklist_20190420.db
,,346.95300,unassigned,NO3-,gas,LTOF-CIMS,Chao Yan,Beijing urban (BUCT),atmosphere,urban,BUCT long-term,"Guo et al., 2022, ACP",Beijing_Latest_peaklist_20190420.db
,,346.99600,unassigned,NO3-,gas,LTOF-CIMS,Chao Yan,Beijing urban (BUCT),atmosphere,urban,BUCT long-term,"Guo et al., 2022, ACP",Beijing_Latest_peaklist_20190420.db
C7H11N2O14,-,347.02158,organic,NO3-,gas,LTOF-CIMS,Chao Yan,Beijing urban (BUCT),atmosphere,urban,BUCT long-term,"Guo et al., 2022, ACP",Beijing_Latest_peaklist_20190420.db
C11H11N2O11,-,347.03683,organic,NO3-,gas,LTOF-CIMS,Chao Yan,Beijing urban (BUCT),atmosphere,urban,BUCT long-term,"Guo et al., 2022, ACP",Beijing_Latest_peaklist_20190420.db
C12H15N2O10,-,347.07322,organic,NO3-,gas,LTOF-CIMS,Chao Yan,Beijing urban (BUCT),atmosphere,urban,BUCT long-term,"Guo et al., 2022, ACP",Beijing_Latest_peaklist_20190420.db
C13H19N2O9,-,347.10960,organic,NO3-,gas,LTOF-CIMS,Chao Yan,Beijing urban (BUCT),atmosphere,urban,BUCT long-term,"Guo et al., 2022, ACP",Beijing_Latest_peaklist_20190420.db
C14H23N2O8,-,347.14599,organic,NO3-,gas,LTOF-CIMS,Chao Yan,Beijing urban (BUCT),atmosphere,urban,BUCT long-term,"Guo et al., 2022, ACP",Beijing_Latest_peaklist_20190420.db
C18H23N2O5,-,347.16125,organic,NO3-,gas,LTOF-CIMS,Chao Yan,Beijing urban (BUCT),atmosphere,urban,BUCT long-term,"Guo et al., 2022, ACP",Beijing_Latest_peaklist_20190420.db
,,347.92900,unassigned,NO3-,gas,LTOF-CIMS,Chao Yan,Beijing urban (BUCT),atmosphere,urban,BUCT long-term,"Guo et al., 2022, ACP",Beijing_Latest_peaklist_20190420.db
C5H6N3O15,-,347.98044,organic,NO3-,gas,LTOF-CIMS,Chao Yan,Beijing urban (BUCT),atmosphere,urban,BUCT long-term,"Guo et al., 2022, ACP",Beijing_Latest_peaklist_20190420.db
C9H6N3O12,-,347.99570,organic,NO3-,gas,LTOF-CIMS,Chao Yan,Beijing urban (BUCT),atmosphere,urban,BUCT long-term,"Guo et al., 2022, ACP",Beijing_Latest_peaklist_20190420.db
C6H10N3O14,-,348.01683,organic,NO3-,gas,LTOF-CIMS,Chao Yan,Beijing urban (BUCT),atmosphere,urban,BUCT long-term,"Guo et al., 2022, ACP",Beijing_Latest_peaklist_20190420.db
C7H14N3O13,-,348.05321,organic,NO3-,gas,LTOF-CIMS,Chao Yan,Beijing urban (BUCT),atmosphere,urban,BUCT long-term,"Guo et al., 2022, ACP",Beijing_Latest_peaklist_20190420.db
C13H18NO10,-,348.09362,organic,NO3-,gas,LTOF-CIMS,Chao Yan,Beijing urban (BUCT),atmosphere,urban,BUCT long-term,"Guo et al., 2022, ACP",Beijing_Latest_peaklist_20190420.db
C18H22NO6,-,348.14526,organic,NO3-,gas,LTOF-CIMS,Chao Yan,Beijing urban (BUCT),atmosphere,urban,BUCT long-term,"Guo et al., 2022, ACP",Beijing_Latest_peaklist_20190420.db
C19H26NO5,-,348.18165,organic,NO3-,gas,LTOF-CIMS,Chao Yan,Beijing urban (BUCT),atmosphere,urban,BUCT long-term,"Guo et al., 2022, ACP",Beijing_Latest_peaklist_20190420.db
C17H34NO6,-,348.23916,organic,NO3-,gas,LTOF-CIMS,Chao Yan,Beijing urban (BUCT),atmosphere,urban,BUCT long-term,"Guo et al., 2022, ACP",Beijing_Latest_peaklist_20190420.db
C21H34NO3,-,348.25442,organic,NO3-,gas,LTOF-CIMS,Chao Yan,Beijing urban (BUCT),atmosphere,urban,BUCT long-term,"Guo et al., 2022, ACP",Beijing_Latest_peaklist_20190420.db
,,348.93500,unassigned,NO3-,gas,LTOF-CIMS,Chao Yan,Beijing urban (BUCT),atmosphere,urban,BUCT long-term,"Guo et al., 2022, ACP",Beijing_Latest_peaklist_20190420.db
C6H9N2O15,-,349.00084,organic,NO3-,gas,LTOF-CIMS,Chao Yan,Beijing urban (BUCT),atmosphere,urban,BUCT long-term,"Guo et al., 2022, ACP",Beijing_Latest_peaklist_20190420.db
C7H13N2O14,-,349.03723,organic,NO3-,gas,LTOF-CIMS,Chao Yan,Beijing urban (BUCT),atmosphere,urban,BUCT long-term,"Guo et al., 2022, ACP",Beijing_Latest_peaklist_20190420.db
C11H13N2O11,-,349.05248,organic,NO3-,gas,LTOF-CIMS,Chao Yan,Beijing urban (BUCT),atmosphere,urban,BUCT long-term,"Guo et al., 2022, ACP",Beijing_Latest_peaklist_20190420.db
C12H17N2O10,-,349.08887,organic,NO3-,gas,LTOF-CIMS,Chao Yan,Beijing urban (BUCT),atmosphere,urban,BUCT long-term,"Guo et al., 2022, ACP",Beijing_Latest_peaklist_20190420.db
C13H21N2O9,-,349.12525,organic,NO3-,gas,LTOF-CIMS,Chao Yan,Beijing urban (BUCT),atmosphere,urban,BUCT long-term,"Guo et al., 2022, ACP",Beijing_Latest_peaklist_20190420.db
C14H25N2O8,-,349.16164,organic,NO3-,gas,LTOF-CIMS,Chao Yan,Beijing urban (BUCT),atmosphere,urban,BUCT long-term,"Guo et al., 2022, ACP",Beijing_Latest_peaklist_20190420.db
C18H25N2O5,-,349.17690,organic,NO3-,gas,LTOF-CIMS,Chao Yan,Beijing urban (BUCT),atmosphere,urban,BUCT long-term,"Guo et al., 2022, ACP",Beijing_Latest_peaklist_20190420.db
,,349.93100,unassigned,NO3-,gas,LTOF-CIMS,Chao Yan,Beijing urban (BUCT),atmosphere,urban,BUCT long-term,"Guo et al., 2022, ACP",Beijing_Latest_peaklist_20190420.db
,,349.95300,unassigned,NO3-,gas,LTOF-CIMS,Chao Yan,Beijing urban (BUCT),atmosphere,urban,BUCT long-term,"Guo et al., 2022, ACP",Beijing_Latest_peaklist_20190420.db
C10H8NO13,-,350.00011,organic,NO3-,gas,LTOF-CIMS,Chao Yan,Beijing urban (BUCT),atmosphere,urban,BUCT long-term,"Guo et al., 2022, ACP",Beijing_Latest_peaklist_20190420.db
C10H12N3O11,-,350.04773,organic,NO3-,gas,LTOF-CIMS,Chao Yan,Beijing urban (BUCT),atmosphere,urban,BUCT long-term,"Guo et al., 2022, ACP",Beijing_Latest_peaklist_20190420.db
C12H16NO11,-,350.07288,organic,NO3-,gas,LTOF-CIMS,Chao Yan,Beijing urban (BUCT),atmosphere,urban,BUCT long-term,"Guo et al., 2022, ACP",Beijing_Latest_peaklist_20190420.db
C13H20NO10,-,350.10927,organic,NO3-,gas,LTOF-CIMS,Chao Yan,Beijing urban (BUCT),atmosphere,urban,BUCT long-term,"Guo et al., 2022, ACP",Beijing_Latest_peaklist_20190420.db
C14H24NO9,-,350.14565,organic,NO3-,gas,LTOF-CIMS,Chao Yan,Beijing urban (BUCT),atmosphere,urban,BUCT long-term,"Guo et al., 2022, ACP",Beijing_Latest_peaklist_20190420.db
C16H32NO7,-,350.21843,organic,NO3-,gas,LTOF-CIMS,Chao Yan,Beijing urban (BUCT),atmosphere,urban,BUCT long-term,"Guo et al., 2022, ACP",Beijing_Latest_peaklist_20190420.db
,,350.94000,unassigned,NO3-,gas,LTOF-CIMS,Chao Yan,Beijing urban (BUCT),atmosphere,urban,BUCT long-term,"Guo et al., 2022, ACP",Beijing_Latest_peaklist_20190420.db
C4H7N4O15,-,350.99134,organic,NO3-,gas,LTOF-CIMS,Chao Yan,Beijing urban (BUCT),atmosphere,urban,BUCT long-term,"Guo et al., 2022, ACP",Beijing_Latest_peaklist_20190420.db
C5H11N4O14,-,351.02772,organic,NO3-,gas,LTOF-CIMS,Chao Yan,Beijing urban (BUCT),atmosphere,urban,BUCT long-term,"Guo et al., 2022, ACP",Beijing_Latest_peaklist_20190420.db
C9H11N4O11,-,351.04298,organic,NO3-,gas,LTOF-CIMS,Chao Yan,Beijing urban (BUCT),atmosphere,urban,BUCT long-term,"Guo et al., 2022, ACP",Beijing_Latest_peaklist_20190420.db
C11H15N2O11,-,351.06813,organic,NO3-,gas,LTOF-CIMS,Chao Yan,Beijing urban (BUCT),atmosphere,urban,BUCT long-term,"Guo et al., 2022, ACP",Beijing_Latest_peaklist_20190420.db
C12H19N2O10,-,351.10452,organic,NO3-,gas,LTOF-CIMS,Chao Yan,Beijing urban (BUCT),atmosphere,urban,BUCT long-term,"Guo et al., 2022, ACP",Beijing_Latest_peaklist_20190420.db
C13H23N2O9,-,351.14090,organic,NO3-,gas,LTOF-CIMS,Chao Yan,Beijing urban (BUCT),atmosphere,urban,BUCT long-term,"Guo et al., 2022, ACP",Beijing_Latest_peaklist_20190420.db
C14H27N2O8,-,351.17729,organic,NO3-,gas,LTOF-CIMS,Chao Yan,Beijing urban (BUCT),atmosphere,urban,BUCT long-term,"Guo et al., 2022, ACP",Beijing_Latest_peaklist_20190420.db
C15H31N2O7,-,351.21367,organic,NO3-,gas,LTOF-CIMS,Chao Yan,Beijing urban (BUCT),atmosphere,urban,BUCT long-term,"Guo et al., 2022, ACP",Beijing_Latest_peaklist_20190420.db
,,351.94100,unassigned,NO3-,gas,LTOF-CIMS,Chao Yan,Beijing urban (BUCT),atmosphere,urban,BUCT long-term,"Guo et al., 2022, ACP",Beijing_Latest_peaklist_20190420.db
,,351.98700,unassigned,NO3-,gas,LTOF-CIMS,Chao Yan,Beijing urban (BUCT),atmosphere,urban,BUCT long-term,"Guo et al., 2022, ACP",Beijing_Latest_peaklist_20190420.db
C10H10NO13,-,352.01576,organic,NO3-,gas,LTOF-CIMS,Chao Yan,Beijing urban (BUCT),atmosphere,urban,BUCT long-term,"Guo et al., 2022, ACP",Beijing_Latest_peaklist_20190420.db
C10H14N3O11,-,352.06338,organic,NO3-,gas,LTOF-CIMS,Chao Yan,Beijing urban (BUCT),atmosphere,urban,BUCT long-term,"Guo et al., 2022, ACP",Beijing_Latest_peaklist_20190420.db
C11H18N3O10,-,352.09977,organic,NO3-,gas,LTOF-CIMS,Chao Yan,Beijing urban (BUCT),atmosphere,urban,BUCT long-term,"Guo et al., 2022, ACP",Beijing_Latest_peaklist_20190420.db
C17H22NO7,-,352.14018,organic,NO3-,gas,LTOF-CIMS,Chao Yan,Beijing urban (BUCT),atmosphere,urban,BUCT long-term,"Guo et al., 2022, ACP",Beijing_Latest_peaklist_20190420.db
C15H30NO8,-,352.19769,organic,NO3-,gas,LTOF-CIMS,Chao Yan,Beijing urban (BUCT),atmosphere,urban,BUCT long-term,"Guo et al., 2022, ACP",Beijing_Latest_peaklist_20190420.db
,,352.94900,unassigned,NO3-,gas,LTOF-CIMS,Chao Yan,Beijing urban (BUCT),atmosphere,urban,BUCT long-term,"Guo et al., 2022, ACP",Beijing_Latest_peaklist_20190420.db
C9H9N2O13,-,353.01101,organic,NO3-,gas,LTOF-CIMS,Chao Yan,Beijing urban (BUCT),atmosphere,urban,BUCT long-term,"Guo et al., 2022, ACP",Beijing_Latest_peaklist_20190420.db
C10H13N2O12,-,353.04740,organic,NO3-,gas,LTOF-CIMS,Chao Yan,Beijing urban (BUCT),atmosphere,urban,BUCT long-term,"Guo et al., 2022, ACP",Beijing_Latest_peaklist_20190420.db
C11H17N2O11,-,353.08378,organic,NO3-,gas,LTOF-CIMS,Chao Yan,Beijing urban (BUCT),atmosphere,urban,BUCT long-term,"Guo et al., 2022, ACP",Beijing_Latest_peaklist_20190420.db
C12H21N2O10,-,353.12017,organic,NO3-,gas,LTOF-CIMS,Chao Yan,Beijing urban (BUCT),atmosphere,urban,BUCT long-term,"Guo et al., 2022, ACP",Beijing_Latest_peaklist_20190420.db
C13H25N2O9,-,353.15655,organic,NO3-,gas,LTOF-CIMS,Chao Yan,Beijing urban (BUCT),atmosphere,urban,BUCT long-term,"Guo et al., 2022, ACP",Beijing_Latest_peaklist_20190420.db
C14H29N2O8,-,353.19294,organic,NO3-,gas,LTOF-CIMS,Chao Yan,Beijing urban (BUCT),atmosphere,urban,BUCT long-term,"Guo et al., 2022, ACP",Beijing_Latest_peaklist_20190420.db
,,353.97800,unassigned,NO3-,gas,LTOF-CIMS,Chao Yan,Beijing urban (BUCT),atmosphere,urban,BUCT long-term,"Guo et al., 2022, ACP",Beijing_Latest_peaklist_20190420.db
C9H12N3O12,-,354.04265,organic,NO3-,gas,LTOF-CIMS,Chao Yan,Beijing urban (BUCT),atmosphere,urban,BUCT long-term,"Guo et al., 2022, ACP",Beijing_Latest_peaklist_20190420.db
C13H12N3O9,-,354.05790,organic,NO3-,gas,LTOF-CIMS,Chao Yan,Beijing urban (BUCT),atmosphere,urban,BUCT long-term,"Guo et al., 2022, ACP",Beijing_Latest_peaklist_20190420.db
C11H16NO12,-,354.06780,organic,NO3-,gas,LTOF-CIMS,Chao Yan,Beijing urban (BUCT),atmosphere,urban,BUCT long-term,"Guo et al., 2022, ACP",Beijing_Latest_peaklist_20190420.db
C14H16N3O8,-,354.09429,organic,NO3-,gas,LTOF-CIMS,Chao Yan,Beijing urban (BUCT),atmosphere,urban,BUCT long-term,"Guo et al., 2022, ACP",Beijing_Latest_peaklist_20190420.db
C16H20NO8,-,354.11944,organic,NO3-,gas,LTOF-CIMS,Chao Yan,Beijing urban (BUCT),atmosphere,urban,BUCT long-term,"Guo et al., 2022, ACP",Beijing_Latest_peaklist_20190420.db
,,354.97700,unassigned,NO3-,gas,LTOF-CIMS,Chao Yan,Beijing urban (BUCT),atmosphere,urban,BUCT long-term,"Guo et al., 2022, ACP",Beijing_Latest_peaklist_20190420.db
C9H11N2O13,-,355.02666,organic,NO3-,gas,LTOF-CIMS,Chao Yan,Beijing urban (BUCT),atmosphere,urban,BUCT long-term,"Guo et al., 2022, ACP",Beijing_Latest_peaklist_20190420.db
C10H15N2O12,-,355.06305,organic,NO3-,gas,LTOF-CIMS,Chao Yan,Beijing urban (BUCT),atmosphere,urban,BUCT long-term,"Guo et al., 2022, ACP",Beijing_Latest_peaklist_20190420.db
C16H19O9,-,355.10346,organic,NO3-,gas,LTOF-CIMS,Chao Yan,Beijing urban (BUCT),atmosphere,urban,BUCT long-term,"Guo et al., 2022, ACP",Beijing_Latest_peaklist_20190420.db
C12H23N2O10,-,355.13582,organic,NO3-,gas,LTOF-CIMS,Chao Yan,Beijing urban (BUCT),atmosphere,urban,BUCT long-term,"Guo et al., 2022, ACP",Beijing_Latest_peaklist_20190420.db
C16H23N2O7,-,355.15107,organic,NO3-,gas,LTOF-CIMS,Chao Yan,Beijing urban (BUCT),atmosphere,urban,BUCT long-term,"Guo et al., 2022, ACP",Beijing_Latest_peaklist_20190420.db
C18H27O7,-,355.17623,organic,NO3-,gas,LTOF-CIMS,Chao Yan,Beijing urban (BUCT),atmosphere,urban,BUCT long-term,"Guo et al., 2022, ACP",Beijing_Latest_peaklist_20190420.db
,,355.96700,unassigned,NO3-,gas,LTOF-CIMS,Chao Yan,Beijing urban (BUCT),atmosphere,urban,BUCT long-term,"Guo et al., 2022, ACP",Beijing_Latest_peaklist_20190420.db
C8H10N3O13,-,356.02191,organic,NO3-,gas,LTOF-CIMS,Chao Yan,Beijing urban (BUCT),atmosphere,urban,BUCT long-term,"Guo et al., 2022, ACP",Beijing_Latest_peaklist_20190420.db
C10H14NO13,-,356.04706,organic,NO3-,gas,LTOF-CIMS,Chao Yan,Beijing urban (BUCT),atmosphere,urban,BUCT long-term,"Guo et al., 2022, ACP",Beijing_Latest_peaklist_20190420.db
C9H14N3O12,-,356.05830,organic,NO3-,gas,LTOF-CIMS,Chao Yan,Beijing urban (BUCT),atmosphere,urban,BUCT long-term,"Guo et al., 2022, ACP",Beijing_Latest_peaklist_20190420.db
C10H18N3O11,-,356.09468,organic,NO3-,gas,LTOF-CIMS,Chao Yan,Beijing urban (BUCT),atmosphere,urban,BUCT long-term,"Guo et al., 2022, ACP",Beijing_Latest_peaklist_20190420.db
C11H22N3O10,-,356.13107,organic,NO3-,gas,LTOF-CIMS,Chao Yan,Beijing urban (BUCT),atmosphere,urban,BUCT long-term,"Guo et al., 2022, ACP",Beijing_Latest_peaklist_20190420.db
,,356.93200,unassigned,NO3-,gas,LTOF-CIMS,Chao Yan,Beijing urban (BUCT),atmosphere,urban,BUCT long-term,"Guo et al., 2022, ACP",Beijing_Latest_peaklist_20190420.db
,,356.98600,unassigned,NO3-,gas,LTOF-CIMS,Chao Yan,Beijing urban (BUCT),atmosphere,urban,BUCT long-term,"Guo et al., 2022, ACP",Beijing_Latest_peaklist_20190420.db
C8H9N2O14,-,357.00593,organic,NO3-,gas,LTOF-CIMS,Chao Yan,Beijing urban (BUCT),atmosphere,urban,BUCT long-term,"Guo et al., 2022, ACP",Beijing_Latest_peaklist_20190420.db
C11H9N4O10,-,357.03242,organic,NO3-,gas,LTOF-CIMS,Chao Yan,Beijing urban (BUCT),atmosphere,urban,BUCT long-term,"Guo et al., 2022, ACP",Beijing_Latest_peaklist_20190420.db
C12H13N4O9,-,357.06880,organic,NO3-,gas,LTOF-CIMS,Chao Yan,Beijing urban (BUCT),atmosphere,urban,BUCT long-term,"Guo et al., 2022, ACP",Beijing_Latest_peaklist_20190420.db
C11H21N2O11,-,357.11508,organic,NO3-,gas,LTOF-CIMS,Chao Yan,Beijing urban (BUCT),atmosphere,urban,BUCT long-term,"Guo et al., 2022, ACP",Beijing_Latest_peaklist_20190420.db
C6H2F10NO5,-,357.97788,organic,NO3-,gas,LTOF-CIMS,Chao Yan,Beijing urban (BUCT),atmosphere,urban,BUCT long-term,"Guo et al., 2022, ACP",Beijing_Latest_peaklist_20190420.db
C11H8N3O11,-,358.01643,organic,NO3-,gas,LTOF-CIMS,Chao Yan,Beijing urban (BUCT),atmosphere,urban,BUCT long-term,"Guo et al., 2022, ACP",Beijing_Latest_peaklist_20190420.db
C8H12N3O13,-,358.03756,organic,NO3-,gas,LTOF-CIMS,Chao Yan,Beijing urban (BUCT),atmosphere,urban,BUCT long-term,"Guo et al., 2022, ACP",Beijing_Latest_peaklist_20190420.db
C9H16N3O12,-,358.07395,organic,NO3-,gas,LTOF-CIMS,Chao Yan,Beijing urban (BUCT),atmosphere,urban,BUCT long-term,"Guo et al., 2022, ACP",Beijing_Latest_peaklist_20190420.db
C10H20N3O11,-,358.11033,organic,NO3-,gas,LTOF-CIMS,Chao Yan,Beijing urban (BUCT),atmosphere,urban,BUCT long-term,"Guo et al., 2022, ACP",Beijing_Latest_peaklist_20190420.db
C15H20NO9,-,358.11435,organic,NO3-,gas,LTOF-CIMS,Chao Yan,Beijing urban (BUCT),atmosphere,urban,BUCT long-term,"Guo et al., 2022, ACP",Beijing_Latest_peaklist_20190420.db
C17H28NO7,-,358.18713,organic,NO3-,gas,LTOF-CIMS,Chao Yan,Beijing urban (BUCT),atmosphere,urban,BUCT long-term,"Guo et al., 2022, ACP",Beijing_Latest_peaklist_20190420.db
,,358.97200,unassigned,NO3-,gas,LTOF-CIMS,Chao Yan,Beijing urban (BUCT),atmosphere,urban,BUCT long-term,"Guo et al., 2022, ACP",Beijing_Latest_peaklist_20190420.db
C8H11N2O14,-,359.02158,organic,NO3-,gas,LTOF-CIMS,Chao Yan,Beijing urban (BUCT),atmosphere,urban,BUCT long-term,"Guo et al., 2022, ACP",Beijing_Latest_peaklist_20190420.db
C7H11N4O13,-,359.03281,organic,NO3-,gas,LTOF-CIMS,Chao Yan,Beijing urban (BUCT),atmosphere,urban,BUCT long-term,"Guo et al., 2022, ACP",Beijing_Latest_peaklist_20190420.db
C9H15N2O13,-,359.05796,organic,NO3-,gas,LTOF-CIMS,Chao Yan,Beijing urban (BUCT),atmosphere,urban,BUCT long-term,"Guo et al., 2022, ACP",Beijing_Latest_peaklist_20190420.db
C8H15N4O12,-,359.06920,organic,NO3-,gas,LTOF-CIMS,Chao Yan,Beijing urban (BUCT),atmosphere,urban,BUCT long-term,"Guo et al., 2022, ACP",Beijing_Latest_peaklist_20190420.db
C13H15N2O10,-,359.07322,organic,NO3-,gas,LTOF-CIMS,Chao Yan,Beijing urban (BUCT),atmosphere,urban,BUCT long-term,"Guo et al., 2022, ACP",Beijing_Latest_peaklist_20190420.db
C18H19N2O6,-,359.12486,organic,NO3-,gas,LTOF-CIMS,Chao Yan,Beijing urban (BUCT),atmosphere,urban,BUCT long-term,"Guo et al., 2022, ACP",Beijing_Latest_peaklist_20190420.db
C19H23N2O5,-,359.16125,organic,NO3-,gas,LTOF-CIMS,Chao Yan,Beijing urban (BUCT),atmosphere,urban,BUCT long-term,"Guo et al., 2022, ACP",Beijing_Latest_peaklist_20190420.db
,,359.94000,unassigned,NO3-,gas,LTOF-CIMS,Chao Yan,Beijing urban (BUCT),atmosphere,urban,BUCT long-term,"Guo et al., 2022, ACP",Beijing_Latest_peaklist_20190420.db
C9H14BrClN2O4S,-,359.95517,organic,NO3-,gas,LTOF-CIMS,Chao Yan,Beijing urban (BUCT),atmosphere,urban,BUCT long-term,"Guo et al., 2022, ACP",Beijing_Latest_peaklist_20190420.db
C8H10NO15,-,360.00559,organic,NO3-,gas,LTOF-CIMS,Chao Yan,Beijing urban (BUCT),atmosphere,urban,BUCT long-term,"Guo et al., 2022, ACP",Beijing_Latest_peaklist_20190420.db
C7H10N3O14,-,360.01683,organic,NO3-,gas,LTOF-CIMS,Chao Yan,Beijing urban (BUCT),atmosphere,urban,BUCT long-term,"Guo et al., 2022, ACP",Beijing_Latest_peaklist_20190420.db
C8H14N3O13,-,360.05321,organic,NO3-,gas,LTOF-CIMS,Chao Yan,Beijing urban (BUCT),atmosphere,urban,BUCT long-term,"Guo et al., 2022, ACP",Beijing_Latest_peaklist_20190420.db
C9H18N3O12,-,360.08960,organic,NO3-,gas,LTOF-CIMS,Chao Yan,Beijing urban (BUCT),atmosphere,urban,BUCT long-term,"Guo et al., 2022, ACP",Beijing_Latest_peaklist_20190420.db
C15H22NO9,-,360.13000,organic,NO3-,gas,LTOF-CIMS,Chao Yan,Beijing urban (BUCT),atmosphere,urban,BUCT long-term,"Guo et al., 2022, ACP",Beijing_Latest_peaklist_20190420.db
C14H22N3O8,-,360.14124,organic,NO3-,gas,LTOF-CIMS,Chao Yan,Beijing urban (BUCT),atmosphere,urban,BUCT long-term,"Guo et al., 2022, ACP",Beijing_Latest_peaklist_20190420.db
C20H26NO5,-,360.18165,organic,NO3-,gas,LTOF-CIMS,Chao Yan,Beijing urban (BUCT),atmosphere,urban,BUCT long-term,"Guo et al., 2022, ACP",Beijing_Latest_peaklist_20190420.db
C18H34NO6,-,360.23916,organic,NO3-,gas,LTOF-CIMS,Chao Yan,Beijing urban (BUCT),atmosphere,urban,BUCT long-term,"Guo et al., 2022, ACP",Beijing_Latest_peaklist_20190420.db
C6H9N4O14,-,361.01207,organic,NO3-,gas,LTOF-CIMS,Chao Yan,Beijing urban (BUCT),atmosphere,urban,BUCT long-term,"Guo et al., 2022, ACP",Beijing_Latest_peaklist_20190420.db
C7H13N4O13,-,361.04846,organic,NO3-,gas,LTOF-CIMS,Chao Yan,Beijing urban (BUCT),atmosphere,urban,BUCT long-term,"Guo et al., 2022, ACP",Beijing_Latest_peaklist_20190420.db
C13H17N2O10,-,361.08887,organic,NO3-,gas,LTOF-CIMS,Chao Yan,Beijing urban (BUCT),atmosphere,urban,BUCT long-term,"Guo et al., 2022, ACP",Beijing_Latest_peaklist_20190420.db
C14H21N2O9,-,361.12525,organic,NO3-,gas,LTOF-CIMS,Chao Yan,Beijing urban (BUCT),atmosphere,urban,BUCT long-term,"Guo et al., 2022, ACP",Beijing_Latest_peaklist_20190420.db
C19H25N2O5,-,361.17690,organic,NO3-,gas,LTOF-CIMS,Chao Yan,Beijing urban (BUCT),atmosphere,urban,BUCT long-term,"Guo et al., 2022, ACP",Beijing_Latest_peaklist_20190420.db
,,361.92400,unassigned,NO3-,gas,LTOF-CIMS,Chao Yan,Beijing urban (BUCT),atmosphere,urban,BUCT long-term,"Guo et al., 2022, ACP",Beijing_Latest_peaklist_20190420.db
,,361.94400,unassigned,NO3-,gas,LTOF-CIMS,Chao Yan,Beijing urban (BUCT),atmosphere,urban,BUCT long-term,"Guo et al., 2022, ACP",Beijing_Latest_peaklist_20190420.db
,,361.98400,unassigned,NO3-,gas,LTOF-CIMS,Chao Yan,Beijing urban (BUCT),atmosphere,urban,BUCT long-term,"Guo et al., 2022, ACP",Beijing_Latest_peaklist_20190420.db
C8H12NO15,-,362.02124,organic,NO3-,gas,LTOF-CIMS,Chao Yan,Beijing urban (BUCT),atmosphere,urban,BUCT long-term,"Guo et al., 2022, ACP",Beijing_Latest_peaklist_20190420.db
C11H12N3O11,-,362.04773,organic,NO3-,gas,LTOF-CIMS,Chao Yan,Beijing urban (BUCT),atmosphere,urban,BUCT long-term,"Guo et al., 2022, ACP",Beijing_Latest_peaklist_20190420.db
C8H16N3O13,-,362.06886,organic,NO3-,gas,LTOF-CIMS,Chao Yan,Beijing urban (BUCT),atmosphere,urban,BUCT long-term,"Guo et al., 2022, ACP",Beijing_Latest_peaklist_20190420.db
C14H20NO10,-,362.10927,organic,NO3-,gas,LTOF-CIMS,Chao Yan,Beijing urban (BUCT),atmosphere,urban,BUCT long-term,"Guo et al., 2022, ACP",Beijing_Latest_peaklist_20190420.db
C15H24NO9,-,362.14565,organic,NO3-,gas,LTOF-CIMS,Chao Yan,Beijing urban (BUCT),atmosphere,urban,BUCT long-term,"Guo et al., 2022, ACP",Beijing_Latest_peaklist_20190420.db
C20H28NO5,-,362.19730,organic,NO3-,gas,LTOF-CIMS,Chao Yan,Beijing urban (BUCT),atmosphere,urban,BUCT long-term,"Guo et al., 2022, ACP",Beijing_Latest_peaklist_20190420.db
C21H32NO4,-,362.23368,organic,NO3-,gas,LTOF-CIMS,Chao Yan,Beijing urban (BUCT),atmosphere,urban,BUCT long-term,"Guo et al., 2022, ACP",Beijing_Latest_peaklist_20190420.db
C7F13O2,-,362.96962,organic,NO3-,gas,LTOF-CIMS,Chao Yan,Beijing urban (BUCT),atmosphere,urban,BUCT long-term,"Guo et al., 2022, ACP",Beijing_Latest_peaklist_20190420.db
C7H3F12O3,-,362.98961,organic,NO3-,gas,LTOF-CIMS,Chao Yan,Beijing urban (BUCT),atmosphere,urban,BUCT long-term,"Guo et al., 2022, ACP",Beijing_Latest_peaklist_20190420.db
C7H11N2O15,-,363.01649,organic,NO3-,gas,LTOF-CIMS,Chao Yan,Beijing urban (BUCT),atmosphere,urban,BUCT long-term,"Guo et al., 2022, ACP",Beijing_Latest_peaklist_20190420.db
C8H15N2O14,-,363.05288,organic,NO3-,gas,LTOF-CIMS,Chao Yan,Beijing urban (BUCT),atmosphere,urban,BUCT long-term,"Guo et al., 2022, ACP",Beijing_Latest_peaklist_20190420.db
C7H15N4O13,-,363.06411,organic,NO3-,gas,LTOF-CIMS,Chao Yan,Beijing urban (BUCT),atmosphere,urban,BUCT long-term,"Guo et al., 2022, ACP",Beijing_Latest_peaklist_20190420.db
C13H19N2O10,-,363.10452,organic,NO3-,gas,LTOF-CIMS,Chao Yan,Beijing urban (BUCT),atmosphere,urban,BUCT long-term,"Guo et al., 2022, ACP",Beijing_Latest_peaklist_20190420.db
C15H23O10,-,363.12967,organic,NO3-,gas,LTOF-CIMS,Chao Yan,Beijing urban (BUCT),atmosphere,urban,BUCT long-term,"Guo et al., 2022, ACP",Beijing_Latest_peaklist_20190420.db
C18H23N2O6,-,363.15616,organic,NO3-,gas,LTOF-CIMS,Chao Yan,Beijing urban (BUCT),atmosphere,urban,BUCT long-term,"Guo et al., 2022, ACP",Beijing_Latest_peaklist_20190420.db
C15H27N2O8,-,363.17729,organic,NO3-,gas,LTOF-CIMS,Chao Yan,Beijing urban (BUCT),atmosphere,urban,BUCT long-term,"Guo et al., 2022, ACP",Beijing_Latest_peaklist_20190420.db
C19H27N2O5,-,363.19255,organic,NO3-,gas,LTOF-CIMS,Chao Yan,Beijing urban (BUCT),atmosphere,urban,BUCT long-term,"Guo et al., 2022, ACP",Beijing_Latest_peaklist_20190420.db
,,363.93900,unassigned,NO3-,gas,LTOF-CIMS,Chao Yan,Beijing urban (BUCT),atmosphere,urban,BUCT long-term,"Guo et al., 2022, ACP",Beijing_Latest_peaklist_20190420.db
,,363.98100,unassigned,NO3-,gas,LTOF-CIMS,Chao Yan,Beijing urban (BUCT),atmosphere,urban,BUCT long-term,"Guo et al., 2022, ACP",Beijing_Latest_peaklist_20190420.db
C10H10N3O12,-,364.02700,organic,NO3-,gas,LTOF-CIMS,Chao Yan,Beijing urban (BUCT),atmosphere,urban,BUCT long-term,"Guo et al., 2022, ACP",Beijing_Latest_peaklist_20190420.db
C12H14NO12,-,364.05215,organic,NO3-,gas,LTOF-CIMS,Chao Yan,Beijing urban (BUCT),atmosphere,urban,BUCT long-term,"Guo et al., 2022, ACP",Beijing_Latest_peaklist_20190420.db
C11H14N3O11,-,364.06338,organic,NO3-,gas,LTOF-CIMS,Chao Yan,Beijing urban (BUCT),atmosphere,urban,BUCT long-term,"Guo et al., 2022, ACP",Beijing_Latest_peaklist_20190420.db
C8H18N3O13,-,364.08451,organic,NO3-,gas,LTOF-CIMS,Chao Yan,Beijing urban (BUCT),atmosphere,urban,BUCT long-term,"Guo et al., 2022, ACP",Beijing_Latest_peaklist_20190420.db
C14H22NO10,-,364.12492,organic,NO3-,gas,LTOF-CIMS,Chao Yan,Beijing urban (BUCT),atmosphere,urban,BUCT long-term,"Guo et al., 2022, ACP",Beijing_Latest_peaklist_20190420.db
C15H26NO9,-,364.16130,organic,NO3-,gas,LTOF-CIMS,Chao Yan,Beijing urban (BUCT),atmosphere,urban,BUCT long-term,"Guo et al., 2022, ACP",Beijing_Latest_peaklist_20190420.db
C17H34NO7,-,364.23408,organic,NO3-,gas,LTOF-CIMS,Chao Yan,Beijing urban (BUCT),atmosphere,urban,BUCT long-term,"Guo et al., 2022, ACP",Beijing_Latest_peaklist_20190420.db
,,364.94200,unassigned,NO3-,gas,LTOF-CIMS,Chao Yan,Beijing urban (BUCT),atmosphere,urban,BUCT long-term,"Guo et al., 2022, ACP",Beijing_Latest_peaklist_20190420.db
C6H9N2O16,-,364.99576,organic,NO3-,gas,LTOF-CIMS,Chao Yan,Beijing urban (BUCT),atmosphere,urban,BUCT long-term,"Guo et al., 2022, ACP",Beijing_Latest_peaklist_20190420.db
C10H9N2O13,-,365.01101,organic,NO3-,gas,LTOF-CIMS,Chao Yan,Beijing urban (BUCT),atmosphere,urban,BUCT long-term,"Guo et al., 2022, ACP",Beijing_Latest_peaklist_20190420.db
C11H13N2O12,-,365.04740,organic,NO3-,gas,LTOF-CIMS,Chao Yan,Beijing urban (BUCT),atmosphere,urban,BUCT long-term,"Guo et al., 2022, ACP",Beijing_Latest_peaklist_20190420.db
C12H17N2O11,-,365.08378,organic,NO3-,gas,LTOF-CIMS,Chao Yan,Beijing urban (BUCT),atmosphere,urban,BUCT long-term,"Guo et al., 2022, ACP",Beijing_Latest_peaklist_20190420.db
C13H21N2O10,-,365.12017,organic,NO3-,gas,LTOF-CIMS,Chao Yan,Beijing urban (BUCT),atmosphere,urban,BUCT long-term,"Guo et al., 2022, ACP",Beijing_Latest_peaklist_20190420.db
C14H25N2O9,-,365.15655,organic,NO3-,gas,LTOF-CIMS,Chao Yan,Beijing urban (BUCT),atmosphere,urban,BUCT long-term,"Guo et al., 2022, ACP",Beijing_Latest_peaklist_20190420.db
C15H29N2O8,-,365.19294,organic,NO3-,gas,LTOF-CIMS,Chao Yan,Beijing urban (BUCT),atmosphere,urban,BUCT long-term,"Guo et al., 2022, ACP",Beijing_Latest_peaklist_20190420.db
C16H33N2O7,-,365.22932,organic,NO3-,gas,LTOF-CIMS,Chao Yan,Beijing urban (BUCT),atmosphere,urban,BUCT long-term,"Guo et al., 2022, ACP",Beijing_Latest_peaklist_20190420.db
,,365.93700,unassigned,NO3-,gas,LTOF-CIMS,Chao Yan,Beijing urban (BUCT),atmosphere,urban,BUCT long-term,"Guo et al., 2022, ACP",Beijing_Latest_peaklist_20190420.db
,,365.97200,unassigned,NO3-,gas,LTOF-CIMS,Chao Yan,Beijing urban (BUCT),atmosphere,urban,BUCT long-term,"Guo et al., 2022, ACP",Beijing_Latest_peaklist_20190420.db
C9H8N3O13,-,366.00626,organic,NO3-,gas,LTOF-CIMS,Chao Yan,Beijing urban (BUCT),atmosphere,urban,BUCT long-term,"Guo et al., 2022, ACP",Beijing_Latest_peaklist_20190420.db
C10H12N3O12,-,366.04265,organic,NO3-,gas,LTOF-CIMS,Chao Yan,Beijing urban (BUCT),atmosphere,urban,BUCT long-term,"Guo et al., 2022, ACP",Beijing_Latest_peaklist_20190420.db
C11H16N3O11,-,366.07903,organic,NO3-,gas,LTOF-CIMS,Chao Yan,Beijing urban (BUCT),atmosphere,urban,BUCT long-term,"Guo et al., 2022, ACP",Beijing_Latest_peaklist_20190420.db
C12H20N3O10,-,366.11542,organic,NO3-,gas,LTOF-CIMS,Chao Yan,Beijing urban (BUCT),atmosphere,urban,BUCT long-term,"Guo et al., 2022, ACP",Beijing_Latest_peaklist_20190420.db
C13H24N3O9,-,366.15180,organic,NO3-,gas,LTOF-CIMS,Chao Yan,Beijing urban (BUCT),atmosphere,urban,BUCT long-term,"Guo et al., 2022, ACP",Beijing_Latest_peaklist_20190420.db
C20H32NO5,-,366.22860,organic,NO3-,gas,LTOF-CIMS,Chao Yan,Beijing urban (BUCT),atmosphere,urban,BUCT long-term,"Guo et al., 2022, ACP",Beijing_Latest_peaklist_20190420.db
,,366.93400,unassigned,NO3-,gas,LTOF-CIMS,Chao Yan,Beijing urban (BUCT),atmosphere,urban,BUCT long-term,"Guo et al., 2022, ACP",Beijing_Latest_peaklist_20190420.db
,,366.98300,unassigned,NO3-,gas,LTOF-CIMS,Chao Yan,Beijing urban (BUCT),atmosphere,urban,BUCT long-term,"Guo et al., 2022, ACP",Beijing_Latest_peaklist_20190420.db
C6H11N2O16,-,367.01141,organic,NO3-,gas,LTOF-CIMS,Chao Yan,Beijing urban (BUCT),atmosphere,urban,BUCT long-term,"Guo et al., 2022, ACP",Beijing_Latest_peaklist_20190420.db
C10H11N2O13,-,367.02666,organic,NO3-,gas,LTOF-CIMS,Chao Yan,Beijing urban (BUCT),atmosphere,urban,BUCT long-term,"Guo et al., 2022, ACP",Beijing_Latest_peaklist_20190420.db
C9H11N4O12,-,367.03790,organic,NO3-,gas,LTOF-CIMS,Chao Yan,Beijing urban (BUCT),atmosphere,urban,BUCT long-term,"Guo et al., 2022, ACP",Beijing_Latest_peaklist_20190420.db
C11H15N2O12,-,367.06305,organic,NO3-,gas,LTOF-CIMS,Chao Yan,Beijing urban (BUCT),atmosphere,urban,BUCT long-term,"Guo et al., 2022, ACP",Beijing_Latest_peaklist_20190420.db
C12H19N2O11,-,367.09943,organic,NO3-,gas,LTOF-CIMS,Chao Yan,Beijing urban (BUCT),atmosphere,urban,BUCT long-term,"Guo et al., 2022, ACP",Beijing_Latest_peaklist_20190420.db
C13H23N2O10,-,367.13582,organic,NO3-,gas,LTOF-CIMS,Chao Yan,Beijing urban (BUCT),atmosphere,urban,BUCT long-term,"Guo et al., 2022, ACP",Beijing_Latest_peaklist_20190420.db
C14H27N2O9,-,367.17220,organic,NO3-,gas,LTOF-CIMS,Chao Yan,Beijing urban (BUCT),atmosphere,urban,BUCT long-term,"Guo et al., 2022, ACP",Beijing_Latest_peaklist_20190420.db
C15H31N2O8,-,367.20859,organic,NO3-,gas,LTOF-CIMS,Chao Yan,Beijing urban (BUCT),atmosphere,urban,BUCT long-term,"Guo et al., 2022, ACP",Beijing_Latest_peaklist_20190420.db
,,367.96600,unassigned,NO3-,gas,LTOF-CIMS,Chao Yan,Beijing urban (BUCT),atmosphere,urban,BUCT long-term,"Guo et al., 2022, ACP",Beijing_Latest_peaklist_20190420.db
C10H10NO14,-,368.01068,organic,NO3-,gas,LTOF-CIMS,Chao Yan,Beijing urban (BUCT),atmosphere,urban,BUCT long-term,"Guo et al., 2022, ACP",Beijing_Latest_peaklist_20190420.db
C10H14N3O12,-,368.05830,organic,NO3-,gas,LTOF-CIMS,Chao Yan,Beijing urban (BUCT),atmosphere,urban,BUCT long-term,"Guo et al., 2022, ACP",Beijing_Latest_peaklist_20190420.db
C14H14N3O9,-,368.07355,organic,NO3-,gas,LTOF-CIMS,Chao Yan,Beijing urban (BUCT),atmosphere,urban,BUCT long-term,"Guo et al., 2022, ACP",Beijing_Latest_peaklist_20190420.db
C12H18NO12,-,368.08345,organic,NO3-,gas,LTOF-CIMS,Chao Yan,Beijing urban (BUCT),atmosphere,urban,BUCT long-term,"Guo et al., 2022, ACP",Beijing_Latest_peaklist_20190420.db
C12H22N3O10,-,368.13107,organic,NO3-,gas,LTOF-CIMS,Chao Yan,Beijing urban (BUCT),atmosphere,urban,BUCT long-term,"Guo et al., 2022, ACP",Beijing_Latest_peaklist_20190420.db
,,368.97900,unassigned,NO3-,gas,LTOF-CIMS,Chao Yan,Beijing urban (BUCT),atmosphere,urban,BUCT long-term,"Guo et al., 2022, ACP",Beijing_Latest_peaklist_20190420.db
C9H9N2O14,-,369.00593,organic,NO3-,gas,LTOF-CIMS,Chao Yan,Beijing urban (BUCT),atmosphere,urban,BUCT long-term,"Guo et al., 2022, ACP",Beijing_Latest_peaklist_20190420.db
C8H9N4O13,-,369.01716,organic,NO3-,gas,LTOF-CIMS,Chao Yan,Beijing urban (BUCT),atmosphere,urban,BUCT long-term,"Guo et al., 2022, ACP",Beijing_Latest_peaklist_20190420.db
C13H13N4O9,-,369.06880,organic,NO3-,gas,LTOF-CIMS,Chao Yan,Beijing urban (BUCT),atmosphere,urban,BUCT long-term,"Guo et al., 2022, ACP",Beijing_Latest_peaklist_20190420.db
C11H17N2O12,-,369.07870,organic,NO3-,gas,LTOF-CIMS,Chao Yan,Beijing urban (BUCT),atmosphere,urban,BUCT long-term,"Guo et al., 2022, ACP",Beijing_Latest_peaklist_20190420.db
C12H21N2O11,-,369.11508,organic,NO3-,gas,LTOF-CIMS,Chao Yan,Beijing urban (BUCT),atmosphere,urban,BUCT long-term,"Guo et al., 2022, ACP",Beijing_Latest_peaklist_20190420.db
C13H25N2O10,-,369.15147,organic,NO3-,gas,LTOF-CIMS,Chao Yan,Beijing urban (BUCT),atmosphere,urban,BUCT long-term,"Guo et al., 2022, ACP",Beijing_Latest_peaklist_20190420.db
C18H29N2O6,-,369.20311,organic,NO3-,gas,LTOF-CIMS,Chao Yan,Beijing urban (BUCT),atmosphere,urban,BUCT long-term,"Guo et al., 2022, ACP",Beijing_Latest_peaklist_20190420.db
,,369.97700,unassigned,NO3-,gas,LTOF-CIMS,Chao Yan,Beijing urban (BUCT),atmosphere,urban,BUCT long-term,"Guo et al., 2022, ACP",Beijing_Latest_peaklist_20190420.db
C9H12N3O13,-,370.03756,organic,NO3-,gas,LTOF-CIMS,Chao Yan,Beijing urban (BUCT),atmosphere,urban,BUCT long-term,"Guo et al., 2022, ACP",Beijing_Latest_peaklist_20190420.db
C10H16N3O12,-,370.07395,organic,NO3-,gas,LTOF-CIMS,Chao Yan,Beijing urban (BUCT),atmosphere,urban,BUCT long-term,"Guo et al., 2022, ACP",Beijing_Latest_peaklist_20190420.db
C11H20N3O11,-,370.11033,organic,NO3-,gas,LTOF-CIMS,Chao Yan,Beijing urban (BUCT),atmosphere,urban,BUCT long-term,"Guo et al., 2022, ACP",Beijing_Latest_peaklist_20190420.db
C12H24N3O10,-,370.14672,organic,NO3-,gas,LTOF-CIMS,Chao Yan,Beijing urban (BUCT),atmosphere,urban,BUCT long-term,"Guo et al., 2022, ACP",Beijing_Latest_peaklist_20190420.db
,,370.92400,unassigned,NO3-,gas,LTOF-CIMS,Chao Yan,Beijing urban (BUCT),atmosphere,urban,BUCT long-term,"Guo et al., 2022, ACP",Beijing_Latest_peaklist_20190420.db
,,370.96700,unassigned,NO3-,gas,LTOF-CIMS,Chao Yan,Beijing urban (BUCT),atmosphere,urban,BUCT long-term,"Guo et al., 2022, ACP",Beijing_Latest_peaklist_20190420.db
C7H7N4O14,-,370.99642,organic,NO3-,gas,LTOF-CIMS,Chao Yan,Beijing urban (BUCT),atmosphere,urban,BUCT long-term,"Guo et al., 2022, ACP",Beijing_Latest_peaklist_20190420.db
C8H11N4O13,-,371.03281,organic,NO3-,gas,LTOF-CIMS,Chao Yan,Beijing urban (BUCT),atmosphere,urban,BUCT long-term,"Guo et al., 2022, ACP",Beijing_Latest_peaklist_20190420.db
C9H15N4O12,-,371.06920,organic,NO3-,gas,LTOF-CIMS,Chao Yan,Beijing urban (BUCT),atmosphere,urban,BUCT long-term,"Guo et al., 2022, ACP",Beijing_Latest_peaklist_20190420.db
C15H19N2O9,-,371.10960,organic,NO3-,gas,LTOF-CIMS,Chao Yan,Beijing urban (BUCT),atmosphere,urban,BUCT long-term,"Guo et al., 2022, ACP",Beijing_Latest_peaklist_20190420.db
C12H23N2O11,-,371.13073,organic,NO3-,gas,LTOF-CIMS,Chao Yan,Beijing urban (BUCT),atmosphere,urban,BUCT long-term,"Guo et al., 2022, ACP",Beijing_Latest_peaklist_20190420.db
,,371.95900,unassigned,NO3-,gas,LTOF-CIMS,Chao Yan,Beijing urban (BUCT),atmosphere,urban,BUCT long-term,"Guo et al., 2022, ACP",Beijing_Latest_peaklist_20190420.db
C8H10N3O14,-,372.01683,organic,NO3-,gas,LTOF-CIMS,Chao Yan,Beijing urban (BUCT),atmosphere,urban,BUCT long-term,"Guo et al., 2022, ACP",Beijing_Latest_peaklist_20190420.db
C9H14N3O13,-,372.05321,organic,NO3-,gas,LTOF-CIMS,Chao Yan,Beijing urban (BUCT),atmosphere,urban,BUCT long-term,"Guo et al., 2022, ACP",Beijing_Latest_peaklist_20190420.db
C10H18N3O12,-,372.08960,organic,NO3-,gas,LTOF-CIMS,Chao Yan,Beijing urban (BUCT),atmosphere,urban,BUCT long-term,"Guo et al., 2022, ACP",Beijing_Latest_peaklist_20190420.db
C11H22N3O11,-,372.12598,organic,NO3-,gas,LTOF-CIMS,Chao Yan,Beijing urban (BUCT),atmosphere,urban,BUCT long-term,"Guo et al., 2022, ACP",Beijing_Latest_peaklist_20190420.db
,,372.94700,unassigned,NO3-,gas,LTOF-CIMS,Chao Yan,Beijing urban (BUCT),atmosphere,urban,BUCT long-term,"Guo et al., 2022, ACP",Beijing_Latest_peaklist_20190420.db
C8H9N2O15,-,373.00084,organic,NO3-,gas,LTOF-CIMS,Chao Yan,Beijing urban (BUCT),atmosphere,urban,BUCT long-term,"Guo et al., 2022, ACP",Beijing_Latest_peaklist_20190420.db
C8H13N4O13,-,373.04846,organic,NO3-,gas,LTOF-CIMS,Chao Yan,Beijing urban (BUCT),atmosphere,urban,BUCT long-term,"Guo et al., 2022, ACP",Beijing_Latest_peaklist_20190420.db
C9H17N4O12,-,373.08485,organic,NO3-,gas,LTOF-CIMS,Chao Yan,Beijing urban (BUCT),atmosphere,urban,BUCT long-term,"Guo et al., 2022, ACP",Beijing_Latest_peaklist_20190420.db
C15H21N2O9,-,373.12525,organic,NO3-,gas,LTOF-CIMS,Chao Yan,Beijing urban (BUCT),atmosphere,urban,BUCT long-term,"Guo et al., 2022, ACP",Beijing_Latest_peaklist_20190420.db
C17H25O9,-,373.15041,organic,NO3-,gas,LTOF-CIMS,Chao Yan,Beijing urban (BUCT),atmosphere,urban,BUCT long-term,"Guo et al., 2022, ACP",Beijing_Latest_peaklist_20190420.db
,,373.92000,unassigned,NO3-,gas,LTOF-CIMS,Chao Yan,Beijing urban (BUCT),atmosphere,urban,BUCT long-term,"Guo et al., 2022, ACP",Beijing_Latest_peaklist_20190420.db
C6H4N3O16,-,373.95970,organic,NO3-,gas,LTOF-CIMS,Chao Yan,Beijing urban (BUCT),atmosphere,urban,BUCT long-term,"Guo et al., 2022, ACP",Beijing_Latest_peaklist_20190420.db
,,373.96800,unassigned,NO3-,gas,LTOF-CIMS,Chao Yan,Beijing urban (BUCT),atmosphere,urban,BUCT long-term,"Guo et al., 2022, ACP",Beijing_Latest_peaklist_20190420.db
C9H12NO15,-,374.02124,organic,NO3-,gas,LTOF-CIMS,Chao Yan,Beijing urban (BUCT),atmosphere,urban,BUCT long-term,"Guo et al., 2022, ACP",Beijing_Latest_peaklist_20190420.db
C8H12N3O14,-,374.03248,organic,NO3-,gas,LTOF-CIMS,Chao Yan,Beijing urban (BUCT),atmosphere,urban,BUCT long-term,"Guo et al., 2022, ACP",Beijing_Latest_peaklist_20190420.db
C9H16N3O13,-,374.06886,organic,NO3-,gas,LTOF-CIMS,Chao Yan,Beijing urban (BUCT),atmosphere,urban,BUCT long-term,"Guo et al., 2022, ACP",Beijing_Latest_peaklist_20190420.db
C15H20NO10,-,374.10927,organic,NO3-,gas,LTOF-CIMS,Chao Yan,Beijing urban (BUCT),atmosphere,urban,BUCT long-term,"Guo et al., 2022, ACP",Beijing_Latest_peaklist_20190420.db
C20H24NO6,-,374.16091,organic,NO3-,gas,LTOF-CIMS,Chao Yan,Beijing urban (BUCT),atmosphere,urban,BUCT long-term,"Guo et al., 2022, ACP",Beijing_Latest_peaklist_20190420.db
C21H28NO5,-,374.19730,organic,NO3-,gas,LTOF-CIMS,Chao Yan,Beijing urban (BUCT),atmosphere,urban,BUCT long-term,"Guo et al., 2022, ACP",Beijing_Latest_peaklist_20190420.db
,,374.96400,unassigned,NO3-,gas,LTOF-CIMS,Chao Yan,Beijing urban (BUCT),atmosphere,urban,BUCT long-term,"Guo et al., 2022, ACP",Beijing_Latest_peaklist_20190420.db
C8H11N2O15,-,375.01649,organic,NO3-,gas,LTOF-CIMS,Chao Yan,Beijing urban (BUCT),atmosphere,urban,BUCT long-term,"Guo et al., 2022, ACP",Beijing_Latest_peaklist_20190420.db
C7H11N4O14,-,375.02772,organic,NO3-,gas,LTOF-CIMS,Chao Yan,Beijing urban (BUCT),atmosphere,urban,BUCT long-term,"Guo et al., 2022, ACP",Beijing_Latest_peaklist_20190420.db
C9H15N2O14,-,375.05288,organic,NO3-,gas,LTOF-CIMS,Chao Yan,Beijing urban (BUCT),atmosphere,urban,BUCT long-term,"Guo et al., 2022, ACP",Beijing_Latest_peaklist_20190420.db
C8H15N4O13,-,375.06411,organic,NO3-,gas,LTOF-CIMS,Chao Yan,Beijing urban (BUCT),atmosphere,urban,BUCT long-term,"Guo et al., 2022, ACP",Beijing_Latest_peaklist_20190420.db
C14H19N2O10,-,375.10452,organic,NO3-,gas,LTOF-CIMS,Chao Yan,Beijing urban (BUCT),atmosphere,urban,BUCT long-term,"Guo et al., 2022, ACP",Beijing_Latest_peaklist_20190420.db
C15H23N2O9,-,375.14090,organic,NO3-,gas,LTOF-CIMS,Chao Yan,Beijing urban (BUCT),atmosphere,urban,BUCT long-term,"Guo et al., 2022, ACP",Beijing_Latest_peaklist_20190420.db
C20H27N2O5,-,375.19255,organic,NO3-,gas,LTOF-CIMS,Chao Yan,Beijing urban (BUCT),atmosphere,urban,BUCT long-term,"Guo et al., 2022, ACP",Beijing_Latest_peaklist_20190420.db
,,375.95400,unassigned,NO3-,gas,LTOF-CIMS,Chao Yan,Beijing urban (BUCT),atmosphere,urban,BUCT long-term,"Guo et al., 2022, ACP",Beijing_Latest_peaklist_20190420.db
C6HF11NO5,-,375.96846,organic,NO3-,gas,LTOF-CIMS,Chao Yan,Beijing urban (BUCT),atmosphere,urban,BUCT long-term,"Guo et al., 2022, ACP",Beijing_Latest_peaklist_20190420.db
C7H10N3O15,-,376.01174,organic,NO3-,gas,LTOF-CIMS,Chao Yan,Beijing urban (BUCT),atmosphere,urban,BUCT long-term,"Guo et al., 2022, ACP",Beijing_Latest_peaklist_20190420.db
C9H14NO15,-,376.03689,organic,NO3-,gas,LTOF-CIMS,Chao Yan,Beijing urban (BUCT),atmosphere,urban,BUCT long-term,"Guo et al., 2022, ACP",Beijing_Latest_peaklist_20190420.db
C10H18NO14,-,376.07328,organic,NO3-,gas,LTOF-CIMS,Chao Yan,Beijing urban (BUCT),atmosphere,urban,BUCT long-term,"Guo et al., 2022, ACP",Beijing_Latest_peaklist_20190420.db
C15H22NO10,-,376.12492,organic,NO3-,gas,LTOF-CIMS,Chao Yan,Beijing urban (BUCT),atmosphere,urban,BUCT long-term,"Guo et al., 2022, ACP",Beijing_Latest_peaklist_20190420.db
C17H30NO8,-,376.19769,organic,NO3-,gas,LTOF-CIMS,Chao Yan,Beijing urban (BUCT),atmosphere,urban,BUCT long-term,"Guo et al., 2022, ACP",Beijing_Latest_peaklist_20190420.db
,,376.96200,unassigned,NO3-,gas,LTOF-CIMS,Chao Yan,Beijing urban (BUCT),atmosphere,urban,BUCT long-term,"Guo et al., 2022, ACP",Beijing_Latest_peaklist_20190420.db
C8H13N2O15,-,377.03214,organic,NO3-,gas,LTOF-CIMS,Chao Yan,Beijing urban (BUCT),atmosphere,urban,BUCT long-term,"Guo et al., 2022, ACP",Beijing_Latest_peaklist_20190420.db
C9H17N2O14,-,377.06853,organic,NO3-,gas,LTOF-CIMS,Chao Yan,Beijing urban (BUCT),atmosphere,urban,BUCT long-term,"Guo et al., 2022, ACP",Beijing_Latest_peaklist_20190420.db
C8H17N4O13,-,377.07976,organic,NO3-,gas,LTOF-CIMS,Chao Yan,Beijing urban (BUCT),atmosphere,urban,BUCT long-term,"Guo et al., 2022, ACP",Beijing_Latest_peaklist_20190420.db
C18H21N2O7,-,377.13542,organic,NO3-,gas,LTOF-CIMS,Chao Yan,Beijing urban (BUCT),atmosphere,urban,BUCT long-term,"Guo et al., 2022, ACP",Beijing_Latest_peaklist_20190420.db
C15H25N2O9,-,377.15655,organic,NO3-,gas,LTOF-CIMS,Chao Yan,Beijing urban (BUCT),atmosphere,urban,BUCT long-term,"Guo et al., 2022, ACP",Beijing_Latest_peaklist_20190420.db
C19H25N2O6,-,377.17181,organic,NO3-,gas,LTOF-CIMS,Chao Yan,Beijing urban (BUCT),atmosphere,urban,BUCT long-term,"Guo et al., 2022, ACP",Beijing_Latest_peaklist_20190420.db
C16H29N2O8,-,377.19294,organic,NO3-,gas,LTOF-CIMS,Chao Yan,Beijing urban (BUCT),atmosphere,urban,BUCT long-term,"Guo et al., 2022, ACP",Beijing_Latest_peaklist_20190420.db
C20H29N2O5,-,377.20820,organic,NO3-,gas,LTOF-CIMS,Chao Yan,Beijing urban (BUCT),atmosphere,urban,BUCT long-term,"Guo et al., 2022, ACP",Beijing_Latest_peaklist_20190420.db
,,377.92200,unassigned,NO3-,gas,LTOF-CIMS,Chao Yan,Beijing urban (BUCT),atmosphere,urban,BUCT long-term,"Guo et al., 2022, ACP",Beijing_Latest_peaklist_20190420.db
,,377.95800,unassigned,NO3-,gas,LTOF-CIMS,Chao Yan,Beijing urban (BUCT),atmosphere,urban,BUCT long-term,"Guo et al., 2022, ACP",Beijing_Latest_peaklist_20190420.db
C8H12NO16,-,378.01616,organic,NO3-,gas,LTOF-CIMS,Chao Yan,Beijing urban (BUCT),atmosphere,urban,BUCT long-term,"Guo et al., 2022, ACP",Beijing_Latest_peaklist_20190420.db
C9H16NO15,-,378.05254,organic,NO3-,gas,LTOF-CIMS,Chao Yan,Beijing urban (BUCT),atmosphere,urban,BUCT long-term,"Guo et al., 2022, ACP",Beijing_Latest_peaklist_20190420.db
C14H20NO11,-,378.10418,organic,NO3-,gas,LTOF-CIMS,Chao Yan,Beijing urban (BUCT),atmosphere,urban,BUCT long-term,"Guo et al., 2022, ACP",Beijing_Latest_peaklist_20190420.db
C14H24N3O9,-,378.15180,organic,NO3-,gas,LTOF-CIMS,Chao Yan,Beijing urban (BUCT),atmosphere,urban,BUCT long-term,"Guo et al., 2022, ACP",Beijing_Latest_peaklist_20190420.db
,,378.96300,unassigned,NO3-,gas,LTOF-CIMS,Chao Yan,Beijing urban (BUCT),atmosphere,urban,BUCT long-term,"Guo et al., 2022, ACP",Beijing_Latest_peaklist_20190420.db
C11H11N2O13,-,379.02666,organic,NO3-,gas,LTOF-CIMS,Chao Yan,Beijing urban (BUCT),atmosphere,urban,BUCT long-term,"Guo et al., 2022, ACP",Beijing_Latest_peaklist_20190420.db
C12H15N2O12,-,379.06305,organic,NO3-,gas,LTOF-CIMS,Chao Yan,Beijing urban (BUCT),atmosphere,urban,BUCT long-term,"Guo et al., 2022, ACP",Beijing_Latest_peaklist_20190420.db
C11H15N4O11,-,379.07428,organic,NO3-,gas,LTOF-CIMS,Chao Yan,Beijing urban (BUCT),atmosphere,urban,BUCT long-term,"Guo et al., 2022, ACP",Beijing_Latest_peaklist_20190420.db
C17H19N2O8,-,379.11469,organic,NO3-,gas,LTOF-CIMS,Chao Yan,Beijing urban (BUCT),atmosphere,urban,BUCT long-term,"Guo et al., 2022, ACP",Beijing_Latest_peaklist_20190420.db
C18H23N2O7,-,379.15107,organic,NO3-,gas,LTOF-CIMS,Chao Yan,Beijing urban (BUCT),atmosphere,urban,BUCT long-term,"Guo et al., 2022, ACP",Beijing_Latest_peaklist_20190420.db
C16H27O10,-,379.16097,organic,NO3-,gas,LTOF-CIMS,Chao Yan,Beijing urban (BUCT),atmosphere,urban,BUCT long-term,"Guo et al., 2022, ACP",Beijing_Latest_peaklist_20190420.db
C17H31O9,-,379.19736,organic,NO3-,gas,LTOF-CIMS,Chao Yan,Beijing urban (BUCT),atmosphere,urban,BUCT long-term,"Guo et al., 2022, ACP",Beijing_Latest_peaklist_20190420.db
C18H35O8,-,379.23374,organic,NO3-,gas,LTOF-CIMS,Chao Yan,Beijing urban (BUCT),atmosphere,urban,BUCT long-term,"Guo et al., 2022, ACP",Beijing_Latest_peaklist_20190420.db
,,379.89200,unassigned,NO3-,gas,LTOF-CIMS,Chao Yan,Beijing urban (BUCT),atmosphere,urban,BUCT long-term,"Guo et al., 2022, ACP",Beijing_Latest_peaklist_20190420.db
,,379.95500,unassigned,NO3-,gas,LTOF-CIMS,Chao Yan,Beijing urban (BUCT),atmosphere,urban,BUCT long-term,"Guo et al., 2022, ACP",Beijing_Latest_peaklist_20190420.db
C11H10NO14,-,380.01068,organic,NO3-,gas,LTOF-CIMS,Chao Yan,Beijing urban (BUCT),atmosphere,urban,BUCT long-term,"Guo et al., 2022, ACP",Beijing_Latest_peaklist_20190420.db
C10H10N3O13,-,380.02191,organic,NO3-,gas,LTOF-CIMS,Chao Yan,Beijing urban (BUCT),atmosphere,urban,BUCT long-term,"Guo et al., 2022, ACP",Beijing_Latest_peaklist_20190420.db
C12H14NO13,-,380.04706,organic,NO3-,gas,LTOF-CIMS,Chao Yan,Beijing urban (BUCT),atmosphere,urban,BUCT long-term,"Guo et al., 2022, ACP",Beijing_Latest_peaklist_20190420.db
C11H14N3O12,-,380.05830,organic,NO3-,gas,LTOF-CIMS,Chao Yan,Beijing urban (BUCT),atmosphere,urban,BUCT long-term,"Guo et al., 2022, ACP",Beijing_Latest_peaklist_20190420.db
C17H18NO9,-,380.09870,organic,NO3-,gas,LTOF-CIMS,Chao Yan,Beijing urban (BUCT),atmosphere,urban,BUCT long-term,"Guo et al., 2022, ACP",Beijing_Latest_peaklist_20190420.db
C13H22N3O10,-,380.13107,organic,NO3-,gas,LTOF-CIMS,Chao Yan,Beijing urban (BUCT),atmosphere,urban,BUCT long-term,"Guo et al., 2022, ACP",Beijing_Latest_peaklist_20190420.db
C19H26NO7,-,380.17148,organic,NO3-,gas,LTOF-CIMS,Chao Yan,Beijing urban (BUCT),atmosphere,urban,BUCT long-term,"Guo et al., 2022, ACP",Beijing_Latest_peaklist_20190420.db
,,380.92500,unassigned,NO3-,gas,LTOF-CIMS,Chao Yan,Beijing urban (BUCT),atmosphere,urban,BUCT long-term,"Guo et al., 2022, ACP",Beijing_Latest_peaklist_20190420.db
,,380.97100,unassigned,NO3-,gas,LTOF-CIMS,Chao Yan,Beijing urban (BUCT),atmosphere,urban,BUCT long-term,"Guo et al., 2022, ACP",Beijing_Latest_peaklist_20190420.db
C9H9N4O13,-,381.01716,organic,NO3-,gas,LTOF-CIMS,Chao Yan,Beijing urban (BUCT),atmosphere,urban,BUCT long-term,"Guo et al., 2022, ACP",Beijing_Latest_peaklist_20190420.db
C10H13N4O12,-,381.05355,organic,NO3-,gas,LTOF-CIMS,Chao Yan,Beijing urban (BUCT),atmosphere,urban,BUCT long-term,"Guo et al., 2022, ACP",Beijing_Latest_peaklist_20190420.db
C12H17N2O12,-,381.07870,organic,NO3-,gas,LTOF-CIMS,Chao Yan,Beijing urban (BUCT),atmosphere,urban,BUCT long-term,"Guo et al., 2022, ACP",Beijing_Latest_peaklist_20190420.db
C16H17N2O9,-,381.09395,organic,NO3-,gas,LTOF-CIMS,Chao Yan,Beijing urban (BUCT),atmosphere,urban,BUCT long-term,"Guo et al., 2022, ACP",Beijing_Latest_peaklist_20190420.db
C17H21N2O8,-,381.13034,organic,NO3-,gas,LTOF-CIMS,Chao Yan,Beijing urban (BUCT),atmosphere,urban,BUCT long-term,"Guo et al., 2022, ACP",Beijing_Latest_peaklist_20190420.db
C18H25N2O7,-,381.16672,organic,NO3-,gas,LTOF-CIMS,Chao Yan,Beijing urban (BUCT),atmosphere,urban,BUCT long-term,"Guo et al., 2022, ACP",Beijing_Latest_peaklist_20190420.db
C15H29N2O9,-,381.18785,organic,NO3-,gas,LTOF-CIMS,Chao Yan,Beijing urban (BUCT),atmosphere,urban,BUCT long-term,"Guo et al., 2022, ACP",Beijing_Latest_peaklist_20190420.db
C16H33N2O8,-,381.22424,organic,NO3-,gas,LTOF-CIMS,Chao Yan,Beijing urban (BUCT),atmosphere,urban,BUCT long-term,"Guo et al., 2022, ACP",Beijing_Latest_peaklist_20190420.db
,,381.89000,unassigned,NO3-,gas,LTOF-CIMS,Chao Yan,Beijing urban (BUCT),atmosphere,urban,BUCT long-term,"Guo et al., 2022, ACP",Beijing_Latest_peaklist_20190420.db
,,381.95500,unassigned,NO3-,gas,LTOF-CIMS,Chao Yan,Beijing urban (BUCT),atmosphere,urban,BUCT long-term,"Guo et al., 2022, ACP",Beijing_Latest_peaklist_20190420.db
C9H8N3O14,-,382.00118,organic,NO3-,gas,LTOF-CIMS,Chao Yan,Beijing urban (BUCT),atmosphere,urban,BUCT long-term,"Guo et al., 2022, ACP",Beijing_Latest_peaklist_20190420.db
C10H12N3O13,-,382.03756,organic,NO3-,gas,LTOF-CIMS,Chao Yan,Beijing urban (BUCT),atmosphere,urban,BUCT long-term,"Guo et al., 2022, ACP",Beijing_Latest_peaklist_20190420.db
C9H20NO15,-,382.08384,organic,NO3-,gas,LTOF-CIMS,Chao Yan,Beijing urban (BUCT),atmosphere,urban,BUCT long-term,"Guo et al., 2022, ACP",Beijing_Latest_peaklist_20190420.db
C12H20N3O11,-,382.11033,organic,NO3-,gas,LTOF-CIMS,Chao Yan,Beijing urban (BUCT),atmosphere,urban,BUCT long-term,"Guo et al., 2022, ACP",Beijing_Latest_peaklist_20190420.db
C16H20N3O8,-,382.12559,organic,NO3-,gas,LTOF-CIMS,Chao Yan,Beijing urban (BUCT),atmosphere,urban,BUCT long-term,"Guo et al., 2022, ACP",Beijing_Latest_peaklist_20190420.db
C18H24NO8,-,382.15074,organic,NO3-,gas,LTOF-CIMS,Chao Yan,Beijing urban (BUCT),atmosphere,urban,BUCT long-term,"Guo et al., 2022, ACP",Beijing_Latest_peaklist_20190420.db
,,382.91200,unassigned,NO3-,gas,LTOF-CIMS,Chao Yan,Beijing urban (BUCT),atmosphere,urban,BUCT long-term,"Guo et al., 2022, ACP",Beijing_Latest_peaklist_20190420.db
,,382.97100,unassigned,NO3-,gas,LTOF-CIMS,Chao Yan,Beijing urban (BUCT),atmosphere,urban,BUCT long-term,"Guo et al., 2022, ACP",Beijing_Latest_peaklist_20190420.db
C10H11N2O14,-,383.02158,organic,NO3-,gas,LTOF-CIMS,Chao Yan,Beijing urban (BUCT),atmosphere,urban,BUCT long-term,"Guo et al., 2022, ACP",Beijing_Latest_peaklist_20190420.db
C11H15N2O13,-,383.05796,organic,NO3-,gas,LTOF-CIMS,Chao Yan,Beijing urban (BUCT),atmosphere,urban,BUCT long-term,"Guo et al., 2022, ACP",Beijing_Latest_peaklist_20190420.db
C12H19N2O12,-,383.09435,organic,NO3-,gas,LTOF-CIMS,Chao Yan,Beijing urban (BUCT),atmosphere,urban,BUCT long-term,"Guo et al., 2022, ACP",Beijing_Latest_peaklist_20190420.db
C17H23N2O8,-,383.14599,organic,NO3-,gas,LTOF-CIMS,Chao Yan,Beijing urban (BUCT),atmosphere,urban,BUCT long-term,"Guo et al., 2022, ACP",Beijing_Latest_peaklist_20190420.db
C14H27N2O10,-,383.16712,organic,NO3-,gas,LTOF-CIMS,Chao Yan,Beijing urban (BUCT),atmosphere,urban,BUCT long-term,"Guo et al., 2022, ACP",Beijing_Latest_peaklist_20190420.db
C15H31N2O9,-,383.20350,organic,NO3-,gas,LTOF-CIMS,Chao Yan,Beijing urban (BUCT),atmosphere,urban,BUCT long-term,"Guo et al., 2022, ACP",Beijing_Latest_peaklist_20190420.db
,,383.89100,unassigned,NO3-,gas,LTOF-CIMS,Chao Yan,Beijing urban (BUCT),atmosphere,urban,BUCT long-term,"Guo et al., 2022, ACP",Beijing_Latest_peaklist_20190420.db
,,383.99100,unassigned,NO3-,gas,LTOF-CIMS,Chao Yan,Beijing urban (BUCT),atmosphere,urban,BUCT long-term,"Guo et al., 2022, ACP",Beijing_Latest_peaklist_20190420.db
C11H14NO14,-,384.04198,organic,NO3-,gas,LTOF-CIMS,Chao Yan,Beijing urban (BUCT),atmosphere,urban,BUCT long-term,"Guo et al., 2022, ACP",Beijing_Latest_peaklist_20190420.db
C12H18NO13,-,384.07836,organic,NO3-,gas,LTOF-CIMS,Chao Yan,Beijing urban (BUCT),atmosphere,urban,BUCT long-term,"Guo et al., 2022, ACP",Beijing_Latest_peaklist_20190420.db
C16H18NO10,-,384.09362,organic,NO3-,gas,LTOF-CIMS,Chao Yan,Beijing urban (BUCT),atmosphere,urban,BUCT long-term,"Guo et al., 2022, ACP",Beijing_Latest_peaklist_20190420.db
C12H22N3O11,-,384.12598,organic,NO3-,gas,LTOF-CIMS,Chao Yan,Beijing urban (BUCT),atmosphere,urban,BUCT long-term,"Guo et al., 2022, ACP",Beijing_Latest_peaklist_20190420.db
C13H26N3O10,-,384.16237,organic,NO3-,gas,LTOF-CIMS,Chao Yan,Beijing urban (BUCT),atmosphere,urban,BUCT long-term,"Guo et al., 2022, ACP",Beijing_Latest_peaklist_20190420.db
,,384.95600,unassigned,NO3-,gas,LTOF-CIMS,Chao Yan,Beijing urban (BUCT),atmosphere,urban,BUCT long-term,"Guo et al., 2022, ACP",Beijing_Latest_peaklist_20190420.db
C8H9N4O14,-,385.01207,organic,NO3-,gas,LTOF-CIMS,Chao Yan,Beijing urban (BUCT),atmosphere,urban,BUCT long-term,"Guo et al., 2022, ACP",Beijing_Latest_peaklist_20190420.db
C9H13N4O13,-,385.04846,organic,NO3-,gas,LTOF-CIMS,Chao Yan,Beijing urban (BUCT),atmosphere,urban,BUCT long-term,"Guo et al., 2022, ACP",Beijing_Latest_peaklist_20190420.db
C15H17N2O10,-,385.08887,organic,NO3-,gas,LTOF-CIMS,Chao Yan,Beijing urban (BUCT),atmosphere,urban,BUCT long-term,"Guo et al., 2022, ACP",Beijing_Latest_peaklist_20190420.db
C13H25N2O11,-,385.14638,organic,NO3-,gas,LTOF-CIMS,Chao Yan,Beijing urban (BUCT),atmosphere,urban,BUCT long-term,"Guo et al., 2022, ACP",Beijing_Latest_peaklist_20190420.db
,,385.90200,unassigned,NO3-,gas,LTOF-CIMS,Chao Yan,Beijing urban (BUCT),atmosphere,urban,BUCT long-term,"Guo et al., 2022, ACP",Beijing_Latest_peaklist_20190420.db
,,385.96600,unassigned,NO3-,gas,LTOF-CIMS,Chao Yan,Beijing urban (BUCT),atmosphere,urban,BUCT long-term,"Guo et al., 2022, ACP",Beijing_Latest_peaklist_20190420.db
C9H12N3O14,-,386.03248,organic,NO3-,gas,LTOF-CIMS,Chao Yan,Beijing urban (BUCT),atmosphere,urban,BUCT long-term,"Guo et al., 2022, ACP",Beijing_Latest_peaklist_20190420.db
C10H16N3O13,-,386.06886,organic,NO3-,gas,LTOF-CIMS,Chao Yan,Beijing urban (BUCT),atmosphere,urban,BUCT long-term,"Guo et al., 2022, ACP",Beijing_Latest_peaklist_20190420.db
C16H20NO10,-,386.10927,organic,NO3-,gas,LTOF-CIMS,Chao Yan,Beijing urban (BUCT),atmosphere,urban,BUCT long-term,"Guo et al., 2022, ACP",Beijing_Latest_peaklist_20190420.db
C17H24NO9,-,386.14565,organic,NO3-,gas,LTOF-CIMS,Chao Yan,Beijing urban (BUCT),atmosphere,urban,BUCT long-term,"Guo et al., 2022, ACP",Beijing_Latest_peaklist_20190420.db
,,386.96700,unassigned,NO3-,gas,LTOF-CIMS,Chao Yan,Beijing urban (BUCT),atmosphere,urban,BUCT long-term,"Guo et al., 2022, ACP",Beijing_Latest_peaklist_20190420.db
C13H11N2O12,-,387.03175,organic,NO3-,gas,LTOF-CIMS,Chao Yan,Beijing urban (BUCT),atmosphere,urban,BUCT long-term,"Guo et al., 2022, ACP",Beijing_Latest_peaklist_20190420.db
C9H15N4O13,-,387.06411,organic,NO3-,gas,LTOF-CIMS,Chao Yan,Beijing urban (BUCT),atmosphere,urban,BUCT long-term,"Guo et al., 2022, ACP",Beijing_Latest_peaklist_20190420.db
C15H19N2O10,-,387.10452,organic,NO3-,gas,LTOF-CIMS,Chao Yan,Beijing urban (BUCT),atmosphere,urban,BUCT long-term,"Guo et al., 2022, ACP",Beijing_Latest_peaklist_20190420.db
,,387.96900,unassigned,NO3-,gas,LTOF-CIMS,Chao Yan,Beijing urban (BUCT),atmosphere,urban,BUCT long-term,"Guo et al., 2022, ACP",Beijing_Latest_peaklist_20190420.db
,,387.98200,unassigned,NO3-,gas,LTOF-CIMS,Chao Yan,Beijing urban (BUCT),atmosphere,urban,BUCT long-term,"Guo et al., 2022, ACP",Beijing_Latest_peaklist_20190420.db
C9H14N3O14,-,388.04813,organic,NO3-,gas,LTOF-CIMS,Chao Yan,Beijing urban (BUCT),atmosphere,urban,BUCT long-term,"Guo et al., 2022, ACP",Beijing_Latest_peaklist_20190420.db
C15H18NO11,-,388.08853,organic,NO3-,gas,LTOF-CIMS,Chao Yan,Beijing urban (BUCT),atmosphere,urban,BUCT long-term,"Guo et al., 2022, ACP",Beijing_Latest_peaklist_20190420.db
,,388.95000,unassigned,NO3-,gas,LTOF-CIMS,Chao Yan,Beijing urban (BUCT),atmosphere,urban,BUCT long-term,"Guo et al., 2022, ACP",Beijing_Latest_peaklist_20190420.db
,,388.98400,unassigned,NO3-,gas,LTOF-CIMS,Chao Yan,Beijing urban (BUCT),atmosphere,urban,BUCT long-term,"Guo et al., 2022, ACP",Beijing_Latest_peaklist_20190420.db
C8H13N4O14,-,389.04337,organic,NO3-,gas,LTOF-CIMS,Chao Yan,Beijing urban (BUCT),atmosphere,urban,BUCT long-term,"Guo et al., 2022, ACP",Beijing_Latest_peaklist_20190420.db
C9H17N4O13,-,389.07976,organic,NO3-,gas,LTOF-CIMS,Chao Yan,Beijing urban (BUCT),atmosphere,urban,BUCT long-term,"Guo et al., 2022, ACP",Beijing_Latest_peaklist_20190420.db
C12H25N2O12,-,389.14130,organic,NO3-,gas,LTOF-CIMS,Chao Yan,Beijing urban (BUCT),atmosphere,urban,BUCT long-term,"Guo et al., 2022, ACP",Beijing_Latest_peaklist_20190420.db
C20H25N2O6,-,389.17181,organic,NO3-,gas,LTOF-CIMS,Chao Yan,Beijing urban (BUCT),atmosphere,urban,BUCT long-term,"Guo et al., 2022, ACP",Beijing_Latest_peaklist_20190420.db
C8F14N2,-,389.98434,organic,NO3-,gas,LTOF-CIMS,Chao Yan,Beijing urban (BUCT),atmosphere,urban,BUCT long-term,"Guo et al., 2022, ACP",Beijing_Latest_peaklist_20190420.db
C9H16N3O14,-,390.06378,organic,NO3-,gas,LTOF-CIMS,Chao Yan,Beijing urban (BUCT),atmosphere,urban,BUCT long-term,"Guo et al., 2022, ACP",Beijing_Latest_peaklist_20190420.db
C14H20N3O10,-,390.11542,organic,NO3-,gas,LTOF-CIMS,Chao Yan,Beijing urban (BUCT),atmosphere,urban,BUCT long-term,"Guo et al., 2022, ACP",Beijing_Latest_peaklist_20190420.db
H7O16S4,-,390.86224,inorganic,NO3-,gas,LTOF-CIMS,Chao Yan,Beijing urban (BUCT),atmosphere,urban,BUCT long-term,"Guo et al., 2022, ACP",Beijing_Latest_peaklist_20190420.db
,,390.97000,unassigned,NO3-,gas,LTOF-CIMS,Chao Yan,Beijing urban (BUCT),atmosphere,urban,BUCT long-term,"Guo et al., 2022, ACP",Beijing_Latest_peaklist_20190420.db
C9H15N2O15,-,391.04779,organic,NO3-,gas,LTOF-CIMS,Chao Yan,Beijing urban (BUCT),atmosphere,urban,BUCT long-term,"Guo et al., 2022, ACP",Beijing_Latest_peaklist_20190420.db
C10H19N2O14,-,391.08418,organic,NO3-,gas,LTOF-CIMS,Chao Yan,Beijing urban (BUCT),atmosphere,urban,BUCT long-term,"Guo et al., 2022, ACP",Beijing_Latest_peaklist_20190420.db
C6H6N3O17,-,391.97027,organic,NO3-,gas,LTOF-CIMS,Chao Yan,Beijing urban (BUCT),atmosphere,urban,BUCT long-term,"Guo et al., 2022, ACP",Beijing_Latest_peaklist_20190420.db
,,391.98500,unassigned,NO3-,gas,LTOF-CIMS,Chao Yan,Beijing urban (BUCT),atmosphere,urban,BUCT long-term,"Guo et al., 2022, ACP",Beijing_Latest_peaklist_20190420.db
C12H14N3O12,-,392.05830,organic,NO3-,gas,LTOF-CIMS,Chao Yan,Beijing urban (BUCT),atmosphere,urban,BUCT long-term,"Guo et al., 2022, ACP",Beijing_Latest_peaklist_20190420.db
,,392.98000,unassigned,NO3-,gas,LTOF-CIMS,Chao Yan,Beijing urban (BUCT),atmosphere,urban,BUCT long-term,"Guo et al., 2022, ACP",Beijing_Latest_peaklist_20190420.db
C12H13N2O13,-,393.04231,organic,NO3-,gas,LTOF-CIMS,Chao Yan,Beijing urban (BUCT),atmosphere,urban,BUCT long-term,"Guo et al., 2022, ACP",Beijing_Latest_peaklist_20190420.db
C10H21N2O14,-,393.09983,organic,NO3-,gas,LTOF-CIMS,Chao Yan,Beijing urban (BUCT),atmosphere,urban,BUCT long-term,"Guo et al., 2022, ACP",Beijing_Latest_peaklist_20190420.db
,,393.15800,unassigned,NO3-,gas,LTOF-CIMS,Chao Yan,Beijing urban (BUCT),atmosphere,urban,BUCT long-term,"Guo et al., 2022, ACP",Beijing_Latest_peaklist_20190420.db
,,393.22000,unassigned,NO3-,gas,LTOF-CIMS,Chao Yan,Beijing urban (BUCT),atmosphere,urban,BUCT long-term,"Guo et al., 2022, ACP",Beijing_Latest_peaklist_20190420.db
C21H20N3O5,-,394.14084,organic,NO3-,gas,LTOF-CIMS,Chao Yan,Beijing urban (BUCT),atmosphere,urban,BUCT long-term,"Guo et al., 2022, ACP",Beijing_Latest_peaklist_20190420.db
C16H21N5O7,-,395.14465,organic,NO3-,gas,LTOF-CIMS,Chao Yan,Beijing urban (BUCT),atmosphere,urban,BUCT long-term,"Guo et al., 2022, ACP",Beijing_Latest_peaklist_20190420.db
C16H31N2O9,-,395.20350,organic,NO3-,gas,LTOF-CIMS,Chao Yan,Beijing urban (BUCT),atmosphere,urban,BUCT long-term,"Guo et al., 2022, ACP",Beijing_Latest_peaklist_20190420.db
C18H22NO9,-,396.13000,organic,NO3-,gas,LTOF-CIMS,Chao Yan,Beijing urban (BUCT),atmosphere,urban,BUCT long-term,"Guo et al., 2022, ACP",Beijing_Latest_peaklist_20190420.db
C15H13N2O11,-,397.05248,organic,NO3-,gas,LTOF-CIMS,Chao Yan,Beijing urban (BUCT),atmosphere,urban,BUCT long-term,"Guo et al., 2022, ACP",Beijing_Latest_peaklist_20190420.db
C12H21N4O11,-,397.12123,organic,NO3-,gas,LTOF-CIMS,Chao Yan,Beijing urban (BUCT),atmosphere,urban,BUCT long-term,"Guo et al., 2022, ACP",Beijing_Latest_peaklist_20190420.db
C15H29N2O10,-,397.18277,organic,NO3-,gas,LTOF-CIMS,Chao Yan,Beijing urban (BUCT),atmosphere,urban,BUCT long-term,"Guo et al., 2022, ACP",Beijing_Latest_peaklist_20190420.db
C18H24NO9,-,398.14565,organic,NO3-,gas,LTOF-CIMS,Chao Yan,Beijing urban (BUCT),atmosphere,urban,BUCT long-term,"Guo et al., 2022, ACP",Beijing_Latest_peaklist_20190420.db
C11H15N2O14,-,399.05288,organic,NO3-,gas,LTOF-CIMS,Chao Yan,Beijing urban (BUCT),atmosphere,urban,BUCT long-term,"Guo et al., 2022, ACP",Beijing_Latest_peaklist_20190420.db
C13H23N2O12,-,399.12565,organic,NO3-,gas,LTOF-CIMS,Chao Yan,Beijing urban (BUCT),atmosphere,urban,BUCT long-term,"Guo et al., 2022, ACP",Beijing_Latest_peaklist_20190420.db
C15H14NO12,-,400.05215,organic,NO3-,gas,LTOF-CIMS,Chao Yan,Beijing urban (BUCT),atmosphere,urban,BUCT long-term,"Guo et al., 2022, ACP",Beijing_Latest_peaklist_20190420.db
C16H18NO11,-,400.08853,organic,NO3-,gas,LTOF-CIMS,Chao Yan,Beijing urban (BUCT),atmosphere,urban,BUCT long-term,"Guo et al., 2022, ACP",Beijing_Latest_peaklist_20190420.db
C10H13N2O15,-,401.03214,organic,NO3-,gas,LTOF-CIMS,Chao Yan,Beijing urban (BUCT),atmosphere,urban,BUCT long-term,"Guo et al., 2022, ACP",Beijing_Latest_peaklist_20190420.db
C10H17N4O13,-,401.07976,organic,NO3-,gas,LTOF-CIMS,Chao Yan,Beijing urban (BUCT),atmosphere,urban,BUCT long-term,"Guo et al., 2022, ACP",Beijing_Latest_peaklist_20190420.db
C12H21N2O13,-,401.10491,organic,NO3-,gas,LTOF-CIMS,Chao Yan,Beijing urban (BUCT),atmosphere,urban,BUCT long-term,"Guo et al., 2022, ACP",Beijing_Latest_peaklist_20190420.db
C17H25N2O9,-,401.15655,organic,NO3-,gas,LTOF-CIMS,Chao Yan,Beijing urban (BUCT),atmosphere,urban,BUCT long-term,"Guo et al., 2022, ACP",Beijing_Latest_peaklist_20190420.db
C15H16NO12,-,402.06780,organic,NO3-,gas,LTOF-CIMS,Chao Yan,Beijing urban (BUCT),atmosphere,urban,BUCT long-term,"Guo et al., 2022, ACP",Beijing_Latest_peaklist_20190420.db
C8H9N3O16,-,402.99883,organic,NO3-,gas,LTOF-CIMS,Chao Yan,Beijing urban (BUCT),atmosphere,urban,BUCT long-term,"Guo et al., 2022, ACP",Beijing_Latest_peaklist_20190420.db
C9H15N4O14,-,403.05902,organic,NO3-,gas,LTOF-CIMS,Chao Yan,Beijing urban (BUCT),atmosphere,urban,BUCT long-term,"Guo et al., 2022, ACP",Beijing_Latest_peaklist_20190420.db
C11H19N2O14,-,403.08418,organic,NO3-,gas,LTOF-CIMS,Chao Yan,Beijing urban (BUCT),atmosphere,urban,BUCT long-term,"Guo et al., 2022, ACP",Beijing_Latest_peaklist_20190420.db
C12H23N2O13,-,403.12056,organic,NO3-,gas,LTOF-CIMS,Chao Yan,Beijing urban (BUCT),atmosphere,urban,BUCT long-term,"Guo et al., 2022, ACP",Beijing_Latest_peaklist_20190420.db
C17H14N3O9,-,404.07355,organic,NO3-,gas,LTOF-CIMS,Chao Yan,Beijing urban (BUCT),atmosphere,urban,BUCT long-term,"Guo et al., 2022, ACP",Beijing_Latest_peaklist_20190420.db
C18H30NO9,-,404.19261,organic,NO3-,gas,LTOF-CIMS,Chao Yan,Beijing urban (BUCT),atmosphere,urban,BUCT long-term,"Guo et al., 2022, ACP",Beijing_Latest_peaklist_20190420.db
C8H9N2O17,-,404.99067,organic,NO3-,gas,LTOF-CIMS,Chao Yan,Beijing urban (BUCT),atmosphere,urban,BUCT long-term,"Guo et al., 2022, ACP",Beijing_Latest_peaklist_20190420.db
C9H13N2O16,-,405.02706,organic,NO3-,gas,LTOF-CIMS,Chao Yan,Beijing urban (BUCT),atmosphere,urban,BUCT long-term,"Guo et al., 2022, ACP",Beijing_Latest_peaklist_20190420.db
C9H17N4O14,-,405.07467,organic,NO3-,gas,LTOF-CIMS,Chao Yan,Beijing urban (BUCT),atmosphere,urban,BUCT long-term,"Guo et al., 2022, ACP",Beijing_Latest_peaklist_20190420.db
C15H21N2O11,-,405.11508,organic,NO3-,gas,LTOF-CIMS,Chao Yan,Beijing urban (BUCT),atmosphere,urban,BUCT long-term,"Guo et al., 2022, ACP",Beijing_Latest_peaklist_20190420.db
C11H20NO15,-,406.08384,organic,NO3-,gas,LTOF-CIMS,Chao Yan,Beijing urban (BUCT),atmosphere,urban,BUCT long-term,"Guo et al., 2022, ACP",Beijing_Latest_peaklist_20190420.db
C16H28N3O9,-,406.18310,organic,NO3-,gas,LTOF-CIMS,Chao Yan,Beijing urban (BUCT),atmosphere,urban,BUCT long-term,"Guo et al., 2022, ACP",Beijing_Latest_peaklist_20190420.db
C13H15N2O13,-,407.05796,organic,NO3-,gas,LTOF-CIMS,Chao Yan,Beijing urban (BUCT),atmosphere,urban,BUCT long-term,"Guo et al., 2022, ACP",Beijing_Latest_peaklist_20190420.db
C21H19N4O5,-,407.13609,organic,NO3-,gas,LTOF-CIMS,Chao Yan,Beijing urban (BUCT),atmosphere,urban,BUCT long-term,"Guo et al., 2022, ACP",Beijing_Latest_peaklist_20190420.db
C21H31N2O6,-,407.21876,organic,NO3-,gas,LTOF-CIMS,Chao Yan,Beijing urban (BUCT),atmosphere,urban,BUCT long-term,"Guo et al., 2022, ACP",Beijing_Latest_peaklist_20190420.db
C7H2F12NO5,-,407.97468,organic,NO3-,gas,LTOF-CIMS,Chao Yan,Beijing urban (BUCT),atmosphere,urban,BUCT long-term,"Guo et al., 2022, ACP",Beijing_Latest_peaklist_20190420.db
C19H22NO9,-,408.13000,organic,NO3-,gas,LTOF-CIMS,Chao Yan,Beijing urban (BUCT),atmosphere,urban,BUCT long-term,"Guo et al., 2022, ACP",Beijing_Latest_peaklist_20190420.db
C20H30N3O6,-,408.21401,organic,NO3-,gas,LTOF-CIMS,Chao Yan,Beijing urban (BUCT),atmosphere,urban,BUCT long-term,"Guo et al., 2022, ACP",Beijing_Latest_peaklist_20190420.db
C15H25N2O11,-,409.14638,organic,NO3-,gas,LTOF-CIMS,Chao Yan,Beijing urban (BUCT),atmosphere,urban,BUCT long-term,"Guo et al., 2022, ACP",Beijing_Latest_peaklist_20190420.db
C14H24N3O11,-,410.14163,organic,NO3-,gas,LTOF-CIMS,Chao Yan,Beijing urban (BUCT),atmosphere,urban,BUCT long-term,"Guo et al., 2022, ACP",Beijing_Latest_peaklist_20190420.db
C11H15N4O13,-,411.06411,organic,NO3-,gas,LTOF-CIMS,Chao Yan,Beijing urban (BUCT),atmosphere,urban,BUCT long-term,"Guo et al., 2022, ACP",Beijing_Latest_peaklist_20190420.db
C13H23N4O11,-,411.13688,organic,NO3-,gas,LTOF-CIMS,Chao Yan,Beijing urban (BUCT),atmosphere,urban,BUCT long-term,"Guo et al., 2022, ACP",Beijing_Latest_peaklist_20190420.db
C16H31N2O10,-,411.19842,organic,NO3-,gas,LTOF-CIMS,Chao Yan,Beijing urban (BUCT),atmosphere,urban,BUCT long-term,"Guo et al., 2022, ACP",Beijing_Latest_peaklist_20190420.db
C17H22N3O9,-,412.13615,organic,NO3-,gas,LTOF-CIMS,Chao Yan,Beijing urban (BUCT),atmosphere,urban,BUCT long-term,"Guo et al., 2022, ACP",Beijing_Latest_peaklist_20190420.db
C15H13N2O12,-,413.04740,organic,NO3-,gas,LTOF-CIMS,Chao Yan,Beijing urban (BUCT),atmosphere,urban,BUCT long-term,"Guo et al., 2022, ACP",Beijing_Latest_peaklist_20190420.db
C12H21N4O12,-,413.11615,organic,NO3-,gas,LTOF-CIMS,Chao Yan,Beijing urban (BUCT),atmosphere,urban,BUCT long-term,"Guo et al., 2022, ACP",Beijing_Latest_peaklist_20190420.db
C15H29N2O11,-,413.17768,organic,NO3-,gas,LTOF-CIMS,Chao Yan,Beijing urban (BUCT),atmosphere,urban,BUCT long-term,"Guo et al., 2022, ACP",Beijing_Latest_peaklist_20190420.db
C14H24NO13,-,414.12531,organic,NO3-,gas,LTOF-CIMS,Chao Yan,Beijing urban (BUCT),atmosphere,urban,BUCT long-term,"Guo et al., 2022, ACP",Beijing_Latest_peaklist_20190420.db
C11H19N4O13,-,415.09541,organic,NO3-,gas,LTOF-CIMS,Chao Yan,Beijing urban (BUCT),atmosphere,urban,BUCT long-term,"Guo et al., 2022, ACP",Beijing_Latest_peaklist_20190420.db
C18H10NO11,-,416.02593,organic,NO3-,gas,LTOF-CIMS,Chao Yan,Beijing urban (BUCT),atmosphere,urban,BUCT long-term,"Guo et al., 2022, ACP",Beijing_Latest_peaklist_20190420.db
C13H22NO14,-,416.10458,organic,NO3-,gas,LTOF-CIMS,Chao Yan,Beijing urban (BUCT),atmosphere,urban,BUCT long-term,"Guo et al., 2022, ACP",Beijing_Latest_peaklist_20190420.db
C19H30NO9,-,416.19261,organic,NO3-,gas,LTOF-CIMS,Chao Yan,Beijing urban (BUCT),atmosphere,urban,BUCT long-term,"Guo et al., 2022, ACP",Beijing_Latest_peaklist_20190420.db
C6H13N2O19,-,417.01180,organic,NO3-,gas,LTOF-CIMS,Chao Yan,Beijing urban (BUCT),atmosphere,urban,BUCT long-term,"Guo et al., 2022, ACP",Beijing_Latest_peaklist_20190420.db
C11H17N2O15,-,417.06344,organic,NO3-,gas,LTOF-CIMS,Chao Yan,Beijing urban (BUCT),atmosphere,urban,BUCT long-term,"Guo et al., 2022, ACP",Beijing_Latest_peaklist_20190420.db
C10H17N4O14,-,417.07467,organic,NO3-,gas,LTOF-CIMS,Chao Yan,Beijing urban (BUCT),atmosphere,urban,BUCT long-term,"Guo et al., 2022, ACP",Beijing_Latest_peaklist_20190420.db
C16H21N2O11,-,417.11508,organic,NO3-,gas,LTOF-CIMS,Chao Yan,Beijing urban (BUCT),atmosphere,urban,BUCT long-term,"Guo et al., 2022, ACP",Beijing_Latest_peaklist_20190420.db
C9H12N3O16,-,418.02230,organic,NO3-,gas,LTOF-CIMS,Chao Yan,Beijing urban (BUCT),atmosphere,urban,BUCT long-term,"Guo et al., 2022, ACP",Beijing_Latest_peaklist_20190420.db
C11H20N3O14,-,418.09508,organic,NO3-,gas,LTOF-CIMS,Chao Yan,Beijing urban (BUCT),atmosphere,urban,BUCT long-term,"Guo et al., 2022, ACP",Beijing_Latest_peaklist_20190420.db
C9H11N2O17,-,419.00632,organic,NO3-,gas,LTOF-CIMS,Chao Yan,Beijing urban (BUCT),atmosphere,urban,BUCT long-term,"Guo et al., 2022, ACP",Beijing_Latest_peaklist_20190420.db
C9H15N4O15,-,419.05394,organic,NO3-,gas,LTOF-CIMS,Chao Yan,Beijing urban (BUCT),atmosphere,urban,BUCT long-term,"Guo et al., 2022, ACP",Beijing_Latest_peaklist_20190420.db
C10H19N4O14,-,419.09032,organic,NO3-,gas,LTOF-CIMS,Chao Yan,Beijing urban (BUCT),atmosphere,urban,BUCT long-term,"Guo et al., 2022, ACP",Beijing_Latest_peaklist_20190420.db
C16H23N2O11,-,419.13073,organic,NO3-,gas,LTOF-CIMS,Chao Yan,Beijing urban (BUCT),atmosphere,urban,BUCT long-term,"Guo et al., 2022, ACP",Beijing_Latest_peaklist_20190420.db
C9H18N5O14,-,420.08557,organic,NO3-,gas,LTOF-CIMS,Chao Yan,Beijing urban (BUCT),atmosphere,urban,BUCT long-term,"Guo et al., 2022, ACP",Beijing_Latest_peaklist_20190420.db
C17H26NO11,-,420.15113,organic,NO3-,gas,LTOF-CIMS,Chao Yan,Beijing urban (BUCT),atmosphere,urban,BUCT long-term,"Guo et al., 2022, ACP",Beijing_Latest_peaklist_20190420.db
C19H26N5O6,-,420.18886,organic,NO3-,gas,LTOF-CIMS,Chao Yan,Beijing urban (BUCT),atmosphere,urban,BUCT long-term,"Guo et al., 2022, ACP",Beijing_Latest_peaklist_20190420.db
C20H38NO8,-,420.26029,organic,NO3-,gas,LTOF-CIMS,Chao Yan,Beijing urban (BUCT),atmosphere,urban,BUCT long-term,"Guo et al., 2022, ACP",Beijing_Latest_peaklist_20190420.db
C13H13N2O14,-,421.03723,organic,NO3-,gas,LTOF-CIMS,Chao Yan,Beijing urban (BUCT),atmosphere,urban,BUCT long-term,"Guo et al., 2022, ACP",Beijing_Latest_peaklist_20190420.db
C17H17N4O9,-,421.10010,organic,NO3-,gas,LTOF-CIMS,Chao Yan,Beijing urban (BUCT),atmosphere,urban,BUCT long-term,"Guo et al., 2022, ACP",Beijing_Latest_peaklist_20190420.db
C15H25N4O10,-,421.15762,organic,NO3-,gas,LTOF-CIMS,Chao Yan,Beijing urban (BUCT),atmosphere,urban,BUCT long-term,"Guo et al., 2022, ACP",Beijing_Latest_peaklist_20190420.db
C20H29N4O6,-,421.20926,organic,NO3-,gas,LTOF-CIMS,Chao Yan,Beijing urban (BUCT),atmosphere,urban,BUCT long-term,"Guo et al., 2022, ACP",Beijing_Latest_peaklist_20190420.db
C9H12NO18,-,422.00599,organic,NO3-,gas,LTOF-CIMS,Chao Yan,Beijing urban (BUCT),atmosphere,urban,BUCT long-term,"Guo et al., 2022, ACP",Beijing_Latest_peaklist_20190420.db
C10H16NO17,-,422.04237,organic,NO3-,gas,LTOF-CIMS,Chao Yan,Beijing urban (BUCT),atmosphere,urban,BUCT long-term,"Guo et al., 2022, ACP",Beijing_Latest_peaklist_20190420.db
C11H20NO16,-,422.07876,organic,NO3-,gas,LTOF-CIMS,Chao Yan,Beijing urban (BUCT),atmosphere,urban,BUCT long-term,"Guo et al., 2022, ACP",Beijing_Latest_peaklist_20190420.db
C16H24NO12,-,422.13040,organic,NO3-,gas,LTOF-CIMS,Chao Yan,Beijing urban (BUCT),atmosphere,urban,BUCT long-term,"Guo et al., 2022, ACP",Beijing_Latest_peaklist_20190420.db
C18H32NO10,-,422.20317,organic,NO3-,gas,LTOF-CIMS,Chao Yan,Beijing urban (BUCT),atmosphere,urban,BUCT long-term,"Guo et al., 2022, ACP",Beijing_Latest_peaklist_20190420.db
C21H19N4O6,-,423.13101,organic,NO3-,gas,LTOF-CIMS,Chao Yan,Beijing urban (BUCT),atmosphere,urban,BUCT long-term,"Guo et al., 2022, ACP",Beijing_Latest_peaklist_20190420.db
C18H35N2O9,-,423.23480,organic,NO3-,gas,LTOF-CIMS,Chao Yan,Beijing urban (BUCT),atmosphere,urban,BUCT long-term,"Guo et al., 2022, ACP",Beijing_Latest_peaklist_20190420.db
C14H22N3O12,-,424.12090,organic,NO3-,gas,LTOF-CIMS,Chao Yan,Beijing urban (BUCT),atmosphere,urban,BUCT long-term,"Guo et al., 2022, ACP",Beijing_Latest_peaklist_20190420.db
C19H26N3O8,-,424.17254,organic,NO3-,gas,LTOF-CIMS,Chao Yan,Beijing urban (BUCT),atmosphere,urban,BUCT long-term,"Guo et al., 2022, ACP",Beijing_Latest_peaklist_20190420.db
C22H34NO7,-,424.23408,organic,NO3-,gas,LTOF-CIMS,Chao Yan,Beijing urban (BUCT),atmosphere,urban,BUCT long-term,"Guo et al., 2022, ACP",Beijing_Latest_peaklist_20190420.db
C10H21N2O16,-,425.08966,organic,NO3-,gas,LTOF-CIMS,Chao Yan,Beijing urban (BUCT),atmosphere,urban,BUCT long-term,"Guo et al., 2022, ACP",Beijing_Latest_peaklist_20190420.db
C21H21N4O6,-,425.14666,organic,NO3-,gas,LTOF-CIMS,Chao Yan,Beijing urban (BUCT),atmosphere,urban,BUCT long-term,"Guo et al., 2022, ACP",Beijing_Latest_peaklist_20190420.db
C23H29N4O4,-,425.21943,organic,NO3-,gas,LTOF-CIMS,Chao Yan,Beijing urban (BUCT),atmosphere,urban,BUCT long-term,"Guo et al., 2022, ACP",Beijing_Latest_peaklist_20190420.db
C7HF13NO5,-,425.96526,organic,NO3-,gas,LTOF-CIMS,Chao Yan,Beijing urban (BUCT),atmosphere,urban,BUCT long-term,"Guo et al., 2022, ACP",Beijing_Latest_peaklist_20190420.db
C14H24N3O12,-,426.13655,organic,NO3-,gas,LTOF-CIMS,Chao Yan,Beijing urban (BUCT),atmosphere,urban,BUCT long-term,"Guo et al., 2022, ACP",Beijing_Latest_peaklist_20190420.db
C23H28N3O5,-,426.20344,organic,NO3-,gas,LTOF-CIMS,Chao Yan,Beijing urban (BUCT),atmosphere,urban,BUCT long-term,"Guo et al., 2022, ACP",Beijing_Latest_peaklist_20190420.db
C8HF14O4,-,426.96568,organic,NO3-,gas,LTOF-CIMS,Chao Yan,Beijing urban (BUCT),atmosphere,urban,BUCT long-term,"Guo et al., 2022, ACP",Beijing_Latest_peaklist_20190420.db
C12H19N4O13,-,427.09541,organic,NO3-,gas,LTOF-CIMS,Chao Yan,Beijing urban (BUCT),atmosphere,urban,BUCT long-term,"Guo et al., 2022, ACP",Beijing_Latest_peaklist_20190420.db
C22H23N2O7,-,427.15107,organic,NO3-,gas,LTOF-CIMS,Chao Yan,Beijing urban (BUCT),atmosphere,urban,BUCT long-term,"Guo et al., 2022, ACP",Beijing_Latest_peaklist_20190420.db
C17H22N3O10,-,428.13107,organic,NO3-,gas,LTOF-CIMS,Chao Yan,Beijing urban (BUCT),atmosphere,urban,BUCT long-term,"Guo et al., 2022, ACP",Beijing_Latest_peaklist_20190420.db
C15H13N2O13,-,429.04231,organic,NO3-,gas,LTOF-CIMS,Chao Yan,Beijing urban (BUCT),atmosphere,urban,BUCT long-term,"Guo et al., 2022, ACP",Beijing_Latest_peaklist_20190420.db
C16H21N4O10,-,429.12632,organic,NO3-,gas,LTOF-CIMS,Chao Yan,Beijing urban (BUCT),atmosphere,urban,BUCT long-term,"Guo et al., 2022, ACP",Beijing_Latest_peaklist_20190420.db
C14H12N3O13,-,430.03756,organic,NO3-,gas,LTOF-CIMS,Chao Yan,Beijing urban (BUCT),atmosphere,urban,BUCT long-term,"Guo et al., 2022, ACP",Beijing_Latest_peaklist_20190420.db
C16H20N3O11,-,430.11033,organic,NO3-,gas,LTOF-CIMS,Chao Yan,Beijing urban (BUCT),atmosphere,urban,BUCT long-term,"Guo et al., 2022, ACP",Beijing_Latest_peaklist_20190420.db
C17H28N5O8,-,430.19434,organic,NO3-,gas,LTOF-CIMS,Chao Yan,Beijing urban (BUCT),atmosphere,urban,BUCT long-term,"Guo et al., 2022, ACP",Beijing_Latest_peaklist_20190420.db
C9H11N4O16,-,431.01755,organic,NO3-,gas,LTOF-CIMS,Chao Yan,Beijing urban (BUCT),atmosphere,urban,BUCT long-term,"Guo et al., 2022, ACP",Beijing_Latest_peaklist_20190420.db
C10H15N4O15,-,431.05394,organic,NO3-,gas,LTOF-CIMS,Chao Yan,Beijing urban (BUCT),atmosphere,urban,BUCT long-term,"Guo et al., 2022, ACP",Beijing_Latest_peaklist_20190420.db
C11H19N4O14,-,431.09032,organic,NO3-,gas,LTOF-CIMS,Chao Yan,Beijing urban (BUCT),atmosphere,urban,BUCT long-term,"Guo et al., 2022, ACP",Beijing_Latest_peaklist_20190420.db
C12H23N4O13,-,431.12671,organic,NO3-,gas,LTOF-CIMS,Chao Yan,Beijing urban (BUCT),atmosphere,urban,BUCT long-term,"Guo et al., 2022, ACP",Beijing_Latest_peaklist_20190420.db
C17H27N4O9,-,431.17835,organic,NO3-,gas,LTOF-CIMS,Chao Yan,Beijing urban (BUCT),atmosphere,urban,BUCT long-term,"Guo et al., 2022, ACP",Beijing_Latest_peaklist_20190420.db
C17H10N3O11,-,432.03208,organic,NO3-,gas,LTOF-CIMS,Chao Yan,Beijing urban (BUCT),atmosphere,urban,BUCT long-term,"Guo et al., 2022, ACP",Beijing_Latest_peaklist_20190420.db
C9H13N4O16,-,433.03320,organic,NO3-,gas,LTOF-CIMS,Chao Yan,Beijing urban (BUCT),atmosphere,urban,BUCT long-term,"Guo et al., 2022, ACP",Beijing_Latest_peaklist_20190420.db
C10H17N4O15,-,433.06959,organic,NO3-,gas,LTOF-CIMS,Chao Yan,Beijing urban (BUCT),atmosphere,urban,BUCT long-term,"Guo et al., 2022, ACP",Beijing_Latest_peaklist_20190420.db
C15H21N4O11,-,433.12123,organic,NO3-,gas,LTOF-CIMS,Chao Yan,Beijing urban (BUCT),atmosphere,urban,BUCT long-term,"Guo et al., 2022, ACP",Beijing_Latest_peaklist_20190420.db
C17H25N2O11,-,433.14638,organic,NO3-,gas,LTOF-CIMS,Chao Yan,Beijing urban (BUCT),atmosphere,urban,BUCT long-term,"Guo et al., 2022, ACP",Beijing_Latest_peaklist_20190420.db
C13H12N3O14,-,434.03248,organic,NO3-,gas,LTOF-CIMS,Chao Yan,Beijing urban (BUCT),atmosphere,urban,BUCT long-term,"Guo et al., 2022, ACP",Beijing_Latest_peaklist_20190420.db
C20H20NO10,-,434.10927,organic,NO3-,gas,LTOF-CIMS,Chao Yan,Beijing urban (BUCT),atmosphere,urban,BUCT long-term,"Guo et al., 2022, ACP",Beijing_Latest_peaklist_20190420.db
C22H28NO8,-,434.18204,organic,NO3-,gas,LTOF-CIMS,Chao Yan,Beijing urban (BUCT),atmosphere,urban,BUCT long-term,"Guo et al., 2022, ACP",Beijing_Latest_peaklist_20190420.db
C19H36N3O8,-,434.25079,organic,NO3-,gas,LTOF-CIMS,Chao Yan,Beijing urban (BUCT),atmosphere,urban,BUCT long-term,"Guo et al., 2022, ACP",Beijing_Latest_peaklist_20190420.db
C14H15N2O14,-,435.05288,organic,NO3-,gas,LTOF-CIMS,Chao Yan,Beijing urban (BUCT),atmosphere,urban,BUCT long-term,"Guo et al., 2022, ACP",Beijing_Latest_peaklist_20190420.db
C18H31N2O10,-,435.19842,organic,NO3-,gas,LTOF-CIMS,Chao Yan,Beijing urban (BUCT),atmosphere,urban,BUCT long-term,"Guo et al., 2022, ACP",Beijing_Latest_peaklist_20190420.db
C24H26N3O5,-,436.18779,organic,NO3-,gas,LTOF-CIMS,Chao Yan,Beijing urban (BUCT),atmosphere,urban,BUCT long-term,"Guo et al., 2022, ACP",Beijing_Latest_peaklist_20190420.db
C19H29N6O6,-,437.21541,organic,NO3-,gas,LTOF-CIMS,Chao Yan,Beijing urban (BUCT),atmosphere,urban,BUCT long-term,"Guo et al., 2022, ACP",Beijing_Latest_peaklist_20190420.db
C19H24N3O9,-,438.15180,organic,NO3-,gas,LTOF-CIMS,Chao Yan,Beijing urban (BUCT),atmosphere,urban,BUCT long-term,"Guo et al., 2022, ACP",Beijing_Latest_peaklist_20190420.db
C24H28N3O5,-,438.20344,organic,NO3-,gas,LTOF-CIMS,Chao Yan,Beijing urban (BUCT),atmosphere,urban,BUCT long-term,"Guo et al., 2022, ACP",Beijing_Latest_peaklist_20190420.db
C14H23N4O12,-,439.13180,organic,NO3-,gas,LTOF-CIMS,Chao Yan,Beijing urban (BUCT),atmosphere,urban,BUCT long-term,"Guo et al., 2022, ACP",Beijing_Latest_peaklist_20190420.db
C20H31N4O7,-,439.21982,organic,NO3-,gas,LTOF-CIMS,Chao Yan,Beijing urban (BUCT),atmosphere,urban,BUCT long-term,"Guo et al., 2022, ACP",Beijing_Latest_peaklist_20190420.db
C21H21N4O7,-,441.14157,organic,NO3-,gas,LTOF-CIMS,Chao Yan,Beijing urban (BUCT),atmosphere,urban,BUCT long-term,"Guo et al., 2022, ACP",Beijing_Latest_peaklist_20190420.db
C18H29N6O7,-,441.21032,organic,NO3-,gas,LTOF-CIMS,Chao Yan,Beijing urban (BUCT),atmosphere,urban,BUCT long-term,"Guo et al., 2022, ACP",Beijing_Latest_peaklist_20190420.db
C19H24NO11,-,442.13548,organic,NO3-,gas,LTOF-CIMS,Chao Yan,Beijing urban (BUCT),atmosphere,urban,BUCT long-term,"Guo et al., 2022, ACP",Beijing_Latest_peaklist_20190420.db
C10H15N6O14,-,443.06517,organic,NO3-,gas,LTOF-CIMS,Chao Yan,Beijing urban (BUCT),atmosphere,urban,BUCT long-term,"Guo et al., 2022, ACP",Beijing_Latest_peaklist_20190420.db
C24H19N4O5,-,443.13609,organic,NO3-,gas,LTOF-CIMS,Chao Yan,Beijing urban (BUCT),atmosphere,urban,BUCT long-term,"Guo et al., 2022, ACP",Beijing_Latest_peaklist_20190420.db
C22H27N4O6,-,443.19361,organic,NO3-,gas,LTOF-CIMS,Chao Yan,Beijing urban (BUCT),atmosphere,urban,BUCT long-term,"Guo et al., 2022, ACP",Beijing_Latest_peaklist_20190420.db
C20H14NO11,-,444.05723,organic,NO3-,gas,LTOF-CIMS,Chao Yan,Beijing urban (BUCT),atmosphere,urban,BUCT long-term,"Guo et al., 2022, ACP",Beijing_Latest_peaklist_20190420.db
C17H22N3O11,-,444.12598,organic,NO3-,gas,LTOF-CIMS,Chao Yan,Beijing urban (BUCT),atmosphere,urban,BUCT long-term,"Guo et al., 2022, ACP",Beijing_Latest_peaklist_20190420.db
C19H30N3O9,-,444.19875,organic,NO3-,gas,LTOF-CIMS,Chao Yan,Beijing urban (BUCT),atmosphere,urban,BUCT long-term,"Guo et al., 2022, ACP",Beijing_Latest_peaklist_20190420.db
C8H17N2O19,-,445.04310,organic,NO3-,gas,LTOF-CIMS,Chao Yan,Beijing urban (BUCT),atmosphere,urban,BUCT long-term,"Guo et al., 2022, ACP",Beijing_Latest_peaklist_20190420.db
C16H21N4O11,-,445.12123,organic,NO3-,gas,LTOF-CIMS,Chao Yan,Beijing urban (BUCT),atmosphere,urban,BUCT long-term,"Guo et al., 2022, ACP",Beijing_Latest_peaklist_20190420.db
C23H29N2O7,-,445.19802,organic,NO3-,gas,LTOF-CIMS,Chao Yan,Beijing urban (BUCT),atmosphere,urban,BUCT long-term,"Guo et al., 2022, ACP",Beijing_Latest_peaklist_20190420.db
C11H16N3O16,-,446.05361,organic,NO3-,gas,LTOF-CIMS,Chao Yan,Beijing urban (BUCT),atmosphere,urban,BUCT long-term,"Guo et al., 2022, ACP",Beijing_Latest_peaklist_20190420.db
C20H20N3O9,-,446.12050,organic,NO3-,gas,LTOF-CIMS,Chao Yan,Beijing urban (BUCT),atmosphere,urban,BUCT long-term,"Guo et al., 2022, ACP",Beijing_Latest_peaklist_20190420.db
C11H19N4O15,-,447.08524,organic,NO3-,gas,LTOF-CIMS,Chao Yan,Beijing urban (BUCT),atmosphere,urban,BUCT long-term,"Guo et al., 2022, ACP",Beijing_Latest_peaklist_20190420.db
C21H27N4O7,-,447.18852,organic,NO3-,gas,LTOF-CIMS,Chao Yan,Beijing urban (BUCT),atmosphere,urban,BUCT long-term,"Guo et al., 2022, ACP",Beijing_Latest_peaklist_20190420.db
C14H14N3O14,-,448.04813,organic,NO3-,gas,LTOF-CIMS,Chao Yan,Beijing urban (BUCT),atmosphere,urban,BUCT long-term,"Guo et al., 2022, ACP",Beijing_Latest_peaklist_20190420.db
C18H30N3O10,-,448.19367,organic,NO3-,gas,LTOF-CIMS,Chao Yan,Beijing urban (BUCT),atmosphere,urban,BUCT long-term,"Guo et al., 2022, ACP",Beijing_Latest_peaklist_20190420.db
C15H17N2O14,-,449.06853,organic,NO3-,gas,LTOF-CIMS,Chao Yan,Beijing urban (BUCT),atmosphere,urban,BUCT long-term,"Guo et al., 2022, ACP",Beijing_Latest_peaklist_20190420.db
C21H29N4O7,-,449.20417,organic,NO3-,gas,LTOF-CIMS,Chao Yan,Beijing urban (BUCT),atmosphere,urban,BUCT long-term,"Guo et al., 2022, ACP",Beijing_Latest_peaklist_20190420.db
C21H15N4O8,-,451.08954,organic,NO3-,gas,LTOF-CIMS,Chao Yan,Beijing urban (BUCT),atmosphere,urban,BUCT long-term,"Guo et al., 2022, ACP",Beijing_Latest_peaklist_20190420.db
C24H23N2O7,-,451.15107,organic,NO3-,gas,LTOF-CIMS,Chao Yan,Beijing urban (BUCT),atmosphere,urban,BUCT long-term,"Guo et al., 2022, ACP",Beijing_Latest_peaklist_20190420.db
C17H31N4O10,-,451.20457,organic,NO3-,gas,LTOF-CIMS,Chao Yan,Beijing urban (BUCT),atmosphere,urban,BUCT long-term,"Guo et al., 2022, ACP",Beijing_Latest_peaklist_20190420.db
C20H39N2O9,-,451.26610,organic,NO3-,gas,LTOF-CIMS,Chao Yan,Beijing urban (BUCT),atmosphere,urban,BUCT long-term,"Guo et al., 2022, ACP",Beijing_Latest_peaklist_20190420.db
C8HF15NO5,-,475.96207,organic,NO3-,gas,LTOF-CIMS,Chao Yan,Beijing urban (BUCT),atmosphere,urban,BUCT long-term,"Guo et al., 2022, ACP",Beijing_Latest_peaklist_20190420.db
C7H2F13N2O8,-,488.96091,organic,NO3-,gas,LTOF-CIMS,Chao Yan,Beijing urban (BUCT),atmosphere,urban,BUCT long-term,"Guo et al., 2022, ACP",Beijing_Latest_peaklist_20190420.db
C10H3F16O4,-,490.97813,organic,NO3-,gas,LTOF-CIMS,Chao Yan,Beijing urban (BUCT),atmosphere,urban,BUCT long-term,"Guo et al., 2022, ACP",Beijing_Latest_peaklist_20190420.db
C9HF17NO5,-,525.95888,organic,NO3-,gas,LTOF-CIMS,Chao Yan,Beijing urban (BUCT),atmosphere,urban,BUCT long-term,"Guo et al., 2022, ACP",Beijing_Latest_peaklist_20190420.db
C10HF18O4,-,526.95929,organic,NO3-,gas,LTOF-CIMS,Chao Yan,Beijing urban (BUCT),atmosphere,urban,BUCT long-term,"Guo et al., 2022, ACP",Beijing_Latest_peaklist_20190420.db
C12H3F20O4,-,590.97175,organic,NO3-,gas,LTOF-CIMS,Chao Yan,Beijing urban (BUCT),atmosphere,urban,BUCT long-term,"Guo et al., 2022, ACP",Beijing_Latest_peaklist_20190420.db
C12HF22O4,-,626.95290,organic,NO3-,gas,LTOF-CIMS,Chao Yan,Beijing urban (BUCT),atmosphere,urban,BUCT long-term,"Guo et al., 2022, ACP",Beijing_Latest_peaklist_20190420.db
C14H3F24O4,-,690.96536,organic,NO3-,gas,LTOF-CIMS,Chao Yan,Beijing urban (BUCT),atmosphere,urban,BUCT long-term,"Guo et al., 2022, ACP",Beijing_Latest_peaklist_20190420.db
C14HF26O4,-,726.94652,organic,NO3-,gas,LTOF-CIMS,Chao Yan,Beijing urban (BUCT),atmosphere,urban,BUCT long-term,"Guo et al., 2022, ACP",Beijing_Latest_peaklist_20190420.db
,,1000.00000,unassigned,NO3-,gas,LTOF-CIMS,Chao Yan,Beijing urban (BUCT),atmosphere,urban,BUCT long-term,"Guo et al., 2022, ACP",Beijing_Latest_peaklist_20190420.db
,,1001.00000,unassigned,NO3-,gas,LTOF-CIMS,Chao Yan,Beijing urban (BUCT),atmosphere,urban,BUCT long-term,"Guo et al., 2022, ACP",Beijing_Latest_peaklist_20190420.db
,,1002.00000,unassigned,NO3-,gas,LTOF-CIMS,Chao Yan,Beijing urban (BUCT),atmosphere,urban,BUCT long-term,"Guo et al., 2022, ACP",Beijing_Latest_peaklist_20190420.db
,,1003.00000,unassigned,NO3-,gas,LTOF-CIMS,Chao Yan,Beijing urban (BUCT),atmosphere,urban,BUCT long-term,"Guo et al., 2022, ACP",Beijing_Latest_peaklist_20190420.db
,,1004.00000,unassigned,NO3-,gas,LTOF-CIMS,Chao Yan,Beijing urban (BUCT),atmosphere,urban,BUCT long-term,"Guo et al., 2022, ACP",Beijing_Latest_peaklist_20190420.db
,,1005.00000,unassigned,NO3-,gas,LTOF-CIMS,Chao Yan,Beijing urban (BUCT),atmosphere,urban,BUCT long-term,"Guo et al., 2022, ACP",Beijing_Latest_peaklist_20190420.db
,,1006.00000,unassigned,NO3-,gas,LTOF-CIMS,Chao Yan,Beijing urban (BUCT),atmosphere,urban,BUCT long-term,"Guo et al., 2022, ACP",Beijing_Latest_peaklist_20190420.db
,,1007.00000,unassigned,NO3-,gas,LTOF-CIMS,Chao Yan,Beijing urban (BUCT),atmosphere,urban,BUCT long-term,"Guo et al., 2022, ACP",Beijing_Latest_peaklist_20190420.db
,,1008.00000,unassigned,NO3-,gas,LTOF-CIMS,Chao Yan,Beijing urban (BUCT),atmosphere,urban,BUCT long-term,"Guo et al., 2022, ACP",Beijing_Latest_peaklist_20190420.db
,,1009.00000,unassigned,NO3-,gas,LTOF-CIMS,Chao Yan,Beijing urban (BUCT),atmosphere,urban,BUCT long-term,"Guo et al., 2022, ACP",Beijing_Latest_peaklist_20190420.db
,,1010.00000,unassigned,NO3-,gas,LTOF-CIMS,Chao Yan,Beijing urban (BUCT),atmosphere,urban,BUCT long-term,"Guo et al., 2022, ACP",Beijing_Latest_peaklist_20190420.db
,,1011.00000,unassigned,NO3-,gas,LTOF-CIMS,Chao Yan,Beijing urban (BUCT),atmosphere,urban,BUCT long-term,"Guo et al., 2022, ACP",Beijing_Latest_peaklist_20190420.db
,,1012.00000,unassigned,NO3-,gas,LTOF-CIMS,Chao Yan,Beijing urban (BUCT),atmosphere,urban,BUCT long-term,"Guo et al., 2022, ACP",Beijing_Latest_peaklist_20190420.db
,,1013.00000,unassigned,NO3-,gas,LTOF-CIMS,Chao Yan,Beijing urban (BUCT),atmosphere,urban,BUCT long-term,"Guo et al., 2022, ACP",Beijing_Latest_peaklist_20190420.db
,,1014.00000,unassigned,NO3-,gas,LTOF-CIMS,Chao Yan,Beijing urban (BUCT),atmosphere,urban,BUCT long-term,"Guo et al., 2022, ACP",Beijing_Latest_peaklist_20190420.db
,,1015.00000,unassigned,NO3-,gas,LTOF-CIMS,Chao Yan,Beijing urban (BUCT),atmosphere,urban,BUCT long-term,"Guo et al., 2022, ACP",Beijing_Latest_peaklist_20190420.db
,,1016.00000,unassigned,NO3-,gas,LTOF-CIMS,Chao Yan,Beijing urban (BUCT),atmosphere,urban,BUCT long-term,"Guo et al., 2022, ACP",Beijing_Latest_peaklist_20190420.db
,,1017.00000,unassigned,NO3-,gas,LTOF-CIMS,Chao Yan,Beijing urban (BUCT),atmosphere,urban,BUCT long-term,"Guo et al., 2022, ACP",Beijing_Latest_peaklist_20190420.db
,,1018.00000,unassigned,NO3-,gas,LTOF-CIMS,Chao Yan,Beijing urban (BUCT),atmosphere,urban,BUCT long-term,"Guo et al., 2022, ACP",Beijing_Latest_peaklist_20190420.db
,,1019.00000,unassigned,NO3-,gas,LTOF-CIMS,Chao Yan,Beijing urban (BUCT),atmosphere,urban,BUCT long-term,"Guo et al., 2022, ACP",Beijing_Latest_peaklist_20190420.db
,,1020.00000,unassigned,NO3-,gas,LTOF-CIMS,Chao Yan,Beijing urban (BUCT),atmosphere,urban,BUCT long-term,"Guo et al., 2022, ACP",Beijing_Latest_peaklist_20190420.db
,,1021.00000,unassigned,NO3-,gas,LTOF-CIMS,Chao Yan,Beijing urban (BUCT),atmosphere,urban,BUCT long-term,"Guo et al., 2022, ACP",Beijing_Latest_peaklist_20190420.db
,,1022.00000,unassigned,NO3-,gas,LTOF-CIMS,Chao Yan,Beijing urban (BUCT),atmosphere,urban,BUCT long-term,"Guo et al., 2022, ACP",Beijing_Latest_peaklist_20190420.db
,,1023.00000,unassigned,NO3-,gas,LTOF-CIMS,Chao Yan,Beijing urban (BUCT),atmosphere,urban,BUCT long-term,"Guo et al., 2022, ACP",Beijing_Latest_peaklist_20190420.db
,,1024.00000,unassigned,NO3-,gas,LTOF-CIMS,Chao Yan,Beijing urban (BUCT),atmosphere,urban,BUCT long-term,"Guo et al., 2022, ACP",Beijing_Latest_peaklist_20190420.db
,,1025.00000,unassigned,NO3-,gas,LTOF-CIMS,Chao Yan,Beijing urban (BUCT),atmosphere,urban,BUCT long-term,"Guo et al., 2022, ACP",Beijing_Latest_peaklist_20190420.db
,,1026.00000,unassigned,NO3-,gas,LTOF-CIMS,Chao Yan,Beijing urban (BUCT),atmosphere,urban,BUCT long-term,"Guo et al., 2022, ACP",Beijing_Latest_peaklist_20190420.db
,,1027.00000,unassigned,NO3-,gas,LTOF-CIMS,Chao Yan,Beijing urban (BUCT),atmosphere,urban,BUCT long-term,"Guo et al., 2022, ACP",Beijing_Latest_peaklist_20190420.db
,,1028.00000,unassigned,NO3-,gas,LTOF-CIMS,Chao Yan,Beijing urban (BUCT),atmosphere,urban,BUCT long-term,"Guo et al., 2022, ACP",Beijing_Latest_peaklist_20190420.db
,,1029.00000,unassigned,NO3-,gas,LTOF-CIMS,Chao Yan,Beijing urban (BUCT),atmosphere,urban,BUCT long-term,"Guo et al., 2022, ACP",Beijing_Latest_peaklist_20190420.db
,,1030.00000,unassigned,NO3-,gas,LTOF-CIMS,Chao Yan,Beijing urban (BUCT),atmosphere,urban,BUCT long-term,"Guo et al., 2022, ACP",Beijing_Latest_peaklist_20190420.db
,,1031.00000,unassigned,NO3-,gas,LTOF-CIMS,Chao Yan,Beijing urban (BUCT),atmosphere,urban,BUCT long-term,"Guo et al., 2022, ACP",Beijing_Latest_peaklist_20190420.db
,,1032.00000,unassigned,NO3-,gas,LTOF-CIMS,Chao Yan,Beijing urban (BUCT),atmosphere,urban,BUCT long-term,"Guo et al., 2022, ACP",Beijing_Latest_peaklist_20190420.db
,,1033.00000,unassigned,NO3-,gas,LTOF-CIMS,Chao Yan,Beijing urban (BUCT),atmosphere,urban,BUCT long-term,"Guo et al., 2022, ACP",Beijing_Latest_peaklist_20190420.db
,,1034.00000,unassigned,NO3-,gas,LTOF-CIMS,Chao Yan,Beijing urban (BUCT),atmosphere,urban,BUCT long-term,"Guo et al., 2022, ACP",Beijing_Latest_peaklist_20190420.db
,,1035.00000,unassigned,NO3-,gas,LTOF-CIMS,Chao Yan,Beijing urban (BUCT),atmosphere,urban,BUCT long-term,"Guo et al., 2022, ACP",Beijing_Latest_peaklist_20190420.db
,,1036.00000,unassigned,NO3-,gas,LTOF-CIMS,Chao Yan,Beijing urban (BUCT),atmosphere,urban,BUCT long-term,"Guo et al., 2022, ACP",Beijing_Latest_peaklist_20190420.db
,,1037.00000,unassigned,NO3-,gas,LTOF-CIMS,Chao Yan,Beijing urban (BUCT),atmosphere,urban,BUCT long-term,"Guo et al., 2022, ACP",Beijing_Latest_peaklist_20190420.db
,,1038.00000,unassigned,NO3-,gas,LTOF-CIMS,Chao Yan,Beijing urban (BUCT),atmosphere,urban,BUCT long-term,"Guo et al., 2022, ACP",Beijing_Latest_peaklist_20190420.db
,,1039.00000,unassigned,NO3-,gas,LTOF-CIMS,Chao Yan,Beijing urban (BUCT),atmosphere,urban,BUCT long-term,"Guo et al., 2022, ACP",Beijing_Latest_peaklist_20190420.db
,,1040.00000,unassigned,NO3-,gas,LTOF-CIMS,Chao Yan,Beijing urban (BUCT),atmosphere,urban,BUCT long-term,"Guo et al., 2022, ACP",Beijing_Latest_peaklist_20190420.db
,,1041.00000,unassigned,NO3-,gas,LTOF-CIMS,Chao Yan,Beijing urban (BUCT),atmosphere,urban,BUCT long-term,"Guo et al., 2022, ACP",Beijing_Latest_peaklist_20190420.db
,,1042.00000,unassigned,NO3-,gas,LTOF-CIMS,Chao Yan,Beijing urban (BUCT),atmosphere,urban,BUCT long-term,"Guo et al., 2022, ACP",Beijing_Latest_peaklist_20190420.db
,,1043.00000,unassigned,NO3-,gas,LTOF-CIMS,Chao Yan,Beijing urban (BUCT),atmosphere,urban,BUCT long-term,"Guo et al., 2022, ACP",Beijing_Latest_peaklist_20190420.db
,,1044.00000,unassigned,NO3-,gas,LTOF-CIMS,Chao Yan,Beijing urban (BUCT),atmosphere,urban,BUCT long-term,"Guo et al., 2022, ACP",Beijing_Latest_peaklist_20190420.db
,,1045.00000,unassigned,NO3-,gas,LTOF-CIMS,Chao Yan,Beijing urban (BUCT),atmosphere,urban,BUCT long-term,"Guo et al., 2022, ACP",Beijing_Latest_peaklist_20190420.db
,,1046.00000,unassigned,NO3-,gas,LTOF-CIMS,Chao Yan,Beijing urban (BUCT),atmosphere,urban,BUCT long-term,"Guo et al., 2022, ACP",Beijing_Latest_peaklist_20190420.db
,,1047.00000,unassigned,NO3-,gas,LTOF-CIMS,Chao Yan,Beijing urban (BUCT),atmosphere,urban,BUCT long-term,"Guo et al., 2022, ACP",Beijing_Latest_peaklist_20190420.db
,,1048.00000,unassigned,NO3-,gas,LTOF-CIMS,Chao Yan,Beijing urban (BUCT),atmosphere,urban,BUCT long-term,"Guo et al., 2022, ACP",Beijing_Latest_peaklist_20190420.db
,,1049.00000,unassigned,NO3-,gas,LTOF-CIMS,Chao Yan,Beijing urban (BUCT),atmosphere,urban,BUCT long-term,"Guo et al., 2022, ACP",Beijing_Latest_peaklist_20190420.db
,,1050.00000,unassigned,NO3-,gas,LTOF-CIMS,Chao Yan,Beijing urban (BUCT),atmosphere,urban,BUCT long-term,"Guo et al., 2022, ACP",Beijing_Latest_peaklist_20190420.db
,,1051.00000,unassigned,NO3-,gas,LTOF-CIMS,Chao Yan,Beijing urban (BUCT),atmosphere,urban,BUCT long-term,"Guo et al., 2022, ACP",Beijing_Latest_peaklist_20190420.db
,,1052.00000,unassigned,NO3-,gas,LTOF-CIMS,Chao Yan,Beijing urban (BUCT),atmosphere,urban,BUCT long-term,"Guo et al., 2022, ACP",Beijing_Latest_peaklist_20190420.db
,,1053.00000,unassigned,NO3-,gas,LTOF-CIMS,Chao Yan,Beijing urban (BUCT),atmosphere,urban,BUCT long-term,"Guo et al., 2022, ACP",Beijing_Latest_peaklist_20190420.db
,,1054.00000,unassigned,NO3-,gas,LTOF-CIMS,Chao Yan,Beijing urban (BUCT),atmosphere,urban,BUCT long-term,"Guo et al., 2022, ACP",Beijing_Latest_peaklist_20190420.db
,,1055.00000,unassigned,NO3-,gas,LTOF-CIMS,Chao Yan,Beijing urban (BUCT),atmosphere,urban,BUCT long-term,"Guo et al., 2022, ACP",Beijing_Latest_peaklist_20190420.db
,,1056.00000,unassigned,NO3-,gas,LTOF-CIMS,Chao Yan,Beijing urban (BUCT),atmosphere,urban,BUCT long-term,"Guo et al., 2022, ACP",Beijing_Latest_peaklist_20190420.db
,,1057.00000,unassigned,NO3-,gas,LTOF-CIMS,Chao Yan,Beijing urban (BUCT),atmosphere,urban,BUCT long-term,"Guo et al., 2022, ACP",Beijing_Latest_peaklist_20190420.db
,,1058.00000,unassigned,NO3-,gas,LTOF-CIMS,Chao Yan,Beijing urban (BUCT),atmosphere,urban,BUCT long-term,"Guo et al., 2022, ACP",Beijing_Latest_peaklist_20190420.db
,,1059.00000,unassigned,NO3-,gas,LTOF-CIMS,Chao Yan,Beijing urban (BUCT),atmosphere,urban,BUCT long-term,"Guo et al., 2022, ACP",Beijing_Latest_peaklist_20190420.db
,,1060.00000,unassigned,NO3-,gas,LTOF-CIMS,Chao Yan,Beijing urban (BUCT),atmosphere,urban,BUCT long-term,"Guo et al., 2022, ACP",Beijing_Latest_peaklist_20190420.db
,,1061.00000,unassigned,NO3-,gas,LTOF-CIMS,Chao Yan,Beijing urban (BUCT),atmosphere,urban,BUCT long-term,"Guo et al., 2022, ACP",Beijing_Latest_peaklist_20190420.db
,,1062.00000,unassigned,NO3-,gas,LTOF-CIMS,Chao Yan,Beijing urban (BUCT),atmosphere,urban,BUCT long-term,"Guo et al., 2022, ACP",Beijing_Latest_peaklist_20190420.db
,,1063.00000,unassigned,NO3-,gas,LTOF-CIMS,Chao Yan,Beijing urban (BUCT),atmosphere,urban,BUCT long-term,"Guo et al., 2022, ACP",Beijing_Latest_peaklist_20190420.db
,,1064.00000,unassigned,NO3-,gas,LTOF-CIMS,Chao Yan,Beijing urban (BUCT),atmosphere,urban,BUCT long-term,"Guo et al., 2022, ACP",Beijing_Latest_peaklist_20190420.db
,,1065.00000,unassigned,NO3-,gas,LTOF-CIMS,Chao Yan,Beijing urban (BUCT),atmosphere,urban,BUCT long-term,"Guo et al., 2022, ACP",Beijing_Latest_peaklist_20190420.db
,,1066.00000,unassigned,NO3-,gas,LTOF-CIMS,Chao Yan,Beijing urban (BUCT),atmosphere,urban,BUCT long-term,"Guo et al., 2022, ACP",Beijing_Latest_peaklist_20190420.db
,,1067.00000,unassigned,NO3-,gas,LTOF-CIMS,Chao Yan,Beijing urban (BUCT),atmosphere,urban,BUCT long-term,"Guo et al., 2022, ACP",Beijing_Latest_peaklist_20190420.db
,,1068.00000,unassigned,NO3-,gas,LTOF-CIMS,Chao Yan,Beijing urban (BUCT),atmosphere,urban,BUCT long-term,"Guo et al., 2022, ACP",Beijing_Latest_peaklist_20190420.db
,,1069.00000,unassigned,NO3-,gas,LTOF-CIMS,Chao Yan,Beijing urban (BUCT),atmosphere,urban,BUCT long-term,"Guo et al., 2022, ACP",Beijing_Latest_peaklist_20190420.db
,,1070.00000,unassigned,NO3-,gas,LTOF-CIMS,Chao Yan,Beijing urban (BUCT),atmosphere,urban,BUCT long-term,"Guo et al., 2022, ACP",Beijing_Latest_peaklist_20190420.db
,,1071.00000,unassigned,NO3-,gas,LTOF-CIMS,Chao Yan,Beijing urban (BUCT),atmosphere,urban,BUCT long-term,"Guo et al., 2022, ACP",Beijing_Latest_peaklist_20190420.db
,,1072.00000,unassigned,NO3-,gas,LTOF-CIMS,Chao Yan,Beijing urban (BUCT),atmosphere,urban,BUCT long-term,"Guo et al., 2022, ACP",Beijing_Latest_peaklist_20190420.db
,,1073.00000,unassigned,NO3-,gas,LTOF-CIMS,Chao Yan,Beijing urban (BUCT),atmosphere,urban,BUCT long-term,"Guo et al., 2022, ACP",Beijing_Latest_peaklist_20190420.db
,,1074.00000,unassigned,NO3-,gas,LTOF-CIMS,Chao Yan,Beijing urban (BUCT),atmosphere,urban,BUCT long-term,"Guo et al., 2022, ACP",Beijing_Latest_peaklist_20190420.db
,,1075.00000,unassigned,NO3-,gas,LTOF-CIMS,Chao Yan,Beijing urban (BUCT),atmosphere,urban,BUCT long-term,"Guo et al., 2022, ACP",Beijing_Latest_peaklist_20190420.db
,,1076.00000,unassigned,NO3-,gas,LTOF-CIMS,Chao Yan,Beijing urban (BUCT),atmosphere,urban,BUCT long-term,"Guo et al., 2022, ACP",Beijing_Latest_peaklist_20190420.db
,,1077.00000,unassigned,NO3-,gas,LTOF-CIMS,Chao Yan,Beijing urban (BUCT),atmosphere,urban,BUCT long-term,"Guo et al., 2022, ACP",Beijing_Latest_peaklist_20190420.db
,,1078.00000,unassigned,NO3-,gas,LTOF-CIMS,Chao Yan,Beijing urban (BUCT),atmosphere,urban,BUCT long-term,"Guo et al., 2022, ACP",Beijing_Latest_peaklist_20190420.db
,,1079.00000,unassigned,NO3-,gas,LTOF-CIMS,Chao Yan,Beijing urban (BUCT),atmosphere,urban,BUCT long-term,"Guo et al., 2022, ACP",Beijing_Latest_peaklist_20190420.db
,,1080.00000,unassigned,NO3-,gas,LTOF-CIMS,Chao Yan,Beijing urban (BUCT),atmosphere,urban,BUCT long-term,"Guo et al., 2022, ACP",Beijing_Latest_peaklist_20190420.db
,,1081.00000,unassigned,NO3-,gas,LTOF-CIMS,Chao Yan,Beijing urban (BUCT),atmosphere,urban,BUCT long-term,"Guo et al., 2022, ACP",Beijing_Latest_peaklist_20190420.db
,,1082.00000,unassigned,NO3-,gas,LTOF-CIMS,Chao Yan,Beijing urban (BUCT),atmosphere,urban,BUCT long-term,"Guo et al., 2022, ACP",Beijing_Latest_peaklist_20190420.db
,,1083.00000,unassigned,NO3-,gas,LTOF-CIMS,Chao Yan,Beijing urban (BUCT),atmosphere,urban,BUCT long-term,"Guo et al., 2022, ACP",Beijing_Latest_peaklist_20190420.db
,,1084.00000,unassigned,NO3-,gas,LTOF-CIMS,Chao Yan,Beijing urban (BUCT),atmosphere,urban,BUCT long-term,"Guo et al., 2022, ACP",Beijing_Latest_peaklist_20190420.db
,,1085.00000,unassigned,NO3-,gas,LTOF-CIMS,Chao Yan,Beijing urban (BUCT),atmosphere,urban,BUCT long-term,"Guo et al., 2022, ACP",Beijing_Latest_peaklist_20190420.db
,,1086.00000,unassigned,NO3-,gas,LTOF-CIMS,Chao Yan,Beijing urban (BUCT),atmosphere,urban,BUCT long-term,"Guo et al., 2022, ACP",Beijing_Latest_peaklist_20190420.db
,,1087.00000,unassigned,NO3-,gas,LTOF-CIMS,Chao Yan,Beijing urban (BUCT),atmosphere,urban,BUCT long-term,"Guo et al., 2022, ACP",Beijing_Latest_peaklist_20190420.db
,,1088.00000,unassigned,NO3-,gas,LTOF-CIMS,Chao Yan,Beijing urban (BUCT),atmosphere,urban,BUCT long-term,"Guo et al., 2022, ACP",Beijing_Latest_peaklist_20190420.db
,,1089.00000,unassigned,NO3-,gas,LTOF-CIMS,Chao Yan,Beijing urban (BUCT),atmosphere,urban,BUCT long-term,"Guo et al., 2022, ACP",Beijing_Latest_peaklist_20190420.db
,,1090.00000,unassigned,NO3-,gas,LTOF-CIMS,Chao Yan,Beijing urban (BUCT),atmosphere,urban,BUCT long-term,"Guo et al., 2022, ACP",Beijing_Latest_peaklist_20190420.db
,,1091.00000,unassigned,NO3-,gas,LTOF-CIMS,Chao Yan,Beijing urban (BUCT),atmosphere,urban,BUCT long-term,"Guo et al., 2022, ACP",Beijing_Latest_peaklist_20190420.db
,,1092.00000,unassigned,NO3-,gas,LTOF-CIMS,Chao Yan,Beijing urban (BUCT),atmosphere,urban,BUCT long-term,"Guo et al., 2022, ACP",Beijing_Latest_peaklist_20190420.db
,,1093.00000,unassigned,NO3-,gas,LTOF-CIMS,Chao Yan,Beijing urban (BUCT),atmosphere,urban,BUCT long-term,"Guo et al., 2022, ACP",Beijing_Latest_peaklist_20190420.db
,,1094.00000,unassigned,NO3-,gas,LTOF-CIMS,Chao Yan,Beijing urban (BUCT),atmosphere,urban,BUCT long-term,"Guo et al., 2022, ACP",Beijing_Latest_peaklist_20190420.db
,,1095.00000,unassigned,NO3-,gas,LTOF-CIMS,Chao Yan,Beijing urban (BUCT),atmosphere,urban,BUCT long-term,"Guo et al., 2022, ACP",Beijing_Latest_peaklist_20190420.db
,,1096.00000,unassigned,NO3-,gas,LTOF-CIMS,Chao Yan,Beijing urban (BUCT),atmosphere,urban,BUCT long-term,"Guo et al., 2022, ACP",Beijing_Latest_peaklist_20190420.db
,,1097.00000,unassigned,NO3-,gas,LTOF-CIMS,Chao Yan,Beijing urban (BUCT),atmosphere,urban,BUCT long-term,"Guo et al., 2022, ACP",Beijing_Latest_peaklist_20190420.db
,,1098.00000,unassigned,NO3-,gas,LTOF-CIMS,Chao Yan,Beijing urban (BUCT),atmosphere,urban,BUCT long-term,"Guo et al., 2022, ACP",Beijing_Latest_peaklist_20190420.db
,,1099.00000,unassigned,NO3-,gas,LTOF-CIMS,Chao Yan,Beijing urban (BUCT),atmosphere,urban,BUCT long-term,"Guo et al., 2022, ACP",Beijing_Latest_peaklist_20190420.db
,,1100.00000,unassigned,NO3-,gas,LTOF-CIMS,Chao Yan,Beijing urban (BUCT),atmosphere,urban,BUCT long-term,"Guo et al., 2022, ACP",Beijing_Latest_peaklist_20190420.db
O2,-,31.99038,inorganic,I-,particle,FIGAERO-LTOF-CIMS,Chao Yan,Beijing urban (BUCT),atmosphere,urban,BUCT long-term,"Daellenbach et al., 2024, Nat. Geosci.",peakList_figaero_check_particle_winter_summer_v7.db
HS,-,32.98044,inorganic,I-,particle,FIGAERO-LTOF-CIMS,Chao Yan,Beijing urban (BUCT),atmosphere,urban,BUCT long-term,"Daellenbach et al., 2024, Nat. Geosci.",peakList_figaero_check_particle_winter_summer_v7.db
H2P,-,32.98996,inorganic,I-,particle,FIGAERO-LTOF-CIMS,Chao Yan,Beijing urban (BUCT),atmosphere,urban,BUCT long-term,"Daellenbach et al., 2024, Nat. Geosci.",peakList_figaero_check_particle_winter_summer_v7.db
Cl,-,34.96940,inorganic,I-,particle,FIGAERO-LTOF-CIMS,Chao Yan,Beijing urban (BUCT),atmosphere,urban,BUCT long-term,"Daellenbach et al., 2024, Nat. Geosci.",peakList_figaero_check_particle_winter_summer_v7.db
CNO,-,41.99854,organic,I-,particle,FIGAERO-LTOF-CIMS,Chao Yan,Beijing urban (BUCT),atmosphere,urban,BUCT long-term,"Daellenbach et al., 2024, Nat. Geosci.",peakList_figaero_check_particle_winter_summer_v7.db
CHO2,-,44.99820,organic,I-,particle,FIGAERO-LTOF-CIMS,Chao Yan,Beijing urban (BUCT),atmosphere,urban,BUCT long-term,"Daellenbach et al., 2024, Nat. Geosci.",peakList_figaero_check_particle_winter_summer_v7.db
NO2,-,45.99345,inorganic,I-,particle,FIGAERO-LTOF-CIMS,Chao Yan,Beijing urban (BUCT),atmosphere,urban,BUCT long-term,"Daellenbach et al., 2024, Nat. Geosci.",peakList_figaero_check_particle_winter_summer_v7.db
H2O3,-,50.00094,inorganic,I-,particle,FIGAERO-LTOF-CIMS,Chao Yan,Beijing urban (BUCT),atmosphere,urban,BUCT long-term,"Daellenbach et al., 2024, Nat. Geosci.",peakList_figaero_check_particle_winter_summer_v7.db
HFO2,-,51.99661,inorganic,I-,particle,FIGAERO-LTOF-CIMS,Chao Yan,Beijing urban (BUCT),atmosphere,urban,BUCT long-term,"Daellenbach et al., 2024, Nat. Geosci.",peakList_figaero_check_particle_winter_summer_v7.db
H2ClO,-,52.97997,inorganic,I-,particle,FIGAERO-LTOF-CIMS,Chao Yan,Beijing urban (BUCT),atmosphere,urban,BUCT long-term,"Daellenbach et al., 2024, Nat. Geosci.",peakList_figaero_check_particle_winter_summer_v7.db
H5O3,-,53.02442,inorganic,I-,particle,FIGAERO-LTOF-CIMS,Chao Yan,Beijing urban (BUCT),atmosphere,urban,BUCT long-term,"Daellenbach et al., 2024, Nat. Geosci.",peakList_figaero_check_particle_winter_summer_v7.db
CNS,-,57.97569,organic,I-,particle,FIGAERO-LTOF-CIMS,Chao Yan,Beijing urban (BUCT),atmosphere,urban,BUCT long-term,"Daellenbach et al., 2024, Nat. Geosci.",peakList_figaero_check_particle_winter_summer_v7.db
C2H2O2,-,58.00603,organic,I-,particle,FIGAERO-LTOF-CIMS,Chao Yan,Beijing urban (BUCT),atmosphere,urban,BUCT long-term,"Daellenbach et al., 2024, Nat. Geosci.",peakList_figaero_check_particle_winter_summer_v7.db
CHNO2,-,59.00128,organic,I-,particle,FIGAERO-LTOF-CIMS,Chao Yan,Beijing urban (BUCT),atmosphere,urban,BUCT long-term,"Daellenbach et al., 2024, Nat. Geosci.",peakList_figaero_check_particle_winter_summer_v7.db
C2H3O2,-,59.01385,organic,I-,particle,FIGAERO-LTOF-CIMS,Chao Yan,Beijing urban (BUCT),atmosphere,urban,BUCT long-term,"Daellenbach et al., 2024, Nat. Geosci.",peakList_figaero_check_particle_winter_summer_v7.db
CO3,-,59.98529,organic,I-,particle,FIGAERO-LTOF-CIMS,Chao Yan,Beijing urban (BUCT),atmosphere,urban,BUCT long-term,"Daellenbach et al., 2024, Nat. Geosci.",peakList_figaero_check_particle_winter_summer_v7.db
CH2NO2,-,60.00910,organic,I-,particle,FIGAERO-LTOF-CIMS,Chao Yan,Beijing urban (BUCT),atmosphere,urban,BUCT long-term,"Daellenbach et al., 2024, Nat. Geosci.",peakList_figaero_check_particle_winter_summer_v7.db
CHO3,-,60.99312,organic,I-,particle,FIGAERO-LTOF-CIMS,Chao Yan,Beijing urban (BUCT),atmosphere,urban,BUCT long-term,"Daellenbach et al., 2024, Nat. Geosci.",peakList_figaero_check_particle_winter_summer_v7.db
C2H5O2,-,61.02950,organic,I-,particle,FIGAERO-LTOF-CIMS,Chao Yan,Beijing urban (BUCT),atmosphere,urban,BUCT long-term,"Daellenbach et al., 2024, Nat. Geosci.",peakList_figaero_check_particle_winter_summer_v7.db
NO3,-,61.98837,inorganic,I-,particle,FIGAERO-LTOF-CIMS,Chao Yan,Beijing urban (BUCT),atmosphere,urban,BUCT long-term,"Daellenbach et al., 2024, Nat. Geosci.",peakList_figaero_check_particle_winter_summer_v7.db
CFO2,-,62.98878,organic,I-,particle,FIGAERO-LTOF-CIMS,Chao Yan,Beijing urban (BUCT),atmosphere,urban,BUCT long-term,"Daellenbach et al., 2024, Nat. Geosci.",peakList_figaero_check_particle_winter_summer_v7.db
CH3O3,-,63.00877,organic,I-,particle,FIGAERO-LTOF-CIMS,Chao Yan,Beijing urban (BUCT),atmosphere,urban,BUCT long-term,"Daellenbach et al., 2024, Nat. Geosci.",peakList_figaero_check_particle_winter_summer_v7.db
O2S,-,63.96245,inorganic,I-,particle,FIGAERO-LTOF-CIMS,Chao Yan,Beijing urban (BUCT),atmosphere,urban,BUCT long-term,"Daellenbach et al., 2024, Nat. Geosci.",peakList_figaero_check_particle_winter_summer_v7.db
H2NO3,-,64.00402,inorganic,I-,particle,FIGAERO-LTOF-CIMS,Chao Yan,Beijing urban (BUCT),atmosphere,urban,BUCT long-term,"Daellenbach et al., 2024, Nat. Geosci.",peakList_figaero_check_particle_winter_summer_v7.db
H2O2S,-,65.97810,inorganic,I-,particle,FIGAERO-LTOF-CIMS,Chao Yan,Beijing urban (BUCT),atmosphere,urban,BUCT long-term,"Daellenbach et al., 2024, Nat. Geosci.",peakList_figaero_check_particle_winter_summer_v7.db
H2O4,-,65.99586,inorganic,I-,particle,FIGAERO-LTOF-CIMS,Chao Yan,Beijing urban (BUCT),atmosphere,urban,BUCT long-term,"Daellenbach et al., 2024, Nat. Geosci.",peakList_figaero_check_particle_winter_summer_v7.db
C4H3O,-,67.01894,organic,I-,particle,FIGAERO-LTOF-CIMS,Chao Yan,Beijing urban (BUCT),atmosphere,urban,BUCT long-term,"Daellenbach et al., 2024, Nat. Geosci.",peakList_figaero_check_particle_winter_summer_v7.db
HClO2,-,67.96706,inorganic,I-,particle,FIGAERO-LTOF-CIMS,Chao Yan,Beijing urban (BUCT),atmosphere,urban,BUCT long-term,"Daellenbach et al., 2024, Nat. Geosci.",peakList_figaero_check_particle_winter_summer_v7.db
H4O4,-,68.01151,inorganic,I-,particle,FIGAERO-LTOF-CIMS,Chao Yan,Beijing urban (BUCT),atmosphere,urban,BUCT long-term,"Daellenbach et al., 2024, Nat. Geosci.",peakList_figaero_check_particle_winter_summer_v7.db
CF3,-,68.99576,organic,I-,particle,FIGAERO-LTOF-CIMS,Chao Yan,Beijing urban (BUCT),atmosphere,urban,BUCT long-term,"Daellenbach et al., 2024, Nat. Geosci.",peakList_figaero_check_particle_winter_summer_v7.db
C3H2O2,-,70.00603,organic,I-,particle,FIGAERO-LTOF-CIMS,Chao Yan,Beijing urban (BUCT),atmosphere,urban,BUCT long-term,"Daellenbach et al., 2024, Nat. Geosci.",peakList_figaero_check_particle_winter_summer_v7.db
HCl2,-,70.94608,inorganic,I-,particle,FIGAERO-LTOF-CIMS,Chao Yan,Beijing urban (BUCT),atmosphere,urban,BUCT long-term,"Daellenbach et al., 2024, Nat. Geosci.",peakList_figaero_check_particle_winter_summer_v7.db
H4ClO2,-,70.99053,inorganic,I-,particle,FIGAERO-LTOF-CIMS,Chao Yan,Beijing urban (BUCT),atmosphere,urban,BUCT long-term,"Daellenbach et al., 2024, Nat. Geosci.",peakList_figaero_check_particle_winter_summer_v7.db
C3H3O2,-,71.01385,organic,I-,particle,FIGAERO-LTOF-CIMS,Chao Yan,Beijing urban (BUCT),atmosphere,urban,BUCT long-term,"Daellenbach et al., 2024, Nat. Geosci.",peakList_figaero_check_particle_winter_summer_v7.db
H7O4,-,71.03498,inorganic,I-,particle,FIGAERO-LTOF-CIMS,Chao Yan,Beijing urban (BUCT),atmosphere,urban,BUCT long-term,"Daellenbach et al., 2024, Nat. Geosci.",peakList_figaero_check_particle_winter_summer_v7.db
C4H7O,-,71.05024,organic,I-,particle,FIGAERO-LTOF-CIMS,Chao Yan,Beijing urban (BUCT),atmosphere,urban,BUCT long-term,"Daellenbach et al., 2024, Nat. Geosci.",peakList_figaero_check_particle_winter_summer_v7.db
C3H4O2,-,72.02168,organic,I-,particle,FIGAERO-LTOF-CIMS,Chao Yan,Beijing urban (BUCT),atmosphere,urban,BUCT long-term,"Daellenbach et al., 2024, Nat. Geosci.",peakList_figaero_check_particle_winter_summer_v7.db
C2HO3,-,72.99312,organic,I-,particle,FIGAERO-LTOF-CIMS,Chao Yan,Beijing urban (BUCT),atmosphere,urban,BUCT long-term,"Daellenbach et al., 2024, Nat. Geosci.",peakList_figaero_check_particle_winter_summer_v7.db
C3H5O2,-,73.02950,organic,I-,particle,FIGAERO-LTOF-CIMS,Chao Yan,Beijing urban (BUCT),atmosphere,urban,BUCT long-term,"Daellenbach et al., 2024, Nat. Geosci.",peakList_figaero_check_particle_winter_summer_v7.db
CHNO3,-,74.99619,organic,I-,particle,FIGAERO-LTOF-CIMS,Chao Yan,Beijing urban (BUCT),atmosphere,urban,BUCT long-term,"Daellenbach et al., 2024, Nat. Geosci.",peakList_figaero_check_particle_winter_summer_v7.db
C2H3O3,-,75.00877,organic,I-,particle,FIGAERO-LTOF-CIMS,Chao Yan,Beijing urban (BUCT),atmosphere,urban,BUCT long-term,"Daellenbach et al., 2024, Nat. Geosci.",peakList_figaero_check_particle_winter_summer_v7.db
C3H7O2,-,75.04515,organic,I-,particle,FIGAERO-LTOF-CIMS,Chao Yan,Beijing urban (BUCT),atmosphere,urban,BUCT long-term,"Daellenbach et al., 2024, Nat. Geosci.",peakList_figaero_check_particle_winter_summer_v7.db
CO4,-,75.98021,organic,I-,particle,FIGAERO-LTOF-CIMS,Chao Yan,Beijing urban (BUCT),atmosphere,urban,BUCT long-term,"Daellenbach et al., 2024, Nat. Geosci.",peakList_figaero_check_particle_winter_summer_v7.db
CHO4,-,76.98803,organic,I-,particle,FIGAERO-LTOF-CIMS,Chao Yan,Beijing urban (BUCT),atmosphere,urban,BUCT long-term,"Daellenbach et al., 2024, Nat. Geosci.",peakList_figaero_check_particle_winter_summer_v7.db
C2H5O3,-,77.02442,organic,I-,particle,FIGAERO-LTOF-CIMS,Chao Yan,Beijing urban (BUCT),atmosphere,urban,BUCT long-term,"Daellenbach et al., 2024, Nat. Geosci.",peakList_figaero_check_particle_winter_summer_v7.db
CH2O4,-,77.99586,organic,I-,particle,FIGAERO-LTOF-CIMS,Chao Yan,Beijing urban (BUCT),atmosphere,urban,BUCT long-term,"Daellenbach et al., 2024, Nat. Geosci.",peakList_figaero_check_particle_winter_summer_v7.db
Br,-,78.91889,inorganic,I-,particle,FIGAERO-LTOF-CIMS,Chao Yan,Beijing urban (BUCT),atmosphere,urban,BUCT long-term,"Daellenbach et al., 2024, Nat. Geosci.",peakList_figaero_check_particle_winter_summer_v7.db
HNO4,-,78.99111,inorganic,I-,particle,FIGAERO-LTOF-CIMS,Chao Yan,Beijing urban (BUCT),atmosphere,urban,BUCT long-term,"Daellenbach et al., 2024, Nat. Geosci.",peakList_figaero_check_particle_winter_summer_v7.db
CH3O4,-,79.00368,organic,I-,particle,FIGAERO-LTOF-CIMS,Chao Yan,Beijing urban (BUCT),atmosphere,urban,BUCT long-term,"Daellenbach et al., 2024, Nat. Geosci.",peakList_figaero_check_particle_winter_summer_v7.db
C5H3O,-,79.01894,organic,I-,particle,FIGAERO-LTOF-CIMS,Chao Yan,Beijing urban (BUCT),atmosphere,urban,BUCT long-term,"Daellenbach et al., 2024, Nat. Geosci.",peakList_figaero_check_particle_winter_summer_v7.db
OS2,-,79.93961,inorganic,I-,particle,FIGAERO-LTOF-CIMS,Chao Yan,Beijing urban (BUCT),atmosphere,urban,BUCT long-term,"Daellenbach et al., 2024, Nat. Geosci.",peakList_figaero_check_particle_winter_summer_v7.db
O3S,-,79.95736,inorganic,I-,particle,FIGAERO-LTOF-CIMS,Chao Yan,Beijing urban (BUCT),atmosphere,urban,BUCT long-term,"Daellenbach et al., 2024, Nat. Geosci.",peakList_figaero_check_particle_winter_summer_v7.db
H2NO4,-,79.99893,inorganic,I-,particle,FIGAERO-LTOF-CIMS,Chao Yan,Beijing urban (BUCT),atmosphere,urban,BUCT long-term,"Daellenbach et al., 2024, Nat. Geosci.",peakList_figaero_check_particle_winter_summer_v7.db
HO3S,-,80.96519,inorganic,I-,particle,FIGAERO-LTOF-CIMS,Chao Yan,Beijing urban (BUCT),atmosphere,urban,BUCT long-term,"Daellenbach et al., 2024, Nat. Geosci.",peakList_figaero_check_particle_winter_summer_v7.db
CH2ClO2,-,80.97488,organic,I-,particle,FIGAERO-LTOF-CIMS,Chao Yan,Beijing urban (BUCT),atmosphere,urban,BUCT long-term,"Daellenbach et al., 2024, Nat. Geosci.",peakList_figaero_check_particle_winter_summer_v7.db
C4HO2,-,80.99820,organic,I-,particle,FIGAERO-LTOF-CIMS,Chao Yan,Beijing urban (BUCT),atmosphere,urban,BUCT long-term,"Daellenbach et al., 2024, Nat. Geosci.",peakList_figaero_check_particle_winter_summer_v7.db
CH5O4,-,81.01933,organic,I-,particle,FIGAERO-LTOF-CIMS,Chao Yan,Beijing urban (BUCT),atmosphere,urban,BUCT long-term,"Daellenbach et al., 2024, Nat. Geosci.",peakList_figaero_check_particle_winter_summer_v7.db
HClNO2,-,81.97013,inorganic,I-,particle,FIGAERO-LTOF-CIMS,Chao Yan,Beijing urban (BUCT),atmosphere,urban,BUCT long-term,"Daellenbach et al., 2024, Nat. Geosci.",peakList_figaero_check_particle_winter_summer_v7.db
C4H3O2,-,83.01385,organic,I-,particle,FIGAERO-LTOF-CIMS,Chao Yan,Beijing urban (BUCT),atmosphere,urban,BUCT long-term,"Daellenbach et al., 2024, Nat. Geosci.",peakList_figaero_check_particle_winter_summer_v7.db
C5H7O,-,83.05024,organic,I-,particle,FIGAERO-LTOF-CIMS,Chao Yan,Beijing urban (BUCT),atmosphere,urban,BUCT long-term,"Daellenbach et al., 2024, Nat. Geosci.",peakList_figaero_check_particle_winter_summer_v7.db
C3H2NO2,-,84.00910,organic,I-,particle,FIGAERO-LTOF-CIMS,Chao Yan,Beijing urban (BUCT),atmosphere,urban,BUCT long-term,"Daellenbach et al., 2024, Nat. Geosci.",peakList_figaero_check_particle_winter_summer_v7.db
C4H4O2,-,84.02168,organic,I-,particle,FIGAERO-LTOF-CIMS,Chao Yan,Beijing urban (BUCT),atmosphere,urban,BUCT long-term,"Daellenbach et al., 2024, Nat. Geosci.",peakList_figaero_check_particle_winter_summer_v7.db
CF3O,-,84.99067,organic,I-,particle,FIGAERO-LTOF-CIMS,Chao Yan,Beijing urban (BUCT),atmosphere,urban,BUCT long-term,"Daellenbach et al., 2024, Nat. Geosci.",peakList_figaero_check_particle_winter_summer_v7.db
C4H5O2,-,85.02950,organic,I-,particle,FIGAERO-LTOF-CIMS,Chao Yan,Beijing urban (BUCT),atmosphere,urban,BUCT long-term,"Daellenbach et al., 2024, Nat. Geosci.",peakList_figaero_check_particle_winter_summer_v7.db
C3H2O3,-,86.00094,organic,I-,particle,FIGAERO-LTOF-CIMS,Chao Yan,Beijing urban (BUCT),atmosphere,urban,BUCT long-term,"Daellenbach et al., 2024, Nat. Geosci.",peakList_figaero_check_particle_winter_summer_v7.db
C3H4NO2,-,86.02475,organic,I-,particle,FIGAERO-LTOF-CIMS,Chao Yan,Beijing urban (BUCT),atmosphere,urban,BUCT long-term,"Daellenbach et al., 2024, Nat. Geosci.",peakList_figaero_check_particle_winter_summer_v7.db
C4H6O2,-,86.03733,organic,I-,particle,FIGAERO-LTOF-CIMS,Chao Yan,Beijing urban (BUCT),atmosphere,urban,BUCT long-term,"Daellenbach et al., 2024, Nat. Geosci.",peakList_figaero_check_particle_winter_summer_v7.db
C3H3O3,-,87.00877,organic,I-,particle,FIGAERO-LTOF-CIMS,Chao Yan,Beijing urban (BUCT),atmosphere,urban,BUCT long-term,"Daellenbach et al., 2024, Nat. Geosci.",peakList_figaero_check_particle_winter_summer_v7.db
C4H7O2,-,87.04515,organic,I-,particle,FIGAERO-LTOF-CIMS,Chao Yan,Beijing urban (BUCT),atmosphere,urban,BUCT long-term,"Daellenbach et al., 2024, Nat. Geosci.",peakList_figaero_check_particle_winter_summer_v7.db
C2S2,-,87.94469,organic,I-,particle,FIGAERO-LTOF-CIMS,Chao Yan,Beijing urban (BUCT),atmosphere,urban,BUCT long-term,"Daellenbach et al., 2024, Nat. Geosci.",peakList_figaero_check_particle_winter_summer_v7.db
C2H2NO3,-,88.00402,organic,I-,particle,FIGAERO-LTOF-CIMS,Chao Yan,Beijing urban (BUCT),atmosphere,urban,BUCT long-term,"Daellenbach et al., 2024, Nat. Geosci.",peakList_figaero_check_particle_winter_summer_v7.db
C3H6NO2,-,88.04040,organic,I-,particle,FIGAERO-LTOF-CIMS,Chao Yan,Beijing urban (BUCT),atmosphere,urban,BUCT long-term,"Daellenbach et al., 2024, Nat. Geosci.",peakList_figaero_check_particle_winter_summer_v7.db
C2HO4,-,88.98803,organic,I-,particle,FIGAERO-LTOF-CIMS,Chao Yan,Beijing urban (BUCT),atmosphere,urban,BUCT long-term,"Daellenbach et al., 2024, Nat. Geosci.",peakList_figaero_check_particle_winter_summer_v7.db
CHN2O3,-,88.99927,organic,I-,particle,FIGAERO-LTOF-CIMS,Chao Yan,Beijing urban (BUCT),atmosphere,urban,BUCT long-term,"Daellenbach et al., 2024, Nat. Geosci.",peakList_figaero_check_particle_winter_summer_v7.db
C3H5O3,-,89.02442,organic,I-,particle,FIGAERO-LTOF-CIMS,Chao Yan,Beijing urban (BUCT),atmosphere,urban,BUCT long-term,"Daellenbach et al., 2024, Nat. Geosci.",peakList_figaero_check_particle_winter_summer_v7.db
C4H9O2,-,89.06080,organic,I-,particle,FIGAERO-LTOF-CIMS,Chao Yan,Beijing urban (BUCT),atmosphere,urban,BUCT long-term,"Daellenbach et al., 2024, Nat. Geosci.",peakList_figaero_check_particle_winter_summer_v7.db
C2H2O4,-,89.99586,organic,I-,particle,FIGAERO-LTOF-CIMS,Chao Yan,Beijing urban (BUCT),atmosphere,urban,BUCT long-term,"Daellenbach et al., 2024, Nat. Geosci.",peakList_figaero_check_particle_winter_summer_v7.db
C2H3O4,-,91.00368,organic,I-,particle,FIGAERO-LTOF-CIMS,Chao Yan,Beijing urban (BUCT),atmosphere,urban,BUCT long-term,"Daellenbach et al., 2024, Nat. Geosci.",peakList_figaero_check_particle_winter_summer_v7.db
C5H3N2,-,91.03017,organic,I-,particle,FIGAERO-LTOF-CIMS,Chao Yan,Beijing urban (BUCT),atmosphere,urban,BUCT long-term,"Daellenbach et al., 2024, Nat. Geosci.",peakList_figaero_check_particle_winter_summer_v7.db
C3H7O3,-,91.04007,organic,I-,particle,FIGAERO-LTOF-CIMS,Chao Yan,Beijing urban (BUCT),atmosphere,urban,BUCT long-term,"Daellenbach et al., 2024, Nat. Geosci.",peakList_figaero_check_particle_winter_summer_v7.db
CH2NO4,-,91.99893,organic,I-,particle,FIGAERO-LTOF-CIMS,Chao Yan,Beijing urban (BUCT),atmosphere,urban,BUCT long-term,"Daellenbach et al., 2024, Nat. Geosci.",peakList_figaero_check_particle_winter_summer_v7.db
C2H4O4,-,92.01151,organic,I-,particle,FIGAERO-LTOF-CIMS,Chao Yan,Beijing urban (BUCT),atmosphere,urban,BUCT long-term,"Daellenbach et al., 2024, Nat. Geosci.",peakList_figaero_check_particle_winter_summer_v7.db
C2H2ClO2,-,92.97488,organic,I-,particle,FIGAERO-LTOF-CIMS,Chao Yan,Beijing urban (BUCT),atmosphere,urban,BUCT long-term,"Daellenbach et al., 2024, Nat. Geosci.",peakList_figaero_check_particle_winter_summer_v7.db
HN2O4,-,92.99418,inorganic,I-,particle,FIGAERO-LTOF-CIMS,Chao Yan,Beijing urban (BUCT),atmosphere,urban,BUCT long-term,"Daellenbach et al., 2024, Nat. Geosci.",peakList_figaero_check_particle_winter_summer_v7.db
C2H5O4,-,93.01933,organic,I-,particle,FIGAERO-LTOF-CIMS,Chao Yan,Beijing urban (BUCT),atmosphere,urban,BUCT long-term,"Daellenbach et al., 2024, Nat. Geosci.",peakList_figaero_check_particle_winter_summer_v7.db
C6H5O,-,93.03459,organic,I-,particle,FIGAERO-LTOF-CIMS,Chao Yan,Beijing urban (BUCT),atmosphere,urban,BUCT long-term,"Daellenbach et al., 2024, Nat. Geosci.",peakList_figaero_check_particle_winter_summer_v7.db
CH2O5,-,93.99077,organic,I-,particle,FIGAERO-LTOF-CIMS,Chao Yan,Beijing urban (BUCT),atmosphere,urban,BUCT long-term,"Daellenbach et al., 2024, Nat. Geosci.",peakList_figaero_check_particle_winter_summer_v7.db
C2H6O4,-,94.02716,organic,I-,particle,FIGAERO-LTOF-CIMS,Chao Yan,Beijing urban (BUCT),atmosphere,urban,BUCT long-term,"Daellenbach et al., 2024, Nat. Geosci.",peakList_figaero_check_particle_winter_summer_v7.db
CH3O3S,-,94.98084,organic,I-,particle,FIGAERO-LTOF-CIMS,Chao Yan,Beijing urban (BUCT),atmosphere,urban,BUCT long-term,"Daellenbach et al., 2024, Nat. Geosci.",peakList_figaero_check_particle_winter_summer_v7.db
HNO5,-,94.98602,inorganic,I-,particle,FIGAERO-LTOF-CIMS,Chao Yan,Beijing urban (BUCT),atmosphere,urban,BUCT long-term,"Daellenbach et al., 2024, Nat. Geosci.",peakList_figaero_check_particle_winter_summer_v7.db
C5H3O2,-,95.01385,organic,I-,particle,FIGAERO-LTOF-CIMS,Chao Yan,Beijing urban (BUCT),atmosphere,urban,BUCT long-term,"Daellenbach et al., 2024, Nat. Geosci.",peakList_figaero_check_particle_winter_summer_v7.db
S3,-,95.91676,inorganic,I-,particle,FIGAERO-LTOF-CIMS,Chao Yan,Beijing urban (BUCT),atmosphere,urban,BUCT long-term,"Daellenbach et al., 2024, Nat. Geosci.",peakList_figaero_check_particle_winter_summer_v7.db
O4S,-,95.95228,inorganic,I-,particle,FIGAERO-LTOF-CIMS,Chao Yan,Beijing urban (BUCT),atmosphere,urban,BUCT long-term,"Daellenbach et al., 2024, Nat. Geosci.",peakList_figaero_check_particle_winter_summer_v7.db
HO4S,-,96.96010,inorganic,I-,particle,FIGAERO-LTOF-CIMS,Chao Yan,Beijing urban (BUCT),atmosphere,urban,BUCT long-term,"Daellenbach et al., 2024, Nat. Geosci.",peakList_figaero_check_particle_winter_summer_v7.db
CH2ClO3,-,96.96980,organic,I-,particle,FIGAERO-LTOF-CIMS,Chao Yan,Beijing urban (BUCT),atmosphere,urban,BUCT long-term,"Daellenbach et al., 2024, Nat. Geosci.",peakList_figaero_check_particle_winter_summer_v7.db
C5H5O2,-,97.02950,organic,I-,particle,FIGAERO-LTOF-CIMS,Chao Yan,Beijing urban (BUCT),atmosphere,urban,BUCT long-term,"Daellenbach et al., 2024, Nat. Geosci.",peakList_figaero_check_particle_winter_summer_v7.db
HClNO3,-,97.96504,inorganic,I-,particle,FIGAERO-LTOF-CIMS,Chao Yan,Beijing urban (BUCT),atmosphere,urban,BUCT long-term,"Daellenbach et al., 2024, Nat. Geosci.",peakList_figaero_check_particle_winter_summer_v7.db
C4H2O3,-,98.00094,organic,I-,particle,FIGAERO-LTOF-CIMS,Chao Yan,Beijing urban (BUCT),atmosphere,urban,BUCT long-term,"Daellenbach et al., 2024, Nat. Geosci.",peakList_figaero_check_particle_winter_summer_v7.db
C4H4NO2,-,98.02475,organic,I-,particle,FIGAERO-LTOF-CIMS,Chao Yan,Beijing urban (BUCT),atmosphere,urban,BUCT long-term,"Daellenbach et al., 2024, Nat. Geosci.",peakList_figaero_check_particle_winter_summer_v7.db
C5H6O2,-,98.03733,organic,I-,particle,FIGAERO-LTOF-CIMS,Chao Yan,Beijing urban (BUCT),atmosphere,urban,BUCT long-term,"Daellenbach et al., 2024, Nat. Geosci.",peakList_figaero_check_particle_winter_summer_v7.db
ClO2S,-,98.93130,inorganic,I-,particle,FIGAERO-LTOF-CIMS,Chao Yan,Beijing urban (BUCT),atmosphere,urban,BUCT long-term,"Daellenbach et al., 2024, Nat. Geosci.",peakList_figaero_check_particle_winter_summer_v7.db
H3O4S,-,98.97575,inorganic,I-,particle,FIGAERO-LTOF-CIMS,Chao Yan,Beijing urban (BUCT),atmosphere,urban,BUCT long-term,"Daellenbach et al., 2024, Nat. Geosci.",peakList_figaero_check_particle_winter_summer_v7.db
C4H3O3,-,99.00877,organic,I-,particle,FIGAERO-LTOF-CIMS,Chao Yan,Beijing urban (BUCT),atmosphere,urban,BUCT long-term,"Daellenbach et al., 2024, Nat. Geosci.",peakList_figaero_check_particle_winter_summer_v7.db
C5H7O2,-,99.04515,organic,I-,particle,FIGAERO-LTOF-CIMS,Chao Yan,Beijing urban (BUCT),atmosphere,urban,BUCT long-term,"Daellenbach et al., 2024, Nat. Geosci.",peakList_figaero_check_particle_winter_summer_v7.db
C6H11O,-,99.08154,organic,I-,particle,FIGAERO-LTOF-CIMS,Chao Yan,Beijing urban (BUCT),atmosphere,urban,BUCT long-term,"Daellenbach et al., 2024, Nat. Geosci.",peakList_figaero_check_particle_winter_summer_v7.db
C3H2NO3,-,100.00402,organic,I-,particle,FIGAERO-LTOF-CIMS,Chao Yan,Beijing urban (BUCT),atmosphere,urban,BUCT long-term,"Daellenbach et al., 2024, Nat. Geosci.",peakList_figaero_check_particle_winter_summer_v7.db
C4H4O3,-,100.01659,organic,I-,particle,FIGAERO-LTOF-CIMS,Chao Yan,Beijing urban (BUCT),atmosphere,urban,BUCT long-term,"Daellenbach et al., 2024, Nat. Geosci.",peakList_figaero_check_particle_winter_summer_v7.db
C4H6NO2,-,100.04040,organic,I-,particle,FIGAERO-LTOF-CIMS,Chao Yan,Beijing urban (BUCT),atmosphere,urban,BUCT long-term,"Daellenbach et al., 2024, Nat. Geosci.",peakList_figaero_check_particle_winter_summer_v7.db
C4H5O3,-,101.02442,organic,I-,particle,FIGAERO-LTOF-CIMS,Chao Yan,Beijing urban (BUCT),atmosphere,urban,BUCT long-term,"Daellenbach et al., 2024, Nat. Geosci.",peakList_figaero_check_particle_winter_summer_v7.db
C5H9O2,-,101.06080,organic,I-,particle,FIGAERO-LTOF-CIMS,Chao Yan,Beijing urban (BUCT),atmosphere,urban,BUCT long-term,"Daellenbach et al., 2024, Nat. Geosci.",peakList_figaero_check_particle_winter_summer_v7.db
C3H2O4,-,101.99586,organic,I-,particle,FIGAERO-LTOF-CIMS,Chao Yan,Beijing urban (BUCT),atmosphere,urban,BUCT long-term,"Daellenbach et al., 2024, Nat. Geosci.",peakList_figaero_check_particle_winter_summer_v7.db
C3H4NO3,-,102.01967,organic,I-,particle,FIGAERO-LTOF-CIMS,Chao Yan,Beijing urban (BUCT),atmosphere,urban,BUCT long-term,"Daellenbach et al., 2024, Nat. Geosci.",peakList_figaero_check_particle_winter_summer_v7.db
C4H6O3,-,102.03224,organic,I-,particle,FIGAERO-LTOF-CIMS,Chao Yan,Beijing urban (BUCT),atmosphere,urban,BUCT long-term,"Daellenbach et al., 2024, Nat. Geosci.",peakList_figaero_check_particle_winter_summer_v7.db
C3H3O4,-,103.00368,organic,I-,particle,FIGAERO-LTOF-CIMS,Chao Yan,Beijing urban (BUCT),atmosphere,urban,BUCT long-term,"Daellenbach et al., 2024, Nat. Geosci.",peakList_figaero_check_particle_winter_summer_v7.db
C4H7O3,-,103.04007,organic,I-,particle,FIGAERO-LTOF-CIMS,Chao Yan,Beijing urban (BUCT),atmosphere,urban,BUCT long-term,"Daellenbach et al., 2024, Nat. Geosci.",peakList_figaero_check_particle_winter_summer_v7.db
C5H11O2,-,103.07645,organic,I-,particle,FIGAERO-LTOF-CIMS,Chao Yan,Beijing urban (BUCT),atmosphere,urban,BUCT long-term,"Daellenbach et al., 2024, Nat. Geosci.",peakList_figaero_check_particle_winter_summer_v7.db
C2H2NO4,-,103.99893,organic,I-,particle,FIGAERO-LTOF-CIMS,Chao Yan,Beijing urban (BUCT),atmosphere,urban,BUCT long-term,"Daellenbach et al., 2024, Nat. Geosci.",peakList_figaero_check_particle_winter_summer_v7.db
C3H4O4,-,104.01151,organic,I-,particle,FIGAERO-LTOF-CIMS,Chao Yan,Beijing urban (BUCT),atmosphere,urban,BUCT long-term,"Daellenbach et al., 2024, Nat. Geosci.",peakList_figaero_check_particle_winter_summer_v7.db
C2HO5,-,104.98295,organic,I-,particle,FIGAERO-LTOF-CIMS,Chao Yan,Beijing urban (BUCT),atmosphere,urban,BUCT long-term,"Daellenbach et al., 2024, Nat. Geosci.",peakList_figaero_check_particle_winter_summer_v7.db
CHN2O4,-,104.99418,organic,I-,particle,FIGAERO-LTOF-CIMS,Chao Yan,Beijing urban (BUCT),atmosphere,urban,BUCT long-term,"Daellenbach et al., 2024, Nat. Geosci.",peakList_figaero_check_particle_winter_summer_v7.db
C3H5O4,-,105.01933,organic,I-,particle,FIGAERO-LTOF-CIMS,Chao Yan,Beijing urban (BUCT),atmosphere,urban,BUCT long-term,"Daellenbach et al., 2024, Nat. Geosci.",peakList_figaero_check_particle_winter_summer_v7.db
C4H9O3,-,105.05572,organic,I-,particle,FIGAERO-LTOF-CIMS,Chao Yan,Beijing urban (BUCT),atmosphere,urban,BUCT long-term,"Daellenbach et al., 2024, Nat. Geosci.",peakList_figaero_check_particle_winter_summer_v7.db
CNO3S,-,105.96044,organic,I-,particle,FIGAERO-LTOF-CIMS,Chao Yan,Beijing urban (BUCT),atmosphere,urban,BUCT long-term,"Daellenbach et al., 2024, Nat. Geosci.",peakList_figaero_check_particle_winter_summer_v7.db
C2H4NO4,-,106.01458,organic,I-,particle,FIGAERO-LTOF-CIMS,Chao Yan,Beijing urban (BUCT),atmosphere,urban,BUCT long-term,"Daellenbach et al., 2024, Nat. Geosci.",peakList_figaero_check_particle_winter_summer_v7.db
C3H6O4,-,106.02716,organic,I-,particle,FIGAERO-LTOF-CIMS,Chao Yan,Beijing urban (BUCT),atmosphere,urban,BUCT long-term,"Daellenbach et al., 2024, Nat. Geosci.",peakList_figaero_check_particle_winter_summer_v7.db
C4H10O3,-,106.06354,organic,I-,particle,FIGAERO-LTOF-CIMS,Chao Yan,Beijing urban (BUCT),atmosphere,urban,BUCT long-term,"Daellenbach et al., 2024, Nat. Geosci.",peakList_figaero_check_particle_winter_summer_v7.db
C2H3O5,-,106.99860,organic,I-,particle,FIGAERO-LTOF-CIMS,Chao Yan,Beijing urban (BUCT),atmosphere,urban,BUCT long-term,"Daellenbach et al., 2024, Nat. Geosci.",peakList_figaero_check_particle_winter_summer_v7.db
C3H7O4,-,107.03498,organic,I-,particle,FIGAERO-LTOF-CIMS,Chao Yan,Beijing urban (BUCT),atmosphere,urban,BUCT long-term,"Daellenbach et al., 2024, Nat. Geosci.",peakList_figaero_check_particle_winter_summer_v7.db
CH2NO5,-,107.99385,organic,I-,particle,FIGAERO-LTOF-CIMS,Chao Yan,Beijing urban (BUCT),atmosphere,urban,BUCT long-term,"Daellenbach et al., 2024, Nat. Geosci.",peakList_figaero_check_particle_winter_summer_v7.db
C6H4O2,-,108.02168,organic,I-,particle,FIGAERO-LTOF-CIMS,Chao Yan,Beijing urban (BUCT),atmosphere,urban,BUCT long-term,"Daellenbach et al., 2024, Nat. Geosci.",peakList_figaero_check_particle_winter_summer_v7.db
C3H8O4,-,108.04281,organic,I-,particle,FIGAERO-LTOF-CIMS,Chao Yan,Beijing urban (BUCT),atmosphere,urban,BUCT long-term,"Daellenbach et al., 2024, Nat. Geosci.",peakList_figaero_check_particle_winter_summer_v7.db
HN2O5,-,108.98909,inorganic,I-,particle,FIGAERO-LTOF-CIMS,Chao Yan,Beijing urban (BUCT),atmosphere,urban,BUCT long-term,"Daellenbach et al., 2024, Nat. Geosci.",peakList_figaero_check_particle_winter_summer_v7.db
C6H5O2,-,109.02950,organic,I-,particle,FIGAERO-LTOF-CIMS,Chao Yan,Beijing urban (BUCT),atmosphere,urban,BUCT long-term,"Daellenbach et al., 2024, Nat. Geosci.",peakList_figaero_check_particle_winter_summer_v7.db
C7H9O,-,109.06589,organic,I-,particle,FIGAERO-LTOF-CIMS,Chao Yan,Beijing urban (BUCT),atmosphere,urban,BUCT long-term,"Daellenbach et al., 2024, Nat. Geosci.",peakList_figaero_check_particle_winter_summer_v7.db
C5H4NO2,-,110.02475,organic,I-,particle,FIGAERO-LTOF-CIMS,Chao Yan,Beijing urban (BUCT),atmosphere,urban,BUCT long-term,"Daellenbach et al., 2024, Nat. Geosci.",peakList_figaero_check_particle_winter_summer_v7.db
CH3O4S,-,110.97575,organic,I-,particle,FIGAERO-LTOF-CIMS,Chao Yan,Beijing urban (BUCT),atmosphere,urban,BUCT long-term,"Daellenbach et al., 2024, Nat. Geosci.",peakList_figaero_check_particle_winter_summer_v7.db
C5H3O3,-,111.00877,organic,I-,particle,FIGAERO-LTOF-CIMS,Chao Yan,Beijing urban (BUCT),atmosphere,urban,BUCT long-term,"Daellenbach et al., 2024, Nat. Geosci.",peakList_figaero_check_particle_winter_summer_v7.db
C6H7O2,-,111.04515,organic,I-,particle,FIGAERO-LTOF-CIMS,Chao Yan,Beijing urban (BUCT),atmosphere,urban,BUCT long-term,"Daellenbach et al., 2024, Nat. Geosci.",peakList_figaero_check_particle_winter_summer_v7.db
O5S,-,111.94719,inorganic,I-,particle,FIGAERO-LTOF-CIMS,Chao Yan,Beijing urban (BUCT),atmosphere,urban,BUCT long-term,"Daellenbach et al., 2024, Nat. Geosci.",peakList_figaero_check_particle_winter_summer_v7.db
C5H6NO2,-,112.04040,organic,I-,particle,FIGAERO-LTOF-CIMS,Chao Yan,Beijing urban (BUCT),atmosphere,urban,BUCT long-term,"Daellenbach et al., 2024, Nat. Geosci.",peakList_figaero_check_particle_winter_summer_v7.db
C2F3O2,-,112.98559,organic,I-,particle,FIGAERO-LTOF-CIMS,Chao Yan,Beijing urban (BUCT),atmosphere,urban,BUCT long-term,"Daellenbach et al., 2024, Nat. Geosci.",peakList_figaero_check_particle_winter_summer_v7.db
C5H5O3,-,113.02442,organic,I-,particle,FIGAERO-LTOF-CIMS,Chao Yan,Beijing urban (BUCT),atmosphere,urban,BUCT long-term,"Daellenbach et al., 2024, Nat. Geosci.",peakList_figaero_check_particle_winter_summer_v7.db
C4H4NO3,-,114.01967,organic,I-,particle,FIGAERO-LTOF-CIMS,Chao Yan,Beijing urban (BUCT),atmosphere,urban,BUCT long-term,"Daellenbach et al., 2024, Nat. Geosci.",peakList_figaero_check_particle_winter_summer_v7.db
C5H6O3,-,114.03224,organic,I-,particle,FIGAERO-LTOF-CIMS,Chao Yan,Beijing urban (BUCT),atmosphere,urban,BUCT long-term,"Daellenbach et al., 2024, Nat. Geosci.",peakList_figaero_check_particle_winter_summer_v7.db
ClO3S,-,114.92622,inorganic,I-,particle,FIGAERO-LTOF-CIMS,Chao Yan,Beijing urban (BUCT),atmosphere,urban,BUCT long-term,"Daellenbach et al., 2024, Nat. Geosci.",peakList_figaero_check_particle_winter_summer_v7.db
H3O5S,-,114.97067,inorganic,I-,particle,FIGAERO-LTOF-CIMS,Chao Yan,Beijing urban (BUCT),atmosphere,urban,BUCT long-term,"Daellenbach et al., 2024, Nat. Geosci.",peakList_figaero_check_particle_winter_summer_v7.db
C4H3O4,-,115.00368,organic,I-,particle,FIGAERO-LTOF-CIMS,Chao Yan,Beijing urban (BUCT),atmosphere,urban,BUCT long-term,"Daellenbach et al., 2024, Nat. Geosci.",peakList_figaero_check_particle_winter_summer_v7.db
C5H7O3,-,115.04007,organic,I-,particle,FIGAERO-LTOF-CIMS,Chao Yan,Beijing urban (BUCT),atmosphere,urban,BUCT long-term,"Daellenbach et al., 2024, Nat. Geosci.",peakList_figaero_check_particle_winter_summer_v7.db
C6H11O2,-,115.07645,organic,I-,particle,FIGAERO-LTOF-CIMS,Chao Yan,Beijing urban (BUCT),atmosphere,urban,BUCT long-term,"Daellenbach et al., 2024, Nat. Geosci.",peakList_figaero_check_particle_winter_summer_v7.db
C3H2NO4,-,115.99893,organic,I-,particle,FIGAERO-LTOF-CIMS,Chao Yan,Beijing urban (BUCT),atmosphere,urban,BUCT long-term,"Daellenbach et al., 2024, Nat. Geosci.",peakList_figaero_check_particle_winter_summer_v7.db
C4H4O4,-,116.01151,organic,I-,particle,FIGAERO-LTOF-CIMS,Chao Yan,Beijing urban (BUCT),atmosphere,urban,BUCT long-term,"Daellenbach et al., 2024, Nat. Geosci.",peakList_figaero_check_particle_winter_summer_v7.db
C4H6NO3,-,116.03532,organic,I-,particle,FIGAERO-LTOF-CIMS,Chao Yan,Beijing urban (BUCT),atmosphere,urban,BUCT long-term,"Daellenbach et al., 2024, Nat. Geosci.",peakList_figaero_check_particle_winter_summer_v7.db
C4H5O4,-,117.01933,organic,I-,particle,FIGAERO-LTOF-CIMS,Chao Yan,Beijing urban (BUCT),atmosphere,urban,BUCT long-term,"Daellenbach et al., 2024, Nat. Geosci.",peakList_figaero_check_particle_winter_summer_v7.db
C4H6FN2O,-,117.04696,organic,I-,particle,FIGAERO-LTOF-CIMS,Chao Yan,Beijing urban (BUCT),atmosphere,urban,BUCT long-term,"Daellenbach et al., 2024, Nat. Geosci.",peakList_figaero_check_particle_winter_summer_v7.db
C5H9O3,-,117.05572,organic,I-,particle,FIGAERO-LTOF-CIMS,Chao Yan,Beijing urban (BUCT),atmosphere,urban,BUCT long-term,"Daellenbach et al., 2024, Nat. Geosci.",peakList_figaero_check_particle_winter_summer_v7.db
C3H4NO4,-,118.01458,organic,I-,particle,FIGAERO-LTOF-CIMS,Chao Yan,Beijing urban (BUCT),atmosphere,urban,BUCT long-term,"Daellenbach et al., 2024, Nat. Geosci.",peakList_figaero_check_particle_winter_summer_v7.db
C4H6O4,-,118.02716,organic,I-,particle,FIGAERO-LTOF-CIMS,Chao Yan,Beijing urban (BUCT),atmosphere,urban,BUCT long-term,"Daellenbach et al., 2024, Nat. Geosci.",peakList_figaero_check_particle_winter_summer_v7.db
C4H7O4,-,119.03498,organic,I-,particle,FIGAERO-LTOF-CIMS,Chao Yan,Beijing urban (BUCT),atmosphere,urban,BUCT long-term,"Daellenbach et al., 2024, Nat. Geosci.",peakList_figaero_check_particle_winter_summer_v7.db
C5H11O3,-,119.07137,organic,I-,particle,FIGAERO-LTOF-CIMS,Chao Yan,Beijing urban (BUCT),atmosphere,urban,BUCT long-term,"Daellenbach et al., 2024, Nat. Geosci.",peakList_figaero_check_particle_winter_summer_v7.db
C2H2NO5,-,119.99385,organic,I-,particle,FIGAERO-LTOF-CIMS,Chao Yan,Beijing urban (BUCT),atmosphere,urban,BUCT long-term,"Daellenbach et al., 2024, Nat. Geosci.",peakList_figaero_check_particle_winter_summer_v7.db
C3H4O5,-,120.00642,organic,I-,particle,FIGAERO-LTOF-CIMS,Chao Yan,Beijing urban (BUCT),atmosphere,urban,BUCT long-term,"Daellenbach et al., 2024, Nat. Geosci.",peakList_figaero_check_particle_winter_summer_v7.db
C4H8O4,-,120.04281,organic,I-,particle,FIGAERO-LTOF-CIMS,Chao Yan,Beijing urban (BUCT),atmosphere,urban,BUCT long-term,"Daellenbach et al., 2024, Nat. Geosci.",peakList_figaero_check_particle_winter_summer_v7.db
C3H5O5,-,121.01425,organic,I-,particle,FIGAERO-LTOF-CIMS,Chao Yan,Beijing urban (BUCT),atmosphere,urban,BUCT long-term,"Daellenbach et al., 2024, Nat. Geosci.",peakList_figaero_check_particle_winter_summer_v7.db
C7H5O2,-,121.02950,organic,I-,particle,FIGAERO-LTOF-CIMS,Chao Yan,Beijing urban (BUCT),atmosphere,urban,BUCT long-term,"Daellenbach et al., 2024, Nat. Geosci.",peakList_figaero_check_particle_winter_summer_v7.db
C4H9O4,-,121.05063,organic,I-,particle,FIGAERO-LTOF-CIMS,Chao Yan,Beijing urban (BUCT),atmosphere,urban,BUCT long-term,"Daellenbach et al., 2024, Nat. Geosci.",peakList_figaero_check_particle_winter_summer_v7.db
C2H2O6,-,121.98569,organic,I-,particle,FIGAERO-LTOF-CIMS,Chao Yan,Beijing urban (BUCT),atmosphere,urban,BUCT long-term,"Daellenbach et al., 2024, Nat. Geosci.",peakList_figaero_check_particle_winter_summer_v7.db
C2H4NO5,-,122.00950,organic,I-,particle,FIGAERO-LTOF-CIMS,Chao Yan,Beijing urban (BUCT),atmosphere,urban,BUCT long-term,"Daellenbach et al., 2024, Nat. Geosci.",peakList_figaero_check_particle_winter_summer_v7.db
C3H6O5,-,122.02207,organic,I-,particle,FIGAERO-LTOF-CIMS,Chao Yan,Beijing urban (BUCT),atmosphere,urban,BUCT long-term,"Daellenbach et al., 2024, Nat. Geosci.",peakList_figaero_check_particle_winter_summer_v7.db
C4H10O4,-,122.05846,organic,I-,particle,FIGAERO-LTOF-CIMS,Chao Yan,Beijing urban (BUCT),atmosphere,urban,BUCT long-term,"Daellenbach et al., 2024, Nat. Geosci.",peakList_figaero_check_particle_winter_summer_v7.db
CHNO6,-,122.98094,organic,I-,particle,FIGAERO-LTOF-CIMS,Chao Yan,Beijing urban (BUCT),atmosphere,urban,BUCT long-term,"Daellenbach et al., 2024, Nat. Geosci.",peakList_figaero_check_particle_winter_summer_v7.db
C2H3O6,-,122.99351,organic,I-,particle,FIGAERO-LTOF-CIMS,Chao Yan,Beijing urban (BUCT),atmosphere,urban,BUCT long-term,"Daellenbach et al., 2024, Nat. Geosci.",peakList_figaero_check_particle_winter_summer_v7.db
C5HNO3,-,122.99619,organic,I-,particle,FIGAERO-LTOF-CIMS,Chao Yan,Beijing urban (BUCT),atmosphere,urban,BUCT long-term,"Daellenbach et al., 2024, Nat. Geosci.",peakList_figaero_check_particle_winter_summer_v7.db
C6H3O3,-,123.00877,organic,I-,particle,FIGAERO-LTOF-CIMS,Chao Yan,Beijing urban (BUCT),atmosphere,urban,BUCT long-term,"Daellenbach et al., 2024, Nat. Geosci.",peakList_figaero_check_particle_winter_summer_v7.db
C3H7O5,-,123.02990,organic,I-,particle,FIGAERO-LTOF-CIMS,Chao Yan,Beijing urban (BUCT),atmosphere,urban,BUCT long-term,"Daellenbach et al., 2024, Nat. Geosci.",peakList_figaero_check_particle_winter_summer_v7.db
CH2NO6,-,123.98876,organic,I-,particle,FIGAERO-LTOF-CIMS,Chao Yan,Beijing urban (BUCT),atmosphere,urban,BUCT long-term,"Daellenbach et al., 2024, Nat. Geosci.",peakList_figaero_check_particle_winter_summer_v7.db
C6H4O3,-,124.01659,organic,I-,particle,FIGAERO-LTOF-CIMS,Chao Yan,Beijing urban (BUCT),atmosphere,urban,BUCT long-term,"Daellenbach et al., 2024, Nat. Geosci.",peakList_figaero_check_particle_winter_summer_v7.db
C3H8O5,-,124.03772,organic,I-,particle,FIGAERO-LTOF-CIMS,Chao Yan,Beijing urban (BUCT),atmosphere,urban,BUCT long-term,"Daellenbach et al., 2024, Nat. Geosci.",peakList_figaero_check_particle_winter_summer_v7.db
HN2O6,-,124.98401,inorganic,I-,particle,FIGAERO-LTOF-CIMS,Chao Yan,Beijing urban (BUCT),atmosphere,urban,BUCT long-term,"Daellenbach et al., 2024, Nat. Geosci.",peakList_figaero_check_particle_winter_summer_v7.db
C6H6O3,-,126.03224,organic,I-,particle,FIGAERO-LTOF-CIMS,Chao Yan,Beijing urban (BUCT),atmosphere,urban,BUCT long-term,"Daellenbach et al., 2024, Nat. Geosci.",peakList_figaero_check_particle_winter_summer_v7.db
I,-,126.90502,reagent,I-,particle,FIGAERO-LTOF-CIMS,Chao Yan,Beijing urban (BUCT),atmosphere,urban,BUCT long-term,"Daellenbach et al., 2024, Nat. Geosci.",peakList_figaero_check_particle_winter_summer_v7.db
C5H5O4,-,129.01933,organic,I-,particle,FIGAERO-LTOF-CIMS,Chao Yan,Beijing urban (BUCT),atmosphere,urban,BUCT long-term,"Daellenbach et al., 2024, Nat. Geosci.",peakList_figaero_check_particle_winter_summer_v7.db
C4H3O5,-,130.99860,organic,I-,particle,FIGAERO-LTOF-CIMS,Chao Yan,Beijing urban (BUCT),atmosphere,urban,BUCT long-term,"Daellenbach et al., 2024, Nat. Geosci.",peakList_figaero_check_particle_winter_summer_v7.db
C5H7O4,-,131.03498,organic,I-,particle,FIGAERO-LTOF-CIMS,Chao Yan,Beijing urban (BUCT),atmosphere,urban,BUCT long-term,"Daellenbach et al., 2024, Nat. Geosci.",peakList_figaero_check_particle_winter_summer_v7.db
C6H11O3,-,131.07137,organic,I-,particle,FIGAERO-LTOF-CIMS,Chao Yan,Beijing urban (BUCT),atmosphere,urban,BUCT long-term,"Daellenbach et al., 2024, Nat. Geosci.",peakList_figaero_check_particle_winter_summer_v7.db
C4H5O5,-,133.01425,organic,I-,particle,FIGAERO-LTOF-CIMS,Chao Yan,Beijing urban (BUCT),atmosphere,urban,BUCT long-term,"Daellenbach et al., 2024, Nat. Geosci.",peakList_figaero_check_particle_winter_summer_v7.db
C5H9O4,-,133.05063,organic,I-,particle,FIGAERO-LTOF-CIMS,Chao Yan,Beijing urban (BUCT),atmosphere,urban,BUCT long-term,"Daellenbach et al., 2024, Nat. Geosci.",peakList_figaero_check_particle_winter_summer_v7.db
C4H6O5,-,134.02207,organic,I-,particle,FIGAERO-LTOF-CIMS,Chao Yan,Beijing urban (BUCT),atmosphere,urban,BUCT long-term,"Daellenbach et al., 2024, Nat. Geosci.",peakList_figaero_check_particle_winter_summer_v7.db
C5H10O4,-,134.05846,organic,I-,particle,FIGAERO-LTOF-CIMS,Chao Yan,Beijing urban (BUCT),atmosphere,urban,BUCT long-term,"Daellenbach et al., 2024, Nat. Geosci.",peakList_figaero_check_particle_winter_summer_v7.db
C4H7O5,-,135.02990,organic,I-,particle,FIGAERO-LTOF-CIMS,Chao Yan,Beijing urban (BUCT),atmosphere,urban,BUCT long-term,"Daellenbach et al., 2024, Nat. Geosci.",peakList_figaero_check_particle_winter_summer_v7.db
C5H11O4,-,135.06628,organic,I-,particle,FIGAERO-LTOF-CIMS,Chao Yan,Beijing urban (BUCT),atmosphere,urban,BUCT long-term,"Daellenbach et al., 2024, Nat. Geosci.",peakList_figaero_check_particle_winter_summer_v7.db
C3H5O6,-,137.00916,organic,I-,particle,FIGAERO-LTOF-CIMS,Chao Yan,Beijing urban (BUCT),atmosphere,urban,BUCT long-term,"Daellenbach et al., 2024, Nat. Geosci.",peakList_figaero_check_particle_winter_summer_v7.db
C4H9O5,-,137.04555,organic,I-,particle,FIGAERO-LTOF-CIMS,Chao Yan,Beijing urban (BUCT),atmosphere,urban,BUCT long-term,"Daellenbach et al., 2024, Nat. Geosci.",peakList_figaero_check_particle_winter_summer_v7.db
C6H4NO3,-,138.01967,organic,I-,particle,FIGAERO-LTOF-CIMS,Chao Yan,Beijing urban (BUCT),atmosphere,urban,BUCT long-term,"Daellenbach et al., 2024, Nat. Geosci.",peakList_figaero_check_particle_winter_summer_v7.db
C4H10O5,-,138.05337,organic,I-,particle,FIGAERO-LTOF-CIMS,Chao Yan,Beijing urban (BUCT),atmosphere,urban,BUCT long-term,"Daellenbach et al., 2024, Nat. Geosci.",peakList_figaero_check_particle_winter_summer_v7.db
C6H3O4,-,139.00368,organic,I-,particle,FIGAERO-LTOF-CIMS,Chao Yan,Beijing urban (BUCT),atmosphere,urban,BUCT long-term,"Daellenbach et al., 2024, Nat. Geosci.",peakList_figaero_check_particle_winter_summer_v7.db
C7H7O3,-,139.04007,organic,I-,particle,FIGAERO-LTOF-CIMS,Chao Yan,Beijing urban (BUCT),atmosphere,urban,BUCT long-term,"Daellenbach et al., 2024, Nat. Geosci.",peakList_figaero_check_particle_winter_summer_v7.db
C8H11O2,-,139.07645,organic,I-,particle,FIGAERO-LTOF-CIMS,Chao Yan,Beijing urban (BUCT),atmosphere,urban,BUCT long-term,"Daellenbach et al., 2024, Nat. Geosci.",peakList_figaero_check_particle_winter_summer_v7.db
C9H15O,-,139.11284,organic,I-,particle,FIGAERO-LTOF-CIMS,Chao Yan,Beijing urban (BUCT),atmosphere,urban,BUCT long-term,"Daellenbach et al., 2024, Nat. Geosci.",peakList_figaero_check_particle_winter_summer_v7.db
C6H4O4,-,140.01151,organic,I-,particle,FIGAERO-LTOF-CIMS,Chao Yan,Beijing urban (BUCT),atmosphere,urban,BUCT long-term,"Daellenbach et al., 2024, Nat. Geosci.",peakList_figaero_check_particle_winter_summer_v7.db
C3H8O6,-,140.03264,organic,I-,particle,FIGAERO-LTOF-CIMS,Chao Yan,Beijing urban (BUCT),atmosphere,urban,BUCT long-term,"Daellenbach et al., 2024, Nat. Geosci.",peakList_figaero_check_particle_winter_summer_v7.db
HN2O7,-,140.97892,inorganic,I-,particle,FIGAERO-LTOF-CIMS,Chao Yan,Beijing urban (BUCT),atmosphere,urban,BUCT long-term,"Daellenbach et al., 2024, Nat. Geosci.",peakList_figaero_check_particle_winter_summer_v7.db
C6H5O4,-,141.01933,organic,I-,particle,FIGAERO-LTOF-CIMS,Chao Yan,Beijing urban (BUCT),atmosphere,urban,BUCT long-term,"Daellenbach et al., 2024, Nat. Geosci.",peakList_figaero_check_particle_winter_summer_v7.db
C7H9O3,-,141.05572,organic,I-,particle,FIGAERO-LTOF-CIMS,Chao Yan,Beijing urban (BUCT),atmosphere,urban,BUCT long-term,"Daellenbach et al., 2024, Nat. Geosci.",peakList_figaero_check_particle_winter_summer_v7.db
C8H13O2,-,141.09210,organic,I-,particle,FIGAERO-LTOF-CIMS,Chao Yan,Beijing urban (BUCT),atmosphere,urban,BUCT long-term,"Daellenbach et al., 2024, Nat. Geosci.",peakList_figaero_check_particle_winter_summer_v7.db
NO6S,-,141.94518,inorganic,I-,particle,FIGAERO-LTOF-CIMS,Chao Yan,Beijing urban (BUCT),atmosphere,urban,BUCT long-term,"Daellenbach et al., 2024, Nat. Geosci.",peakList_figaero_check_particle_winter_summer_v7.db
IO,-,142.89994,inorganic,I-,particle,FIGAERO-LTOF-CIMS,Chao Yan,Beijing urban (BUCT),atmosphere,urban,BUCT long-term,"Daellenbach et al., 2024, Nat. Geosci.",peakList_figaero_check_particle_winter_summer_v7.db
C5H3O5,-,142.99860,organic,I-,particle,FIGAERO-LTOF-CIMS,Chao Yan,Beijing urban (BUCT),atmosphere,urban,BUCT long-term,"Daellenbach et al., 2024, Nat. Geosci.",peakList_figaero_check_particle_winter_summer_v7.db
C6H7O4,-,143.03498,organic,I-,particle,FIGAERO-LTOF-CIMS,Chao Yan,Beijing urban (BUCT),atmosphere,urban,BUCT long-term,"Daellenbach et al., 2024, Nat. Geosci.",peakList_figaero_check_particle_winter_summer_v7.db
C7H11O3,-,143.07137,organic,I-,particle,FIGAERO-LTOF-CIMS,Chao Yan,Beijing urban (BUCT),atmosphere,urban,BUCT long-term,"Daellenbach et al., 2024, Nat. Geosci.",peakList_figaero_check_particle_winter_summer_v7.db
C8H15O2,-,143.10775,organic,I-,particle,FIGAERO-LTOF-CIMS,Chao Yan,Beijing urban (BUCT),atmosphere,urban,BUCT long-term,"Daellenbach et al., 2024, Nat. Geosci.",peakList_figaero_check_particle_winter_summer_v7.db
H2IO,-,144.91559,reagent,I-,particle,FIGAERO-LTOF-CIMS,Chao Yan,Beijing urban (BUCT),atmosphere,urban,BUCT long-term,"Daellenbach et al., 2024, Nat. Geosci.",peakList_figaero_check_particle_winter_summer_v7.db
F6S,-,145.96304,inorganic,I-,particle,FIGAERO-LTOF-CIMS,Chao Yan,Beijing urban (BUCT),atmosphere,urban,BUCT long-term,"Daellenbach et al., 2024, Nat. Geosci.",peakList_figaero_check_particle_winter_summer_v7.db
C5H6O5,-,146.02207,organic,I-,particle,FIGAERO-LTOF-CIMS,Chao Yan,Beijing urban (BUCT),atmosphere,urban,BUCT long-term,"Daellenbach et al., 2024, Nat. Geosci.",peakList_figaero_check_particle_winter_summer_v7.db
C5H5FNO3,-,146.02589,organic,I-,particle,FIGAERO-LTOF-CIMS,Chao Yan,Beijing urban (BUCT),atmosphere,urban,BUCT long-term,"Daellenbach et al., 2024, Nat. Geosci.",peakList_figaero_check_particle_winter_summer_v7.db
HFI,-,146.91125,inorganic,I-,particle,FIGAERO-LTOF-CIMS,Chao Yan,Beijing urban (BUCT),atmosphere,urban,BUCT long-term,"Daellenbach et al., 2024, Nat. Geosci.",peakList_figaero_check_particle_winter_summer_v7.db
C5H4ClO3,-,146.98545,organic,I-,particle,FIGAERO-LTOF-CIMS,Chao Yan,Beijing urban (BUCT),atmosphere,urban,BUCT long-term,"Daellenbach et al., 2024, Nat. Geosci.",peakList_figaero_check_particle_winter_summer_v7.db
C3H3N2O5,-,147.00474,organic,I-,particle,FIGAERO-LTOF-CIMS,Chao Yan,Beijing urban (BUCT),atmosphere,urban,BUCT long-term,"Daellenbach et al., 2024, Nat. Geosci.",peakList_figaero_check_particle_winter_summer_v7.db
C5H7O5,-,147.02990,organic,I-,particle,FIGAERO-LTOF-CIMS,Chao Yan,Beijing urban (BUCT),atmosphere,urban,BUCT long-term,"Daellenbach et al., 2024, Nat. Geosci.",peakList_figaero_check_particle_winter_summer_v7.db
C4H6NO5,-,148.02515,organic,I-,particle,FIGAERO-LTOF-CIMS,Chao Yan,Beijing urban (BUCT),atmosphere,urban,BUCT long-term,"Daellenbach et al., 2024, Nat. Geosci.",peakList_figaero_check_particle_winter_summer_v7.db
C6H12O4,-,148.07411,organic,I-,particle,FIGAERO-LTOF-CIMS,Chao Yan,Beijing urban (BUCT),atmosphere,urban,BUCT long-term,"Daellenbach et al., 2024, Nat. Geosci.",peakList_figaero_check_particle_winter_summer_v7.db
C4H5O6,-,149.00916,organic,I-,particle,FIGAERO-LTOF-CIMS,Chao Yan,Beijing urban (BUCT),atmosphere,urban,BUCT long-term,"Daellenbach et al., 2024, Nat. Geosci.",peakList_figaero_check_particle_winter_summer_v7.db
C5H9O5,-,149.04555,organic,I-,particle,FIGAERO-LTOF-CIMS,Chao Yan,Beijing urban (BUCT),atmosphere,urban,BUCT long-term,"Daellenbach et al., 2024, Nat. Geosci.",peakList_figaero_check_particle_winter_summer_v7.db
C10H13O,-,149.09719,organic,I-,particle,FIGAERO-LTOF-CIMS,Chao Yan,Beijing urban (BUCT),atmosphere,urban,BUCT long-term,"Daellenbach et al., 2024, Nat. Geosci.",peakList_figaero_check_particle_winter_summer_v7.db
C3H4NO6,-,150.00441,organic,I-,particle,FIGAERO-LTOF-CIMS,Chao Yan,Beijing urban (BUCT),atmosphere,urban,BUCT long-term,"Daellenbach et al., 2024, Nat. Geosci.",peakList_figaero_check_particle_winter_summer_v7.db
C7H4NO3,-,150.01967,organic,I-,particle,FIGAERO-LTOF-CIMS,Chao Yan,Beijing urban (BUCT),atmosphere,urban,BUCT long-term,"Daellenbach et al., 2024, Nat. Geosci.",peakList_figaero_check_particle_winter_summer_v7.db
C4H7O6,-,151.02481,organic,I-,particle,FIGAERO-LTOF-CIMS,Chao Yan,Beijing urban (BUCT),atmosphere,urban,BUCT long-term,"Daellenbach et al., 2024, Nat. Geosci.",peakList_figaero_check_particle_winter_summer_v7.db
C5H11O5,-,151.06120,organic,I-,particle,FIGAERO-LTOF-CIMS,Chao Yan,Beijing urban (BUCT),atmosphere,urban,BUCT long-term,"Daellenbach et al., 2024, Nat. Geosci.",peakList_figaero_check_particle_winter_summer_v7.db
C3H6NO4S,-,152.00230,organic,I-,particle,FIGAERO-LTOF-CIMS,Chao Yan,Beijing urban (BUCT),atmosphere,urban,BUCT long-term,"Daellenbach et al., 2024, Nat. Geosci.",peakList_figaero_check_particle_winter_summer_v7.db
C3H6NO6,-,152.02006,organic,I-,particle,FIGAERO-LTOF-CIMS,Chao Yan,Beijing urban (BUCT),atmosphere,urban,BUCT long-term,"Daellenbach et al., 2024, Nat. Geosci.",peakList_figaero_check_particle_winter_summer_v7.db
C7H6NO3,-,152.03532,organic,I-,particle,FIGAERO-LTOF-CIMS,Chao Yan,Beijing urban (BUCT),atmosphere,urban,BUCT long-term,"Daellenbach et al., 2024, Nat. Geosci.",peakList_figaero_check_particle_winter_summer_v7.db
C3H5O7,-,153.00408,organic,I-,particle,FIGAERO-LTOF-CIMS,Chao Yan,Beijing urban (BUCT),atmosphere,urban,BUCT long-term,"Daellenbach et al., 2024, Nat. Geosci.",peakList_figaero_check_particle_winter_summer_v7.db
C4H9O6,-,153.04046,organic,I-,particle,FIGAERO-LTOF-CIMS,Chao Yan,Beijing urban (BUCT),atmosphere,urban,BUCT long-term,"Daellenbach et al., 2024, Nat. Geosci.",peakList_figaero_check_particle_winter_summer_v7.db
CHIN,-,153.91592,organic,I-,particle,FIGAERO-LTOF-CIMS,Chao Yan,Beijing urban (BUCT),atmosphere,urban,BUCT long-term,"Daellenbach et al., 2024, Nat. Geosci.",peakList_figaero_check_particle_winter_summer_v7.db
C7H6O4,-,154.02716,organic,I-,particle,FIGAERO-LTOF-CIMS,Chao Yan,Beijing urban (BUCT),atmosphere,urban,BUCT long-term,"Daellenbach et al., 2024, Nat. Geosci.",peakList_figaero_check_particle_winter_summer_v7.db
C4H10O6,-,154.04829,organic,I-,particle,FIGAERO-LTOF-CIMS,Chao Yan,Beijing urban (BUCT),atmosphere,urban,BUCT long-term,"Daellenbach et al., 2024, Nat. Geosci.",peakList_figaero_check_particle_winter_summer_v7.db
C8H10O3,-,154.06354,organic,I-,particle,FIGAERO-LTOF-CIMS,Chao Yan,Beijing urban (BUCT),atmosphere,urban,BUCT long-term,"Daellenbach et al., 2024, Nat. Geosci.",peakList_figaero_check_particle_winter_summer_v7.db
C9H14O2,-,154.09993,organic,I-,particle,FIGAERO-LTOF-CIMS,Chao Yan,Beijing urban (BUCT),atmosphere,urban,BUCT long-term,"Daellenbach et al., 2024, Nat. Geosci.",peakList_figaero_check_particle_winter_summer_v7.db
C6H3O5,-,154.99860,organic,I-,particle,FIGAERO-LTOF-CIMS,Chao Yan,Beijing urban (BUCT),atmosphere,urban,BUCT long-term,"Daellenbach et al., 2024, Nat. Geosci.",peakList_figaero_check_particle_winter_summer_v7.db
C7H7O4,-,155.03498,organic,I-,particle,FIGAERO-LTOF-CIMS,Chao Yan,Beijing urban (BUCT),atmosphere,urban,BUCT long-term,"Daellenbach et al., 2024, Nat. Geosci.",peakList_figaero_check_particle_winter_summer_v7.db
C8H11O3,-,155.07137,organic,I-,particle,FIGAERO-LTOF-CIMS,Chao Yan,Beijing urban (BUCT),atmosphere,urban,BUCT long-term,"Daellenbach et al., 2024, Nat. Geosci.",peakList_figaero_check_particle_winter_summer_v7.db
C9H15O2,-,155.10775,organic,I-,particle,FIGAERO-LTOF-CIMS,Chao Yan,Beijing urban (BUCT),atmosphere,urban,BUCT long-term,"Daellenbach et al., 2024, Nat. Geosci.",peakList_figaero_check_particle_winter_summer_v7.db
C2H3ClNO5,-,155.97052,organic,I-,particle,FIGAERO-LTOF-CIMS,Chao Yan,Beijing urban (BUCT),atmosphere,urban,BUCT long-term,"Daellenbach et al., 2024, Nat. Geosci.",peakList_figaero_check_particle_winter_summer_v7.db
C6H4O5,-,156.00642,organic,I-,particle,FIGAERO-LTOF-CIMS,Chao Yan,Beijing urban (BUCT),atmosphere,urban,BUCT long-term,"Daellenbach et al., 2024, Nat. Geosci.",peakList_figaero_check_particle_winter_summer_v7.db
C7H9O4,-,157.05063,organic,I-,particle,FIGAERO-LTOF-CIMS,Chao Yan,Beijing urban (BUCT),atmosphere,urban,BUCT long-term,"Daellenbach et al., 2024, Nat. Geosci.",peakList_figaero_check_particle_winter_summer_v7.db
C8H13O3,-,157.08702,organic,I-,particle,FIGAERO-LTOF-CIMS,Chao Yan,Beijing urban (BUCT),atmosphere,urban,BUCT long-term,"Daellenbach et al., 2024, Nat. Geosci.",peakList_figaero_check_particle_winter_summer_v7.db
C9H17O2,-,157.12340,organic,I-,particle,FIGAERO-LTOF-CIMS,Chao Yan,Beijing urban (BUCT),atmosphere,urban,BUCT long-term,"Daellenbach et al., 2024, Nat. Geosci.",peakList_figaero_check_particle_winter_summer_v7.db
IS,-,158.87709,inorganic,I-,particle,FIGAERO-LTOF-CIMS,Chao Yan,Beijing urban (BUCT),atmosphere,urban,BUCT long-term,"Daellenbach et al., 2024, Nat. Geosci.",peakList_figaero_check_particle_winter_summer_v7.db
IO2,-,158.89485,inorganic,I-,particle,FIGAERO-LTOF-CIMS,Chao Yan,Beijing urban (BUCT),atmosphere,urban,BUCT long-term,"Daellenbach et al., 2024, Nat. Geosci.",peakList_figaero_check_particle_winter_summer_v7.db
,,158.99100,unassigned,I-,particle,FIGAERO-LTOF-CIMS,Chao Yan,Beijing urban (BUCT),atmosphere,urban,BUCT long-term,"Daellenbach et al., 2024, Nat. Geosci.",peakList_figaero_check_particle_winter_summer_v7.db
C6H7O5,-,159.02990,organic,I-,particle,FIGAERO-LTOF-CIMS,Chao Yan,Beijing urban (BUCT),atmosphere,urban,BUCT long-term,"Daellenbach et al., 2024, Nat. Geosci.",peakList_figaero_check_particle_winter_summer_v7.db
C7H11O4,-,159.06628,organic,I-,particle,FIGAERO-LTOF-CIMS,Chao Yan,Beijing urban (BUCT),atmosphere,urban,BUCT long-term,"Daellenbach et al., 2024, Nat. Geosci.",peakList_figaero_check_particle_winter_summer_v7.db
,,159.09100,unassigned,I-,particle,FIGAERO-LTOF-CIMS,Chao Yan,Beijing urban (BUCT),atmosphere,urban,BUCT long-term,"Daellenbach et al., 2024, Nat. Geosci.",peakList_figaero_check_particle_winter_summer_v7.db
C8H15O3,-,159.10267,organic,I-,particle,FIGAERO-LTOF-CIMS,Chao Yan,Beijing urban (BUCT),atmosphere,urban,BUCT long-term,"Daellenbach et al., 2024, Nat. Geosci.",peakList_figaero_check_particle_winter_summer_v7.db
HIO2,-,159.90268,inorganic,I-,particle,FIGAERO-LTOF-CIMS,Chao Yan,Beijing urban (BUCT),atmosphere,urban,BUCT long-term,"Daellenbach et al., 2024, Nat. Geosci.",peakList_figaero_check_particle_winter_summer_v7.db
H2NO7S,-,159.95575,inorganic,I-,particle,FIGAERO-LTOF-CIMS,Chao Yan,Beijing urban (BUCT),atmosphere,urban,BUCT long-term,"Daellenbach et al., 2024, Nat. Geosci.",peakList_figaero_check_particle_winter_summer_v7.db
CH4O7S,-,159.96832,organic,I-,particle,FIGAERO-LTOF-CIMS,Chao Yan,Beijing urban (BUCT),atmosphere,urban,BUCT long-term,"Daellenbach et al., 2024, Nat. Geosci.",peakList_figaero_check_particle_winter_summer_v7.db
C7H12O4,-,160.07411,organic,I-,particle,FIGAERO-LTOF-CIMS,Chao Yan,Beijing urban (BUCT),atmosphere,urban,BUCT long-term,"Daellenbach et al., 2024, Nat. Geosci.",peakList_figaero_check_particle_winter_summer_v7.db
H2IO2,-,160.91050,inorganic,I-,particle,FIGAERO-LTOF-CIMS,Chao Yan,Beijing urban (BUCT),atmosphere,urban,BUCT long-term,"Daellenbach et al., 2024, Nat. Geosci.",peakList_figaero_check_particle_winter_summer_v7.db
C4H5N2O5,-,161.02039,organic,I-,particle,FIGAERO-LTOF-CIMS,Chao Yan,Beijing urban (BUCT),atmosphere,urban,BUCT long-term,"Daellenbach et al., 2024, Nat. Geosci.",peakList_figaero_check_particle_winter_summer_v7.db
C6H9O5,-,161.04555,organic,I-,particle,FIGAERO-LTOF-CIMS,Chao Yan,Beijing urban (BUCT),atmosphere,urban,BUCT long-term,"Daellenbach et al., 2024, Nat. Geosci.",peakList_figaero_check_particle_winter_summer_v7.db
C7H13O4,-,161.08193,organic,I-,particle,FIGAERO-LTOF-CIMS,Chao Yan,Beijing urban (BUCT),atmosphere,urban,BUCT long-term,"Daellenbach et al., 2024, Nat. Geosci.",peakList_figaero_check_particle_winter_summer_v7.db
ClI,-,161.87387,inorganic,I-,particle,FIGAERO-LTOF-CIMS,Chao Yan,Beijing urban (BUCT),atmosphere,urban,BUCT long-term,"Daellenbach et al., 2024, Nat. Geosci.",peakList_figaero_check_particle_winter_summer_v7.db
C4H4NO6,-,162.00441,organic,I-,particle,FIGAERO-LTOF-CIMS,Chao Yan,Beijing urban (BUCT),atmosphere,urban,BUCT long-term,"Daellenbach et al., 2024, Nat. Geosci.",peakList_figaero_check_particle_winter_summer_v7.db
C5H6O6,-,162.01699,organic,I-,particle,FIGAERO-LTOF-CIMS,Chao Yan,Beijing urban (BUCT),atmosphere,urban,BUCT long-term,"Daellenbach et al., 2024, Nat. Geosci.",peakList_figaero_check_particle_winter_summer_v7.db
C6H10O5,-,162.05337,organic,I-,particle,FIGAERO-LTOF-CIMS,Chao Yan,Beijing urban (BUCT),atmosphere,urban,BUCT long-term,"Daellenbach et al., 2024, Nat. Geosci.",peakList_figaero_check_particle_winter_summer_v7.db
C7H14O4,-,162.08976,organic,I-,particle,FIGAERO-LTOF-CIMS,Chao Yan,Beijing urban (BUCT),atmosphere,urban,BUCT long-term,"Daellenbach et al., 2024, Nat. Geosci.",peakList_figaero_check_particle_winter_summer_v7.db
HClI,-,162.88170,inorganic,I-,particle,FIGAERO-LTOF-CIMS,Chao Yan,Beijing urban (BUCT),atmosphere,urban,BUCT long-term,"Daellenbach et al., 2024, Nat. Geosci.",peakList_figaero_check_particle_winter_summer_v7.db
H4IO2,-,162.92615,reagent,I-,particle,FIGAERO-LTOF-CIMS,Chao Yan,Beijing urban (BUCT),atmosphere,urban,BUCT long-term,"Daellenbach et al., 2024, Nat. Geosci.",peakList_figaero_check_particle_winter_summer_v7.db
C3F5O2,-,162.98239,organic,I-,particle,FIGAERO-LTOF-CIMS,Chao Yan,Beijing urban (BUCT),atmosphere,urban,BUCT long-term,"Daellenbach et al., 2024, Nat. Geosci.",peakList_figaero_check_particle_winter_summer_v7.db
C5H7O6,-,163.02481,organic,I-,particle,FIGAERO-LTOF-CIMS,Chao Yan,Beijing urban (BUCT),atmosphere,urban,BUCT long-term,"Daellenbach et al., 2024, Nat. Geosci.",peakList_figaero_check_particle_winter_summer_v7.db
C11H15O,-,163.11284,organic,I-,particle,FIGAERO-LTOF-CIMS,Chao Yan,Beijing urban (BUCT),atmosphere,urban,BUCT long-term,"Daellenbach et al., 2024, Nat. Geosci.",peakList_figaero_check_particle_winter_summer_v7.db
C4H6NO6,-,164.02006,organic,I-,particle,FIGAERO-LTOF-CIMS,Chao Yan,Beijing urban (BUCT),atmosphere,urban,BUCT long-term,"Daellenbach et al., 2024, Nat. Geosci.",peakList_figaero_check_particle_winter_summer_v7.db
C4H5O7,-,165.00408,organic,I-,particle,FIGAERO-LTOF-CIMS,Chao Yan,Beijing urban (BUCT),atmosphere,urban,BUCT long-term,"Daellenbach et al., 2024, Nat. Geosci.",peakList_figaero_check_particle_winter_summer_v7.db
C7H5N2O3,-,165.03057,organic,I-,particle,FIGAERO-LTOF-CIMS,Chao Yan,Beijing urban (BUCT),atmosphere,urban,BUCT long-term,"Daellenbach et al., 2024, Nat. Geosci.",peakList_figaero_check_particle_winter_summer_v7.db
C5H9O6,-,165.04046,organic,I-,particle,FIGAERO-LTOF-CIMS,Chao Yan,Beijing urban (BUCT),atmosphere,urban,BUCT long-term,"Daellenbach et al., 2024, Nat. Geosci.",peakList_figaero_check_particle_winter_summer_v7.db
C2H2N2O7,-,165.98675,organic,I-,particle,FIGAERO-LTOF-CIMS,Chao Yan,Beijing urban (BUCT),atmosphere,urban,BUCT long-term,"Daellenbach et al., 2024, Nat. Geosci.",peakList_figaero_check_particle_winter_summer_v7.db
C7H4NO4,-,166.01458,organic,I-,particle,FIGAERO-LTOF-CIMS,Chao Yan,Beijing urban (BUCT),atmosphere,urban,BUCT long-term,"Daellenbach et al., 2024, Nat. Geosci.",peakList_figaero_check_particle_winter_summer_v7.db
C4H8NO6,-,166.03571,organic,I-,particle,FIGAERO-LTOF-CIMS,Chao Yan,Beijing urban (BUCT),atmosphere,urban,BUCT long-term,"Daellenbach et al., 2024, Nat. Geosci.",peakList_figaero_check_particle_winter_summer_v7.db
C8H8NO3,-,166.05097,organic,I-,particle,FIGAERO-LTOF-CIMS,Chao Yan,Beijing urban (BUCT),atmosphere,urban,BUCT long-term,"Daellenbach et al., 2024, Nat. Geosci.",peakList_figaero_check_particle_winter_summer_v7.db
C6H14O5,-,166.08467,organic,I-,particle,FIGAERO-LTOF-CIMS,Chao Yan,Beijing urban (BUCT),atmosphere,urban,BUCT long-term,"Daellenbach et al., 2024, Nat. Geosci.",peakList_figaero_check_particle_winter_summer_v7.db
C4H7O7,-,167.01973,organic,I-,particle,FIGAERO-LTOF-CIMS,Chao Yan,Beijing urban (BUCT),atmosphere,urban,BUCT long-term,"Daellenbach et al., 2024, Nat. Geosci.",peakList_figaero_check_particle_winter_summer_v7.db
C5H11O6,-,167.05611,organic,I-,particle,FIGAERO-LTOF-CIMS,Chao Yan,Beijing urban (BUCT),atmosphere,urban,BUCT long-term,"Daellenbach et al., 2024, Nat. Geosci.",peakList_figaero_check_particle_winter_summer_v7.db
C4H5ClO5,-,167.98310,organic,I-,particle,FIGAERO-LTOF-CIMS,Chao Yan,Beijing urban (BUCT),atmosphere,urban,BUCT long-term,"Daellenbach et al., 2024, Nat. Geosci.",peakList_figaero_check_particle_winter_summer_v7.db
C3H6NO5S,-,167.99722,organic,I-,particle,FIGAERO-LTOF-CIMS,Chao Yan,Beijing urban (BUCT),atmosphere,urban,BUCT long-term,"Daellenbach et al., 2024, Nat. Geosci.",peakList_figaero_check_particle_winter_summer_v7.db
C7H6NO4,-,168.03023,organic,I-,particle,FIGAERO-LTOF-CIMS,Chao Yan,Beijing urban (BUCT),atmosphere,urban,BUCT long-term,"Daellenbach et al., 2024, Nat. Geosci.",peakList_figaero_check_particle_winter_summer_v7.db
C9H12O3,-,168.07919,organic,I-,particle,FIGAERO-LTOF-CIMS,Chao Yan,Beijing urban (BUCT),atmosphere,urban,BUCT long-term,"Daellenbach et al., 2024, Nat. Geosci.",peakList_figaero_check_particle_winter_summer_v7.db
C5HN2O5,-,168.98909,organic,I-,particle,FIGAERO-LTOF-CIMS,Chao Yan,Beijing urban (BUCT),atmosphere,urban,BUCT long-term,"Daellenbach et al., 2024, Nat. Geosci.",peakList_figaero_check_particle_winter_summer_v7.db
C3H5O8,-,168.99899,organic,I-,particle,FIGAERO-LTOF-CIMS,Chao Yan,Beijing urban (BUCT),atmosphere,urban,BUCT long-term,"Daellenbach et al., 2024, Nat. Geosci.",peakList_figaero_check_particle_winter_summer_v7.db
C7H5O5,-,169.01425,organic,I-,particle,FIGAERO-LTOF-CIMS,Chao Yan,Beijing urban (BUCT),atmosphere,urban,BUCT long-term,"Daellenbach et al., 2024, Nat. Geosci.",peakList_figaero_check_particle_winter_summer_v7.db
C8H9O4,-,169.05063,organic,I-,particle,FIGAERO-LTOF-CIMS,Chao Yan,Beijing urban (BUCT),atmosphere,urban,BUCT long-term,"Daellenbach et al., 2024, Nat. Geosci.",peakList_figaero_check_particle_winter_summer_v7.db
C9H13O3,-,169.08702,organic,I-,particle,FIGAERO-LTOF-CIMS,Chao Yan,Beijing urban (BUCT),atmosphere,urban,BUCT long-term,"Daellenbach et al., 2024, Nat. Geosci.",peakList_figaero_check_particle_winter_summer_v7.db
C10H17O2,-,169.12340,organic,I-,particle,FIGAERO-LTOF-CIMS,Chao Yan,Beijing urban (BUCT),atmosphere,urban,BUCT long-term,"Daellenbach et al., 2024, Nat. Geosci.",peakList_figaero_check_particle_winter_summer_v7.db
CHINO,-,169.91084,organic,I-,particle,FIGAERO-LTOF-CIMS,Chao Yan,Beijing urban (BUCT),atmosphere,urban,BUCT long-term,"Daellenbach et al., 2024, Nat. Geosci.",peakList_figaero_check_particle_winter_summer_v7.db
C3H5ClNO5,-,169.98617,organic,I-,particle,FIGAERO-LTOF-CIMS,Chao Yan,Beijing urban (BUCT),atmosphere,urban,BUCT long-term,"Daellenbach et al., 2024, Nat. Geosci.",peakList_figaero_check_particle_winter_summer_v7.db
C4H10O7,-,170.04320,organic,I-,particle,FIGAERO-LTOF-CIMS,Chao Yan,Beijing urban (BUCT),atmosphere,urban,BUCT long-term,"Daellenbach et al., 2024, Nat. Geosci.",peakList_figaero_check_particle_winter_summer_v7.db
C8H10O4,-,170.05846,organic,I-,particle,FIGAERO-LTOF-CIMS,Chao Yan,Beijing urban (BUCT),atmosphere,urban,BUCT long-term,"Daellenbach et al., 2024, Nat. Geosci.",peakList_figaero_check_particle_winter_summer_v7.db
C4H5Cl2O3,-,170.96212,organic,I-,particle,FIGAERO-LTOF-CIMS,Chao Yan,Beijing urban (BUCT),atmosphere,urban,BUCT long-term,"Daellenbach et al., 2024, Nat. Geosci.",peakList_figaero_check_particle_winter_summer_v7.db
CH3N2O8,-,170.98949,organic,I-,particle,FIGAERO-LTOF-CIMS,Chao Yan,Beijing urban (BUCT),atmosphere,urban,BUCT long-term,"Daellenbach et al., 2024, Nat. Geosci.",peakList_figaero_check_particle_winter_summer_v7.db
C7H7O5,-,171.02990,organic,I-,particle,FIGAERO-LTOF-CIMS,Chao Yan,Beijing urban (BUCT),atmosphere,urban,BUCT long-term,"Daellenbach et al., 2024, Nat. Geosci.",peakList_figaero_check_particle_winter_summer_v7.db
C8H11O4,-,171.06628,organic,I-,particle,FIGAERO-LTOF-CIMS,Chao Yan,Beijing urban (BUCT),atmosphere,urban,BUCT long-term,"Daellenbach et al., 2024, Nat. Geosci.",peakList_figaero_check_particle_winter_summer_v7.db
C9H15O3,-,171.10267,organic,I-,particle,FIGAERO-LTOF-CIMS,Chao Yan,Beijing urban (BUCT),atmosphere,urban,BUCT long-term,"Daellenbach et al., 2024, Nat. Geosci.",peakList_figaero_check_particle_winter_summer_v7.db
C10H19O2,-,171.13905,organic,I-,particle,FIGAERO-LTOF-CIMS,Chao Yan,Beijing urban (BUCT),atmosphere,urban,BUCT long-term,"Daellenbach et al., 2024, Nat. Geosci.",peakList_figaero_check_particle_winter_summer_v7.db
CH3INO,-,171.92649,organic,I-,particle,FIGAERO-LTOF-CIMS,Chao Yan,Beijing urban (BUCT),atmosphere,urban,BUCT long-term,"Daellenbach et al., 2024, Nat. Geosci.",peakList_figaero_check_particle_winter_summer_v7.db
C6H3ClNO3,-,171.98069,organic,I-,particle,FIGAERO-LTOF-CIMS,Chao Yan,Beijing urban (BUCT),atmosphere,urban,BUCT long-term,"Daellenbach et al., 2024, Nat. Geosci.",peakList_figaero_check_particle_winter_summer_v7.db
C6H6NO5,-,172.02515,organic,I-,particle,FIGAERO-LTOF-CIMS,Chao Yan,Beijing urban (BUCT),atmosphere,urban,BUCT long-term,"Daellenbach et al., 2024, Nat. Geosci.",peakList_figaero_check_particle_winter_summer_v7.db
C8H12O4,-,172.07411,organic,I-,particle,FIGAERO-LTOF-CIMS,Chao Yan,Beijing urban (BUCT),atmosphere,urban,BUCT long-term,"Daellenbach et al., 2024, Nat. Geosci.",peakList_figaero_check_particle_winter_summer_v7.db
C9H16O3,-,172.11049,organic,I-,particle,FIGAERO-LTOF-CIMS,Chao Yan,Beijing urban (BUCT),atmosphere,urban,BUCT long-term,"Daellenbach et al., 2024, Nat. Geosci.",peakList_figaero_check_particle_winter_summer_v7.db
CH2IO2,-,172.91050,organic,I-,particle,FIGAERO-LTOF-CIMS,Chao Yan,Beijing urban (BUCT),atmosphere,urban,BUCT long-term,"Daellenbach et al., 2024, Nat. Geosci.",peakList_figaero_check_particle_winter_summer_v7.db
HINO2,-,173.90575,inorganic,I-,particle,FIGAERO-LTOF-CIMS,Chao Yan,Beijing urban (BUCT),atmosphere,urban,BUCT long-term,"Daellenbach et al., 2024, Nat. Geosci.",peakList_figaero_check_particle_winter_summer_v7.db
C6H3ClO4,-,173.97253,organic,I-,particle,FIGAERO-LTOF-CIMS,Chao Yan,Beijing urban (BUCT),atmosphere,urban,BUCT long-term,"Daellenbach et al., 2024, Nat. Geosci.",peakList_figaero_check_particle_winter_summer_v7.db
C8H14O4,-,174.08976,organic,I-,particle,FIGAERO-LTOF-CIMS,Chao Yan,Beijing urban (BUCT),atmosphere,urban,BUCT long-term,"Daellenbach et al., 2024, Nat. Geosci.",peakList_figaero_check_particle_winter_summer_v7.db
IO3,-,174.88977,inorganic,I-,particle,FIGAERO-LTOF-CIMS,Chao Yan,Beijing urban (BUCT),atmosphere,urban,BUCT long-term,"Daellenbach et al., 2024, Nat. Geosci.",peakList_figaero_check_particle_winter_summer_v7.db
C3H2F3O5,-,174.98598,organic,I-,particle,FIGAERO-LTOF-CIMS,Chao Yan,Beijing urban (BUCT),atmosphere,urban,BUCT long-term,"Daellenbach et al., 2024, Nat. Geosci.",peakList_figaero_check_particle_winter_summer_v7.db
C10H7O3,-,175.04007,organic,I-,particle,FIGAERO-LTOF-CIMS,Chao Yan,Beijing urban (BUCT),atmosphere,urban,BUCT long-term,"Daellenbach et al., 2024, Nat. Geosci.",peakList_figaero_check_particle_winter_summer_v7.db
C7H11O5,-,175.06120,organic,I-,particle,FIGAERO-LTOF-CIMS,Chao Yan,Beijing urban (BUCT),atmosphere,urban,BUCT long-term,"Daellenbach et al., 2024, Nat. Geosci.",peakList_figaero_check_particle_winter_summer_v7.db
,,175.98100,unassigned,I-,particle,FIGAERO-LTOF-CIMS,Chao Yan,Beijing urban (BUCT),atmosphere,urban,BUCT long-term,"Daellenbach et al., 2024, Nat. Geosci.",peakList_figaero_check_particle_winter_summer_v7.db
C5H6NO6,-,176.02006,organic,I-,particle,FIGAERO-LTOF-CIMS,Chao Yan,Beijing urban (BUCT),atmosphere,urban,BUCT long-term,"Daellenbach et al., 2024, Nat. Geosci.",peakList_figaero_check_particle_winter_summer_v7.db
C7H12O5,-,176.06902,organic,I-,particle,FIGAERO-LTOF-CIMS,Chao Yan,Beijing urban (BUCT),atmosphere,urban,BUCT long-term,"Daellenbach et al., 2024, Nat. Geosci.",peakList_figaero_check_particle_winter_summer_v7.db
C8H16O4,-,176.10541,organic,I-,particle,FIGAERO-LTOF-CIMS,Chao Yan,Beijing urban (BUCT),atmosphere,urban,BUCT long-term,"Daellenbach et al., 2024, Nat. Geosci.",peakList_figaero_check_particle_winter_summer_v7.db
H2IO3,-,176.90542,inorganic,I-,particle,FIGAERO-LTOF-CIMS,Chao Yan,Beijing urban (BUCT),atmosphere,urban,BUCT long-term,"Daellenbach et al., 2024, Nat. Geosci.",peakList_figaero_check_particle_winter_summer_v7.db
HO7S2,-,176.91692,inorganic,I-,particle,FIGAERO-LTOF-CIMS,Chao Yan,Beijing urban (BUCT),atmosphere,urban,BUCT long-term,"Daellenbach et al., 2024, Nat. Geosci.",peakList_figaero_check_particle_winter_summer_v7.db
ClIO,-,177.86879,inorganic,I-,particle,FIGAERO-LTOF-CIMS,Chao Yan,Beijing urban (BUCT),atmosphere,urban,BUCT long-term,"Daellenbach et al., 2024, Nat. Geosci.",peakList_figaero_check_particle_winter_summer_v7.db
C3H2N2O7,-,177.98675,organic,I-,particle,FIGAERO-LTOF-CIMS,Chao Yan,Beijing urban (BUCT),atmosphere,urban,BUCT long-term,"Daellenbach et al., 2024, Nat. Geosci.",peakList_figaero_check_particle_winter_summer_v7.db
C5H6O7,-,178.01190,organic,I-,particle,FIGAERO-LTOF-CIMS,Chao Yan,Beijing urban (BUCT),atmosphere,urban,BUCT long-term,"Daellenbach et al., 2024, Nat. Geosci.",peakList_figaero_check_particle_winter_summer_v7.db
C5H8NO6,-,178.03571,organic,I-,particle,FIGAERO-LTOF-CIMS,Chao Yan,Beijing urban (BUCT),atmosphere,urban,BUCT long-term,"Daellenbach et al., 2024, Nat. Geosci.",peakList_figaero_check_particle_winter_summer_v7.db
C8H18O4,-,178.12106,organic,I-,particle,FIGAERO-LTOF-CIMS,Chao Yan,Beijing urban (BUCT),atmosphere,urban,BUCT long-term,"Daellenbach et al., 2024, Nat. Geosci.",peakList_figaero_check_particle_winter_summer_v7.db
HClIO,-,178.87661,inorganic,I-,particle,FIGAERO-LTOF-CIMS,Chao Yan,Beijing urban (BUCT),atmosphere,urban,BUCT long-term,"Daellenbach et al., 2024, Nat. Geosci.",peakList_figaero_check_particle_winter_summer_v7.db
H4IO3,-,178.92107,inorganic,I-,particle,FIGAERO-LTOF-CIMS,Chao Yan,Beijing urban (BUCT),atmosphere,urban,BUCT long-term,"Daellenbach et al., 2024, Nat. Geosci.",peakList_figaero_check_particle_winter_summer_v7.db
C3F5O3,-,178.97731,organic,I-,particle,FIGAERO-LTOF-CIMS,Chao Yan,Beijing urban (BUCT),atmosphere,urban,BUCT long-term,"Daellenbach et al., 2024, Nat. Geosci.",peakList_figaero_check_particle_winter_summer_v7.db
C5H7O7,-,179.01973,organic,I-,particle,FIGAERO-LTOF-CIMS,Chao Yan,Beijing urban (BUCT),atmosphere,urban,BUCT long-term,"Daellenbach et al., 2024, Nat. Geosci.",peakList_figaero_check_particle_winter_summer_v7.db
C5H6FNO5,-,179.02355,organic,I-,particle,FIGAERO-LTOF-CIMS,Chao Yan,Beijing urban (BUCT),atmosphere,urban,BUCT long-term,"Daellenbach et al., 2024, Nat. Geosci.",peakList_figaero_check_particle_winter_summer_v7.db
C9H11N2O2,-,179.08260,organic,I-,particle,FIGAERO-LTOF-CIMS,Chao Yan,Beijing urban (BUCT),atmosphere,urban,BUCT long-term,"Daellenbach et al., 2024, Nat. Geosci.",peakList_figaero_check_particle_winter_summer_v7.db
C11H15O2,-,179.10775,organic,I-,particle,FIGAERO-LTOF-CIMS,Chao Yan,Beijing urban (BUCT),atmosphere,urban,BUCT long-term,"Daellenbach et al., 2024, Nat. Geosci.",peakList_figaero_check_particle_winter_summer_v7.db
H2ClIO,-,179.88444,inorganic,I-,particle,FIGAERO-LTOF-CIMS,Chao Yan,Beijing urban (BUCT),atmosphere,urban,BUCT long-term,"Daellenbach et al., 2024, Nat. Geosci.",peakList_figaero_check_particle_winter_summer_v7.db
C4H6NO7,-,180.01498,organic,I-,particle,FIGAERO-LTOF-CIMS,Chao Yan,Beijing urban (BUCT),atmosphere,urban,BUCT long-term,"Daellenbach et al., 2024, Nat. Geosci.",peakList_figaero_check_particle_winter_summer_v7.db
C6H12O4S,-,180.04618,organic,I-,particle,FIGAERO-LTOF-CIMS,Chao Yan,Beijing urban (BUCT),atmosphere,urban,BUCT long-term,"Daellenbach et al., 2024, Nat. Geosci.",peakList_figaero_check_particle_winter_summer_v7.db
C2H2N2O8,-,181.98166,organic,I-,particle,FIGAERO-LTOF-CIMS,Chao Yan,Beijing urban (BUCT),atmosphere,urban,BUCT long-term,"Daellenbach et al., 2024, Nat. Geosci.",peakList_figaero_check_particle_winter_summer_v7.db
C7H4NO5,-,182.00950,organic,I-,particle,FIGAERO-LTOF-CIMS,Chao Yan,Beijing urban (BUCT),atmosphere,urban,BUCT long-term,"Daellenbach et al., 2024, Nat. Geosci.",peakList_figaero_check_particle_winter_summer_v7.db
C4H8NO7,-,182.03063,organic,I-,particle,FIGAERO-LTOF-CIMS,Chao Yan,Beijing urban (BUCT),atmosphere,urban,BUCT long-term,"Daellenbach et al., 2024, Nat. Geosci.",peakList_figaero_check_particle_winter_summer_v7.db
C9H10O4,-,182.05846,organic,I-,particle,FIGAERO-LTOF-CIMS,Chao Yan,Beijing urban (BUCT),atmosphere,urban,BUCT long-term,"Daellenbach et al., 2024, Nat. Geosci.",peakList_figaero_check_particle_winter_summer_v7.db
C10H14O3,-,182.09484,organic,I-,particle,FIGAERO-LTOF-CIMS,Chao Yan,Beijing urban (BUCT),atmosphere,urban,BUCT long-term,"Daellenbach et al., 2024, Nat. Geosci.",peakList_figaero_check_particle_winter_summer_v7.db
C7H3O6,-,182.99351,organic,I-,particle,FIGAERO-LTOF-CIMS,Chao Yan,Beijing urban (BUCT),atmosphere,urban,BUCT long-term,"Daellenbach et al., 2024, Nat. Geosci.",peakList_figaero_check_particle_winter_summer_v7.db
C6H3N2O5,-,183.00474,organic,I-,particle,FIGAERO-LTOF-CIMS,Chao Yan,Beijing urban (BUCT),atmosphere,urban,BUCT long-term,"Daellenbach et al., 2024, Nat. Geosci.",peakList_figaero_check_particle_winter_summer_v7.db
C4H7O8,-,183.01464,organic,I-,particle,FIGAERO-LTOF-CIMS,Chao Yan,Beijing urban (BUCT),atmosphere,urban,BUCT long-term,"Daellenbach et al., 2024, Nat. Geosci.",peakList_figaero_check_particle_winter_summer_v7.db
C9H11O4,-,183.06628,organic,I-,particle,FIGAERO-LTOF-CIMS,Chao Yan,Beijing urban (BUCT),atmosphere,urban,BUCT long-term,"Daellenbach et al., 2024, Nat. Geosci.",peakList_figaero_check_particle_winter_summer_v7.db
C10H15O3,-,183.10267,organic,I-,particle,FIGAERO-LTOF-CIMS,Chao Yan,Beijing urban (BUCT),atmosphere,urban,BUCT long-term,"Daellenbach et al., 2024, Nat. Geosci.",peakList_figaero_check_particle_winter_summer_v7.db
C11H19O2,-,183.13905,organic,I-,particle,FIGAERO-LTOF-CIMS,Chao Yan,Beijing urban (BUCT),atmosphere,urban,BUCT long-term,"Daellenbach et al., 2024, Nat. Geosci.",peakList_figaero_check_particle_winter_summer_v7.db
C2H3INO,-,183.92649,organic,I-,particle,FIGAERO-LTOF-CIMS,Chao Yan,Beijing urban (BUCT),atmosphere,urban,BUCT long-term,"Daellenbach et al., 2024, Nat. Geosci.",peakList_figaero_check_particle_winter_summer_v7.db
C3H6NO6S,-,183.99213,organic,I-,particle,FIGAERO-LTOF-CIMS,Chao Yan,Beijing urban (BUCT),atmosphere,urban,BUCT long-term,"Daellenbach et al., 2024, Nat. Geosci.",peakList_figaero_check_particle_winter_summer_v7.db
C6H4N2O5,-,184.01257,organic,I-,particle,FIGAERO-LTOF-CIMS,Chao Yan,Beijing urban (BUCT),atmosphere,urban,BUCT long-term,"Daellenbach et al., 2024, Nat. Geosci.",peakList_figaero_check_particle_winter_summer_v7.db
C9H12O4,-,184.07411,organic,I-,particle,FIGAERO-LTOF-CIMS,Chao Yan,Beijing urban (BUCT),atmosphere,urban,BUCT long-term,"Daellenbach et al., 2024, Nat. Geosci.",peakList_figaero_check_particle_winter_summer_v7.db
C2H2IO2,-,184.91050,organic,I-,particle,FIGAERO-LTOF-CIMS,Chao Yan,Beijing urban (BUCT),atmosphere,urban,BUCT long-term,"Daellenbach et al., 2024, Nat. Geosci.",peakList_figaero_check_particle_winter_summer_v7.db
C4H10I,-,184.98327,organic,I-,particle,FIGAERO-LTOF-CIMS,Chao Yan,Beijing urban (BUCT),atmosphere,urban,BUCT long-term,"Daellenbach et al., 2024, Nat. Geosci.",peakList_figaero_check_particle_winter_summer_v7.db
C9H17N2S,-,185.11179,organic,I-,particle,FIGAERO-LTOF-CIMS,Chao Yan,Beijing urban (BUCT),atmosphere,urban,BUCT long-term,"Daellenbach et al., 2024, Nat. Geosci.",peakList_figaero_check_particle_winter_summer_v7.db
C10H17O3,-,185.11832,organic,I-,particle,FIGAERO-LTOF-CIMS,Chao Yan,Beijing urban (BUCT),atmosphere,urban,BUCT long-term,"Daellenbach et al., 2024, Nat. Geosci.",peakList_figaero_check_particle_winter_summer_v7.db
C11H21O2,-,185.15470,organic,I-,particle,FIGAERO-LTOF-CIMS,Chao Yan,Beijing urban (BUCT),atmosphere,urban,BUCT long-term,"Daellenbach et al., 2024, Nat. Geosci.",peakList_figaero_check_particle_winter_summer_v7.db
CHINO2,-,185.90575,organic,I-,particle,FIGAERO-LTOF-CIMS,Chao Yan,Beijing urban (BUCT),atmosphere,urban,BUCT long-term,"Daellenbach et al., 2024, Nat. Geosci.",peakList_figaero_check_particle_winter_summer_v7.db
C2H5INO,-,185.94214,organic,I-,particle,FIGAERO-LTOF-CIMS,Chao Yan,Beijing urban (BUCT),atmosphere,urban,BUCT long-term,"Daellenbach et al., 2024, Nat. Geosci.",peakList_figaero_check_particle_winter_summer_v7.db
C4H10O8,-,186.03812,organic,I-,particle,FIGAERO-LTOF-CIMS,Chao Yan,Beijing urban (BUCT),atmosphere,urban,BUCT long-term,"Daellenbach et al., 2024, Nat. Geosci.",peakList_figaero_check_particle_winter_summer_v7.db
CIO3,-,186.88977,organic,I-,particle,FIGAERO-LTOF-CIMS,Chao Yan,Beijing urban (BUCT),atmosphere,urban,BUCT long-term,"Daellenbach et al., 2024, Nat. Geosci.",peakList_figaero_check_particle_winter_summer_v7.db
C2H4IO2,-,186.92615,organic,I-,particle,FIGAERO-LTOF-CIMS,Chao Yan,Beijing urban (BUCT),atmosphere,urban,BUCT long-term,"Daellenbach et al., 2024, Nat. Geosci.",peakList_figaero_check_particle_winter_summer_v7.db
CH4IN2O,-,186.93738,organic,I-,particle,FIGAERO-LTOF-CIMS,Chao Yan,Beijing urban (BUCT),atmosphere,urban,BUCT long-term,"Daellenbach et al., 2024, Nat. Geosci.",peakList_figaero_check_particle_winter_summer_v7.db
C6H3O7,-,186.98843,organic,I-,particle,FIGAERO-LTOF-CIMS,Chao Yan,Beijing urban (BUCT),atmosphere,urban,BUCT long-term,"Daellenbach et al., 2024, Nat. Geosci.",peakList_figaero_check_particle_winter_summer_v7.db
CH3INO2,-,187.92140,organic,I-,particle,FIGAERO-LTOF-CIMS,Chao Yan,Beijing urban (BUCT),atmosphere,urban,BUCT long-term,"Daellenbach et al., 2024, Nat. Geosci.",peakList_figaero_check_particle_winter_summer_v7.db
C6H4O5S,-,187.97849,organic,I-,particle,FIGAERO-LTOF-CIMS,Chao Yan,Beijing urban (BUCT),atmosphere,urban,BUCT long-term,"Daellenbach et al., 2024, Nat. Geosci.",peakList_figaero_check_particle_winter_summer_v7.db
C4H8Cl2NO3,-,187.98867,organic,I-,particle,FIGAERO-LTOF-CIMS,Chao Yan,Beijing urban (BUCT),atmosphere,urban,BUCT long-term,"Daellenbach et al., 2024, Nat. Geosci.",peakList_figaero_check_particle_winter_summer_v7.db
C7H8O6,-,188.03264,organic,I-,particle,FIGAERO-LTOF-CIMS,Chao Yan,Beijing urban (BUCT),atmosphere,urban,BUCT long-term,"Daellenbach et al., 2024, Nat. Geosci.",peakList_figaero_check_particle_winter_summer_v7.db
C8H12O5,-,188.06902,organic,I-,particle,FIGAERO-LTOF-CIMS,Chao Yan,Beijing urban (BUCT),atmosphere,urban,BUCT long-term,"Daellenbach et al., 2024, Nat. Geosci.",peakList_figaero_check_particle_winter_summer_v7.db
C9H16O4,-,188.10541,organic,I-,particle,FIGAERO-LTOF-CIMS,Chao Yan,Beijing urban (BUCT),atmosphere,urban,BUCT long-term,"Daellenbach et al., 2024, Nat. Geosci.",peakList_figaero_check_particle_winter_summer_v7.db
CH2IO3,-,188.90542,organic,I-,particle,FIGAERO-LTOF-CIMS,Chao Yan,Beijing urban (BUCT),atmosphere,urban,BUCT long-term,"Daellenbach et al., 2024, Nat. Geosci.",peakList_figaero_check_particle_winter_summer_v7.db
C2H6IO2,-,188.94180,organic,I-,particle,FIGAERO-LTOF-CIMS,Chao Yan,Beijing urban (BUCT),atmosphere,urban,BUCT long-term,"Daellenbach et al., 2024, Nat. Geosci.",peakList_figaero_check_particle_winter_summer_v7.db
C8H13O5,-,189.07685,organic,I-,particle,FIGAERO-LTOF-CIMS,Chao Yan,Beijing urban (BUCT),atmosphere,urban,BUCT long-term,"Daellenbach et al., 2024, Nat. Geosci.",peakList_figaero_check_particle_winter_summer_v7.db
C9H17O4,-,189.11323,organic,I-,particle,FIGAERO-LTOF-CIMS,Chao Yan,Beijing urban (BUCT),atmosphere,urban,BUCT long-term,"Daellenbach et al., 2024, Nat. Geosci.",peakList_figaero_check_particle_winter_summer_v7.db
C13H17O,-,189.12849,organic,I-,particle,FIGAERO-LTOF-CIMS,Chao Yan,Beijing urban (BUCT),atmosphere,urban,BUCT long-term,"Daellenbach et al., 2024, Nat. Geosci.",peakList_figaero_check_particle_winter_summer_v7.db
HINO3,-,189.90066,inorganic,I-,particle,FIGAERO-LTOF-CIMS,Chao Yan,Beijing urban (BUCT),atmosphere,urban,BUCT long-term,"Daellenbach et al., 2024, Nat. Geosci.",peakList_figaero_check_particle_winter_summer_v7.db
C9H18O4,-,190.12106,organic,I-,particle,FIGAERO-LTOF-CIMS,Chao Yan,Beijing urban (BUCT),atmosphere,urban,BUCT long-term,"Daellenbach et al., 2024, Nat. Geosci.",peakList_figaero_check_particle_winter_summer_v7.db
IO2S,-,190.86692,inorganic,I-,particle,FIGAERO-LTOF-CIMS,Chao Yan,Beijing urban (BUCT),atmosphere,urban,BUCT long-term,"Daellenbach et al., 2024, Nat. Geosci.",peakList_figaero_check_particle_winter_summer_v7.db
C4H2NO8,-,191.97859,organic,I-,particle,FIGAERO-LTOF-CIMS,Chao Yan,Beijing urban (BUCT),atmosphere,urban,BUCT long-term,"Daellenbach et al., 2024, Nat. Geosci.",peakList_figaero_check_particle_winter_summer_v7.db
C5H6NO7,-,192.01498,organic,I-,particle,FIGAERO-LTOF-CIMS,Chao Yan,Beijing urban (BUCT),atmosphere,urban,BUCT long-term,"Daellenbach et al., 2024, Nat. Geosci.",peakList_figaero_check_particle_winter_summer_v7.db
C6H10NO6,-,192.05136,organic,I-,particle,FIGAERO-LTOF-CIMS,Chao Yan,Beijing urban (BUCT),atmosphere,urban,BUCT long-term,"Daellenbach et al., 2024, Nat. Geosci.",peakList_figaero_check_particle_winter_summer_v7.db
H2IO4,-,192.90033,inorganic,I-,particle,FIGAERO-LTOF-CIMS,Chao Yan,Beijing urban (BUCT),atmosphere,urban,BUCT long-term,"Daellenbach et al., 2024, Nat. Geosci.",peakList_figaero_check_particle_winter_summer_v7.db
C6H9O5S,-,193.01762,organic,I-,particle,FIGAERO-LTOF-CIMS,Chao Yan,Beijing urban (BUCT),atmosphere,urban,BUCT long-term,"Daellenbach et al., 2024, Nat. Geosci.",peakList_figaero_check_particle_winter_summer_v7.db
C10H9O4,-,193.05063,organic,I-,particle,FIGAERO-LTOF-CIMS,Chao Yan,Beijing urban (BUCT),atmosphere,urban,BUCT long-term,"Daellenbach et al., 2024, Nat. Geosci.",peakList_figaero_check_particle_winter_summer_v7.db
C9H18ClO2,-,193.10008,organic,I-,particle,FIGAERO-LTOF-CIMS,Chao Yan,Beijing urban (BUCT),atmosphere,urban,BUCT long-term,"Daellenbach et al., 2024, Nat. Geosci.",peakList_figaero_check_particle_winter_summer_v7.db
ClIO2,-,193.86370,inorganic,I-,particle,FIGAERO-LTOF-CIMS,Chao Yan,Beijing urban (BUCT),atmosphere,urban,BUCT long-term,"Daellenbach et al., 2024, Nat. Geosci.",peakList_figaero_check_particle_winter_summer_v7.db
C3HINO,-,193.91084,organic,I-,particle,FIGAERO-LTOF-CIMS,Chao Yan,Beijing urban (BUCT),atmosphere,urban,BUCT long-term,"Daellenbach et al., 2024, Nat. Geosci.",peakList_figaero_check_particle_winter_summer_v7.db
C5H6O6S,-,193.98906,organic,I-,particle,FIGAERO-LTOF-CIMS,Chao Yan,Beijing urban (BUCT),atmosphere,urban,BUCT long-term,"Daellenbach et al., 2024, Nat. Geosci.",peakList_figaero_check_particle_winter_summer_v7.db
C5H6O8,-,194.00682,organic,I-,particle,FIGAERO-LTOF-CIMS,Chao Yan,Beijing urban (BUCT),atmosphere,urban,BUCT long-term,"Daellenbach et al., 2024, Nat. Geosci.",peakList_figaero_check_particle_winter_summer_v7.db
C5H8NO7,-,194.03063,organic,I-,particle,FIGAERO-LTOF-CIMS,Chao Yan,Beijing urban (BUCT),atmosphere,urban,BUCT long-term,"Daellenbach et al., 2024, Nat. Geosci.",peakList_figaero_check_particle_winter_summer_v7.db
C6H12NO6,-,194.06701,organic,I-,particle,FIGAERO-LTOF-CIMS,Chao Yan,Beijing urban (BUCT),atmosphere,urban,BUCT long-term,"Daellenbach et al., 2024, Nat. Geosci.",peakList_figaero_check_particle_winter_summer_v7.db
C8H18O5,-,194.11597,organic,I-,particle,FIGAERO-LTOF-CIMS,Chao Yan,Beijing urban (BUCT),atmosphere,urban,BUCT long-term,"Daellenbach et al., 2024, Nat. Geosci.",peakList_figaero_check_particle_winter_summer_v7.db
C2IN2O,-,194.90608,organic,I-,particle,FIGAERO-LTOF-CIMS,Chao Yan,Beijing urban (BUCT),atmosphere,urban,BUCT long-term,"Daellenbach et al., 2024, Nat. Geosci.",peakList_figaero_check_particle_winter_summer_v7.db
C3H4IN2,-,194.94247,organic,I-,particle,FIGAERO-LTOF-CIMS,Chao Yan,Beijing urban (BUCT),atmosphere,urban,BUCT long-term,"Daellenbach et al., 2024, Nat. Geosci.",peakList_figaero_check_particle_winter_summer_v7.db
C3H3N2O8,-,194.98949,organic,I-,particle,FIGAERO-LTOF-CIMS,Chao Yan,Beijing urban (BUCT),atmosphere,urban,BUCT long-term,"Daellenbach et al., 2024, Nat. Geosci.",peakList_figaero_check_particle_winter_summer_v7.db
C5H7O6S,-,194.99688,organic,I-,particle,FIGAERO-LTOF-CIMS,Chao Yan,Beijing urban (BUCT),atmosphere,urban,BUCT long-term,"Daellenbach et al., 2024, Nat. Geosci.",peakList_figaero_check_particle_winter_summer_v7.db
C4H5NO8,-,195.00206,organic,I-,particle,FIGAERO-LTOF-CIMS,Chao Yan,Beijing urban (BUCT),atmosphere,urban,BUCT long-term,"Daellenbach et al., 2024, Nat. Geosci.",peakList_figaero_check_particle_winter_summer_v7.db
C5H7O8,-,195.01464,organic,I-,particle,FIGAERO-LTOF-CIMS,Chao Yan,Beijing urban (BUCT),atmosphere,urban,BUCT long-term,"Daellenbach et al., 2024, Nat. Geosci.",peakList_figaero_check_particle_winter_summer_v7.db
C9H7O5,-,195.02990,organic,I-,particle,FIGAERO-LTOF-CIMS,Chao Yan,Beijing urban (BUCT),atmosphere,urban,BUCT long-term,"Daellenbach et al., 2024, Nat. Geosci.",peakList_figaero_check_particle_winter_summer_v7.db
C7H15O6,-,195.08741,organic,I-,particle,FIGAERO-LTOF-CIMS,Chao Yan,Beijing urban (BUCT),atmosphere,urban,BUCT long-term,"Daellenbach et al., 2024, Nat. Geosci.",peakList_figaero_check_particle_winter_summer_v7.db
C3H4N2O6S,-,195.97956,organic,I-,particle,FIGAERO-LTOF-CIMS,Chao Yan,Beijing urban (BUCT),atmosphere,urban,BUCT long-term,"Daellenbach et al., 2024, Nat. Geosci.",peakList_figaero_check_particle_winter_summer_v7.db
C6H12O7,-,196.05885,organic,I-,particle,FIGAERO-LTOF-CIMS,Chao Yan,Beijing urban (BUCT),atmosphere,urban,BUCT long-term,"Daellenbach et al., 2024, Nat. Geosci.",peakList_figaero_check_particle_winter_summer_v7.db
C11H16O3,-,196.11049,organic,I-,particle,FIGAERO-LTOF-CIMS,Chao Yan,Beijing urban (BUCT),atmosphere,urban,BUCT long-term,"Daellenbach et al., 2024, Nat. Geosci.",peakList_figaero_check_particle_winter_summer_v7.db
Cl2I,-,196.84273,inorganic,I-,particle,FIGAERO-LTOF-CIMS,Chao Yan,Beijing urban (BUCT),atmosphere,urban,BUCT long-term,"Daellenbach et al., 2024, Nat. Geosci.",peakList_figaero_check_particle_winter_summer_v7.db
C3H2IO2,-,196.91050,organic,I-,particle,FIGAERO-LTOF-CIMS,Chao Yan,Beijing urban (BUCT),atmosphere,urban,BUCT long-term,"Daellenbach et al., 2024, Nat. Geosci.",peakList_figaero_check_particle_winter_summer_v7.db
C2H2IN2O,-,196.92173,organic,I-,particle,FIGAERO-LTOF-CIMS,Chao Yan,Beijing urban (BUCT),atmosphere,urban,BUCT long-term,"Daellenbach et al., 2024, Nat. Geosci.",peakList_figaero_check_particle_winter_summer_v7.db
C4H6IO,-,196.94689,organic,I-,particle,FIGAERO-LTOF-CIMS,Chao Yan,Beijing urban (BUCT),atmosphere,urban,BUCT long-term,"Daellenbach et al., 2024, Nat. Geosci.",peakList_figaero_check_particle_winter_summer_v7.db
C5H10I,-,196.98327,organic,I-,particle,FIGAERO-LTOF-CIMS,Chao Yan,Beijing urban (BUCT),atmosphere,urban,BUCT long-term,"Daellenbach et al., 2024, Nat. Geosci.",peakList_figaero_check_particle_winter_summer_v7.db
C5H6ClO6,-,196.98584,organic,I-,particle,FIGAERO-LTOF-CIMS,Chao Yan,Beijing urban (BUCT),atmosphere,urban,BUCT long-term,"Daellenbach et al., 2024, Nat. Geosci.",peakList_figaero_check_particle_winter_summer_v7.db
C3H5N2O8,-,197.00514,organic,I-,particle,FIGAERO-LTOF-CIMS,Chao Yan,Beijing urban (BUCT),atmosphere,urban,BUCT long-term,"Daellenbach et al., 2024, Nat. Geosci.",peakList_figaero_check_particle_winter_summer_v7.db
C7H5N2O5,-,197.02039,organic,I-,particle,FIGAERO-LTOF-CIMS,Chao Yan,Beijing urban (BUCT),atmosphere,urban,BUCT long-term,"Daellenbach et al., 2024, Nat. Geosci.",peakList_figaero_check_particle_winter_summer_v7.db
C2HINO2,-,197.90575,organic,I-,particle,FIGAERO-LTOF-CIMS,Chao Yan,Beijing urban (BUCT),atmosphere,urban,BUCT long-term,"Daellenbach et al., 2024, Nat. Geosci.",peakList_figaero_check_particle_winter_summer_v7.db
C3F6O3,-,197.97571,organic,I-,particle,FIGAERO-LTOF-CIMS,Chao Yan,Beijing urban (BUCT),atmosphere,urban,BUCT long-term,"Daellenbach et al., 2024, Nat. Geosci.",peakList_figaero_check_particle_winter_summer_v7.db
C4H9IN,-,197.97852,organic,I-,particle,FIGAERO-LTOF-CIMS,Chao Yan,Beijing urban (BUCT),atmosphere,urban,BUCT long-term,"Daellenbach et al., 2024, Nat. Geosci.",peakList_figaero_check_particle_winter_summer_v7.db
C3H6N2O8,-,198.01296,organic,I-,particle,FIGAERO-LTOF-CIMS,Chao Yan,Beijing urban (BUCT),atmosphere,urban,BUCT long-term,"Daellenbach et al., 2024, Nat. Geosci.",peakList_figaero_check_particle_winter_summer_v7.db
C10H14O4,-,198.08976,organic,I-,particle,FIGAERO-LTOF-CIMS,Chao Yan,Beijing urban (BUCT),atmosphere,urban,BUCT long-term,"Daellenbach et al., 2024, Nat. Geosci.",peakList_figaero_check_particle_winter_summer_v7.db
C3H4IO2,-,198.92615,organic,I-,particle,FIGAERO-LTOF-CIMS,Chao Yan,Beijing urban (BUCT),atmosphere,urban,BUCT long-term,"Daellenbach et al., 2024, Nat. Geosci.",peakList_figaero_check_particle_winter_summer_v7.db
C9H11O5,-,199.06120,organic,I-,particle,FIGAERO-LTOF-CIMS,Chao Yan,Beijing urban (BUCT),atmosphere,urban,BUCT long-term,"Daellenbach et al., 2024, Nat. Geosci.",peakList_figaero_check_particle_winter_summer_v7.db
C10H15O4,-,199.09758,organic,I-,particle,FIGAERO-LTOF-CIMS,Chao Yan,Beijing urban (BUCT),atmosphere,urban,BUCT long-term,"Daellenbach et al., 2024, Nat. Geosci.",peakList_figaero_check_particle_winter_summer_v7.db
C11H19O3,-,199.13397,organic,I-,particle,FIGAERO-LTOF-CIMS,Chao Yan,Beijing urban (BUCT),atmosphere,urban,BUCT long-term,"Daellenbach et al., 2024, Nat. Geosci.",peakList_figaero_check_particle_winter_summer_v7.db
C12H23O2,-,199.17035,organic,I-,particle,FIGAERO-LTOF-CIMS,Chao Yan,Beijing urban (BUCT),atmosphere,urban,BUCT long-term,"Daellenbach et al., 2024, Nat. Geosci.",peakList_figaero_check_particle_winter_summer_v7.db
C2H3INO2,-,199.92140,organic,I-,particle,FIGAERO-LTOF-CIMS,Chao Yan,Beijing urban (BUCT),atmosphere,urban,BUCT long-term,"Daellenbach et al., 2024, Nat. Geosci.",peakList_figaero_check_particle_winter_summer_v7.db
C3H4O8S,-,199.96324,organic,I-,particle,FIGAERO-LTOF-CIMS,Chao Yan,Beijing urban (BUCT),atmosphere,urban,BUCT long-term,"Daellenbach et al., 2024, Nat. Geosci.",peakList_figaero_check_particle_winter_summer_v7.db
C3H6NO7S,-,199.98705,organic,I-,particle,FIGAERO-LTOF-CIMS,Chao Yan,Beijing urban (BUCT),atmosphere,urban,BUCT long-term,"Daellenbach et al., 2024, Nat. Geosci.",peakList_figaero_check_particle_winter_summer_v7.db
,,200.02300,unassigned,I-,particle,FIGAERO-LTOF-CIMS,Chao Yan,Beijing urban (BUCT),atmosphere,urban,BUCT long-term,"Daellenbach et al., 2024, Nat. Geosci.",peakList_figaero_check_particle_winter_summer_v7.db
C10H16O4,-,200.10541,organic,I-,particle,FIGAERO-LTOF-CIMS,Chao Yan,Beijing urban (BUCT),atmosphere,urban,BUCT long-term,"Daellenbach et al., 2024, Nat. Geosci.",peakList_figaero_check_particle_winter_summer_v7.db
C10H18NO3,-,200.12922,organic,I-,particle,FIGAERO-LTOF-CIMS,Chao Yan,Beijing urban (BUCT),atmosphere,urban,BUCT long-term,"Daellenbach et al., 2024, Nat. Geosci.",peakList_figaero_check_particle_winter_summer_v7.db
C2H2IO3,-,200.90542,organic,I-,particle,FIGAERO-LTOF-CIMS,Chao Yan,Beijing urban (BUCT),atmosphere,urban,BUCT long-term,"Daellenbach et al., 2024, Nat. Geosci.",peakList_figaero_check_particle_winter_summer_v7.db
C3H6IO2,-,200.94180,organic,I-,particle,FIGAERO-LTOF-CIMS,Chao Yan,Beijing urban (BUCT),atmosphere,urban,BUCT long-term,"Daellenbach et al., 2024, Nat. Geosci.",peakList_figaero_check_particle_winter_summer_v7.db
C4H10IO,-,200.97819,organic,I-,particle,FIGAERO-LTOF-CIMS,Chao Yan,Beijing urban (BUCT),atmosphere,urban,BUCT long-term,"Daellenbach et al., 2024, Nat. Geosci.",peakList_figaero_check_particle_winter_summer_v7.db
C6H5N2O6,-,201.01531,organic,I-,particle,FIGAERO-LTOF-CIMS,Chao Yan,Beijing urban (BUCT),atmosphere,urban,BUCT long-term,"Daellenbach et al., 2024, Nat. Geosci.",peakList_figaero_check_particle_winter_summer_v7.db
C12H11NO2,-,201.07953,organic,I-,particle,FIGAERO-LTOF-CIMS,Chao Yan,Beijing urban (BUCT),atmosphere,urban,BUCT long-term,"Daellenbach et al., 2024, Nat. Geosci.",peakList_figaero_check_particle_winter_summer_v7.db
C2H5INO2,-,201.93705,organic,I-,particle,FIGAERO-LTOF-CIMS,Chao Yan,Beijing urban (BUCT),atmosphere,urban,BUCT long-term,"Daellenbach et al., 2024, Nat. Geosci.",peakList_figaero_check_particle_winter_summer_v7.db
C10H18O4,-,202.12106,organic,I-,particle,FIGAERO-LTOF-CIMS,Chao Yan,Beijing urban (BUCT),atmosphere,urban,BUCT long-term,"Daellenbach et al., 2024, Nat. Geosci.",peakList_figaero_check_particle_winter_summer_v7.db
,,202.13100,unassigned,I-,particle,FIGAERO-LTOF-CIMS,Chao Yan,Beijing urban (BUCT),atmosphere,urban,BUCT long-term,"Daellenbach et al., 2024, Nat. Geosci.",peakList_figaero_check_particle_winter_summer_v7.db
C2H4IO3,-,202.92107,organic,I-,particle,FIGAERO-LTOF-CIMS,Chao Yan,Beijing urban (BUCT),atmosphere,urban,BUCT long-term,"Daellenbach et al., 2024, Nat. Geosci.",peakList_figaero_check_particle_winter_summer_v7.db
C3H8IO2,-,202.95745,organic,I-,particle,FIGAERO-LTOF-CIMS,Chao Yan,Beijing urban (BUCT),atmosphere,urban,BUCT long-term,"Daellenbach et al., 2024, Nat. Geosci.",peakList_figaero_check_particle_winter_summer_v7.db
C2H7N2O9,-,203.01570,organic,I-,particle,FIGAERO-LTOF-CIMS,Chao Yan,Beijing urban (BUCT),atmosphere,urban,BUCT long-term,"Daellenbach et al., 2024, Nat. Geosci.",peakList_figaero_check_particle_winter_summer_v7.db
C7H7O7,-,203.01973,organic,I-,particle,FIGAERO-LTOF-CIMS,Chao Yan,Beijing urban (BUCT),atmosphere,urban,BUCT long-term,"Daellenbach et al., 2024, Nat. Geosci.",peakList_figaero_check_particle_winter_summer_v7.db
C8H11O6,-,203.05611,organic,I-,particle,FIGAERO-LTOF-CIMS,Chao Yan,Beijing urban (BUCT),atmosphere,urban,BUCT long-term,"Daellenbach et al., 2024, Nat. Geosci.",peakList_figaero_check_particle_winter_summer_v7.db
C9H15O5,-,203.09250,organic,I-,particle,FIGAERO-LTOF-CIMS,Chao Yan,Beijing urban (BUCT),atmosphere,urban,BUCT long-term,"Daellenbach et al., 2024, Nat. Geosci.",peakList_figaero_check_particle_winter_summer_v7.db
C10H19O4,-,203.12888,organic,I-,particle,FIGAERO-LTOF-CIMS,Chao Yan,Beijing urban (BUCT),atmosphere,urban,BUCT long-term,"Daellenbach et al., 2024, Nat. Geosci.",peakList_figaero_check_particle_winter_summer_v7.db
CClINO,-,203.87186,organic,I-,particle,FIGAERO-LTOF-CIMS,Chao Yan,Beijing urban (BUCT),atmosphere,urban,BUCT long-term,"Daellenbach et al., 2024, Nat. Geosci.",peakList_figaero_check_particle_winter_summer_v7.db
,,204.05960,unassigned,I-,particle,FIGAERO-LTOF-CIMS,Chao Yan,Beijing urban (BUCT),atmosphere,urban,BUCT long-term,"Daellenbach et al., 2024, Nat. Geosci.",peakList_figaero_check_particle_winter_summer_v7.db
C10H20O4,-,204.13671,organic,I-,particle,FIGAERO-LTOF-CIMS,Chao Yan,Beijing urban (BUCT),atmosphere,urban,BUCT long-term,"Daellenbach et al., 2024, Nat. Geosci.",peakList_figaero_check_particle_winter_summer_v7.db
CH2IO4,-,204.90033,organic,I-,particle,FIGAERO-LTOF-CIMS,Chao Yan,Beijing urban (BUCT),atmosphere,urban,BUCT long-term,"Daellenbach et al., 2024, Nat. Geosci.",peakList_figaero_check_particle_winter_summer_v7.db
C2H6IOS,-,204.91896,organic,I-,particle,FIGAERO-LTOF-CIMS,Chao Yan,Beijing urban (BUCT),atmosphere,urban,BUCT long-term,"Daellenbach et al., 2024, Nat. Geosci.",peakList_figaero_check_particle_winter_summer_v7.db
C2H6IO3,-,204.93672,organic,I-,particle,FIGAERO-LTOF-CIMS,Chao Yan,Beijing urban (BUCT),atmosphere,urban,BUCT long-term,"Daellenbach et al., 2024, Nat. Geosci.",peakList_figaero_check_particle_winter_summer_v7.db
,,205.01490,unassigned,I-,particle,FIGAERO-LTOF-CIMS,Chao Yan,Beijing urban (BUCT),atmosphere,urban,BUCT long-term,"Daellenbach et al., 2024, Nat. Geosci.",peakList_figaero_check_particle_winter_summer_v7.db
,,205.05900,unassigned,I-,particle,FIGAERO-LTOF-CIMS,Chao Yan,Beijing urban (BUCT),atmosphere,urban,BUCT long-term,"Daellenbach et al., 2024, Nat. Geosci.",peakList_figaero_check_particle_winter_summer_v7.db
,,205.11430,unassigned,I-,particle,FIGAERO-LTOF-CIMS,Chao Yan,Beijing urban (BUCT),atmosphere,urban,BUCT long-term,"Daellenbach et al., 2024, Nat. Geosci.",peakList_figaero_check_particle_winter_summer_v7.db
C14H21O,-,205.15979,organic,I-,particle,FIGAERO-LTOF-CIMS,Chao Yan,Beijing urban (BUCT),atmosphere,urban,BUCT long-term,"Daellenbach et al., 2024, Nat. Geosci.",peakList_figaero_check_particle_winter_summer_v7.db
HINO4,-,205.89558,inorganic,I-,particle,FIGAERO-LTOF-CIMS,Chao Yan,Beijing urban (BUCT),atmosphere,urban,BUCT long-term,"Daellenbach et al., 2024, Nat. Geosci.",peakList_figaero_check_particle_winter_summer_v7.db
C6H6O6S,-,205.98906,organic,I-,particle,FIGAERO-LTOF-CIMS,Chao Yan,Beijing urban (BUCT),atmosphere,urban,BUCT long-term,"Daellenbach et al., 2024, Nat. Geosci.",peakList_figaero_check_particle_winter_summer_v7.db
,,206.01760,unassigned,I-,particle,FIGAERO-LTOF-CIMS,Chao Yan,Beijing urban (BUCT),atmosphere,urban,BUCT long-term,"Daellenbach et al., 2024, Nat. Geosci.",peakList_figaero_check_particle_winter_summer_v7.db
C6H8NO7,-,206.03063,organic,I-,particle,FIGAERO-LTOF-CIMS,Chao Yan,Beijing urban (BUCT),atmosphere,urban,BUCT long-term,"Daellenbach et al., 2024, Nat. Geosci.",peakList_figaero_check_particle_winter_summer_v7.db
C7H12NO6,-,206.06701,organic,I-,particle,FIGAERO-LTOF-CIMS,Chao Yan,Beijing urban (BUCT),atmosphere,urban,BUCT long-term,"Daellenbach et al., 2024, Nat. Geosci.",peakList_figaero_check_particle_winter_summer_v7.db
C8H16NO5,-,206.10340,organic,I-,particle,FIGAERO-LTOF-CIMS,Chao Yan,Beijing urban (BUCT),atmosphere,urban,BUCT long-term,"Daellenbach et al., 2024, Nat. Geosci.",peakList_figaero_check_particle_winter_summer_v7.db
IO3S,-,206.86184,inorganic,I-,particle,FIGAERO-LTOF-CIMS,Chao Yan,Beijing urban (BUCT),atmosphere,urban,BUCT long-term,"Daellenbach et al., 2024, Nat. Geosci.",peakList_figaero_check_particle_winter_summer_v7.db
C4H4IN2,-,206.94247,organic,I-,particle,FIGAERO-LTOF-CIMS,Chao Yan,Beijing urban (BUCT),atmosphere,urban,BUCT long-term,"Daellenbach et al., 2024, Nat. Geosci.",peakList_figaero_check_particle_winter_summer_v7.db
,,207.03210,unassigned,I-,particle,FIGAERO-LTOF-CIMS,Chao Yan,Beijing urban (BUCT),atmosphere,urban,BUCT long-term,"Daellenbach et al., 2024, Nat. Geosci.",peakList_figaero_check_particle_winter_summer_v7.db
,,207.06160,unassigned,I-,particle,FIGAERO-LTOF-CIMS,Chao Yan,Beijing urban (BUCT),atmosphere,urban,BUCT long-term,"Daellenbach et al., 2024, Nat. Geosci.",peakList_figaero_check_particle_winter_summer_v7.db
,,207.08550,unassigned,I-,particle,FIGAERO-LTOF-CIMS,Chao Yan,Beijing urban (BUCT),atmosphere,urban,BUCT long-term,"Daellenbach et al., 2024, Nat. Geosci.",peakList_figaero_check_particle_winter_summer_v7.db
,,207.11070,unassigned,I-,particle,FIGAERO-LTOF-CIMS,Chao Yan,Beijing urban (BUCT),atmosphere,urban,BUCT long-term,"Daellenbach et al., 2024, Nat. Geosci.",peakList_figaero_check_particle_winter_summer_v7.db
ClINO2,-,207.86678,inorganic,I-,particle,FIGAERO-LTOF-CIMS,Chao Yan,Beijing urban (BUCT),atmosphere,urban,BUCT long-term,"Daellenbach et al., 2024, Nat. Geosci.",peakList_figaero_check_particle_winter_summer_v7.db
HIO3S,-,207.86966,inorganic,I-,particle,FIGAERO-LTOF-CIMS,Chao Yan,Beijing urban (BUCT),atmosphere,urban,BUCT long-term,"Daellenbach et al., 2024, Nat. Geosci.",peakList_figaero_check_particle_winter_summer_v7.db
C6H10NO7,-,208.04628,organic,I-,particle,FIGAERO-LTOF-CIMS,Chao Yan,Beijing urban (BUCT),atmosphere,urban,BUCT long-term,"Daellenbach et al., 2024, Nat. Geosci.",peakList_figaero_check_particle_winter_summer_v7.db
C6H12N2O6,-,208.07008,organic,I-,particle,FIGAERO-LTOF-CIMS,Chao Yan,Beijing urban (BUCT),atmosphere,urban,BUCT long-term,"Daellenbach et al., 2024, Nat. Geosci.",peakList_figaero_check_particle_winter_summer_v7.db
C15H14N,-,208.11317,organic,I-,particle,FIGAERO-LTOF-CIMS,Chao Yan,Beijing urban (BUCT),atmosphere,urban,BUCT long-term,"Daellenbach et al., 2024, Nat. Geosci.",peakList_figaero_check_particle_winter_summer_v7.db
C4H6IN2,-,208.95812,organic,I-,particle,FIGAERO-LTOF-CIMS,Chao Yan,Beijing urban (BUCT),atmosphere,urban,BUCT long-term,"Daellenbach et al., 2024, Nat. Geosci.",peakList_figaero_check_particle_winter_summer_v7.db
C6H10I,-,208.98327,organic,I-,particle,FIGAERO-LTOF-CIMS,Chao Yan,Beijing urban (BUCT),atmosphere,urban,BUCT long-term,"Daellenbach et al., 2024, Nat. Geosci.",peakList_figaero_check_particle_winter_summer_v7.db
C5H6O7S,-,209.98397,organic,I-,particle,FIGAERO-LTOF-CIMS,Chao Yan,Beijing urban (BUCT),atmosphere,urban,BUCT long-term,"Daellenbach et al., 2024, Nat. Geosci.",peakList_figaero_check_particle_winter_summer_v7.db
C5H6O9,-,210.00173,organic,I-,particle,FIGAERO-LTOF-CIMS,Chao Yan,Beijing urban (BUCT),atmosphere,urban,BUCT long-term,"Daellenbach et al., 2024, Nat. Geosci.",peakList_figaero_check_particle_winter_summer_v7.db
C11H14O4,-,210.08976,organic,I-,particle,FIGAERO-LTOF-CIMS,Chao Yan,Beijing urban (BUCT),atmosphere,urban,BUCT long-term,"Daellenbach et al., 2024, Nat. Geosci.",peakList_figaero_check_particle_winter_summer_v7.db
C12H18O3,-,210.12614,organic,I-,particle,FIGAERO-LTOF-CIMS,Chao Yan,Beijing urban (BUCT),atmosphere,urban,BUCT long-term,"Daellenbach et al., 2024, Nat. Geosci.",peakList_figaero_check_particle_winter_summer_v7.db
C4H4IO2,-,210.92615,organic,I-,particle,FIGAERO-LTOF-CIMS,Chao Yan,Beijing urban (BUCT),atmosphere,urban,BUCT long-term,"Daellenbach et al., 2024, Nat. Geosci.",peakList_figaero_check_particle_winter_summer_v7.db
C5H7O7S,-,210.99180,organic,I-,particle,FIGAERO-LTOF-CIMS,Chao Yan,Beijing urban (BUCT),atmosphere,urban,BUCT long-term,"Daellenbach et al., 2024, Nat. Geosci.",peakList_figaero_check_particle_winter_summer_v7.db
C4H7N2O8,-,211.02079,organic,I-,particle,FIGAERO-LTOF-CIMS,Chao Yan,Beijing urban (BUCT),atmosphere,urban,BUCT long-term,"Daellenbach et al., 2024, Nat. Geosci.",peakList_figaero_check_particle_winter_summer_v7.db
C10H11O5,-,211.06120,organic,I-,particle,FIGAERO-LTOF-CIMS,Chao Yan,Beijing urban (BUCT),atmosphere,urban,BUCT long-term,"Daellenbach et al., 2024, Nat. Geosci.",peakList_figaero_check_particle_winter_summer_v7.db
C12H19O3,-,211.13397,organic,I-,particle,FIGAERO-LTOF-CIMS,Chao Yan,Beijing urban (BUCT),atmosphere,urban,BUCT long-term,"Daellenbach et al., 2024, Nat. Geosci.",peakList_figaero_check_particle_winter_summer_v7.db
HCl2IN,-,211.85363,inorganic,I-,particle,FIGAERO-LTOF-CIMS,Chao Yan,Beijing urban (BUCT),atmosphere,urban,BUCT long-term,"Daellenbach et al., 2024, Nat. Geosci.",peakList_figaero_check_particle_winter_summer_v7.db
C3H3INO2,-,211.92140,organic,I-,particle,FIGAERO-LTOF-CIMS,Chao Yan,Beijing urban (BUCT),atmosphere,urban,BUCT long-term,"Daellenbach et al., 2024, Nat. Geosci.",peakList_figaero_check_particle_winter_summer_v7.db
C4H7INO,-,211.95779,organic,I-,particle,FIGAERO-LTOF-CIMS,Chao Yan,Beijing urban (BUCT),atmosphere,urban,BUCT long-term,"Daellenbach et al., 2024, Nat. Geosci.",peakList_figaero_check_particle_winter_summer_v7.db
C3H4N2O7S,-,211.97447,organic,I-,particle,FIGAERO-LTOF-CIMS,Chao Yan,Beijing urban (BUCT),atmosphere,urban,BUCT long-term,"Daellenbach et al., 2024, Nat. Geosci.",peakList_figaero_check_particle_winter_summer_v7.db
C4H5ClN2O6,-,211.98416,organic,I-,particle,FIGAERO-LTOF-CIMS,Chao Yan,Beijing urban (BUCT),atmosphere,urban,BUCT long-term,"Daellenbach et al., 2024, Nat. Geosci.",peakList_figaero_check_particle_winter_summer_v7.db
C6H12O6S,-,212.03601,organic,I-,particle,FIGAERO-LTOF-CIMS,Chao Yan,Beijing urban (BUCT),atmosphere,urban,BUCT long-term,"Daellenbach et al., 2024, Nat. Geosci.",peakList_figaero_check_particle_winter_summer_v7.db
C6H14NO7,-,212.07758,organic,I-,particle,FIGAERO-LTOF-CIMS,Chao Yan,Beijing urban (BUCT),atmosphere,urban,BUCT long-term,"Daellenbach et al., 2024, Nat. Geosci.",peakList_figaero_check_particle_winter_summer_v7.db
Cl2IO,-,212.83764,inorganic,I-,particle,FIGAERO-LTOF-CIMS,Chao Yan,Beijing urban (BUCT),atmosphere,urban,BUCT long-term,"Daellenbach et al., 2024, Nat. Geosci.",peakList_figaero_check_particle_winter_summer_v7.db
C3H2IO3,-,212.90542,organic,I-,particle,FIGAERO-LTOF-CIMS,Chao Yan,Beijing urban (BUCT),atmosphere,urban,BUCT long-term,"Daellenbach et al., 2024, Nat. Geosci.",peakList_figaero_check_particle_winter_summer_v7.db
C4H6IO2,-,212.94180,organic,I-,particle,FIGAERO-LTOF-CIMS,Chao Yan,Beijing urban (BUCT),atmosphere,urban,BUCT long-term,"Daellenbach et al., 2024, Nat. Geosci.",peakList_figaero_check_particle_winter_summer_v7.db
C5H10IO,-,212.97819,organic,I-,particle,FIGAERO-LTOF-CIMS,Chao Yan,Beijing urban (BUCT),atmosphere,urban,BUCT long-term,"Daellenbach et al., 2024, Nat. Geosci.",peakList_figaero_check_particle_winter_summer_v7.db
,,213.07030,unassigned,I-,particle,FIGAERO-LTOF-CIMS,Chao Yan,Beijing urban (BUCT),atmosphere,urban,BUCT long-term,"Daellenbach et al., 2024, Nat. Geosci.",peakList_figaero_check_particle_winter_summer_v7.db
,,213.14300,unassigned,I-,particle,FIGAERO-LTOF-CIMS,Chao Yan,Beijing urban (BUCT),atmosphere,urban,BUCT long-term,"Daellenbach et al., 2024, Nat. Geosci.",peakList_figaero_check_particle_winter_summer_v7.db
,,213.18630,unassigned,I-,particle,FIGAERO-LTOF-CIMS,Chao Yan,Beijing urban (BUCT),atmosphere,urban,BUCT long-term,"Daellenbach et al., 2024, Nat. Geosci.",peakList_figaero_check_particle_winter_summer_v7.db
C2HINO3,-,213.90066,organic,I-,particle,FIGAERO-LTOF-CIMS,Chao Yan,Beijing urban (BUCT),atmosphere,urban,BUCT long-term,"Daellenbach et al., 2024, Nat. Geosci.",peakList_figaero_check_particle_winter_summer_v7.db
C3H5INO2,-,213.93705,organic,I-,particle,FIGAERO-LTOF-CIMS,Chao Yan,Beijing urban (BUCT),atmosphere,urban,BUCT long-term,"Daellenbach et al., 2024, Nat. Geosci.",peakList_figaero_check_particle_winter_summer_v7.db
,,213.99100,unassigned,I-,particle,FIGAERO-LTOF-CIMS,Chao Yan,Beijing urban (BUCT),atmosphere,urban,BUCT long-term,"Daellenbach et al., 2024, Nat. Geosci.",peakList_figaero_check_particle_winter_summer_v7.db
C11H20NO3,-,214.14487,organic,I-,particle,FIGAERO-LTOF-CIMS,Chao Yan,Beijing urban (BUCT),atmosphere,urban,BUCT long-term,"Daellenbach et al., 2024, Nat. Geosci.",peakList_figaero_check_particle_winter_summer_v7.db
C3H4IO3,-,214.92107,organic,I-,particle,FIGAERO-LTOF-CIMS,Chao Yan,Beijing urban (BUCT),atmosphere,urban,BUCT long-term,"Daellenbach et al., 2024, Nat. Geosci.",peakList_figaero_check_particle_winter_summer_v7.db
C2H4IN2O2,-,214.93230,organic,I-,particle,FIGAERO-LTOF-CIMS,Chao Yan,Beijing urban (BUCT),atmosphere,urban,BUCT long-term,"Daellenbach et al., 2024, Nat. Geosci.",peakList_figaero_check_particle_winter_summer_v7.db
C5H12IO,-,214.99384,organic,I-,particle,FIGAERO-LTOF-CIMS,Chao Yan,Beijing urban (BUCT),atmosphere,urban,BUCT long-term,"Daellenbach et al., 2024, Nat. Geosci.",peakList_figaero_check_particle_winter_summer_v7.db
C3H7N2O9,-,215.01570,organic,I-,particle,FIGAERO-LTOF-CIMS,Chao Yan,Beijing urban (BUCT),atmosphere,urban,BUCT long-term,"Daellenbach et al., 2024, Nat. Geosci.",peakList_figaero_check_particle_winter_summer_v7.db
C7H7N2O6,-,215.03096,organic,I-,particle,FIGAERO-LTOF-CIMS,Chao Yan,Beijing urban (BUCT),atmosphere,urban,BUCT long-term,"Daellenbach et al., 2024, Nat. Geosci.",peakList_figaero_check_particle_winter_summer_v7.db
C10H15O5,-,215.09250,organic,I-,particle,FIGAERO-LTOF-CIMS,Chao Yan,Beijing urban (BUCT),atmosphere,urban,BUCT long-term,"Daellenbach et al., 2024, Nat. Geosci.",peakList_figaero_check_particle_winter_summer_v7.db
C2H3INO3,-,215.91631,organic,I-,particle,FIGAERO-LTOF-CIMS,Chao Yan,Beijing urban (BUCT),atmosphere,urban,BUCT long-term,"Daellenbach et al., 2024, Nat. Geosci.",peakList_figaero_check_particle_winter_summer_v7.db
C3H7INO2,-,215.95270,organic,I-,particle,FIGAERO-LTOF-CIMS,Chao Yan,Beijing urban (BUCT),atmosphere,urban,BUCT long-term,"Daellenbach et al., 2024, Nat. Geosci.",peakList_figaero_check_particle_winter_summer_v7.db
C3H4O9S,-,215.95815,organic,I-,particle,FIGAERO-LTOF-CIMS,Chao Yan,Beijing urban (BUCT),atmosphere,urban,BUCT long-term,"Daellenbach et al., 2024, Nat. Geosci.",peakList_figaero_check_particle_winter_summer_v7.db
C3H6NO8S,-,215.98196,organic,I-,particle,FIGAERO-LTOF-CIMS,Chao Yan,Beijing urban (BUCT),atmosphere,urban,BUCT long-term,"Daellenbach et al., 2024, Nat. Geosci.",peakList_figaero_check_particle_winter_summer_v7.db
C2H4N2O10,-,215.98714,organic,I-,particle,FIGAERO-LTOF-CIMS,Chao Yan,Beijing urban (BUCT),atmosphere,urban,BUCT long-term,"Daellenbach et al., 2024, Nat. Geosci.",peakList_figaero_check_particle_winter_summer_v7.db
C3H8N2O9,-,216.02353,organic,I-,particle,FIGAERO-LTOF-CIMS,Chao Yan,Beijing urban (BUCT),atmosphere,urban,BUCT long-term,"Daellenbach et al., 2024, Nat. Geosci.",peakList_figaero_check_particle_winter_summer_v7.db
C8H10NO6,-,216.05136,organic,I-,particle,FIGAERO-LTOF-CIMS,Chao Yan,Beijing urban (BUCT),atmosphere,urban,BUCT long-term,"Daellenbach et al., 2024, Nat. Geosci.",peakList_figaero_check_particle_winter_summer_v7.db
,,216.09300,unassigned,I-,particle,FIGAERO-LTOF-CIMS,Chao Yan,Beijing urban (BUCT),atmosphere,urban,BUCT long-term,"Daellenbach et al., 2024, Nat. Geosci.",peakList_figaero_check_particle_winter_summer_v7.db
,,216.13510,unassigned,I-,particle,FIGAERO-LTOF-CIMS,Chao Yan,Beijing urban (BUCT),atmosphere,urban,BUCT long-term,"Daellenbach et al., 2024, Nat. Geosci.",peakList_figaero_check_particle_winter_summer_v7.db
C2H2IO4,-,216.90033,organic,I-,particle,FIGAERO-LTOF-CIMS,Chao Yan,Beijing urban (BUCT),atmosphere,urban,BUCT long-term,"Daellenbach et al., 2024, Nat. Geosci.",peakList_figaero_check_particle_winter_summer_v7.db
C3H6IO3,-,216.93672,organic,I-,particle,FIGAERO-LTOF-CIMS,Chao Yan,Beijing urban (BUCT),atmosphere,urban,BUCT long-term,"Daellenbach et al., 2024, Nat. Geosci.",peakList_figaero_check_particle_winter_summer_v7.db
C4H10IO2,-,216.97310,organic,I-,particle,FIGAERO-LTOF-CIMS,Chao Yan,Beijing urban (BUCT),atmosphere,urban,BUCT long-term,"Daellenbach et al., 2024, Nat. Geosci.",peakList_figaero_check_particle_winter_summer_v7.db
C11H21O4,-,217.14453,organic,I-,particle,FIGAERO-LTOF-CIMS,Chao Yan,Beijing urban (BUCT),atmosphere,urban,BUCT long-term,"Daellenbach et al., 2024, Nat. Geosci.",peakList_figaero_check_particle_winter_summer_v7.db
CHINO4,-,217.89558,organic,I-,particle,FIGAERO-LTOF-CIMS,Chao Yan,Beijing urban (BUCT),atmosphere,urban,BUCT long-term,"Daellenbach et al., 2024, Nat. Geosci.",peakList_figaero_check_particle_winter_summer_v7.db
C2H5INO3,-,217.93196,organic,I-,particle,FIGAERO-LTOF-CIMS,Chao Yan,Beijing urban (BUCT),atmosphere,urban,BUCT long-term,"Daellenbach et al., 2024, Nat. Geosci.",peakList_figaero_check_particle_winter_summer_v7.db
C7H8NO7,-,218.03063,organic,I-,particle,FIGAERO-LTOF-CIMS,Chao Yan,Beijing urban (BUCT),atmosphere,urban,BUCT long-term,"Daellenbach et al., 2024, Nat. Geosci.",peakList_figaero_check_particle_winter_summer_v7.db
C8H12NO6,-,218.06701,organic,I-,particle,FIGAERO-LTOF-CIMS,Chao Yan,Beijing urban (BUCT),atmosphere,urban,BUCT long-term,"Daellenbach et al., 2024, Nat. Geosci.",peakList_figaero_check_particle_winter_summer_v7.db
,,218.10900,unassigned,I-,particle,FIGAERO-LTOF-CIMS,Chao Yan,Beijing urban (BUCT),atmosphere,urban,BUCT long-term,"Daellenbach et al., 2024, Nat. Geosci.",peakList_figaero_check_particle_winter_summer_v7.db
C11H22O4,-,218.15236,organic,I-,particle,FIGAERO-LTOF-CIMS,Chao Yan,Beijing urban (BUCT),atmosphere,urban,BUCT long-term,"Daellenbach et al., 2024, Nat. Geosci.",peakList_figaero_check_particle_winter_summer_v7.db
C15H22O,-,218.16761,organic,I-,particle,FIGAERO-LTOF-CIMS,Chao Yan,Beijing urban (BUCT),atmosphere,urban,BUCT long-term,"Daellenbach et al., 2024, Nat. Geosci.",peakList_figaero_check_particle_winter_summer_v7.db
IN2O4,-,218.89083,inorganic,I-,particle,FIGAERO-LTOF-CIMS,Chao Yan,Beijing urban (BUCT),atmosphere,urban,BUCT long-term,"Daellenbach et al., 2024, Nat. Geosci.",peakList_figaero_check_particle_winter_summer_v7.db
C3H8IOS,-,218.93461,organic,I-,particle,FIGAERO-LTOF-CIMS,Chao Yan,Beijing urban (BUCT),atmosphere,urban,BUCT long-term,"Daellenbach et al., 2024, Nat. Geosci.",peakList_figaero_check_particle_winter_summer_v7.db
C3H8IO3,-,218.95237,organic,I-,particle,FIGAERO-LTOF-CIMS,Chao Yan,Beijing urban (BUCT),atmosphere,urban,BUCT long-term,"Daellenbach et al., 2024, Nat. Geosci.",peakList_figaero_check_particle_winter_summer_v7.db
C5H3N2O8,-,218.98949,organic,I-,particle,FIGAERO-LTOF-CIMS,Chao Yan,Beijing urban (BUCT),atmosphere,urban,BUCT long-term,"Daellenbach et al., 2024, Nat. Geosci.",peakList_figaero_check_particle_winter_summer_v7.db
C9H17NO5,-,219.11122,organic,I-,particle,FIGAERO-LTOF-CIMS,Chao Yan,Beijing urban (BUCT),atmosphere,urban,BUCT long-term,"Daellenbach et al., 2024, Nat. Geosci.",peakList_figaero_check_particle_winter_summer_v7.db
C15H23O,-,219.17544,organic,I-,particle,FIGAERO-LTOF-CIMS,Chao Yan,Beijing urban (BUCT),atmosphere,urban,BUCT long-term,"Daellenbach et al., 2024, Nat. Geosci.",peakList_figaero_check_particle_winter_summer_v7.db
C7H10NO7,-,220.04628,organic,I-,particle,FIGAERO-LTOF-CIMS,Chao Yan,Beijing urban (BUCT),atmosphere,urban,BUCT long-term,"Daellenbach et al., 2024, Nat. Geosci.",peakList_figaero_check_particle_winter_summer_v7.db
C8H14NO6,-,220.08266,organic,I-,particle,FIGAERO-LTOF-CIMS,Chao Yan,Beijing urban (BUCT),atmosphere,urban,BUCT long-term,"Daellenbach et al., 2024, Nat. Geosci.",peakList_figaero_check_particle_winter_summer_v7.db
C9H18NO5,-,220.11905,organic,I-,particle,FIGAERO-LTOF-CIMS,Chao Yan,Beijing urban (BUCT),atmosphere,urban,BUCT long-term,"Daellenbach et al., 2024, Nat. Geosci.",peakList_figaero_check_particle_winter_summer_v7.db
C14H20O2,-,220.14688,organic,I-,particle,FIGAERO-LTOF-CIMS,Chao Yan,Beijing urban (BUCT),atmosphere,urban,BUCT long-term,"Daellenbach et al., 2024, Nat. Geosci.",peakList_figaero_check_particle_winter_summer_v7.db
C2H3ClIO2,-,220.88718,organic,I-,particle,FIGAERO-LTOF-CIMS,Chao Yan,Beijing urban (BUCT),atmosphere,urban,BUCT long-term,"Daellenbach et al., 2024, Nat. Geosci.",peakList_figaero_check_particle_winter_summer_v7.db
C6H6IO,-,220.94689,organic,I-,particle,FIGAERO-LTOF-CIMS,Chao Yan,Beijing urban (BUCT),atmosphere,urban,BUCT long-term,"Daellenbach et al., 2024, Nat. Geosci.",peakList_figaero_check_particle_winter_summer_v7.db
,,221.04620,unassigned,I-,particle,FIGAERO-LTOF-CIMS,Chao Yan,Beijing urban (BUCT),atmosphere,urban,BUCT long-term,"Daellenbach et al., 2024, Nat. Geosci.",peakList_figaero_check_particle_winter_summer_v7.db
,,221.08750,unassigned,I-,particle,FIGAERO-LTOF-CIMS,Chao Yan,Beijing urban (BUCT),atmosphere,urban,BUCT long-term,"Daellenbach et al., 2024, Nat. Geosci.",peakList_figaero_check_particle_winter_summer_v7.db
C13H17O3,-,221.11832,organic,I-,particle,FIGAERO-LTOF-CIMS,Chao Yan,Beijing urban (BUCT),atmosphere,urban,BUCT long-term,"Daellenbach et al., 2024, Nat. Geosci.",peakList_figaero_check_particle_winter_summer_v7.db
HINO5,-,221.89049,inorganic,I-,particle,FIGAERO-LTOF-CIMS,Chao Yan,Beijing urban (BUCT),atmosphere,urban,BUCT long-term,"Daellenbach et al., 2024, Nat. Geosci.",peakList_figaero_check_particle_winter_summer_v7.db
C5H5INO,-,221.94214,organic,I-,particle,FIGAERO-LTOF-CIMS,Chao Yan,Beijing urban (BUCT),atmosphere,urban,BUCT long-term,"Daellenbach et al., 2024, Nat. Geosci.",peakList_figaero_check_particle_winter_summer_v7.db
C6H6O7S,-,221.98397,organic,I-,particle,FIGAERO-LTOF-CIMS,Chao Yan,Beijing urban (BUCT),atmosphere,urban,BUCT long-term,"Daellenbach et al., 2024, Nat. Geosci.",peakList_figaero_check_particle_winter_summer_v7.db
C6H8NO8,-,222.02554,organic,I-,particle,FIGAERO-LTOF-CIMS,Chao Yan,Beijing urban (BUCT),atmosphere,urban,BUCT long-term,"Daellenbach et al., 2024, Nat. Geosci.",peakList_figaero_check_particle_winter_summer_v7.db
C7H12NO7,-,222.06193,organic,I-,particle,FIGAERO-LTOF-CIMS,Chao Yan,Beijing urban (BUCT),atmosphere,urban,BUCT long-term,"Daellenbach et al., 2024, Nat. Geosci.",peakList_figaero_check_particle_winter_summer_v7.db
C8H16NO6,-,222.09831,organic,I-,particle,FIGAERO-LTOF-CIMS,Chao Yan,Beijing urban (BUCT),atmosphere,urban,BUCT long-term,"Daellenbach et al., 2024, Nat. Geosci.",peakList_figaero_check_particle_winter_summer_v7.db
C9H20NO5,-,222.13470,organic,I-,particle,FIGAERO-LTOF-CIMS,Chao Yan,Beijing urban (BUCT),atmosphere,urban,BUCT long-term,"Daellenbach et al., 2024, Nat. Geosci.",peakList_figaero_check_particle_winter_summer_v7.db
IO4S,-,222.85675,inorganic,I-,particle,FIGAERO-LTOF-CIMS,Chao Yan,Beijing urban (BUCT),atmosphere,urban,BUCT long-term,"Daellenbach et al., 2024, Nat. Geosci.",peakList_figaero_check_particle_winter_summer_v7.db
CH4IO3S,-,222.89314,organic,I-,particle,FIGAERO-LTOF-CIMS,Chao Yan,Beijing urban (BUCT),atmosphere,urban,BUCT long-term,"Daellenbach et al., 2024, Nat. Geosci.",peakList_figaero_check_particle_winter_summer_v7.db
C2H2F2IO2,-,222.90731,organic,I-,particle,FIGAERO-LTOF-CIMS,Chao Yan,Beijing urban (BUCT),atmosphere,urban,BUCT long-term,"Daellenbach et al., 2024, Nat. Geosci.",peakList_figaero_check_particle_winter_summer_v7.db
C4H4IN2O,-,222.93738,organic,I-,particle,FIGAERO-LTOF-CIMS,Chao Yan,Beijing urban (BUCT),atmosphere,urban,BUCT long-term,"Daellenbach et al., 2024, Nat. Geosci.",peakList_figaero_check_particle_winter_summer_v7.db
C6H8IO,-,222.96254,organic,I-,particle,FIGAERO-LTOF-CIMS,Chao Yan,Beijing urban (BUCT),atmosphere,urban,BUCT long-term,"Daellenbach et al., 2024, Nat. Geosci.",peakList_figaero_check_particle_winter_summer_v7.db
,,223.07260,unassigned,I-,particle,FIGAERO-LTOF-CIMS,Chao Yan,Beijing urban (BUCT),atmosphere,urban,BUCT long-term,"Daellenbach et al., 2024, Nat. Geosci.",peakList_figaero_check_particle_winter_summer_v7.db
C12H15O4,-,223.09758,organic,I-,particle,FIGAERO-LTOF-CIMS,Chao Yan,Beijing urban (BUCT),atmosphere,urban,BUCT long-term,"Daellenbach et al., 2024, Nat. Geosci.",peakList_figaero_check_particle_winter_summer_v7.db
C16H17N,-,223.13665,organic,I-,particle,FIGAERO-LTOF-CIMS,Chao Yan,Beijing urban (BUCT),atmosphere,urban,BUCT long-term,"Daellenbach et al., 2024, Nat. Geosci.",peakList_figaero_check_particle_winter_summer_v7.db
ClINO3,-,223.86169,inorganic,I-,particle,FIGAERO-LTOF-CIMS,Chao Yan,Beijing urban (BUCT),atmosphere,urban,BUCT long-term,"Daellenbach et al., 2024, Nat. Geosci.",peakList_figaero_check_particle_winter_summer_v7.db
H3INO3S,-,223.88839,inorganic,I-,particle,FIGAERO-LTOF-CIMS,Chao Yan,Beijing urban (BUCT),atmosphere,urban,BUCT long-term,"Daellenbach et al., 2024, Nat. Geosci.",peakList_figaero_check_particle_winter_summer_v7.db
C4H3INO2,-,223.92140,organic,I-,particle,FIGAERO-LTOF-CIMS,Chao Yan,Beijing urban (BUCT),atmosphere,urban,BUCT long-term,"Daellenbach et al., 2024, Nat. Geosci.",peakList_figaero_check_particle_winter_summer_v7.db
,,224.01560,unassigned,I-,particle,FIGAERO-LTOF-CIMS,Chao Yan,Beijing urban (BUCT),atmosphere,urban,BUCT long-term,"Daellenbach et al., 2024, Nat. Geosci.",peakList_figaero_check_particle_winter_summer_v7.db
C6H10NO8,-,224.04119,organic,I-,particle,FIGAERO-LTOF-CIMS,Chao Yan,Beijing urban (BUCT),atmosphere,urban,BUCT long-term,"Daellenbach et al., 2024, Nat. Geosci.",peakList_figaero_check_particle_winter_summer_v7.db
C13H20O3,-,224.14179,organic,I-,particle,FIGAERO-LTOF-CIMS,Chao Yan,Beijing urban (BUCT),atmosphere,urban,BUCT long-term,"Daellenbach et al., 2024, Nat. Geosci.",peakList_figaero_check_particle_winter_summer_v7.db
H2IO4S,-,224.87240,inorganic,I-,particle,FIGAERO-LTOF-CIMS,Chao Yan,Beijing urban (BUCT),atmosphere,urban,BUCT long-term,"Daellenbach et al., 2024, Nat. Geosci.",peakList_figaero_check_particle_winter_summer_v7.db
C4H2IO3,-,224.90542,organic,I-,particle,FIGAERO-LTOF-CIMS,Chao Yan,Beijing urban (BUCT),atmosphere,urban,BUCT long-term,"Daellenbach et al., 2024, Nat. Geosci.",peakList_figaero_check_particle_winter_summer_v7.db
C5H6IO2,-,224.94180,organic,I-,particle,FIGAERO-LTOF-CIMS,Chao Yan,Beijing urban (BUCT),atmosphere,urban,BUCT long-term,"Daellenbach et al., 2024, Nat. Geosci.",peakList_figaero_check_particle_winter_summer_v7.db
C4H6IN2O,-,224.95303,organic,I-,particle,FIGAERO-LTOF-CIMS,Chao Yan,Beijing urban (BUCT),atmosphere,urban,BUCT long-term,"Daellenbach et al., 2024, Nat. Geosci.",peakList_figaero_check_particle_winter_summer_v7.db
C6H10IO,-,224.97819,organic,I-,particle,FIGAERO-LTOF-CIMS,Chao Yan,Beijing urban (BUCT),atmosphere,urban,BUCT long-term,"Daellenbach et al., 2024, Nat. Geosci.",peakList_figaero_check_particle_winter_summer_v7.db
C5H10IN2,-,224.98942,organic,I-,particle,FIGAERO-LTOF-CIMS,Chao Yan,Beijing urban (BUCT),atmosphere,urban,BUCT long-term,"Daellenbach et al., 2024, Nat. Geosci.",peakList_figaero_check_particle_winter_summer_v7.db
C7H14I,-,225.01457,organic,I-,particle,FIGAERO-LTOF-CIMS,Chao Yan,Beijing urban (BUCT),atmosphere,urban,BUCT long-term,"Daellenbach et al., 2024, Nat. Geosci.",peakList_figaero_check_particle_winter_summer_v7.db
C10H9O6,-,225.04046,organic,I-,particle,FIGAERO-LTOF-CIMS,Chao Yan,Beijing urban (BUCT),atmosphere,urban,BUCT long-term,"Daellenbach et al., 2024, Nat. Geosci.",peakList_figaero_check_particle_winter_summer_v7.db
C4H5INO2,-,225.93705,organic,I-,particle,FIGAERO-LTOF-CIMS,Chao Yan,Beijing urban (BUCT),atmosphere,urban,BUCT long-term,"Daellenbach et al., 2024, Nat. Geosci.",peakList_figaero_check_particle_winter_summer_v7.db
C5H6O8S,-,225.97889,organic,I-,particle,FIGAERO-LTOF-CIMS,Chao Yan,Beijing urban (BUCT),atmosphere,urban,BUCT long-term,"Daellenbach et al., 2024, Nat. Geosci.",peakList_figaero_check_particle_winter_summer_v7.db
,,226.04100,unassigned,I-,particle,FIGAERO-LTOF-CIMS,Chao Yan,Beijing urban (BUCT),atmosphere,urban,BUCT long-term,"Daellenbach et al., 2024, Nat. Geosci.",peakList_figaero_check_particle_winter_summer_v7.db
C4H4IO3,-,226.92107,organic,I-,particle,FIGAERO-LTOF-CIMS,Chao Yan,Beijing urban (BUCT),atmosphere,urban,BUCT long-term,"Daellenbach et al., 2024, Nat. Geosci.",peakList_figaero_check_particle_winter_summer_v7.db
C4H5NO8S,-,226.97414,organic,I-,particle,FIGAERO-LTOF-CIMS,Chao Yan,Beijing urban (BUCT),atmosphere,urban,BUCT long-term,"Daellenbach et al., 2024, Nat. Geosci.",peakList_figaero_check_particle_winter_summer_v7.db
C3H3N2O10,-,226.97932,organic,I-,particle,FIGAERO-LTOF-CIMS,Chao Yan,Beijing urban (BUCT),atmosphere,urban,BUCT long-term,"Daellenbach et al., 2024, Nat. Geosci.",peakList_figaero_check_particle_winter_summer_v7.db
C5H7O8S,-,226.98671,organic,I-,particle,FIGAERO-LTOF-CIMS,Chao Yan,Beijing urban (BUCT),atmosphere,urban,BUCT long-term,"Daellenbach et al., 2024, Nat. Geosci.",peakList_figaero_check_particle_winter_summer_v7.db
,,227.05910,unassigned,I-,particle,FIGAERO-LTOF-CIMS,Chao Yan,Beijing urban (BUCT),atmosphere,urban,BUCT long-term,"Daellenbach et al., 2024, Nat. Geosci.",peakList_figaero_check_particle_winter_summer_v7.db
C14H27O2,-,227.20165,organic,I-,particle,FIGAERO-LTOF-CIMS,Chao Yan,Beijing urban (BUCT),atmosphere,urban,BUCT long-term,"Daellenbach et al., 2024, Nat. Geosci.",peakList_figaero_check_particle_winter_summer_v7.db
C3H3INO3,-,227.91631,organic,I-,particle,FIGAERO-LTOF-CIMS,Chao Yan,Beijing urban (BUCT),atmosphere,urban,BUCT long-term,"Daellenbach et al., 2024, Nat. Geosci.",peakList_figaero_check_particle_winter_summer_v7.db
C4H7INO2,-,227.95270,organic,I-,particle,FIGAERO-LTOF-CIMS,Chao Yan,Beijing urban (BUCT),atmosphere,urban,BUCT long-term,"Daellenbach et al., 2024, Nat. Geosci.",peakList_figaero_check_particle_winter_summer_v7.db
C3H4N2O8S,-,227.96938,organic,I-,particle,FIGAERO-LTOF-CIMS,Chao Yan,Beijing urban (BUCT),atmosphere,urban,BUCT long-term,"Daellenbach et al., 2024, Nat. Geosci.",peakList_figaero_check_particle_winter_summer_v7.db
C5H11INO,-,227.98909,organic,I-,particle,FIGAERO-LTOF-CIMS,Chao Yan,Beijing urban (BUCT),atmosphere,urban,BUCT long-term,"Daellenbach et al., 2024, Nat. Geosci.",peakList_figaero_check_particle_winter_summer_v7.db
C8H6NO7,-,228.01498,organic,I-,particle,FIGAERO-LTOF-CIMS,Chao Yan,Beijing urban (BUCT),atmosphere,urban,BUCT long-term,"Daellenbach et al., 2024, Nat. Geosci.",peakList_figaero_check_particle_winter_summer_v7.db
C5H10NO9,-,228.03610,organic,I-,particle,FIGAERO-LTOF-CIMS,Chao Yan,Beijing urban (BUCT),atmosphere,urban,BUCT long-term,"Daellenbach et al., 2024, Nat. Geosci.",peakList_figaero_check_particle_winter_summer_v7.db
C5H12N2O8,-,228.05991,organic,I-,particle,FIGAERO-LTOF-CIMS,Chao Yan,Beijing urban (BUCT),atmosphere,urban,BUCT long-term,"Daellenbach et al., 2024, Nat. Geosci.",peakList_figaero_check_particle_winter_summer_v7.db
C3H2IO4,-,228.90033,organic,I-,particle,FIGAERO-LTOF-CIMS,Chao Yan,Beijing urban (BUCT),atmosphere,urban,BUCT long-term,"Daellenbach et al., 2024, Nat. Geosci.",peakList_figaero_check_particle_winter_summer_v7.db
C4H6IO3,-,228.93672,organic,I-,particle,FIGAERO-LTOF-CIMS,Chao Yan,Beijing urban (BUCT),atmosphere,urban,BUCT long-term,"Daellenbach et al., 2024, Nat. Geosci.",peakList_figaero_check_particle_winter_summer_v7.db
C5H10IO2,-,228.97310,organic,I-,particle,FIGAERO-LTOF-CIMS,Chao Yan,Beijing urban (BUCT),atmosphere,urban,BUCT long-term,"Daellenbach et al., 2024, Nat. Geosci.",peakList_figaero_check_particle_winter_summer_v7.db
C6H14IO,-,229.00949,organic,I-,particle,FIGAERO-LTOF-CIMS,Chao Yan,Beijing urban (BUCT),atmosphere,urban,BUCT long-term,"Daellenbach et al., 2024, Nat. Geosci.",peakList_figaero_check_particle_winter_summer_v7.db
,,229.07020,unassigned,I-,particle,FIGAERO-LTOF-CIMS,Chao Yan,Beijing urban (BUCT),atmosphere,urban,BUCT long-term,"Daellenbach et al., 2024, Nat. Geosci.",peakList_figaero_check_particle_winter_summer_v7.db
C3H5INO3,-,229.93196,organic,I-,particle,FIGAERO-LTOF-CIMS,Chao Yan,Beijing urban (BUCT),atmosphere,urban,BUCT long-term,"Daellenbach et al., 2024, Nat. Geosci.",peakList_figaero_check_particle_winter_summer_v7.db
C4H9INO2,-,229.96835,organic,I-,particle,FIGAERO-LTOF-CIMS,Chao Yan,Beijing urban (BUCT),atmosphere,urban,BUCT long-term,"Daellenbach et al., 2024, Nat. Geosci.",peakList_figaero_check_particle_winter_summer_v7.db
C5H11IO2,-,229.98093,organic,I-,particle,FIGAERO-LTOF-CIMS,Chao Yan,Beijing urban (BUCT),atmosphere,urban,BUCT long-term,"Daellenbach et al., 2024, Nat. Geosci.",peakList_figaero_check_particle_winter_summer_v7.db
C14H14O3,-,230.09484,organic,I-,particle,FIGAERO-LTOF-CIMS,Chao Yan,Beijing urban (BUCT),atmosphere,urban,BUCT long-term,"Daellenbach et al., 2024, Nat. Geosci.",peakList_figaero_check_particle_winter_summer_v7.db
C12H22O4,-,230.15236,organic,I-,particle,FIGAERO-LTOF-CIMS,Chao Yan,Beijing urban (BUCT),atmosphere,urban,BUCT long-term,"Daellenbach et al., 2024, Nat. Geosci.",peakList_figaero_check_particle_winter_summer_v7.db
,,230.89100,unassigned,I-,particle,FIGAERO-LTOF-CIMS,Chao Yan,Beijing urban (BUCT),atmosphere,urban,BUCT long-term,"Daellenbach et al., 2024, Nat. Geosci.",peakList_figaero_check_particle_winter_summer_v7.db
C3H4IO4,-,230.91598,organic,I-,particle,FIGAERO-LTOF-CIMS,Chao Yan,Beijing urban (BUCT),atmosphere,urban,BUCT long-term,"Daellenbach et al., 2024, Nat. Geosci.",peakList_figaero_check_particle_winter_summer_v7.db
C4H8IO3,-,230.95237,organic,I-,particle,FIGAERO-LTOF-CIMS,Chao Yan,Beijing urban (BUCT),atmosphere,urban,BUCT long-term,"Daellenbach et al., 2024, Nat. Geosci.",peakList_figaero_check_particle_winter_summer_v7.db
C5H12IO2,-,230.98875,organic,I-,particle,FIGAERO-LTOF-CIMS,Chao Yan,Beijing urban (BUCT),atmosphere,urban,BUCT long-term,"Daellenbach et al., 2024, Nat. Geosci.",peakList_figaero_check_particle_winter_summer_v7.db
C10H15O6,-,231.08741,organic,I-,particle,FIGAERO-LTOF-CIMS,Chao Yan,Beijing urban (BUCT),atmosphere,urban,BUCT long-term,"Daellenbach et al., 2024, Nat. Geosci.",peakList_figaero_check_particle_winter_summer_v7.db
C2H3INO4,-,231.91123,organic,I-,particle,FIGAERO-LTOF-CIMS,Chao Yan,Beijing urban (BUCT),atmosphere,urban,BUCT long-term,"Daellenbach et al., 2024, Nat. Geosci.",peakList_figaero_check_particle_winter_summer_v7.db
C3H7INO3,-,231.94761,organic,I-,particle,FIGAERO-LTOF-CIMS,Chao Yan,Beijing urban (BUCT),atmosphere,urban,BUCT long-term,"Daellenbach et al., 2024, Nat. Geosci.",peakList_figaero_check_particle_winter_summer_v7.db
C3H6NO9S,-,231.97688,organic,I-,particle,FIGAERO-LTOF-CIMS,Chao Yan,Beijing urban (BUCT),atmosphere,urban,BUCT long-term,"Daellenbach et al., 2024, Nat. Geosci.",peakList_figaero_check_particle_winter_summer_v7.db
,,232.06870,unassigned,I-,particle,FIGAERO-LTOF-CIMS,Chao Yan,Beijing urban (BUCT),atmosphere,urban,BUCT long-term,"Daellenbach et al., 2024, Nat. Geosci.",peakList_figaero_check_particle_winter_summer_v7.db
,,232.11250,unassigned,I-,particle,FIGAERO-LTOF-CIMS,Chao Yan,Beijing urban (BUCT),atmosphere,urban,BUCT long-term,"Daellenbach et al., 2024, Nat. Geosci.",peakList_figaero_check_particle_winter_summer_v7.db
,,232.17030,unassigned,I-,particle,FIGAERO-LTOF-CIMS,Chao Yan,Beijing urban (BUCT),atmosphere,urban,BUCT long-term,"Daellenbach et al., 2024, Nat. Geosci.",peakList_figaero_check_particle_winter_summer_v7.db
C16H26N,-,232.20707,organic,I-,particle,FIGAERO-LTOF-CIMS,Chao Yan,Beijing urban (BUCT),atmosphere,urban,BUCT long-term,"Daellenbach et al., 2024, Nat. Geosci.",peakList_figaero_check_particle_winter_summer_v7.db
C2H2IO5,-,232.89524,organic,I-,particle,FIGAERO-LTOF-CIMS,Chao Yan,Beijing urban (BUCT),atmosphere,urban,BUCT long-term,"Daellenbach et al., 2024, Nat. Geosci.",peakList_figaero_check_particle_winter_summer_v7.db
C3H6IO4,-,232.93163,organic,I-,particle,FIGAERO-LTOF-CIMS,Chao Yan,Beijing urban (BUCT),atmosphere,urban,BUCT long-term,"Daellenbach et al., 2024, Nat. Geosci.",peakList_figaero_check_particle_winter_summer_v7.db
C7H6IO,-,232.94689,organic,I-,particle,FIGAERO-LTOF-CIMS,Chao Yan,Beijing urban (BUCT),atmosphere,urban,BUCT long-term,"Daellenbach et al., 2024, Nat. Geosci.",peakList_figaero_check_particle_winter_summer_v7.db
C6H6IN2,-,232.95812,organic,I-,particle,FIGAERO-LTOF-CIMS,Chao Yan,Beijing urban (BUCT),atmosphere,urban,BUCT long-term,"Daellenbach et al., 2024, Nat. Geosci.",peakList_figaero_check_particle_winter_summer_v7.db
C4H10IO3,-,232.96802,organic,I-,particle,FIGAERO-LTOF-CIMS,Chao Yan,Beijing urban (BUCT),atmosphere,urban,BUCT long-term,"Daellenbach et al., 2024, Nat. Geosci.",peakList_figaero_check_particle_winter_summer_v7.db
,,233.10390,unassigned,I-,particle,FIGAERO-LTOF-CIMS,Chao Yan,Beijing urban (BUCT),atmosphere,urban,BUCT long-term,"Daellenbach et al., 2024, Nat. Geosci.",peakList_figaero_check_particle_winter_summer_v7.db
C14H17O3,-,233.11832,organic,I-,particle,FIGAERO-LTOF-CIMS,Chao Yan,Beijing urban (BUCT),atmosphere,urban,BUCT long-term,"Daellenbach et al., 2024, Nat. Geosci.",peakList_figaero_check_particle_winter_summer_v7.db
C15H21O2,-,233.15470,organic,I-,particle,FIGAERO-LTOF-CIMS,Chao Yan,Beijing urban (BUCT),atmosphere,urban,BUCT long-term,"Daellenbach et al., 2024, Nat. Geosci.",peakList_figaero_check_particle_winter_summer_v7.db
C16H25O,-,233.19109,organic,I-,particle,FIGAERO-LTOF-CIMS,Chao Yan,Beijing urban (BUCT),atmosphere,urban,BUCT long-term,"Daellenbach et al., 2024, Nat. Geosci.",peakList_figaero_check_particle_winter_summer_v7.db
CHINO5,-,233.89049,organic,I-,particle,FIGAERO-LTOF-CIMS,Chao Yan,Beijing urban (BUCT),atmosphere,urban,BUCT long-term,"Daellenbach et al., 2024, Nat. Geosci.",peakList_figaero_check_particle_winter_summer_v7.db
C2H5INO4,-,233.92688,organic,I-,particle,FIGAERO-LTOF-CIMS,Chao Yan,Beijing urban (BUCT),atmosphere,urban,BUCT long-term,"Daellenbach et al., 2024, Nat. Geosci.",peakList_figaero_check_particle_winter_summer_v7.db
,,233.99100,unassigned,I-,particle,FIGAERO-LTOF-CIMS,Chao Yan,Beijing urban (BUCT),atmosphere,urban,BUCT long-term,"Daellenbach et al., 2024, Nat. Geosci.",peakList_figaero_check_particle_winter_summer_v7.db
C7H8NO8,-,234.02554,organic,I-,particle,FIGAERO-LTOF-CIMS,Chao Yan,Beijing urban (BUCT),atmosphere,urban,BUCT long-term,"Daellenbach et al., 2024, Nat. Geosci.",peakList_figaero_check_particle_winter_summer_v7.db
C8H12NO7,-,234.06193,organic,I-,particle,FIGAERO-LTOF-CIMS,Chao Yan,Beijing urban (BUCT),atmosphere,urban,BUCT long-term,"Daellenbach et al., 2024, Nat. Geosci.",peakList_figaero_check_particle_winter_summer_v7.db
C9H16NO6,-,234.09831,organic,I-,particle,FIGAERO-LTOF-CIMS,Chao Yan,Beijing urban (BUCT),atmosphere,urban,BUCT long-term,"Daellenbach et al., 2024, Nat. Geosci.",peakList_figaero_check_particle_winter_summer_v7.db
C10H20NO5,-,234.13470,organic,I-,particle,FIGAERO-LTOF-CIMS,Chao Yan,Beijing urban (BUCT),atmosphere,urban,BUCT long-term,"Daellenbach et al., 2024, Nat. Geosci.",peakList_figaero_check_particle_winter_summer_v7.db
C11H24NO4,-,234.17108,organic,I-,particle,FIGAERO-LTOF-CIMS,Chao Yan,Beijing urban (BUCT),atmosphere,urban,BUCT long-term,"Daellenbach et al., 2024, Nat. Geosci.",peakList_figaero_check_particle_winter_summer_v7.db
IN2O5,-,234.88574,inorganic,I-,particle,FIGAERO-LTOF-CIMS,Chao Yan,Beijing urban (BUCT),atmosphere,urban,BUCT long-term,"Daellenbach et al., 2024, Nat. Geosci.",peakList_figaero_check_particle_winter_summer_v7.db
C2H4IO3S,-,234.89314,organic,I-,particle,FIGAERO-LTOF-CIMS,Chao Yan,Beijing urban (BUCT),atmosphere,urban,BUCT long-term,"Daellenbach et al., 2024, Nat. Geosci.",peakList_figaero_check_particle_winter_summer_v7.db
C2H4IO5,-,234.91089,organic,I-,particle,FIGAERO-LTOF-CIMS,Chao Yan,Beijing urban (BUCT),atmosphere,urban,BUCT long-term,"Daellenbach et al., 2024, Nat. Geosci.",peakList_figaero_check_particle_winter_summer_v7.db
C2H3O11S,-,234.94016,organic,I-,particle,FIGAERO-LTOF-CIMS,Chao Yan,Beijing urban (BUCT),atmosphere,urban,BUCT long-term,"Daellenbach et al., 2024, Nat. Geosci.",peakList_figaero_check_particle_winter_summer_v7.db
C3H8IO4,-,234.94728,organic,I-,particle,FIGAERO-LTOF-CIMS,Chao Yan,Beijing urban (BUCT),atmosphere,urban,BUCT long-term,"Daellenbach et al., 2024, Nat. Geosci.",peakList_figaero_check_particle_winter_summer_v7.db
C7H8IO,-,234.96254,organic,I-,particle,FIGAERO-LTOF-CIMS,Chao Yan,Beijing urban (BUCT),atmosphere,urban,BUCT long-term,"Daellenbach et al., 2024, Nat. Geosci.",peakList_figaero_check_particle_winter_summer_v7.db
,,235.85790,unassigned,I-,particle,FIGAERO-LTOF-CIMS,Chao Yan,Beijing urban (BUCT),atmosphere,urban,BUCT long-term,"Daellenbach et al., 2024, Nat. Geosci.",peakList_figaero_check_particle_winter_summer_v7.db
CH3INO5,-,235.90614,organic,I-,particle,FIGAERO-LTOF-CIMS,Chao Yan,Beijing urban (BUCT),atmosphere,urban,BUCT long-term,"Daellenbach et al., 2024, Nat. Geosci.",peakList_figaero_check_particle_winter_summer_v7.db
C6H7INO,-,235.95779,organic,I-,particle,FIGAERO-LTOF-CIMS,Chao Yan,Beijing urban (BUCT),atmosphere,urban,BUCT long-term,"Daellenbach et al., 2024, Nat. Geosci.",peakList_figaero_check_particle_winter_summer_v7.db
C7H10NO8,-,236.04119,organic,I-,particle,FIGAERO-LTOF-CIMS,Chao Yan,Beijing urban (BUCT),atmosphere,urban,BUCT long-term,"Daellenbach et al., 2024, Nat. Geosci.",peakList_figaero_check_particle_winter_summer_v7.db
C8H14NO7,-,236.07758,organic,I-,particle,FIGAERO-LTOF-CIMS,Chao Yan,Beijing urban (BUCT),atmosphere,urban,BUCT long-term,"Daellenbach et al., 2024, Nat. Geosci.",peakList_figaero_check_particle_winter_summer_v7.db
C9H18NO6,-,236.11396,organic,I-,particle,FIGAERO-LTOF-CIMS,Chao Yan,Beijing urban (BUCT),atmosphere,urban,BUCT long-term,"Daellenbach et al., 2024, Nat. Geosci.",peakList_figaero_check_particle_winter_summer_v7.db
C3H7ClIO2,-,236.91848,organic,I-,particle,FIGAERO-LTOF-CIMS,Chao Yan,Beijing urban (BUCT),atmosphere,urban,BUCT long-term,"Daellenbach et al., 2024, Nat. Geosci.",peakList_figaero_check_particle_winter_summer_v7.db
C6H6IO2,-,236.94180,organic,I-,particle,FIGAERO-LTOF-CIMS,Chao Yan,Beijing urban (BUCT),atmosphere,urban,BUCT long-term,"Daellenbach et al., 2024, Nat. Geosci.",peakList_figaero_check_particle_winter_summer_v7.db
HINO6,-,237.88541,inorganic,I-,particle,FIGAERO-LTOF-CIMS,Chao Yan,Beijing urban (BUCT),atmosphere,urban,BUCT long-term,"Daellenbach et al., 2024, Nat. Geosci.",peakList_figaero_check_particle_winter_summer_v7.db
C5H5INO2,-,237.93705,organic,I-,particle,FIGAERO-LTOF-CIMS,Chao Yan,Beijing urban (BUCT),atmosphere,urban,BUCT long-term,"Daellenbach et al., 2024, Nat. Geosci.",peakList_figaero_check_particle_winter_summer_v7.db
C6H6O8S,-,237.97889,organic,I-,particle,FIGAERO-LTOF-CIMS,Chao Yan,Beijing urban (BUCT),atmosphere,urban,BUCT long-term,"Daellenbach et al., 2024, Nat. Geosci.",peakList_figaero_check_particle_winter_summer_v7.db
,,238.11430,unassigned,I-,particle,FIGAERO-LTOF-CIMS,Chao Yan,Beijing urban (BUCT),atmosphere,urban,BUCT long-term,"Daellenbach et al., 2024, Nat. Geosci.",peakList_figaero_check_particle_winter_summer_v7.db
C14H22O3,-,238.15744,organic,I-,particle,FIGAERO-LTOF-CIMS,Chao Yan,Beijing urban (BUCT),atmosphere,urban,BUCT long-term,"Daellenbach et al., 2024, Nat. Geosci.",peakList_figaero_check_particle_winter_summer_v7.db
CH4IO4S,-,238.88805,organic,I-,particle,FIGAERO-LTOF-CIMS,Chao Yan,Beijing urban (BUCT),atmosphere,urban,BUCT long-term,"Daellenbach et al., 2024, Nat. Geosci.",peakList_figaero_check_particle_winter_summer_v7.db
C5H4IO3,-,238.92107,organic,I-,particle,FIGAERO-LTOF-CIMS,Chao Yan,Beijing urban (BUCT),atmosphere,urban,BUCT long-term,"Daellenbach et al., 2024, Nat. Geosci.",peakList_figaero_check_particle_winter_summer_v7.db
C4H4IN2O2,-,238.93230,organic,I-,particle,FIGAERO-LTOF-CIMS,Chao Yan,Beijing urban (BUCT),atmosphere,urban,BUCT long-term,"Daellenbach et al., 2024, Nat. Geosci.",peakList_figaero_check_particle_winter_summer_v7.db
C6H8IO2,-,238.95745,organic,I-,particle,FIGAERO-LTOF-CIMS,Chao Yan,Beijing urban (BUCT),atmosphere,urban,BUCT long-term,"Daellenbach et al., 2024, Nat. Geosci.",peakList_figaero_check_particle_winter_summer_v7.db
C4H3N2O10,-,238.97932,organic,I-,particle,FIGAERO-LTOF-CIMS,Chao Yan,Beijing urban (BUCT),atmosphere,urban,BUCT long-term,"Daellenbach et al., 2024, Nat. Geosci.",peakList_figaero_check_particle_winter_summer_v7.db
C5H7N2O9,-,239.01570,organic,I-,particle,FIGAERO-LTOF-CIMS,Chao Yan,Beijing urban (BUCT),atmosphere,urban,BUCT long-term,"Daellenbach et al., 2024, Nat. Geosci.",peakList_figaero_check_particle_winter_summer_v7.db
C6H11N2O8,-,239.05209,organic,I-,particle,FIGAERO-LTOF-CIMS,Chao Yan,Beijing urban (BUCT),atmosphere,urban,BUCT long-term,"Daellenbach et al., 2024, Nat. Geosci.",peakList_figaero_check_particle_winter_summer_v7.db
C13H19O4,-,239.12888,organic,I-,particle,FIGAERO-LTOF-CIMS,Chao Yan,Beijing urban (BUCT),atmosphere,urban,BUCT long-term,"Daellenbach et al., 2024, Nat. Geosci.",peakList_figaero_check_particle_winter_summer_v7.db
C4H3INO3,-,239.91631,organic,I-,particle,FIGAERO-LTOF-CIMS,Chao Yan,Beijing urban (BUCT),atmosphere,urban,BUCT long-term,"Daellenbach et al., 2024, Nat. Geosci.",peakList_figaero_check_particle_winter_summer_v7.db
C5H7INO2,-,239.95270,organic,I-,particle,FIGAERO-LTOF-CIMS,Chao Yan,Beijing urban (BUCT),atmosphere,urban,BUCT long-term,"Daellenbach et al., 2024, Nat. Geosci.",peakList_figaero_check_particle_winter_summer_v7.db
C2HF3IO2,-,240.89789,organic,I-,particle,FIGAERO-LTOF-CIMS,Chao Yan,Beijing urban (BUCT),atmosphere,urban,BUCT long-term,"Daellenbach et al., 2024, Nat. Geosci.",peakList_figaero_check_particle_winter_summer_v7.db
C5H6IO3,-,240.93672,organic,I-,particle,FIGAERO-LTOF-CIMS,Chao Yan,Beijing urban (BUCT),atmosphere,urban,BUCT long-term,"Daellenbach et al., 2024, Nat. Geosci.",peakList_figaero_check_particle_winter_summer_v7.db
C6H10IO2,-,240.97310,organic,I-,particle,FIGAERO-LTOF-CIMS,Chao Yan,Beijing urban (BUCT),atmosphere,urban,BUCT long-term,"Daellenbach et al., 2024, Nat. Geosci.",peakList_figaero_check_particle_winter_summer_v7.db
C4H5INO3,-,241.93196,organic,I-,particle,FIGAERO-LTOF-CIMS,Chao Yan,Beijing urban (BUCT),atmosphere,urban,BUCT long-term,"Daellenbach et al., 2024, Nat. Geosci.",peakList_figaero_check_particle_winter_summer_v7.db
C5H9INO2,-,241.96835,organic,I-,particle,FIGAERO-LTOF-CIMS,Chao Yan,Beijing urban (BUCT),atmosphere,urban,BUCT long-term,"Daellenbach et al., 2024, Nat. Geosci.",peakList_figaero_check_particle_winter_summer_v7.db
C5H6O9S,-,241.97380,organic,I-,particle,FIGAERO-LTOF-CIMS,Chao Yan,Beijing urban (BUCT),atmosphere,urban,BUCT long-term,"Daellenbach et al., 2024, Nat. Geosci.",peakList_figaero_check_particle_winter_summer_v7.db
C5H8NO8S,-,241.99761,organic,I-,particle,FIGAERO-LTOF-CIMS,Chao Yan,Beijing urban (BUCT),atmosphere,urban,BUCT long-term,"Daellenbach et al., 2024, Nat. Geosci.",peakList_figaero_check_particle_winter_summer_v7.db
C4H4IO4,-,242.91598,organic,I-,particle,FIGAERO-LTOF-CIMS,Chao Yan,Beijing urban (BUCT),atmosphere,urban,BUCT long-term,"Daellenbach et al., 2024, Nat. Geosci.",peakList_figaero_check_particle_winter_summer_v7.db
C5H8IO3,-,242.95237,organic,I-,particle,FIGAERO-LTOF-CIMS,Chao Yan,Beijing urban (BUCT),atmosphere,urban,BUCT long-term,"Daellenbach et al., 2024, Nat. Geosci.",peakList_figaero_check_particle_winter_summer_v7.db
C6H12IO2,-,242.98875,organic,I-,particle,FIGAERO-LTOF-CIMS,Chao Yan,Beijing urban (BUCT),atmosphere,urban,BUCT long-term,"Daellenbach et al., 2024, Nat. Geosci.",peakList_figaero_check_particle_winter_summer_v7.db
C12H19O5,-,243.12380,organic,I-,particle,FIGAERO-LTOF-CIMS,Chao Yan,Beijing urban (BUCT),atmosphere,urban,BUCT long-term,"Daellenbach et al., 2024, Nat. Geosci.",peakList_figaero_check_particle_winter_summer_v7.db
C3H3INO4,-,243.91123,organic,I-,particle,FIGAERO-LTOF-CIMS,Chao Yan,Beijing urban (BUCT),atmosphere,urban,BUCT long-term,"Daellenbach et al., 2024, Nat. Geosci.",peakList_figaero_check_particle_winter_summer_v7.db
C4H7INO3,-,243.94761,organic,I-,particle,FIGAERO-LTOF-CIMS,Chao Yan,Beijing urban (BUCT),atmosphere,urban,BUCT long-term,"Daellenbach et al., 2024, Nat. Geosci.",peakList_figaero_check_particle_winter_summer_v7.db
C4H6NO9S,-,243.97688,organic,I-,particle,FIGAERO-LTOF-CIMS,Chao Yan,Beijing urban (BUCT),atmosphere,urban,BUCT long-term,"Daellenbach et al., 2024, Nat. Geosci.",peakList_figaero_check_particle_winter_summer_v7.db
,,244.09080,unassigned,I-,particle,FIGAERO-LTOF-CIMS,Chao Yan,Beijing urban (BUCT),atmosphere,urban,BUCT long-term,"Daellenbach et al., 2024, Nat. Geosci.",peakList_figaero_check_particle_winter_summer_v7.db
C12H20O5,-,244.13162,organic,I-,particle,FIGAERO-LTOF-CIMS,Chao Yan,Beijing urban (BUCT),atmosphere,urban,BUCT long-term,"Daellenbach et al., 2024, Nat. Geosci.",peakList_figaero_check_particle_winter_summer_v7.db
,,244.16010,unassigned,I-,particle,FIGAERO-LTOF-CIMS,Chao Yan,Beijing urban (BUCT),atmosphere,urban,BUCT long-term,"Daellenbach et al., 2024, Nat. Geosci.",peakList_figaero_check_particle_winter_summer_v7.db
C4H6IO4,-,244.93163,organic,I-,particle,FIGAERO-LTOF-CIMS,Chao Yan,Beijing urban (BUCT),atmosphere,urban,BUCT long-term,"Daellenbach et al., 2024, Nat. Geosci.",peakList_figaero_check_particle_winter_summer_v7.db
C4H5O10S,-,244.96089,organic,I-,particle,FIGAERO-LTOF-CIMS,Chao Yan,Beijing urban (BUCT),atmosphere,urban,BUCT long-term,"Daellenbach et al., 2024, Nat. Geosci.",peakList_figaero_check_particle_winter_summer_v7.db
C5H10IO3,-,244.96802,organic,I-,particle,FIGAERO-LTOF-CIMS,Chao Yan,Beijing urban (BUCT),atmosphere,urban,BUCT long-term,"Daellenbach et al., 2024, Nat. Geosci.",peakList_figaero_check_particle_winter_summer_v7.db
C5H9O7S2,-,244.97952,organic,I-,particle,FIGAERO-LTOF-CIMS,Chao Yan,Beijing urban (BUCT),atmosphere,urban,BUCT long-term,"Daellenbach et al., 2024, Nat. Geosci.",peakList_figaero_check_particle_winter_summer_v7.db
C17H25O,-,245.19109,organic,I-,particle,FIGAERO-LTOF-CIMS,Chao Yan,Beijing urban (BUCT),atmosphere,urban,BUCT long-term,"Daellenbach et al., 2024, Nat. Geosci.",peakList_figaero_check_particle_winter_summer_v7.db
,,245.81430,unassigned,I-,particle,FIGAERO-LTOF-CIMS,Chao Yan,Beijing urban (BUCT),atmosphere,urban,BUCT long-term,"Daellenbach et al., 2024, Nat. Geosci.",peakList_figaero_check_particle_winter_summer_v7.db
C3H5INO4,-,245.92688,organic,I-,particle,FIGAERO-LTOF-CIMS,Chao Yan,Beijing urban (BUCT),atmosphere,urban,BUCT long-term,"Daellenbach et al., 2024, Nat. Geosci.",peakList_figaero_check_particle_winter_summer_v7.db
C4H9INO3,-,245.96326,organic,I-,particle,FIGAERO-LTOF-CIMS,Chao Yan,Beijing urban (BUCT),atmosphere,urban,BUCT long-term,"Daellenbach et al., 2024, Nat. Geosci.",peakList_figaero_check_particle_winter_summer_v7.db
C6H4N3O8,-,246.00039,organic,I-,particle,FIGAERO-LTOF-CIMS,Chao Yan,Beijing urban (BUCT),atmosphere,urban,BUCT long-term,"Daellenbach et al., 2024, Nat. Geosci.",peakList_figaero_check_particle_winter_summer_v7.db
,,246.09070,unassigned,I-,particle,FIGAERO-LTOF-CIMS,Chao Yan,Beijing urban (BUCT),atmosphere,urban,BUCT long-term,"Daellenbach et al., 2024, Nat. Geosci.",peakList_figaero_check_particle_winter_summer_v7.db
,,246.10400,unassigned,I-,particle,FIGAERO-LTOF-CIMS,Chao Yan,Beijing urban (BUCT),atmosphere,urban,BUCT long-term,"Daellenbach et al., 2024, Nat. Geosci.",peakList_figaero_check_particle_winter_summer_v7.db
C3H4IO5,-,246.91089,organic,I-,particle,FIGAERO-LTOF-CIMS,Chao Yan,Beijing urban (BUCT),atmosphere,urban,BUCT long-term,"Daellenbach et al., 2024, Nat. Geosci.",peakList_figaero_check_particle_winter_summer_v7.db
C4H8IO4,-,246.94728,organic,I-,particle,FIGAERO-LTOF-CIMS,Chao Yan,Beijing urban (BUCT),atmosphere,urban,BUCT long-term,"Daellenbach et al., 2024, Nat. Geosci.",peakList_figaero_check_particle_winter_summer_v7.db
C5H12IO3,-,246.98367,organic,I-,particle,FIGAERO-LTOF-CIMS,Chao Yan,Beijing urban (BUCT),atmosphere,urban,BUCT long-term,"Daellenbach et al., 2024, Nat. Geosci.",peakList_figaero_check_particle_winter_summer_v7.db
,,247.08200,unassigned,I-,particle,FIGAERO-LTOF-CIMS,Chao Yan,Beijing urban (BUCT),atmosphere,urban,BUCT long-term,"Daellenbach et al., 2024, Nat. Geosci.",peakList_figaero_check_particle_winter_summer_v7.db
C11H19O6,-,247.11871,organic,I-,particle,FIGAERO-LTOF-CIMS,Chao Yan,Beijing urban (BUCT),atmosphere,urban,BUCT long-term,"Daellenbach et al., 2024, Nat. Geosci.",peakList_figaero_check_particle_winter_summer_v7.db
C16H23O2,-,247.17035,organic,I-,particle,FIGAERO-LTOF-CIMS,Chao Yan,Beijing urban (BUCT),atmosphere,urban,BUCT long-term,"Daellenbach et al., 2024, Nat. Geosci.",peakList_figaero_check_particle_winter_summer_v7.db
C17H27O,-,247.20674,organic,I-,particle,FIGAERO-LTOF-CIMS,Chao Yan,Beijing urban (BUCT),atmosphere,urban,BUCT long-term,"Daellenbach et al., 2024, Nat. Geosci.",peakList_figaero_check_particle_winter_summer_v7.db
,,247.81150,unassigned,I-,particle,FIGAERO-LTOF-CIMS,Chao Yan,Beijing urban (BUCT),atmosphere,urban,BUCT long-term,"Daellenbach et al., 2024, Nat. Geosci.",peakList_figaero_check_particle_winter_summer_v7.db
C2H3INO5,-,247.90614,organic,I-,particle,FIGAERO-LTOF-CIMS,Chao Yan,Beijing urban (BUCT),atmosphere,urban,BUCT long-term,"Daellenbach et al., 2024, Nat. Geosci.",peakList_figaero_check_particle_winter_summer_v7.db
C3H7INO4,-,247.94253,organic,I-,particle,FIGAERO-LTOF-CIMS,Chao Yan,Beijing urban (BUCT),atmosphere,urban,BUCT long-term,"Daellenbach et al., 2024, Nat. Geosci.",peakList_figaero_check_particle_winter_summer_v7.db
C4H9IO4,-,247.95511,organic,I-,particle,FIGAERO-LTOF-CIMS,Chao Yan,Beijing urban (BUCT),atmosphere,urban,BUCT long-term,"Daellenbach et al., 2024, Nat. Geosci.",peakList_figaero_check_particle_winter_summer_v7.db
C3H6NO10S,-,247.97179,organic,I-,particle,FIGAERO-LTOF-CIMS,Chao Yan,Beijing urban (BUCT),atmosphere,urban,BUCT long-term,"Daellenbach et al., 2024, Nat. Geosci.",peakList_figaero_check_particle_winter_summer_v7.db
C7H6NO9,-,248.00480,organic,I-,particle,FIGAERO-LTOF-CIMS,Chao Yan,Beijing urban (BUCT),atmosphere,urban,BUCT long-term,"Daellenbach et al., 2024, Nat. Geosci.",peakList_figaero_check_particle_winter_summer_v7.db
C10H16O7,-,248.09015,organic,I-,particle,FIGAERO-LTOF-CIMS,Chao Yan,Beijing urban (BUCT),atmosphere,urban,BUCT long-term,"Daellenbach et al., 2024, Nat. Geosci.",peakList_figaero_check_particle_winter_summer_v7.db
C10H18NO6,-,248.11396,organic,I-,particle,FIGAERO-LTOF-CIMS,Chao Yan,Beijing urban (BUCT),atmosphere,urban,BUCT long-term,"Daellenbach et al., 2024, Nat. Geosci.",peakList_figaero_check_particle_winter_summer_v7.db
,,248.16600,unassigned,I-,particle,FIGAERO-LTOF-CIMS,Chao Yan,Beijing urban (BUCT),atmosphere,urban,BUCT long-term,"Daellenbach et al., 2024, Nat. Geosci.",peakList_figaero_check_particle_winter_summer_v7.db
C3H6IO3S,-,248.90879,organic,I-,particle,FIGAERO-LTOF-CIMS,Chao Yan,Beijing urban (BUCT),atmosphere,urban,BUCT long-term,"Daellenbach et al., 2024, Nat. Geosci.",peakList_figaero_check_particle_winter_summer_v7.db
C3H6IO5,-,248.92654,organic,I-,particle,FIGAERO-LTOF-CIMS,Chao Yan,Beijing urban (BUCT),atmosphere,urban,BUCT long-term,"Daellenbach et al., 2024, Nat. Geosci.",peakList_figaero_check_particle_winter_summer_v7.db
C7H6IO2,-,248.94180,organic,I-,particle,FIGAERO-LTOF-CIMS,Chao Yan,Beijing urban (BUCT),atmosphere,urban,BUCT long-term,"Daellenbach et al., 2024, Nat. Geosci.",peakList_figaero_check_particle_winter_summer_v7.db
C4H10IO4,-,248.96293,organic,I-,particle,FIGAERO-LTOF-CIMS,Chao Yan,Beijing urban (BUCT),atmosphere,urban,BUCT long-term,"Daellenbach et al., 2024, Nat. Geosci.",peakList_figaero_check_particle_winter_summer_v7.db
C8H10IO,-,248.97819,organic,I-,particle,FIGAERO-LTOF-CIMS,Chao Yan,Beijing urban (BUCT),atmosphere,urban,BUCT long-term,"Daellenbach et al., 2024, Nat. Geosci.",peakList_figaero_check_particle_winter_summer_v7.db
,,249.12950,unassigned,I-,particle,FIGAERO-LTOF-CIMS,Chao Yan,Beijing urban (BUCT),atmosphere,urban,BUCT long-term,"Daellenbach et al., 2024, Nat. Geosci.",peakList_figaero_check_particle_winter_summer_v7.db
,,249.17540,unassigned,I-,particle,FIGAERO-LTOF-CIMS,Chao Yan,Beijing urban (BUCT),atmosphere,urban,BUCT long-term,"Daellenbach et al., 2024, Nat. Geosci.",peakList_figaero_check_particle_winter_summer_v7.db
CHINO6,-,249.88541,organic,I-,particle,FIGAERO-LTOF-CIMS,Chao Yan,Beijing urban (BUCT),atmosphere,urban,BUCT long-term,"Daellenbach et al., 2024, Nat. Geosci.",peakList_figaero_check_particle_winter_summer_v7.db
C2H5INO5,-,249.92179,organic,I-,particle,FIGAERO-LTOF-CIMS,Chao Yan,Beijing urban (BUCT),atmosphere,urban,BUCT long-term,"Daellenbach et al., 2024, Nat. Geosci.",peakList_figaero_check_particle_winter_summer_v7.db
C6H5INO2,-,249.93705,organic,I-,particle,FIGAERO-LTOF-CIMS,Chao Yan,Beijing urban (BUCT),atmosphere,urban,BUCT long-term,"Daellenbach et al., 2024, Nat. Geosci.",peakList_figaero_check_particle_winter_summer_v7.db
,,249.98500,unassigned,I-,particle,FIGAERO-LTOF-CIMS,Chao Yan,Beijing urban (BUCT),atmosphere,urban,BUCT long-term,"Daellenbach et al., 2024, Nat. Geosci.",peakList_figaero_check_particle_winter_summer_v7.db
C8H12NO8,-,250.05684,organic,I-,particle,FIGAERO-LTOF-CIMS,Chao Yan,Beijing urban (BUCT),atmosphere,urban,BUCT long-term,"Daellenbach et al., 2024, Nat. Geosci.",peakList_figaero_check_particle_winter_summer_v7.db
C9H16NO7,-,250.09323,organic,I-,particle,FIGAERO-LTOF-CIMS,Chao Yan,Beijing urban (BUCT),atmosphere,urban,BUCT long-term,"Daellenbach et al., 2024, Nat. Geosci.",peakList_figaero_check_particle_winter_summer_v7.db
C14H20NO3,-,250.14487,organic,I-,particle,FIGAERO-LTOF-CIMS,Chao Yan,Beijing urban (BUCT),atmosphere,urban,BUCT long-term,"Daellenbach et al., 2024, Nat. Geosci.",peakList_figaero_check_particle_winter_summer_v7.db
C11H24NO5,-,250.16600,organic,I-,particle,FIGAERO-LTOF-CIMS,Chao Yan,Beijing urban (BUCT),atmosphere,urban,BUCT long-term,"Daellenbach et al., 2024, Nat. Geosci.",peakList_figaero_check_particle_winter_summer_v7.db
IN2O6,-,250.88066,inorganic,I-,particle,FIGAERO-LTOF-CIMS,Chao Yan,Beijing urban (BUCT),atmosphere,urban,BUCT long-term,"Daellenbach et al., 2024, Nat. Geosci.",peakList_figaero_check_particle_winter_summer_v7.db
C2H4IO4S,-,250.88805,organic,I-,particle,FIGAERO-LTOF-CIMS,Chao Yan,Beijing urban (BUCT),atmosphere,urban,BUCT long-term,"Daellenbach et al., 2024, Nat. Geosci.",peakList_figaero_check_particle_winter_summer_v7.db
C2H4IO6,-,250.90581,organic,I-,particle,FIGAERO-LTOF-CIMS,Chao Yan,Beijing urban (BUCT),atmosphere,urban,BUCT long-term,"Daellenbach et al., 2024, Nat. Geosci.",peakList_figaero_check_particle_winter_summer_v7.db
C7H8IO2,-,250.95745,organic,I-,particle,FIGAERO-LTOF-CIMS,Chao Yan,Beijing urban (BUCT),atmosphere,urban,BUCT long-term,"Daellenbach et al., 2024, Nat. Geosci.",peakList_figaero_check_particle_winter_summer_v7.db
C3H7O11S,-,250.97146,organic,I-,particle,FIGAERO-LTOF-CIMS,Chao Yan,Beijing urban (BUCT),atmosphere,urban,BUCT long-term,"Daellenbach et al., 2024, Nat. Geosci.",peakList_figaero_check_particle_winter_summer_v7.db
C8H12IO,-,250.99384,organic,I-,particle,FIGAERO-LTOF-CIMS,Chao Yan,Beijing urban (BUCT),atmosphere,urban,BUCT long-term,"Daellenbach et al., 2024, Nat. Geosci.",peakList_figaero_check_particle_winter_summer_v7.db
,,251.05230,unassigned,I-,particle,FIGAERO-LTOF-CIMS,Chao Yan,Beijing urban (BUCT),atmosphere,urban,BUCT long-term,"Daellenbach et al., 2024, Nat. Geosci.",peakList_figaero_check_particle_winter_summer_v7.db
,,251.06630,unassigned,I-,particle,FIGAERO-LTOF-CIMS,Chao Yan,Beijing urban (BUCT),atmosphere,urban,BUCT long-term,"Daellenbach et al., 2024, Nat. Geosci.",peakList_figaero_check_particle_winter_summer_v7.db
C15H23O3,-,251.16527,organic,I-,particle,FIGAERO-LTOF-CIMS,Chao Yan,Beijing urban (BUCT),atmosphere,urban,BUCT long-term,"Daellenbach et al., 2024, Nat. Geosci.",peakList_figaero_check_particle_winter_summer_v7.db
C5H3INO3,-,251.91631,organic,I-,particle,FIGAERO-LTOF-CIMS,Chao Yan,Beijing urban (BUCT),atmosphere,urban,BUCT long-term,"Daellenbach et al., 2024, Nat. Geosci.",peakList_figaero_check_particle_winter_summer_v7.db
C6H7INO2,-,251.95270,organic,I-,particle,FIGAERO-LTOF-CIMS,Chao Yan,Beijing urban (BUCT),atmosphere,urban,BUCT long-term,"Daellenbach et al., 2024, Nat. Geosci.",peakList_figaero_check_particle_winter_summer_v7.db
C10H6NO7,-,252.01498,organic,I-,particle,FIGAERO-LTOF-CIMS,Chao Yan,Beijing urban (BUCT),atmosphere,urban,BUCT long-term,"Daellenbach et al., 2024, Nat. Geosci.",peakList_figaero_check_particle_winter_summer_v7.db
C8H14NO8,-,252.07249,organic,I-,particle,FIGAERO-LTOF-CIMS,Chao Yan,Beijing urban (BUCT),atmosphere,urban,BUCT long-term,"Daellenbach et al., 2024, Nat. Geosci.",peakList_figaero_check_particle_winter_summer_v7.db
C13H16O5,-,252.10032,organic,I-,particle,FIGAERO-LTOF-CIMS,Chao Yan,Beijing urban (BUCT),atmosphere,urban,BUCT long-term,"Daellenbach et al., 2024, Nat. Geosci.",peakList_figaero_check_particle_winter_summer_v7.db
,,252.13070,unassigned,I-,particle,FIGAERO-LTOF-CIMS,Chao Yan,Beijing urban (BUCT),atmosphere,urban,BUCT long-term,"Daellenbach et al., 2024, Nat. Geosci.",peakList_figaero_check_particle_winter_summer_v7.db
C15H24O3,-,252.17309,organic,I-,particle,FIGAERO-LTOF-CIMS,Chao Yan,Beijing urban (BUCT),atmosphere,urban,BUCT long-term,"Daellenbach et al., 2024, Nat. Geosci.",peakList_figaero_check_particle_winter_summer_v7.db
H2IN2O6,-,252.89631,inorganic,I-,particle,FIGAERO-LTOF-CIMS,Chao Yan,Beijing urban (BUCT),atmosphere,urban,BUCT long-term,"Daellenbach et al., 2024, Nat. Geosci.",peakList_figaero_check_particle_winter_summer_v7.db
C2H6IO4S,-,252.90370,organic,I-,particle,FIGAERO-LTOF-CIMS,Chao Yan,Beijing urban (BUCT),atmosphere,urban,BUCT long-term,"Daellenbach et al., 2024, Nat. Geosci.",peakList_figaero_check_particle_winter_summer_v7.db
C6H6IO3,-,252.93672,organic,I-,particle,FIGAERO-LTOF-CIMS,Chao Yan,Beijing urban (BUCT),atmosphere,urban,BUCT long-term,"Daellenbach et al., 2024, Nat. Geosci.",peakList_figaero_check_particle_winter_summer_v7.db
C7H10IO2,-,252.97310,organic,I-,particle,FIGAERO-LTOF-CIMS,Chao Yan,Beijing urban (BUCT),atmosphere,urban,BUCT long-term,"Daellenbach et al., 2024, Nat. Geosci.",peakList_figaero_check_particle_winter_summer_v7.db
C7H9O8S,-,253.00236,organic,I-,particle,FIGAERO-LTOF-CIMS,Chao Yan,Beijing urban (BUCT),atmosphere,urban,BUCT long-term,"Daellenbach et al., 2024, Nat. Geosci.",peakList_figaero_check_particle_winter_summer_v7.db
C6H9N2O9,-,253.03135,organic,I-,particle,FIGAERO-LTOF-CIMS,Chao Yan,Beijing urban (BUCT),atmosphere,urban,BUCT long-term,"Daellenbach et al., 2024, Nat. Geosci.",peakList_figaero_check_particle_winter_summer_v7.db
C7H13N2O8,-,253.06774,organic,I-,particle,FIGAERO-LTOF-CIMS,Chao Yan,Beijing urban (BUCT),atmosphere,urban,BUCT long-term,"Daellenbach et al., 2024, Nat. Geosci.",peakList_figaero_check_particle_winter_summer_v7.db
C8H17N2O7,-,253.10412,organic,I-,particle,FIGAERO-LTOF-CIMS,Chao Yan,Beijing urban (BUCT),atmosphere,urban,BUCT long-term,"Daellenbach et al., 2024, Nat. Geosci.",peakList_figaero_check_particle_winter_summer_v7.db
C18H21O,-,253.15979,organic,I-,particle,FIGAERO-LTOF-CIMS,Chao Yan,Beijing urban (BUCT),atmosphere,urban,BUCT long-term,"Daellenbach et al., 2024, Nat. Geosci.",peakList_figaero_check_particle_winter_summer_v7.db
C16H29O2,-,253.21730,organic,I-,particle,FIGAERO-LTOF-CIMS,Chao Yan,Beijing urban (BUCT),atmosphere,urban,BUCT long-term,"Daellenbach et al., 2024, Nat. Geosci.",peakList_figaero_check_particle_winter_summer_v7.db
I2,-,253.80949,inorganic,I-,particle,FIGAERO-LTOF-CIMS,Chao Yan,Beijing urban (BUCT),atmosphere,urban,BUCT long-term,"Daellenbach et al., 2024, Nat. Geosci.",peakList_figaero_check_particle_winter_summer_v7.db
C5H5INO3,-,253.93196,organic,I-,particle,FIGAERO-LTOF-CIMS,Chao Yan,Beijing urban (BUCT),atmosphere,urban,BUCT long-term,"Daellenbach et al., 2024, Nat. Geosci.",peakList_figaero_check_particle_winter_summer_v7.db
C6H9INO2,-,253.96835,organic,I-,particle,FIGAERO-LTOF-CIMS,Chao Yan,Beijing urban (BUCT),atmosphere,urban,BUCT long-term,"Daellenbach et al., 2024, Nat. Geosci.",peakList_figaero_check_particle_winter_summer_v7.db
C6H6O9S,-,253.97380,organic,I-,particle,FIGAERO-LTOF-CIMS,Chao Yan,Beijing urban (BUCT),atmosphere,urban,BUCT long-term,"Daellenbach et al., 2024, Nat. Geosci.",peakList_figaero_check_particle_winter_summer_v7.db
C7H13INO,-,254.00474,organic,I-,particle,FIGAERO-LTOF-CIMS,Chao Yan,Beijing urban (BUCT),atmosphere,urban,BUCT long-term,"Daellenbach et al., 2024, Nat. Geosci.",peakList_figaero_check_particle_winter_summer_v7.db
C6H10N2O9,-,254.03918,organic,I-,particle,FIGAERO-LTOF-CIMS,Chao Yan,Beijing urban (BUCT),atmosphere,urban,BUCT long-term,"Daellenbach et al., 2024, Nat. Geosci.",peakList_figaero_check_particle_winter_summer_v7.db
C12H14O6,-,254.07959,organic,I-,particle,FIGAERO-LTOF-CIMS,Chao Yan,Beijing urban (BUCT),atmosphere,urban,BUCT long-term,"Daellenbach et al., 2024, Nat. Geosci.",peakList_figaero_check_particle_winter_summer_v7.db
,,254.11490,unassigned,I-,particle,FIGAERO-LTOF-CIMS,Chao Yan,Beijing urban (BUCT),atmosphere,urban,BUCT long-term,"Daellenbach et al., 2024, Nat. Geosci.",peakList_figaero_check_particle_winter_summer_v7.db
,,254.81700,unassigned,I-,particle,FIGAERO-LTOF-CIMS,Chao Yan,Beijing urban (BUCT),atmosphere,urban,BUCT long-term,"Daellenbach et al., 2024, Nat. Geosci.",peakList_figaero_check_particle_winter_summer_v7.db
H2INO7,-,254.88815,inorganic,I-,particle,FIGAERO-LTOF-CIMS,Chao Yan,Beijing urban (BUCT),atmosphere,urban,BUCT long-term,"Daellenbach et al., 2024, Nat. Geosci.",peakList_figaero_check_particle_winter_summer_v7.db
C5H4IO4,-,254.91598,organic,I-,particle,FIGAERO-LTOF-CIMS,Chao Yan,Beijing urban (BUCT),atmosphere,urban,BUCT long-term,"Daellenbach et al., 2024, Nat. Geosci.",peakList_figaero_check_particle_winter_summer_v7.db
C6H8IO3,-,254.95237,organic,I-,particle,FIGAERO-LTOF-CIMS,Chao Yan,Beijing urban (BUCT),atmosphere,urban,BUCT long-term,"Daellenbach et al., 2024, Nat. Geosci.",peakList_figaero_check_particle_winter_summer_v7.db
C7H12IO2,-,254.98875,organic,I-,particle,FIGAERO-LTOF-CIMS,Chao Yan,Beijing urban (BUCT),atmosphere,urban,BUCT long-term,"Daellenbach et al., 2024, Nat. Geosci.",peakList_figaero_check_particle_winter_summer_v7.db
C16H31O2,-,255.23295,organic,I-,particle,FIGAERO-LTOF-CIMS,Chao Yan,Beijing urban (BUCT),atmosphere,urban,BUCT long-term,"Daellenbach et al., 2024, Nat. Geosci.",peakList_figaero_check_particle_winter_summer_v7.db
C4H3INO4,-,255.91123,organic,I-,particle,FIGAERO-LTOF-CIMS,Chao Yan,Beijing urban (BUCT),atmosphere,urban,BUCT long-term,"Daellenbach et al., 2024, Nat. Geosci.",peakList_figaero_check_particle_winter_summer_v7.db
C5H7INO3,-,255.94761,organic,I-,particle,FIGAERO-LTOF-CIMS,Chao Yan,Beijing urban (BUCT),atmosphere,urban,BUCT long-term,"Daellenbach et al., 2024, Nat. Geosci.",peakList_figaero_check_particle_winter_summer_v7.db
C6H11INO2,-,255.98400,organic,I-,particle,FIGAERO-LTOF-CIMS,Chao Yan,Beijing urban (BUCT),atmosphere,urban,BUCT long-term,"Daellenbach et al., 2024, Nat. Geosci.",peakList_figaero_check_particle_winter_summer_v7.db
C2HF3IO3,-,256.89280,organic,I-,particle,FIGAERO-LTOF-CIMS,Chao Yan,Beijing urban (BUCT),atmosphere,urban,BUCT long-term,"Daellenbach et al., 2024, Nat. Geosci.",peakList_figaero_check_particle_winter_summer_v7.db
C5H6IO4,-,256.93163,organic,I-,particle,FIGAERO-LTOF-CIMS,Chao Yan,Beijing urban (BUCT),atmosphere,urban,BUCT long-term,"Daellenbach et al., 2024, Nat. Geosci.",peakList_figaero_check_particle_winter_summer_v7.db
C6H10IO3,-,256.96802,organic,I-,particle,FIGAERO-LTOF-CIMS,Chao Yan,Beijing urban (BUCT),atmosphere,urban,BUCT long-term,"Daellenbach et al., 2024, Nat. Geosci.",peakList_figaero_check_particle_winter_summer_v7.db
C7H14IO2,-,257.00440,organic,I-,particle,FIGAERO-LTOF-CIMS,Chao Yan,Beijing urban (BUCT),atmosphere,urban,BUCT long-term,"Daellenbach et al., 2024, Nat. Geosci.",peakList_figaero_check_particle_winter_summer_v7.db
C4H5INO4,-,257.92688,organic,I-,particle,FIGAERO-LTOF-CIMS,Chao Yan,Beijing urban (BUCT),atmosphere,urban,BUCT long-term,"Daellenbach et al., 2024, Nat. Geosci.",peakList_figaero_check_particle_winter_summer_v7.db
C5H9INO3,-,257.96326,organic,I-,particle,FIGAERO-LTOF-CIMS,Chao Yan,Beijing urban (BUCT),atmosphere,urban,BUCT long-term,"Daellenbach et al., 2024, Nat. Geosci.",peakList_figaero_check_particle_winter_summer_v7.db
C5H8NO9S,-,257.99253,organic,I-,particle,FIGAERO-LTOF-CIMS,Chao Yan,Beijing urban (BUCT),atmosphere,urban,BUCT long-term,"Daellenbach et al., 2024, Nat. Geosci.",peakList_figaero_check_particle_winter_summer_v7.db
,,258.87700,unassigned,I-,particle,FIGAERO-LTOF-CIMS,Chao Yan,Beijing urban (BUCT),atmosphere,urban,BUCT long-term,"Daellenbach et al., 2024, Nat. Geosci.",peakList_figaero_check_particle_winter_summer_v7.db
C4H4IO5,-,258.91089,organic,I-,particle,FIGAERO-LTOF-CIMS,Chao Yan,Beijing urban (BUCT),atmosphere,urban,BUCT long-term,"Daellenbach et al., 2024, Nat. Geosci.",peakList_figaero_check_particle_winter_summer_v7.db
C5H8IO4,-,258.94728,organic,I-,particle,FIGAERO-LTOF-CIMS,Chao Yan,Beijing urban (BUCT),atmosphere,urban,BUCT long-term,"Daellenbach et al., 2024, Nat. Geosci.",peakList_figaero_check_particle_winter_summer_v7.db
C6H12IO3,-,258.98367,organic,I-,particle,FIGAERO-LTOF-CIMS,Chao Yan,Beijing urban (BUCT),atmosphere,urban,BUCT long-term,"Daellenbach et al., 2024, Nat. Geosci.",peakList_figaero_check_particle_winter_summer_v7.db
C4H7INO4,-,259.94253,organic,I-,particle,FIGAERO-LTOF-CIMS,Chao Yan,Beijing urban (BUCT),atmosphere,urban,BUCT long-term,"Daellenbach et al., 2024, Nat. Geosci.",peakList_figaero_check_particle_winter_summer_v7.db
C5H11INO3,-,259.97891,organic,I-,particle,FIGAERO-LTOF-CIMS,Chao Yan,Beijing urban (BUCT),atmosphere,urban,BUCT long-term,"Daellenbach et al., 2024, Nat. Geosci.",peakList_figaero_check_particle_winter_summer_v7.db
C7H6N3O8,-,260.01604,organic,I-,particle,FIGAERO-LTOF-CIMS,Chao Yan,Beijing urban (BUCT),atmosphere,urban,BUCT long-term,"Daellenbach et al., 2024, Nat. Geosci.",peakList_figaero_check_particle_winter_summer_v7.db
C10H14NO7,-,260.07758,organic,I-,particle,FIGAERO-LTOF-CIMS,Chao Yan,Beijing urban (BUCT),atmosphere,urban,BUCT long-term,"Daellenbach et al., 2024, Nat. Geosci.",peakList_figaero_check_particle_winter_summer_v7.db
C17H24O2,-,260.17818,organic,I-,particle,FIGAERO-LTOF-CIMS,Chao Yan,Beijing urban (BUCT),atmosphere,urban,BUCT long-term,"Daellenbach et al., 2024, Nat. Geosci.",peakList_figaero_check_particle_winter_summer_v7.db
C17H26NO,-,260.20199,organic,I-,particle,FIGAERO-LTOF-CIMS,Chao Yan,Beijing urban (BUCT),atmosphere,urban,BUCT long-term,"Daellenbach et al., 2024, Nat. Geosci.",peakList_figaero_check_particle_winter_summer_v7.db
C3H2IO6,-,260.89016,organic,I-,particle,FIGAERO-LTOF-CIMS,Chao Yan,Beijing urban (BUCT),atmosphere,urban,BUCT long-term,"Daellenbach et al., 2024, Nat. Geosci.",peakList_figaero_check_particle_winter_summer_v7.db
C4H6IO5,-,260.92654,organic,I-,particle,FIGAERO-LTOF-CIMS,Chao Yan,Beijing urban (BUCT),atmosphere,urban,BUCT long-term,"Daellenbach et al., 2024, Nat. Geosci.",peakList_figaero_check_particle_winter_summer_v7.db
C5H10IO4,-,260.96293,organic,I-,particle,FIGAERO-LTOF-CIMS,Chao Yan,Beijing urban (BUCT),atmosphere,urban,BUCT long-term,"Daellenbach et al., 2024, Nat. Geosci.",peakList_figaero_check_particle_winter_summer_v7.db
C6H14IO3,-,260.99932,organic,I-,particle,FIGAERO-LTOF-CIMS,Chao Yan,Beijing urban (BUCT),atmosphere,urban,BUCT long-term,"Daellenbach et al., 2024, Nat. Geosci.",peakList_figaero_check_particle_winter_summer_v7.db
C18H29O,-,261.22239,organic,I-,particle,FIGAERO-LTOF-CIMS,Chao Yan,Beijing urban (BUCT),atmosphere,urban,BUCT long-term,"Daellenbach et al., 2024, Nat. Geosci.",peakList_figaero_check_particle_winter_summer_v7.db
C3H5INO5,-,261.92179,organic,I-,particle,FIGAERO-LTOF-CIMS,Chao Yan,Beijing urban (BUCT),atmosphere,urban,BUCT long-term,"Daellenbach et al., 2024, Nat. Geosci.",peakList_figaero_check_particle_winter_summer_v7.db
C4H9INO4,-,261.95818,organic,I-,particle,FIGAERO-LTOF-CIMS,Chao Yan,Beijing urban (BUCT),atmosphere,urban,BUCT long-term,"Daellenbach et al., 2024, Nat. Geosci.",peakList_figaero_check_particle_winter_summer_v7.db
C8H6O8S,-,261.97889,organic,I-,particle,FIGAERO-LTOF-CIMS,Chao Yan,Beijing urban (BUCT),atmosphere,urban,BUCT long-term,"Daellenbach et al., 2024, Nat. Geosci.",peakList_figaero_check_particle_winter_summer_v7.db
C8H8NO9,-,262.02045,organic,I-,particle,FIGAERO-LTOF-CIMS,Chao Yan,Beijing urban (BUCT),atmosphere,urban,BUCT long-term,"Daellenbach et al., 2024, Nat. Geosci.",peakList_figaero_check_particle_winter_summer_v7.db
C9H12NO8,-,262.05684,organic,I-,particle,FIGAERO-LTOF-CIMS,Chao Yan,Beijing urban (BUCT),atmosphere,urban,BUCT long-term,"Daellenbach et al., 2024, Nat. Geosci.",peakList_figaero_check_particle_winter_summer_v7.db
C10H16NO7,-,262.09323,organic,I-,particle,FIGAERO-LTOF-CIMS,Chao Yan,Beijing urban (BUCT),atmosphere,urban,BUCT long-term,"Daellenbach et al., 2024, Nat. Geosci.",peakList_figaero_check_particle_winter_summer_v7.db
C11H20NO6,-,262.12961,organic,I-,particle,FIGAERO-LTOF-CIMS,Chao Yan,Beijing urban (BUCT),atmosphere,urban,BUCT long-term,"Daellenbach et al., 2024, Nat. Geosci.",peakList_figaero_check_particle_winter_summer_v7.db
C12H24NO5,-,262.16600,organic,I-,particle,FIGAERO-LTOF-CIMS,Chao Yan,Beijing urban (BUCT),atmosphere,urban,BUCT long-term,"Daellenbach et al., 2024, Nat. Geosci.",peakList_figaero_check_particle_winter_summer_v7.db
C4H5ClIO3,-,262.89774,organic,I-,particle,FIGAERO-LTOF-CIMS,Chao Yan,Beijing urban (BUCT),atmosphere,urban,BUCT long-term,"Daellenbach et al., 2024, Nat. Geosci.",peakList_figaero_check_particle_winter_summer_v7.db
C3H4IO6,-,262.90581,organic,I-,particle,FIGAERO-LTOF-CIMS,Chao Yan,Beijing urban (BUCT),atmosphere,urban,BUCT long-term,"Daellenbach et al., 2024, Nat. Geosci.",peakList_figaero_check_particle_winter_summer_v7.db
C4H8IO5,-,262.94219,organic,I-,particle,FIGAERO-LTOF-CIMS,Chao Yan,Beijing urban (BUCT),atmosphere,urban,BUCT long-term,"Daellenbach et al., 2024, Nat. Geosci.",peakList_figaero_check_particle_winter_summer_v7.db
C5H12IO4,-,262.97858,organic,I-,particle,FIGAERO-LTOF-CIMS,Chao Yan,Beijing urban (BUCT),atmosphere,urban,BUCT long-term,"Daellenbach et al., 2024, Nat. Geosci.",peakList_figaero_check_particle_winter_summer_v7.db
C3H7INO5,-,263.93744,organic,I-,particle,FIGAERO-LTOF-CIMS,Chao Yan,Beijing urban (BUCT),atmosphere,urban,BUCT long-term,"Daellenbach et al., 2024, Nat. Geosci.",peakList_figaero_check_particle_winter_summer_v7.db
C9H14NO8,-,264.07249,organic,I-,particle,FIGAERO-LTOF-CIMS,Chao Yan,Beijing urban (BUCT),atmosphere,urban,BUCT long-term,"Daellenbach et al., 2024, Nat. Geosci.",peakList_figaero_check_particle_winter_summer_v7.db
C11H20O7,-,264.12145,organic,I-,particle,FIGAERO-LTOF-CIMS,Chao Yan,Beijing urban (BUCT),atmosphere,urban,BUCT long-term,"Daellenbach et al., 2024, Nat. Geosci.",peakList_figaero_check_particle_winter_summer_v7.db
C3H6IO4S,-,264.90370,organic,I-,particle,FIGAERO-LTOF-CIMS,Chao Yan,Beijing urban (BUCT),atmosphere,urban,BUCT long-term,"Daellenbach et al., 2024, Nat. Geosci.",peakList_figaero_check_particle_winter_summer_v7.db
C4H10IO5,-,264.95784,organic,I-,particle,FIGAERO-LTOF-CIMS,Chao Yan,Beijing urban (BUCT),atmosphere,urban,BUCT long-term,"Daellenbach et al., 2024, Nat. Geosci.",peakList_figaero_check_particle_winter_summer_v7.db
C6H5INO3,-,265.93196,organic,I-,particle,FIGAERO-LTOF-CIMS,Chao Yan,Beijing urban (BUCT),atmosphere,urban,BUCT long-term,"Daellenbach et al., 2024, Nat. Geosci.",peakList_figaero_check_particle_winter_summer_v7.db
C7H9INO2,-,265.96835,organic,I-,particle,FIGAERO-LTOF-CIMS,Chao Yan,Beijing urban (BUCT),atmosphere,urban,BUCT long-term,"Daellenbach et al., 2024, Nat. Geosci.",peakList_figaero_check_particle_winter_summer_v7.db
C2H4IO5S,-,266.88297,organic,I-,particle,FIGAERO-LTOF-CIMS,Chao Yan,Beijing urban (BUCT),atmosphere,urban,BUCT long-term,"Daellenbach et al., 2024, Nat. Geosci.",peakList_figaero_check_particle_winter_summer_v7.db
C6H4IO4,-,266.91598,organic,I-,particle,FIGAERO-LTOF-CIMS,Chao Yan,Beijing urban (BUCT),atmosphere,urban,BUCT long-term,"Daellenbach et al., 2024, Nat. Geosci.",peakList_figaero_check_particle_winter_summer_v7.db
C7H8IO3,-,266.95237,organic,I-,particle,FIGAERO-LTOF-CIMS,Chao Yan,Beijing urban (BUCT),atmosphere,urban,BUCT long-term,"Daellenbach et al., 2024, Nat. Geosci.",peakList_figaero_check_particle_winter_summer_v7.db
C8H12IO2,-,266.98875,organic,I-,particle,FIGAERO-LTOF-CIMS,Chao Yan,Beijing urban (BUCT),atmosphere,urban,BUCT long-term,"Daellenbach et al., 2024, Nat. Geosci.",peakList_figaero_check_particle_winter_summer_v7.db
C10H7N2O7,-,267.02587,organic,I-,particle,FIGAERO-LTOF-CIMS,Chao Yan,Beijing urban (BUCT),atmosphere,urban,BUCT long-term,"Daellenbach et al., 2024, Nat. Geosci.",peakList_figaero_check_particle_winter_summer_v7.db
C12H11O7,-,267.05103,organic,I-,particle,FIGAERO-LTOF-CIMS,Chao Yan,Beijing urban (BUCT),atmosphere,urban,BUCT long-term,"Daellenbach et al., 2024, Nat. Geosci.",peakList_figaero_check_particle_winter_summer_v7.db
,,267.08640,unassigned,I-,particle,FIGAERO-LTOF-CIMS,Chao Yan,Beijing urban (BUCT),atmosphere,urban,BUCT long-term,"Daellenbach et al., 2024, Nat. Geosci.",peakList_figaero_check_particle_winter_summer_v7.db
,,267.09950,unassigned,I-,particle,FIGAERO-LTOF-CIMS,Chao Yan,Beijing urban (BUCT),atmosphere,urban,BUCT long-term,"Daellenbach et al., 2024, Nat. Geosci.",peakList_figaero_check_particle_winter_summer_v7.db
,,267.12110,unassigned,I-,particle,FIGAERO-LTOF-CIMS,Chao Yan,Beijing urban (BUCT),atmosphere,urban,BUCT long-term,"Daellenbach et al., 2024, Nat. Geosci.",peakList_figaero_check_particle_winter_summer_v7.db
C15H23O4,-,267.16018,organic,I-,particle,FIGAERO-LTOF-CIMS,Chao Yan,Beijing urban (BUCT),atmosphere,urban,BUCT long-term,"Daellenbach et al., 2024, Nat. Geosci.",peakList_figaero_check_particle_winter_summer_v7.db
C16H27O3,-,267.19657,organic,I-,particle,FIGAERO-LTOF-CIMS,Chao Yan,Beijing urban (BUCT),atmosphere,urban,BUCT long-term,"Daellenbach et al., 2024, Nat. Geosci.",peakList_figaero_check_particle_winter_summer_v7.db
C5H3INO4,-,267.91123,organic,I-,particle,FIGAERO-LTOF-CIMS,Chao Yan,Beijing urban (BUCT),atmosphere,urban,BUCT long-term,"Daellenbach et al., 2024, Nat. Geosci.",peakList_figaero_check_particle_winter_summer_v7.db
C6H7INO3,-,267.94761,organic,I-,particle,FIGAERO-LTOF-CIMS,Chao Yan,Beijing urban (BUCT),atmosphere,urban,BUCT long-term,"Daellenbach et al., 2024, Nat. Geosci.",peakList_figaero_check_particle_winter_summer_v7.db
C7H11INO2,-,267.98400,organic,I-,particle,FIGAERO-LTOF-CIMS,Chao Yan,Beijing urban (BUCT),atmosphere,urban,BUCT long-term,"Daellenbach et al., 2024, Nat. Geosci.",peakList_figaero_check_particle_winter_summer_v7.db
C14H20O5,-,268.13162,organic,I-,particle,FIGAERO-LTOF-CIMS,Chao Yan,Beijing urban (BUCT),atmosphere,urban,BUCT long-term,"Daellenbach et al., 2024, Nat. Geosci.",peakList_figaero_check_particle_winter_summer_v7.db
C15H24O4,-,268.16801,organic,I-,particle,FIGAERO-LTOF-CIMS,Chao Yan,Beijing urban (BUCT),atmosphere,urban,BUCT long-term,"Daellenbach et al., 2024, Nat. Geosci.",peakList_figaero_check_particle_winter_summer_v7.db
C2H6IO5S,-,268.89862,organic,I-,particle,FIGAERO-LTOF-CIMS,Chao Yan,Beijing urban (BUCT),atmosphere,urban,BUCT long-term,"Daellenbach et al., 2024, Nat. Geosci.",peakList_figaero_check_particle_winter_summer_v7.db
C6H6IO4,-,268.93163,organic,I-,particle,FIGAERO-LTOF-CIMS,Chao Yan,Beijing urban (BUCT),atmosphere,urban,BUCT long-term,"Daellenbach et al., 2024, Nat. Geosci.",peakList_figaero_check_particle_winter_summer_v7.db
C7H10IO3,-,268.96802,organic,I-,particle,FIGAERO-LTOF-CIMS,Chao Yan,Beijing urban (BUCT),atmosphere,urban,BUCT long-term,"Daellenbach et al., 2024, Nat. Geosci.",peakList_figaero_check_particle_winter_summer_v7.db
C8H14IO2,-,269.00440,organic,I-,particle,FIGAERO-LTOF-CIMS,Chao Yan,Beijing urban (BUCT),atmosphere,urban,BUCT long-term,"Daellenbach et al., 2024, Nat. Geosci.",peakList_figaero_check_particle_winter_summer_v7.db
,,269.80330,unassigned,I-,particle,FIGAERO-LTOF-CIMS,Chao Yan,Beijing urban (BUCT),atmosphere,urban,BUCT long-term,"Daellenbach et al., 2024, Nat. Geosci.",peakList_figaero_check_particle_winter_summer_v7.db
HINO6S,-,269.85748,inorganic,I-,particle,FIGAERO-LTOF-CIMS,Chao Yan,Beijing urban (BUCT),atmosphere,urban,BUCT long-term,"Daellenbach et al., 2024, Nat. Geosci.",peakList_figaero_check_particle_winter_summer_v7.db
C5H5INO4,-,269.92688,organic,I-,particle,FIGAERO-LTOF-CIMS,Chao Yan,Beijing urban (BUCT),atmosphere,urban,BUCT long-term,"Daellenbach et al., 2024, Nat. Geosci.",peakList_figaero_check_particle_winter_summer_v7.db
C6H9INO3,-,269.96326,organic,I-,particle,FIGAERO-LTOF-CIMS,Chao Yan,Beijing urban (BUCT),atmosphere,urban,BUCT long-term,"Daellenbach et al., 2024, Nat. Geosci.",peakList_figaero_check_particle_winter_summer_v7.db
C7H13INO2,-,269.99965,organic,I-,particle,FIGAERO-LTOF-CIMS,Chao Yan,Beijing urban (BUCT),atmosphere,urban,BUCT long-term,"Daellenbach et al., 2024, Nat. Geosci.",peakList_figaero_check_particle_winter_summer_v7.db
C7H12NO8S,-,270.02891,organic,I-,particle,FIGAERO-LTOF-CIMS,Chao Yan,Beijing urban (BUCT),atmosphere,urban,BUCT long-term,"Daellenbach et al., 2024, Nat. Geosci.",peakList_figaero_check_particle_winter_summer_v7.db
C10H10N2O7,-,270.04935,organic,I-,particle,FIGAERO-LTOF-CIMS,Chao Yan,Beijing urban (BUCT),atmosphere,urban,BUCT long-term,"Daellenbach et al., 2024, Nat. Geosci.",peakList_figaero_check_particle_winter_summer_v7.db
C9H18O7S,-,270.07787,organic,I-,particle,FIGAERO-LTOF-CIMS,Chao Yan,Beijing urban (BUCT),atmosphere,urban,BUCT long-term,"Daellenbach et al., 2024, Nat. Geosci.",peakList_figaero_check_particle_winter_summer_v7.db
HI2O,-,270.81223,inorganic,I-,particle,FIGAERO-LTOF-CIMS,Chao Yan,Beijing urban (BUCT),atmosphere,urban,BUCT long-term,"Daellenbach et al., 2024, Nat. Geosci.",peakList_figaero_check_particle_winter_summer_v7.db
C5H4IO5,-,270.91089,organic,I-,particle,FIGAERO-LTOF-CIMS,Chao Yan,Beijing urban (BUCT),atmosphere,urban,BUCT long-term,"Daellenbach et al., 2024, Nat. Geosci.",peakList_figaero_check_particle_winter_summer_v7.db
C6H8IO4,-,270.94728,organic,I-,particle,FIGAERO-LTOF-CIMS,Chao Yan,Beijing urban (BUCT),atmosphere,urban,BUCT long-term,"Daellenbach et al., 2024, Nat. Geosci.",peakList_figaero_check_particle_winter_summer_v7.db
C7H12IO3,-,270.98367,organic,I-,particle,FIGAERO-LTOF-CIMS,Chao Yan,Beijing urban (BUCT),atmosphere,urban,BUCT long-term,"Daellenbach et al., 2024, Nat. Geosci.",peakList_figaero_check_particle_winter_summer_v7.db
C8H16IO2,-,271.02005,organic,I-,particle,FIGAERO-LTOF-CIMS,Chao Yan,Beijing urban (BUCT),atmosphere,urban,BUCT long-term,"Daellenbach et al., 2024, Nat. Geosci.",peakList_figaero_check_particle_winter_summer_v7.db
C4H3INO5,-,271.90614,organic,I-,particle,FIGAERO-LTOF-CIMS,Chao Yan,Beijing urban (BUCT),atmosphere,urban,BUCT long-term,"Daellenbach et al., 2024, Nat. Geosci.",peakList_figaero_check_particle_winter_summer_v7.db
C5H7INO4,-,271.94253,organic,I-,particle,FIGAERO-LTOF-CIMS,Chao Yan,Beijing urban (BUCT),atmosphere,urban,BUCT long-term,"Daellenbach et al., 2024, Nat. Geosci.",peakList_figaero_check_particle_winter_summer_v7.db
C6H11INO3,-,271.97891,organic,I-,particle,FIGAERO-LTOF-CIMS,Chao Yan,Beijing urban (BUCT),atmosphere,urban,BUCT long-term,"Daellenbach et al., 2024, Nat. Geosci.",peakList_figaero_check_particle_winter_summer_v7.db
C7H15INO2,-,272.01530,organic,I-,particle,FIGAERO-LTOF-CIMS,Chao Yan,Beijing urban (BUCT),atmosphere,urban,BUCT long-term,"Daellenbach et al., 2024, Nat. Geosci.",peakList_figaero_check_particle_winter_summer_v7.db
C10H10NO8,-,272.04119,organic,I-,particle,FIGAERO-LTOF-CIMS,Chao Yan,Beijing urban (BUCT),atmosphere,urban,BUCT long-term,"Daellenbach et al., 2024, Nat. Geosci.",peakList_figaero_check_particle_winter_summer_v7.db
C11H14NO7,-,272.07758,organic,I-,particle,FIGAERO-LTOF-CIMS,Chao Yan,Beijing urban (BUCT),atmosphere,urban,BUCT long-term,"Daellenbach et al., 2024, Nat. Geosci.",peakList_figaero_check_particle_winter_summer_v7.db
,,272.90500,unassigned,I-,particle,FIGAERO-LTOF-CIMS,Chao Yan,Beijing urban (BUCT),atmosphere,urban,BUCT long-term,"Daellenbach et al., 2024, Nat. Geosci.",peakList_figaero_check_particle_winter_summer_v7.db
C5H6IO5,-,272.92654,organic,I-,particle,FIGAERO-LTOF-CIMS,Chao Yan,Beijing urban (BUCT),atmosphere,urban,BUCT long-term,"Daellenbach et al., 2024, Nat. Geosci.",peakList_figaero_check_particle_winter_summer_v7.db
C6H10IO4,-,272.96293,organic,I-,particle,FIGAERO-LTOF-CIMS,Chao Yan,Beijing urban (BUCT),atmosphere,urban,BUCT long-term,"Daellenbach et al., 2024, Nat. Geosci.",peakList_figaero_check_particle_winter_summer_v7.db
C6H9O10S,-,272.99219,organic,I-,particle,FIGAERO-LTOF-CIMS,Chao Yan,Beijing urban (BUCT),atmosphere,urban,BUCT long-term,"Daellenbach et al., 2024, Nat. Geosci.",peakList_figaero_check_particle_winter_summer_v7.db
C7H14IO3,-,272.99932,organic,I-,particle,FIGAERO-LTOF-CIMS,Chao Yan,Beijing urban (BUCT),atmosphere,urban,BUCT long-term,"Daellenbach et al., 2024, Nat. Geosci.",peakList_figaero_check_particle_winter_summer_v7.db
C8H18IO2,-,273.03570,organic,I-,particle,FIGAERO-LTOF-CIMS,Chao Yan,Beijing urban (BUCT),atmosphere,urban,BUCT long-term,"Daellenbach et al., 2024, Nat. Geosci.",peakList_figaero_check_particle_winter_summer_v7.db
C4H3IO6,-,273.89798,organic,I-,particle,FIGAERO-LTOF-CIMS,Chao Yan,Beijing urban (BUCT),atmosphere,urban,BUCT long-term,"Daellenbach et al., 2024, Nat. Geosci.",peakList_figaero_check_particle_winter_summer_v7.db
C4H5INO5,-,273.92179,organic,I-,particle,FIGAERO-LTOF-CIMS,Chao Yan,Beijing urban (BUCT),atmosphere,urban,BUCT long-term,"Daellenbach et al., 2024, Nat. Geosci.",peakList_figaero_check_particle_winter_summer_v7.db
C8H5INO2,-,273.93705,organic,I-,particle,FIGAERO-LTOF-CIMS,Chao Yan,Beijing urban (BUCT),atmosphere,urban,BUCT long-term,"Daellenbach et al., 2024, Nat. Geosci.",peakList_figaero_check_particle_winter_summer_v7.db
C5H9INO4,-,273.95818,organic,I-,particle,FIGAERO-LTOF-CIMS,Chao Yan,Beijing urban (BUCT),atmosphere,urban,BUCT long-term,"Daellenbach et al., 2024, Nat. Geosci.",peakList_figaero_check_particle_winter_summer_v7.db
C5H8NO10S,-,273.98744,organic,I-,particle,FIGAERO-LTOF-CIMS,Chao Yan,Beijing urban (BUCT),atmosphere,urban,BUCT long-term,"Daellenbach et al., 2024, Nat. Geosci.",peakList_figaero_check_particle_winter_summer_v7.db
C6H13INO3,-,273.99456,organic,I-,particle,FIGAERO-LTOF-CIMS,Chao Yan,Beijing urban (BUCT),atmosphere,urban,BUCT long-term,"Daellenbach et al., 2024, Nat. Geosci.",peakList_figaero_check_particle_winter_summer_v7.db
C10H10O9,-,274.03303,organic,I-,particle,FIGAERO-LTOF-CIMS,Chao Yan,Beijing urban (BUCT),atmosphere,urban,BUCT long-term,"Daellenbach et al., 2024, Nat. Geosci.",peakList_figaero_check_particle_winter_summer_v7.db
C17H22O3,-,274.15744,organic,I-,particle,FIGAERO-LTOF-CIMS,Chao Yan,Beijing urban (BUCT),atmosphere,urban,BUCT long-term,"Daellenbach et al., 2024, Nat. Geosci.",peakList_figaero_check_particle_winter_summer_v7.db
C15H30O4,-,274.21496,organic,I-,particle,FIGAERO-LTOF-CIMS,Chao Yan,Beijing urban (BUCT),atmosphere,urban,BUCT long-term,"Daellenbach et al., 2024, Nat. Geosci.",peakList_figaero_check_particle_winter_summer_v7.db
C16H34O3,-,274.25134,organic,I-,particle,FIGAERO-LTOF-CIMS,Chao Yan,Beijing urban (BUCT),atmosphere,urban,BUCT long-term,"Daellenbach et al., 2024, Nat. Geosci.",peakList_figaero_check_particle_winter_summer_v7.db
,,274.85900,unassigned,I-,particle,FIGAERO-LTOF-CIMS,Chao Yan,Beijing urban (BUCT),atmosphere,urban,BUCT long-term,"Daellenbach et al., 2024, Nat. Geosci.",peakList_figaero_check_particle_winter_summer_v7.db
C5H5ClIO3,-,274.89774,organic,I-,particle,FIGAERO-LTOF-CIMS,Chao Yan,Beijing urban (BUCT),atmosphere,urban,BUCT long-term,"Daellenbach et al., 2024, Nat. Geosci.",peakList_figaero_check_particle_winter_summer_v7.db
C4H4IO6,-,274.90581,organic,I-,particle,FIGAERO-LTOF-CIMS,Chao Yan,Beijing urban (BUCT),atmosphere,urban,BUCT long-term,"Daellenbach et al., 2024, Nat. Geosci.",peakList_figaero_check_particle_winter_summer_v7.db
C8H4IO3,-,274.92107,organic,I-,particle,FIGAERO-LTOF-CIMS,Chao Yan,Beijing urban (BUCT),atmosphere,urban,BUCT long-term,"Daellenbach et al., 2024, Nat. Geosci.",peakList_figaero_check_particle_winter_summer_v7.db
C5H8IO5,-,274.94219,organic,I-,particle,FIGAERO-LTOF-CIMS,Chao Yan,Beijing urban (BUCT),atmosphere,urban,BUCT long-term,"Daellenbach et al., 2024, Nat. Geosci.",peakList_figaero_check_particle_winter_summer_v7.db
C6H12IO4,-,274.97858,organic,I-,particle,FIGAERO-LTOF-CIMS,Chao Yan,Beijing urban (BUCT),atmosphere,urban,BUCT long-term,"Daellenbach et al., 2024, Nat. Geosci.",peakList_figaero_check_particle_winter_summer_v7.db
C3H3INO6,-,275.90106,organic,I-,particle,FIGAERO-LTOF-CIMS,Chao Yan,Beijing urban (BUCT),atmosphere,urban,BUCT long-term,"Daellenbach et al., 2024, Nat. Geosci.",peakList_figaero_check_particle_winter_summer_v7.db
C4H7INO5,-,275.93744,organic,I-,particle,FIGAERO-LTOF-CIMS,Chao Yan,Beijing urban (BUCT),atmosphere,urban,BUCT long-term,"Daellenbach et al., 2024, Nat. Geosci.",peakList_figaero_check_particle_winter_summer_v7.db
C5H11INO4,-,275.97383,organic,I-,particle,FIGAERO-LTOF-CIMS,Chao Yan,Beijing urban (BUCT),atmosphere,urban,BUCT long-term,"Daellenbach et al., 2024, Nat. Geosci.",peakList_figaero_check_particle_winter_summer_v7.db
C9H8O8S,-,275.99454,organic,I-,particle,FIGAERO-LTOF-CIMS,Chao Yan,Beijing urban (BUCT),atmosphere,urban,BUCT long-term,"Daellenbach et al., 2024, Nat. Geosci.",peakList_figaero_check_particle_winter_summer_v7.db
C17H24O3,-,276.17309,organic,I-,particle,FIGAERO-LTOF-CIMS,Chao Yan,Beijing urban (BUCT),atmosphere,urban,BUCT long-term,"Daellenbach et al., 2024, Nat. Geosci.",peakList_figaero_check_particle_winter_summer_v7.db
C18H28O2,-,276.20948,organic,I-,particle,FIGAERO-LTOF-CIMS,Chao Yan,Beijing urban (BUCT),atmosphere,urban,BUCT long-term,"Daellenbach et al., 2024, Nat. Geosci.",peakList_figaero_check_particle_winter_summer_v7.db
C15H32O4,-,276.23061,organic,I-,particle,FIGAERO-LTOF-CIMS,Chao Yan,Beijing urban (BUCT),atmosphere,urban,BUCT long-term,"Daellenbach et al., 2024, Nat. Geosci.",peakList_figaero_check_particle_winter_summer_v7.db
C4H6IO6,-,276.92146,organic,I-,particle,FIGAERO-LTOF-CIMS,Chao Yan,Beijing urban (BUCT),atmosphere,urban,BUCT long-term,"Daellenbach et al., 2024, Nat. Geosci.",peakList_figaero_check_particle_winter_summer_v7.db
C8H6IO3,-,276.93672,organic,I-,particle,FIGAERO-LTOF-CIMS,Chao Yan,Beijing urban (BUCT),atmosphere,urban,BUCT long-term,"Daellenbach et al., 2024, Nat. Geosci.",peakList_figaero_check_particle_winter_summer_v7.db
C5H10IO5,-,276.95784,organic,I-,particle,FIGAERO-LTOF-CIMS,Chao Yan,Beijing urban (BUCT),atmosphere,urban,BUCT long-term,"Daellenbach et al., 2024, Nat. Geosci.",peakList_figaero_check_particle_winter_summer_v7.db
C9H10IO2,-,276.97310,organic,I-,particle,FIGAERO-LTOF-CIMS,Chao Yan,Beijing urban (BUCT),atmosphere,urban,BUCT long-term,"Daellenbach et al., 2024, Nat. Geosci.",peakList_figaero_check_particle_winter_summer_v7.db
C6H14IO4,-,276.99423,organic,I-,particle,FIGAERO-LTOF-CIMS,Chao Yan,Beijing urban (BUCT),atmosphere,urban,BUCT long-term,"Daellenbach et al., 2024, Nat. Geosci.",peakList_figaero_check_particle_winter_summer_v7.db
C5H11NO10S,-,277.01092,organic,I-,particle,FIGAERO-LTOF-CIMS,Chao Yan,Beijing urban (BUCT),atmosphere,urban,BUCT long-term,"Daellenbach et al., 2024, Nat. Geosci.",peakList_figaero_check_particle_winter_summer_v7.db
C11H17O6S,-,277.07513,organic,I-,particle,FIGAERO-LTOF-CIMS,Chao Yan,Beijing urban (BUCT),atmosphere,urban,BUCT long-term,"Daellenbach et al., 2024, Nat. Geosci.",peakList_figaero_check_particle_winter_summer_v7.db
C16H21O4,-,277.14453,organic,I-,particle,FIGAERO-LTOF-CIMS,Chao Yan,Beijing urban (BUCT),atmosphere,urban,BUCT long-term,"Daellenbach et al., 2024, Nat. Geosci.",peakList_figaero_check_particle_winter_summer_v7.db
C3H5INO6,-,277.91671,organic,I-,particle,FIGAERO-LTOF-CIMS,Chao Yan,Beijing urban (BUCT),atmosphere,urban,BUCT long-term,"Daellenbach et al., 2024, Nat. Geosci.",peakList_figaero_check_particle_winter_summer_v7.db
C4H9INO5,-,277.95309,organic,I-,particle,FIGAERO-LTOF-CIMS,Chao Yan,Beijing urban (BUCT),atmosphere,urban,BUCT long-term,"Daellenbach et al., 2024, Nat. Geosci.",peakList_figaero_check_particle_winter_summer_v7.db
C8H6O9S,-,277.97380,organic,I-,particle,FIGAERO-LTOF-CIMS,Chao Yan,Beijing urban (BUCT),atmosphere,urban,BUCT long-term,"Daellenbach et al., 2024, Nat. Geosci.",peakList_figaero_check_particle_winter_summer_v7.db
C10H16NO8,-,278.08814,organic,I-,particle,FIGAERO-LTOF-CIMS,Chao Yan,Beijing urban (BUCT),atmosphere,urban,BUCT long-term,"Daellenbach et al., 2024, Nat. Geosci.",peakList_figaero_check_particle_winter_summer_v7.db
C12H22O7,-,278.13710,organic,I-,particle,FIGAERO-LTOF-CIMS,Chao Yan,Beijing urban (BUCT),atmosphere,urban,BUCT long-term,"Daellenbach et al., 2024, Nat. Geosci.",peakList_figaero_check_particle_winter_summer_v7.db
C17H26O3,-,278.18874,organic,I-,particle,FIGAERO-LTOF-CIMS,Chao Yan,Beijing urban (BUCT),atmosphere,urban,BUCT long-term,"Daellenbach et al., 2024, Nat. Geosci.",peakList_figaero_check_particle_winter_summer_v7.db
C14H30O5,-,278.20987,organic,I-,particle,FIGAERO-LTOF-CIMS,Chao Yan,Beijing urban (BUCT),atmosphere,urban,BUCT long-term,"Daellenbach et al., 2024, Nat. Geosci.",peakList_figaero_check_particle_winter_summer_v7.db
C3H4IO5S,-,278.88297,organic,I-,particle,FIGAERO-LTOF-CIMS,Chao Yan,Beijing urban (BUCT),atmosphere,urban,BUCT long-term,"Daellenbach et al., 2024, Nat. Geosci.",peakList_figaero_check_particle_winter_summer_v7.db
C3H4IO7,-,278.90072,organic,I-,particle,FIGAERO-LTOF-CIMS,Chao Yan,Beijing urban (BUCT),atmosphere,urban,BUCT long-term,"Daellenbach et al., 2024, Nat. Geosci.",peakList_figaero_check_particle_winter_summer_v7.db
C7H4IO4,-,278.91598,organic,I-,particle,FIGAERO-LTOF-CIMS,Chao Yan,Beijing urban (BUCT),atmosphere,urban,BUCT long-term,"Daellenbach et al., 2024, Nat. Geosci.",peakList_figaero_check_particle_winter_summer_v7.db
C4H8IO6,-,278.93711,organic,I-,particle,FIGAERO-LTOF-CIMS,Chao Yan,Beijing urban (BUCT),atmosphere,urban,BUCT long-term,"Daellenbach et al., 2024, Nat. Geosci.",peakList_figaero_check_particle_winter_summer_v7.db
C8H8IO3,-,278.95237,organic,I-,particle,FIGAERO-LTOF-CIMS,Chao Yan,Beijing urban (BUCT),atmosphere,urban,BUCT long-term,"Daellenbach et al., 2024, Nat. Geosci.",peakList_figaero_check_particle_winter_summer_v7.db
C5H12IO5,-,278.97350,organic,I-,particle,FIGAERO-LTOF-CIMS,Chao Yan,Beijing urban (BUCT),atmosphere,urban,BUCT long-term,"Daellenbach et al., 2024, Nat. Geosci.",peakList_figaero_check_particle_winter_summer_v7.db
C9H12IO2,-,278.98875,organic,I-,particle,FIGAERO-LTOF-CIMS,Chao Yan,Beijing urban (BUCT),atmosphere,urban,BUCT long-term,"Daellenbach et al., 2024, Nat. Geosci.",peakList_figaero_check_particle_winter_summer_v7.db
C8H11N2O9,-,279.04700,organic,I-,particle,FIGAERO-LTOF-CIMS,Chao Yan,Beijing urban (BUCT),atmosphere,urban,BUCT long-term,"Daellenbach et al., 2024, Nat. Geosci.",peakList_figaero_check_particle_winter_summer_v7.db
C9H15N2O8,-,279.08339,organic,I-,particle,FIGAERO-LTOF-CIMS,Chao Yan,Beijing urban (BUCT),atmosphere,urban,BUCT long-term,"Daellenbach et al., 2024, Nat. Geosci.",peakList_figaero_check_particle_winter_summer_v7.db
C15H19O5,-,279.12380,organic,I-,particle,FIGAERO-LTOF-CIMS,Chao Yan,Beijing urban (BUCT),atmosphere,urban,BUCT long-term,"Daellenbach et al., 2024, Nat. Geosci.",peakList_figaero_check_particle_winter_summer_v7.db
C7H7INO3,-,279.94761,organic,I-,particle,FIGAERO-LTOF-CIMS,Chao Yan,Beijing urban (BUCT),atmosphere,urban,BUCT long-term,"Daellenbach et al., 2024, Nat. Geosci.",peakList_figaero_check_particle_winter_summer_v7.db
C3H6IO5S,-,280.89862,organic,I-,particle,FIGAERO-LTOF-CIMS,Chao Yan,Beijing urban (BUCT),atmosphere,urban,BUCT long-term,"Daellenbach et al., 2024, Nat. Geosci.",peakList_figaero_check_particle_winter_summer_v7.db
C8H10IO3,-,280.96802,organic,I-,particle,FIGAERO-LTOF-CIMS,Chao Yan,Beijing urban (BUCT),atmosphere,urban,BUCT long-term,"Daellenbach et al., 2024, Nat. Geosci.",peakList_figaero_check_particle_winter_summer_v7.db
C9H14IO2,-,281.00440,organic,I-,particle,FIGAERO-LTOF-CIMS,Chao Yan,Beijing urban (BUCT),atmosphere,urban,BUCT long-term,"Daellenbach et al., 2024, Nat. Geosci.",peakList_figaero_check_particle_winter_summer_v7.db
C8H9O11,-,281.01503,organic,I-,particle,FIGAERO-LTOF-CIMS,Chao Yan,Beijing urban (BUCT),atmosphere,urban,BUCT long-term,"Daellenbach et al., 2024, Nat. Geosci.",peakList_figaero_check_particle_winter_summer_v7.db
C8H13N2O9,-,281.06265,organic,I-,particle,FIGAERO-LTOF-CIMS,Chao Yan,Beijing urban (BUCT),atmosphere,urban,BUCT long-term,"Daellenbach et al., 2024, Nat. Geosci.",peakList_figaero_check_particle_winter_summer_v7.db
C9H17N2O8,-,281.09904,organic,I-,particle,FIGAERO-LTOF-CIMS,Chao Yan,Beijing urban (BUCT),atmosphere,urban,BUCT long-term,"Daellenbach et al., 2024, Nat. Geosci.",peakList_figaero_check_particle_winter_summer_v7.db
C10H21N2O7,-,281.13542,organic,I-,particle,FIGAERO-LTOF-CIMS,Chao Yan,Beijing urban (BUCT),atmosphere,urban,BUCT long-term,"Daellenbach et al., 2024, Nat. Geosci.",peakList_figaero_check_particle_winter_summer_v7.db
C8H27NO9,-,281.16913,organic,I-,particle,FIGAERO-LTOF-CIMS,Chao Yan,Beijing urban (BUCT),atmosphere,urban,BUCT long-term,"Daellenbach et al., 2024, Nat. Geosci.",peakList_figaero_check_particle_winter_summer_v7.db
C2H3IO6S,-,281.87006,organic,I-,particle,FIGAERO-LTOF-CIMS,Chao Yan,Beijing urban (BUCT),atmosphere,urban,BUCT long-term,"Daellenbach et al., 2024, Nat. Geosci.",peakList_figaero_check_particle_winter_summer_v7.db
C2H5INO5S,-,281.89386,organic,I-,particle,FIGAERO-LTOF-CIMS,Chao Yan,Beijing urban (BUCT),atmosphere,urban,BUCT long-term,"Daellenbach et al., 2024, Nat. Geosci.",peakList_figaero_check_particle_winter_summer_v7.db
C6H5INO4,-,281.92688,organic,I-,particle,FIGAERO-LTOF-CIMS,Chao Yan,Beijing urban (BUCT),atmosphere,urban,BUCT long-term,"Daellenbach et al., 2024, Nat. Geosci.",peakList_figaero_check_particle_winter_summer_v7.db
C7H9INO3,-,281.96326,organic,I-,particle,FIGAERO-LTOF-CIMS,Chao Yan,Beijing urban (BUCT),atmosphere,urban,BUCT long-term,"Daellenbach et al., 2024, Nat. Geosci.",peakList_figaero_check_particle_winter_summer_v7.db
C8H13INO2,-,281.99965,organic,I-,particle,FIGAERO-LTOF-CIMS,Chao Yan,Beijing urban (BUCT),atmosphere,urban,BUCT long-term,"Daellenbach et al., 2024, Nat. Geosci.",peakList_figaero_check_particle_winter_summer_v7.db
C9H14O8S,-,282.04149,organic,I-,particle,FIGAERO-LTOF-CIMS,Chao Yan,Beijing urban (BUCT),atmosphere,urban,BUCT long-term,"Daellenbach et al., 2024, Nat. Geosci.",peakList_figaero_check_particle_winter_summer_v7.db
C10H18O7S,-,282.07787,organic,I-,particle,FIGAERO-LTOF-CIMS,Chao Yan,Beijing urban (BUCT),atmosphere,urban,BUCT long-term,"Daellenbach et al., 2024, Nat. Geosci.",peakList_figaero_check_particle_winter_summer_v7.db
C9H18N2O8,-,282.10686,organic,I-,particle,FIGAERO-LTOF-CIMS,Chao Yan,Beijing urban (BUCT),atmosphere,urban,BUCT long-term,"Daellenbach et al., 2024, Nat. Geosci.",peakList_figaero_check_particle_winter_summer_v7.db
C15H22O5,-,282.14727,organic,I-,particle,FIGAERO-LTOF-CIMS,Chao Yan,Beijing urban (BUCT),atmosphere,urban,BUCT long-term,"Daellenbach et al., 2024, Nat. Geosci.",peakList_figaero_check_particle_winter_summer_v7.db
C15H24NO4,-,282.17108,organic,I-,particle,FIGAERO-LTOF-CIMS,Chao Yan,Beijing urban (BUCT),atmosphere,urban,BUCT long-term,"Daellenbach et al., 2024, Nat. Geosci.",peakList_figaero_check_particle_winter_summer_v7.db
C2H4IO6S,-,282.87788,organic,I-,particle,FIGAERO-LTOF-CIMS,Chao Yan,Beijing urban (BUCT),atmosphere,urban,BUCT long-term,"Daellenbach et al., 2024, Nat. Geosci.",peakList_figaero_check_particle_winter_summer_v7.db
C6H4IO5,-,282.91089,organic,I-,particle,FIGAERO-LTOF-CIMS,Chao Yan,Beijing urban (BUCT),atmosphere,urban,BUCT long-term,"Daellenbach et al., 2024, Nat. Geosci.",peakList_figaero_check_particle_winter_summer_v7.db
C7H8IO4,-,282.94728,organic,I-,particle,FIGAERO-LTOF-CIMS,Chao Yan,Beijing urban (BUCT),atmosphere,urban,BUCT long-term,"Daellenbach et al., 2024, Nat. Geosci.",peakList_figaero_check_particle_winter_summer_v7.db
C8H12IO3,-,282.98367,organic,I-,particle,FIGAERO-LTOF-CIMS,Chao Yan,Beijing urban (BUCT),atmosphere,urban,BUCT long-term,"Daellenbach et al., 2024, Nat. Geosci.",peakList_figaero_check_particle_winter_summer_v7.db
C9H16IO2,-,283.02005,organic,I-,particle,FIGAERO-LTOF-CIMS,Chao Yan,Beijing urban (BUCT),atmosphere,urban,BUCT long-term,"Daellenbach et al., 2024, Nat. Geosci.",peakList_figaero_check_particle_winter_summer_v7.db
C8H11O11,-,283.03068,organic,I-,particle,FIGAERO-LTOF-CIMS,Chao Yan,Beijing urban (BUCT),atmosphere,urban,BUCT long-term,"Daellenbach et al., 2024, Nat. Geosci.",peakList_figaero_check_particle_winter_summer_v7.db
C8H15N2O9,-,283.07830,organic,I-,particle,FIGAERO-LTOF-CIMS,Chao Yan,Beijing urban (BUCT),atmosphere,urban,BUCT long-term,"Daellenbach et al., 2024, Nat. Geosci.",peakList_figaero_check_particle_winter_summer_v7.db
C14H19O6,-,283.11871,organic,I-,particle,FIGAERO-LTOF-CIMS,Chao Yan,Beijing urban (BUCT),atmosphere,urban,BUCT long-term,"Daellenbach et al., 2024, Nat. Geosci.",peakList_figaero_check_particle_winter_summer_v7.db
C15H23O5,-,283.15510,organic,I-,particle,FIGAERO-LTOF-CIMS,Chao Yan,Beijing urban (BUCT),atmosphere,urban,BUCT long-term,"Daellenbach et al., 2024, Nat. Geosci.",peakList_figaero_check_particle_winter_summer_v7.db
C18H35O2,-,283.26425,organic,I-,particle,FIGAERO-LTOF-CIMS,Chao Yan,Beijing urban (BUCT),atmosphere,urban,BUCT long-term,"Daellenbach et al., 2024, Nat. Geosci.",peakList_figaero_check_particle_winter_summer_v7.db
,,283.84300,unassigned,I-,particle,FIGAERO-LTOF-CIMS,Chao Yan,Beijing urban (BUCT),atmosphere,urban,BUCT long-term,"Daellenbach et al., 2024, Nat. Geosci.",peakList_figaero_check_particle_winter_summer_v7.db
C5H3INO5,-,283.90614,organic,I-,particle,FIGAERO-LTOF-CIMS,Chao Yan,Beijing urban (BUCT),atmosphere,urban,BUCT long-term,"Daellenbach et al., 2024, Nat. Geosci.",peakList_figaero_check_particle_winter_summer_v7.db
C6H7INO4,-,283.94253,organic,I-,particle,FIGAERO-LTOF-CIMS,Chao Yan,Beijing urban (BUCT),atmosphere,urban,BUCT long-term,"Daellenbach et al., 2024, Nat. Geosci.",peakList_figaero_check_particle_winter_summer_v7.db
C7H11INO3,-,283.97891,organic,I-,particle,FIGAERO-LTOF-CIMS,Chao Yan,Beijing urban (BUCT),atmosphere,urban,BUCT long-term,"Daellenbach et al., 2024, Nat. Geosci.",peakList_figaero_check_particle_winter_summer_v7.db
C8H15INO2,-,284.01530,organic,I-,particle,FIGAERO-LTOF-CIMS,Chao Yan,Beijing urban (BUCT),atmosphere,urban,BUCT long-term,"Daellenbach et al., 2024, Nat. Geosci.",peakList_figaero_check_particle_winter_summer_v7.db
C8H14NO10,-,284.06232,organic,I-,particle,FIGAERO-LTOF-CIMS,Chao Yan,Beijing urban (BUCT),atmosphere,urban,BUCT long-term,"Daellenbach et al., 2024, Nat. Geosci.",peakList_figaero_check_particle_winter_summer_v7.db
C14H20O6,-,284.12654,organic,I-,particle,FIGAERO-LTOF-CIMS,Chao Yan,Beijing urban (BUCT),atmosphere,urban,BUCT long-term,"Daellenbach et al., 2024, Nat. Geosci.",peakList_figaero_check_particle_winter_summer_v7.db
C15H24O5,-,284.16292,organic,I-,particle,FIGAERO-LTOF-CIMS,Chao Yan,Beijing urban (BUCT),atmosphere,urban,BUCT long-term,"Daellenbach et al., 2024, Nat. Geosci.",peakList_figaero_check_particle_winter_summer_v7.db
Br2I,-,284.74170,inorganic,I-,particle,FIGAERO-LTOF-CIMS,Chao Yan,Beijing urban (BUCT),atmosphere,urban,BUCT long-term,"Daellenbach et al., 2024, Nat. Geosci.",peakList_figaero_check_particle_winter_summer_v7.db
CH3I2O,-,284.82788,organic,I-,particle,FIGAERO-LTOF-CIMS,Chao Yan,Beijing urban (BUCT),atmosphere,urban,BUCT long-term,"Daellenbach et al., 2024, Nat. Geosci.",peakList_figaero_check_particle_winter_summer_v7.db
C4H2IN2O5,-,284.90139,organic,I-,particle,FIGAERO-LTOF-CIMS,Chao Yan,Beijing urban (BUCT),atmosphere,urban,BUCT long-term,"Daellenbach et al., 2024, Nat. Geosci.",peakList_figaero_check_particle_winter_summer_v7.db
C6H6IO5,-,284.92654,organic,I-,particle,FIGAERO-LTOF-CIMS,Chao Yan,Beijing urban (BUCT),atmosphere,urban,BUCT long-term,"Daellenbach et al., 2024, Nat. Geosci.",peakList_figaero_check_particle_winter_summer_v7.db
C7H10IO4,-,284.96293,organic,I-,particle,FIGAERO-LTOF-CIMS,Chao Yan,Beijing urban (BUCT),atmosphere,urban,BUCT long-term,"Daellenbach et al., 2024, Nat. Geosci.",peakList_figaero_check_particle_winter_summer_v7.db
C8H14IO3,-,284.99932,organic,I-,particle,FIGAERO-LTOF-CIMS,Chao Yan,Beijing urban (BUCT),atmosphere,urban,BUCT long-term,"Daellenbach et al., 2024, Nat. Geosci.",peakList_figaero_check_particle_winter_summer_v7.db
C9H18IO2,-,285.03570,organic,I-,particle,FIGAERO-LTOF-CIMS,Chao Yan,Beijing urban (BUCT),atmosphere,urban,BUCT long-term,"Daellenbach et al., 2024, Nat. Geosci.",peakList_figaero_check_particle_winter_summer_v7.db
HINO7S,-,285.85239,inorganic,I-,particle,FIGAERO-LTOF-CIMS,Chao Yan,Beijing urban (BUCT),atmosphere,urban,BUCT long-term,"Daellenbach et al., 2024, Nat. Geosci.",peakList_figaero_check_particle_winter_summer_v7.db
C5H5INO5,-,285.92179,organic,I-,particle,FIGAERO-LTOF-CIMS,Chao Yan,Beijing urban (BUCT),atmosphere,urban,BUCT long-term,"Daellenbach et al., 2024, Nat. Geosci.",peakList_figaero_check_particle_winter_summer_v7.db
C6H9INO4,-,285.95818,organic,I-,particle,FIGAERO-LTOF-CIMS,Chao Yan,Beijing urban (BUCT),atmosphere,urban,BUCT long-term,"Daellenbach et al., 2024, Nat. Geosci.",peakList_figaero_check_particle_winter_summer_v7.db
C7H13INO3,-,285.99456,organic,I-,particle,FIGAERO-LTOF-CIMS,Chao Yan,Beijing urban (BUCT),atmosphere,urban,BUCT long-term,"Daellenbach et al., 2024, Nat. Geosci.",peakList_figaero_check_particle_winter_summer_v7.db
C8H17INO2,-,286.03095,organic,I-,particle,FIGAERO-LTOF-CIMS,Chao Yan,Beijing urban (BUCT),atmosphere,urban,BUCT long-term,"Daellenbach et al., 2024, Nat. Geosci.",peakList_figaero_check_particle_winter_summer_v7.db
C13H15ClO5,-,286.06135,organic,I-,particle,FIGAERO-LTOF-CIMS,Chao Yan,Beijing urban (BUCT),atmosphere,urban,BUCT long-term,"Daellenbach et al., 2024, Nat. Geosci.",peakList_figaero_check_particle_winter_summer_v7.db
C17H18O4,-,286.12106,organic,I-,particle,FIGAERO-LTOF-CIMS,Chao Yan,Beijing urban (BUCT),atmosphere,urban,BUCT long-term,"Daellenbach et al., 2024, Nat. Geosci.",peakList_figaero_check_particle_winter_summer_v7.db
C18H22O3,-,286.15744,organic,I-,particle,FIGAERO-LTOF-CIMS,Chao Yan,Beijing urban (BUCT),atmosphere,urban,BUCT long-term,"Daellenbach et al., 2024, Nat. Geosci.",peakList_figaero_check_particle_winter_summer_v7.db
,,286.21620,unassigned,I-,particle,FIGAERO-LTOF-CIMS,Chao Yan,Beijing urban (BUCT),atmosphere,urban,BUCT long-term,"Daellenbach et al., 2024, Nat. Geosci.",peakList_figaero_check_particle_winter_summer_v7.db
C5H4IO4S,-,286.88805,organic,I-,particle,FIGAERO-LTOF-CIMS,Chao Yan,Beijing urban (BUCT),atmosphere,urban,BUCT long-term,"Daellenbach et al., 2024, Nat. Geosci.",peakList_figaero_check_particle_winter_summer_v7.db
C5H4IO6,-,286.90581,organic,I-,particle,FIGAERO-LTOF-CIMS,Chao Yan,Beijing urban (BUCT),atmosphere,urban,BUCT long-term,"Daellenbach et al., 2024, Nat. Geosci.",peakList_figaero_check_particle_winter_summer_v7.db
C4H4IN2O5,-,286.91704,organic,I-,particle,FIGAERO-LTOF-CIMS,Chao Yan,Beijing urban (BUCT),atmosphere,urban,BUCT long-term,"Daellenbach et al., 2024, Nat. Geosci.",peakList_figaero_check_particle_winter_summer_v7.db
C6H8IO5,-,286.94219,organic,I-,particle,FIGAERO-LTOF-CIMS,Chao Yan,Beijing urban (BUCT),atmosphere,urban,BUCT long-term,"Daellenbach et al., 2024, Nat. Geosci.",peakList_figaero_check_particle_winter_summer_v7.db
C7H12IO4,-,286.97858,organic,I-,particle,FIGAERO-LTOF-CIMS,Chao Yan,Beijing urban (BUCT),atmosphere,urban,BUCT long-term,"Daellenbach et al., 2024, Nat. Geosci.",peakList_figaero_check_particle_winter_summer_v7.db
C5H7N2O12,-,287.00045,organic,I-,particle,FIGAERO-LTOF-CIMS,Chao Yan,Beijing urban (BUCT),atmosphere,urban,BUCT long-term,"Daellenbach et al., 2024, Nat. Geosci.",peakList_figaero_check_particle_winter_summer_v7.db
C8H16IO3,-,287.01497,organic,I-,particle,FIGAERO-LTOF-CIMS,Chao Yan,Beijing urban (BUCT),atmosphere,urban,BUCT long-term,"Daellenbach et al., 2024, Nat. Geosci.",peakList_figaero_check_particle_winter_summer_v7.db
C16H31O4,-,287.22278,organic,I-,particle,FIGAERO-LTOF-CIMS,Chao Yan,Beijing urban (BUCT),atmosphere,urban,BUCT long-term,"Daellenbach et al., 2024, Nat. Geosci.",peakList_figaero_check_particle_winter_summer_v7.db
C4H3INO6,-,287.90106,organic,I-,particle,FIGAERO-LTOF-CIMS,Chao Yan,Beijing urban (BUCT),atmosphere,urban,BUCT long-term,"Daellenbach et al., 2024, Nat. Geosci.",peakList_figaero_check_particle_winter_summer_v7.db
C5H7INO5,-,287.93744,organic,I-,particle,FIGAERO-LTOF-CIMS,Chao Yan,Beijing urban (BUCT),atmosphere,urban,BUCT long-term,"Daellenbach et al., 2024, Nat. Geosci.",peakList_figaero_check_particle_winter_summer_v7.db
C6H11INO4,-,287.97383,organic,I-,particle,FIGAERO-LTOF-CIMS,Chao Yan,Beijing urban (BUCT),atmosphere,urban,BUCT long-term,"Daellenbach et al., 2024, Nat. Geosci.",peakList_figaero_check_particle_winter_summer_v7.db
C7H15INO3,-,288.01021,organic,I-,particle,FIGAERO-LTOF-CIMS,Chao Yan,Beijing urban (BUCT),atmosphere,urban,BUCT long-term,"Daellenbach et al., 2024, Nat. Geosci.",peakList_figaero_check_particle_winter_summer_v7.db
C13H22NO6,-,288.14526,organic,I-,particle,FIGAERO-LTOF-CIMS,Chao Yan,Beijing urban (BUCT),atmosphere,urban,BUCT long-term,"Daellenbach et al., 2024, Nat. Geosci.",peakList_figaero_check_particle_winter_summer_v7.db
C14H26NO5,-,288.18165,organic,I-,particle,FIGAERO-LTOF-CIMS,Chao Yan,Beijing urban (BUCT),atmosphere,urban,BUCT long-term,"Daellenbach et al., 2024, Nat. Geosci.",peakList_figaero_check_particle_winter_summer_v7.db
C16H32O4,-,288.23061,organic,I-,particle,FIGAERO-LTOF-CIMS,Chao Yan,Beijing urban (BUCT),atmosphere,urban,BUCT long-term,"Daellenbach et al., 2024, Nat. Geosci.",peakList_figaero_check_particle_winter_summer_v7.db
ClI2,-,288.77835,inorganic,I-,particle,FIGAERO-LTOF-CIMS,Chao Yan,Beijing urban (BUCT),atmosphere,urban,BUCT long-term,"Daellenbach et al., 2024, Nat. Geosci.",peakList_figaero_check_particle_winter_summer_v7.db
C4H2IO7,-,288.88507,organic,I-,particle,FIGAERO-LTOF-CIMS,Chao Yan,Beijing urban (BUCT),atmosphere,urban,BUCT long-term,"Daellenbach et al., 2024, Nat. Geosci.",peakList_figaero_check_particle_winter_summer_v7.db
C5H6IO4S,-,288.90370,organic,I-,particle,FIGAERO-LTOF-CIMS,Chao Yan,Beijing urban (BUCT),atmosphere,urban,BUCT long-term,"Daellenbach et al., 2024, Nat. Geosci.",peakList_figaero_check_particle_winter_summer_v7.db
C5H6IO6,-,288.92146,organic,I-,particle,FIGAERO-LTOF-CIMS,Chao Yan,Beijing urban (BUCT),atmosphere,urban,BUCT long-term,"Daellenbach et al., 2024, Nat. Geosci.",peakList_figaero_check_particle_winter_summer_v7.db
C4H6IN2O5,-,288.93269,organic,I-,particle,FIGAERO-LTOF-CIMS,Chao Yan,Beijing urban (BUCT),atmosphere,urban,BUCT long-term,"Daellenbach et al., 2024, Nat. Geosci.",peakList_figaero_check_particle_winter_summer_v7.db
C6H10IO5,-,288.95784,organic,I-,particle,FIGAERO-LTOF-CIMS,Chao Yan,Beijing urban (BUCT),atmosphere,urban,BUCT long-term,"Daellenbach et al., 2024, Nat. Geosci.",peakList_figaero_check_particle_winter_summer_v7.db
C6H9O11S,-,288.98711,organic,I-,particle,FIGAERO-LTOF-CIMS,Chao Yan,Beijing urban (BUCT),atmosphere,urban,BUCT long-term,"Daellenbach et al., 2024, Nat. Geosci.",peakList_figaero_check_particle_winter_summer_v7.db
C7H14IO4,-,288.99423,organic,I-,particle,FIGAERO-LTOF-CIMS,Chao Yan,Beijing urban (BUCT),atmosphere,urban,BUCT long-term,"Daellenbach et al., 2024, Nat. Geosci.",peakList_figaero_check_particle_winter_summer_v7.db
C19H29O2,-,289.21730,organic,I-,particle,FIGAERO-LTOF-CIMS,Chao Yan,Beijing urban (BUCT),atmosphere,urban,BUCT long-term,"Daellenbach et al., 2024, Nat. Geosci.",peakList_figaero_check_particle_winter_summer_v7.db
C4H5INO6,-,289.91671,organic,I-,particle,FIGAERO-LTOF-CIMS,Chao Yan,Beijing urban (BUCT),atmosphere,urban,BUCT long-term,"Daellenbach et al., 2024, Nat. Geosci.",peakList_figaero_check_particle_winter_summer_v7.db
C5H9INO5,-,289.95309,organic,I-,particle,FIGAERO-LTOF-CIMS,Chao Yan,Beijing urban (BUCT),atmosphere,urban,BUCT long-term,"Daellenbach et al., 2024, Nat. Geosci.",peakList_figaero_check_particle_winter_summer_v7.db
C5H8NO11S,-,289.98235,organic,I-,particle,FIGAERO-LTOF-CIMS,Chao Yan,Beijing urban (BUCT),atmosphere,urban,BUCT long-term,"Daellenbach et al., 2024, Nat. Geosci.",peakList_figaero_check_particle_winter_summer_v7.db
C6H13INO4,-,289.98948,organic,I-,particle,FIGAERO-LTOF-CIMS,Chao Yan,Beijing urban (BUCT),atmosphere,urban,BUCT long-term,"Daellenbach et al., 2024, Nat. Geosci.",peakList_figaero_check_particle_winter_summer_v7.db
C3HF5IO2,-,290.89469,organic,I-,particle,FIGAERO-LTOF-CIMS,Chao Yan,Beijing urban (BUCT),atmosphere,urban,BUCT long-term,"Daellenbach et al., 2024, Nat. Geosci.",peakList_figaero_check_particle_winter_summer_v7.db
C8H4IO4,-,290.91598,organic,I-,particle,FIGAERO-LTOF-CIMS,Chao Yan,Beijing urban (BUCT),atmosphere,urban,BUCT long-term,"Daellenbach et al., 2024, Nat. Geosci.",peakList_figaero_check_particle_winter_summer_v7.db
C5H8IO6,-,290.93711,organic,I-,particle,FIGAERO-LTOF-CIMS,Chao Yan,Beijing urban (BUCT),atmosphere,urban,BUCT long-term,"Daellenbach et al., 2024, Nat. Geosci.",peakList_figaero_check_particle_winter_summer_v7.db
C9H8IO3,-,290.95237,organic,I-,particle,FIGAERO-LTOF-CIMS,Chao Yan,Beijing urban (BUCT),atmosphere,urban,BUCT long-term,"Daellenbach et al., 2024, Nat. Geosci.",peakList_figaero_check_particle_winter_summer_v7.db
C6H12IO5,-,290.97350,organic,I-,particle,FIGAERO-LTOF-CIMS,Chao Yan,Beijing urban (BUCT),atmosphere,urban,BUCT long-term,"Daellenbach et al., 2024, Nat. Geosci.",peakList_figaero_check_particle_winter_summer_v7.db
C17H23O4,-,291.16018,organic,I-,particle,FIGAERO-LTOF-CIMS,Chao Yan,Beijing urban (BUCT),atmosphere,urban,BUCT long-term,"Daellenbach et al., 2024, Nat. Geosci.",peakList_figaero_check_particle_winter_summer_v7.db
C18H27O3,-,291.19657,organic,I-,particle,FIGAERO-LTOF-CIMS,Chao Yan,Beijing urban (BUCT),atmosphere,urban,BUCT long-term,"Daellenbach et al., 2024, Nat. Geosci.",peakList_figaero_check_particle_winter_summer_v7.db
C3H3INO7,-,291.89597,organic,I-,particle,FIGAERO-LTOF-CIMS,Chao Yan,Beijing urban (BUCT),atmosphere,urban,BUCT long-term,"Daellenbach et al., 2024, Nat. Geosci.",peakList_figaero_check_particle_winter_summer_v7.db
C4H7INO6,-,291.93236,organic,I-,particle,FIGAERO-LTOF-CIMS,Chao Yan,Beijing urban (BUCT),atmosphere,urban,BUCT long-term,"Daellenbach et al., 2024, Nat. Geosci.",peakList_figaero_check_particle_winter_summer_v7.db
C8H7INO3,-,291.94761,organic,I-,particle,FIGAERO-LTOF-CIMS,Chao Yan,Beijing urban (BUCT),atmosphere,urban,BUCT long-term,"Daellenbach et al., 2024, Nat. Geosci.",peakList_figaero_check_particle_winter_summer_v7.db
C5H11INO5,-,291.96874,organic,I-,particle,FIGAERO-LTOF-CIMS,Chao Yan,Beijing urban (BUCT),atmosphere,urban,BUCT long-term,"Daellenbach et al., 2024, Nat. Geosci.",peakList_figaero_check_particle_winter_summer_v7.db
C9H8O9S,-,291.98945,organic,I-,particle,FIGAERO-LTOF-CIMS,Chao Yan,Beijing urban (BUCT),atmosphere,urban,BUCT long-term,"Daellenbach et al., 2024, Nat. Geosci.",peakList_figaero_check_particle_winter_summer_v7.db
C13H24O7,-,292.15275,organic,I-,particle,FIGAERO-LTOF-CIMS,Chao Yan,Beijing urban (BUCT),atmosphere,urban,BUCT long-term,"Daellenbach et al., 2024, Nat. Geosci.",peakList_figaero_check_particle_winter_summer_v7.db
C17H26NO3,-,292.19182,organic,I-,particle,FIGAERO-LTOF-CIMS,Chao Yan,Beijing urban (BUCT),atmosphere,urban,BUCT long-term,"Daellenbach et al., 2024, Nat. Geosci.",peakList_figaero_check_particle_winter_summer_v7.db
C4H6IO5S,-,292.89862,organic,I-,particle,FIGAERO-LTOF-CIMS,Chao Yan,Beijing urban (BUCT),atmosphere,urban,BUCT long-term,"Daellenbach et al., 2024, Nat. Geosci.",peakList_figaero_check_particle_winter_summer_v7.db
C4H6IO7,-,292.91637,organic,I-,particle,FIGAERO-LTOF-CIMS,Chao Yan,Beijing urban (BUCT),atmosphere,urban,BUCT long-term,"Daellenbach et al., 2024, Nat. Geosci.",peakList_figaero_check_particle_winter_summer_v7.db
C8H6IO4,-,292.93163,organic,I-,particle,FIGAERO-LTOF-CIMS,Chao Yan,Beijing urban (BUCT),atmosphere,urban,BUCT long-term,"Daellenbach et al., 2024, Nat. Geosci.",peakList_figaero_check_particle_winter_summer_v7.db
C5H10IO6,-,292.95276,organic,I-,particle,FIGAERO-LTOF-CIMS,Chao Yan,Beijing urban (BUCT),atmosphere,urban,BUCT long-term,"Daellenbach et al., 2024, Nat. Geosci.",peakList_figaero_check_particle_winter_summer_v7.db
C9H10IO3,-,292.96802,organic,I-,particle,FIGAERO-LTOF-CIMS,Chao Yan,Beijing urban (BUCT),atmosphere,urban,BUCT long-term,"Daellenbach et al., 2024, Nat. Geosci.",peakList_figaero_check_particle_winter_summer_v7.db
C10H14IO2,-,293.00440,organic,I-,particle,FIGAERO-LTOF-CIMS,Chao Yan,Beijing urban (BUCT),atmosphere,urban,BUCT long-term,"Daellenbach et al., 2024, Nat. Geosci.",peakList_figaero_check_particle_winter_summer_v7.db
C11H18IO,-,293.04079,organic,I-,particle,FIGAERO-LTOF-CIMS,Chao Yan,Beijing urban (BUCT),atmosphere,urban,BUCT long-term,"Daellenbach et al., 2024, Nat. Geosci.",peakList_figaero_check_particle_winter_summer_v7.db
C11H17O7S,-,293.07005,organic,I-,particle,FIGAERO-LTOF-CIMS,Chao Yan,Beijing urban (BUCT),atmosphere,urban,BUCT long-term,"Daellenbach et al., 2024, Nat. Geosci.",peakList_figaero_check_particle_winter_summer_v7.db
C13H27NO6,-,293.18439,organic,I-,particle,FIGAERO-LTOF-CIMS,Chao Yan,Beijing urban (BUCT),atmosphere,urban,BUCT long-term,"Daellenbach et al., 2024, Nat. Geosci.",peakList_figaero_check_particle_winter_summer_v7.db
C18H29O3,-,293.21222,organic,I-,particle,FIGAERO-LTOF-CIMS,Chao Yan,Beijing urban (BUCT),atmosphere,urban,BUCT long-term,"Daellenbach et al., 2024, Nat. Geosci.",peakList_figaero_check_particle_winter_summer_v7.db
C3H5INO7,-,293.91162,organic,I-,particle,FIGAERO-LTOF-CIMS,Chao Yan,Beijing urban (BUCT),atmosphere,urban,BUCT long-term,"Daellenbach et al., 2024, Nat. Geosci.",peakList_figaero_check_particle_winter_summer_v7.db
C7H5INO4,-,293.92688,organic,I-,particle,FIGAERO-LTOF-CIMS,Chao Yan,Beijing urban (BUCT),atmosphere,urban,BUCT long-term,"Daellenbach et al., 2024, Nat. Geosci.",peakList_figaero_check_particle_winter_summer_v7.db
C4H9INO6,-,293.94801,organic,I-,particle,FIGAERO-LTOF-CIMS,Chao Yan,Beijing urban (BUCT),atmosphere,urban,BUCT long-term,"Daellenbach et al., 2024, Nat. Geosci.",peakList_figaero_check_particle_winter_summer_v7.db
C8H9INO3,-,293.96326,organic,I-,particle,FIGAERO-LTOF-CIMS,Chao Yan,Beijing urban (BUCT),atmosphere,urban,BUCT long-term,"Daellenbach et al., 2024, Nat. Geosci.",peakList_figaero_check_particle_winter_summer_v7.db
C9H11IO3,-,293.97584,organic,I-,particle,FIGAERO-LTOF-CIMS,Chao Yan,Beijing urban (BUCT),atmosphere,urban,BUCT long-term,"Daellenbach et al., 2024, Nat. Geosci.",peakList_figaero_check_particle_winter_summer_v7.db
C9H13INO2,-,293.99965,organic,I-,particle,FIGAERO-LTOF-CIMS,Chao Yan,Beijing urban (BUCT),atmosphere,urban,BUCT long-term,"Daellenbach et al., 2024, Nat. Geosci.",peakList_figaero_check_particle_winter_summer_v7.db
C10H14O10,-,294.05925,organic,I-,particle,FIGAERO-LTOF-CIMS,Chao Yan,Beijing urban (BUCT),atmosphere,urban,BUCT long-term,"Daellenbach et al., 2024, Nat. Geosci.",peakList_figaero_check_particle_winter_summer_v7.db
C10H16NO9,-,294.08305,organic,I-,particle,FIGAERO-LTOF-CIMS,Chao Yan,Beijing urban (BUCT),atmosphere,urban,BUCT long-term,"Daellenbach et al., 2024, Nat. Geosci.",peakList_figaero_check_particle_winter_summer_v7.db
C18H30O3,-,294.22004,organic,I-,particle,FIGAERO-LTOF-CIMS,Chao Yan,Beijing urban (BUCT),atmosphere,urban,BUCT long-term,"Daellenbach et al., 2024, Nat. Geosci.",peakList_figaero_check_particle_winter_summer_v7.db
C3H4IO8,-,294.89564,organic,I-,particle,FIGAERO-LTOF-CIMS,Chao Yan,Beijing urban (BUCT),atmosphere,urban,BUCT long-term,"Daellenbach et al., 2024, Nat. Geosci.",peakList_figaero_check_particle_winter_summer_v7.db
C7H4IO5,-,294.91089,organic,I-,particle,FIGAERO-LTOF-CIMS,Chao Yan,Beijing urban (BUCT),atmosphere,urban,BUCT long-term,"Daellenbach et al., 2024, Nat. Geosci.",peakList_figaero_check_particle_winter_summer_v7.db
C4H8IO7,-,294.93202,organic,I-,particle,FIGAERO-LTOF-CIMS,Chao Yan,Beijing urban (BUCT),atmosphere,urban,BUCT long-term,"Daellenbach et al., 2024, Nat. Geosci.",peakList_figaero_check_particle_winter_summer_v7.db
C8H8IO4,-,294.94728,organic,I-,particle,FIGAERO-LTOF-CIMS,Chao Yan,Beijing urban (BUCT),atmosphere,urban,BUCT long-term,"Daellenbach et al., 2024, Nat. Geosci.",peakList_figaero_check_particle_winter_summer_v7.db
C5H12IO6,-,294.96841,organic,I-,particle,FIGAERO-LTOF-CIMS,Chao Yan,Beijing urban (BUCT),atmosphere,urban,BUCT long-term,"Daellenbach et al., 2024, Nat. Geosci.",peakList_figaero_check_particle_winter_summer_v7.db
C9H12IO3,-,294.98367,organic,I-,particle,FIGAERO-LTOF-CIMS,Chao Yan,Beijing urban (BUCT),atmosphere,urban,BUCT long-term,"Daellenbach et al., 2024, Nat. Geosci.",peakList_figaero_check_particle_winter_summer_v7.db
C10H16IO2,-,295.02005,organic,I-,particle,FIGAERO-LTOF-CIMS,Chao Yan,Beijing urban (BUCT),atmosphere,urban,BUCT long-term,"Daellenbach et al., 2024, Nat. Geosci.",peakList_figaero_check_particle_winter_summer_v7.db
,,295.80730,unassigned,I-,particle,FIGAERO-LTOF-CIMS,Chao Yan,Beijing urban (BUCT),atmosphere,urban,BUCT long-term,"Daellenbach et al., 2024, Nat. Geosci.",peakList_figaero_check_particle_winter_summer_v7.db
C2H3INO8,-,295.89089,organic,I-,particle,FIGAERO-LTOF-CIMS,Chao Yan,Beijing urban (BUCT),atmosphere,urban,BUCT long-term,"Daellenbach et al., 2024, Nat. Geosci.",peakList_figaero_check_particle_winter_summer_v7.db
C7H7INO4,-,295.94253,organic,I-,particle,FIGAERO-LTOF-CIMS,Chao Yan,Beijing urban (BUCT),atmosphere,urban,BUCT long-term,"Daellenbach et al., 2024, Nat. Geosci.",peakList_figaero_check_particle_winter_summer_v7.db
C8H11INO3,-,295.97891,organic,I-,particle,FIGAERO-LTOF-CIMS,Chao Yan,Beijing urban (BUCT),atmosphere,urban,BUCT long-term,"Daellenbach et al., 2024, Nat. Geosci.",peakList_figaero_check_particle_winter_summer_v7.db
C5H12O12S,-,296.00550,organic,I-,particle,FIGAERO-LTOF-CIMS,Chao Yan,Beijing urban (BUCT),atmosphere,urban,BUCT long-term,"Daellenbach et al., 2024, Nat. Geosci.",peakList_figaero_check_particle_winter_summer_v7.db
C3H6IO6S,-,296.89353,organic,I-,particle,FIGAERO-LTOF-CIMS,Chao Yan,Beijing urban (BUCT),atmosphere,urban,BUCT long-term,"Daellenbach et al., 2024, Nat. Geosci.",peakList_figaero_check_particle_winter_summer_v7.db
C7H6IO5,-,296.92654,organic,I-,particle,FIGAERO-LTOF-CIMS,Chao Yan,Beijing urban (BUCT),atmosphere,urban,BUCT long-term,"Daellenbach et al., 2024, Nat. Geosci.",peakList_figaero_check_particle_winter_summer_v7.db
C8H10IO4,-,296.96293,organic,I-,particle,FIGAERO-LTOF-CIMS,Chao Yan,Beijing urban (BUCT),atmosphere,urban,BUCT long-term,"Daellenbach et al., 2024, Nat. Geosci.",peakList_figaero_check_particle_winter_summer_v7.db
C12H10IO,-,296.97819,organic,I-,particle,FIGAERO-LTOF-CIMS,Chao Yan,Beijing urban (BUCT),atmosphere,urban,BUCT long-term,"Daellenbach et al., 2024, Nat. Geosci.",peakList_figaero_check_particle_winter_summer_v7.db
C9H14IO3,-,296.99932,organic,I-,particle,FIGAERO-LTOF-CIMS,Chao Yan,Beijing urban (BUCT),atmosphere,urban,BUCT long-term,"Daellenbach et al., 2024, Nat. Geosci.",peakList_figaero_check_particle_winter_summer_v7.db
C10H18IO2,-,297.03570,organic,I-,particle,FIGAERO-LTOF-CIMS,Chao Yan,Beijing urban (BUCT),atmosphere,urban,BUCT long-term,"Daellenbach et al., 2024, Nat. Geosci.",peakList_figaero_check_particle_winter_summer_v7.db
C9H13O11,-,297.04633,organic,I-,particle,FIGAERO-LTOF-CIMS,Chao Yan,Beijing urban (BUCT),atmosphere,urban,BUCT long-term,"Daellenbach et al., 2024, Nat. Geosci.",peakList_figaero_check_particle_winter_summer_v7.db
C14H17O7,-,297.09798,organic,I-,particle,FIGAERO-LTOF-CIMS,Chao Yan,Beijing urban (BUCT),atmosphere,urban,BUCT long-term,"Daellenbach et al., 2024, Nat. Geosci.",peakList_figaero_check_particle_winter_summer_v7.db
C17H29O4,-,297.20713,organic,I-,particle,FIGAERO-LTOF-CIMS,Chao Yan,Beijing urban (BUCT),atmosphere,urban,BUCT long-term,"Daellenbach et al., 2024, Nat. Geosci.",peakList_figaero_check_particle_winter_summer_v7.db
C2H5INO6S,-,297.88878,organic,I-,particle,FIGAERO-LTOF-CIMS,Chao Yan,Beijing urban (BUCT),atmosphere,urban,BUCT long-term,"Daellenbach et al., 2024, Nat. Geosci.",peakList_figaero_check_particle_winter_summer_v7.db
C6H5INO5,-,297.92179,organic,I-,particle,FIGAERO-LTOF-CIMS,Chao Yan,Beijing urban (BUCT),atmosphere,urban,BUCT long-term,"Daellenbach et al., 2024, Nat. Geosci.",peakList_figaero_check_particle_winter_summer_v7.db
C7H9INO4,-,297.95818,organic,I-,particle,FIGAERO-LTOF-CIMS,Chao Yan,Beijing urban (BUCT),atmosphere,urban,BUCT long-term,"Daellenbach et al., 2024, Nat. Geosci.",peakList_figaero_check_particle_winter_summer_v7.db
C8H11IO4,-,297.97076,organic,I-,particle,FIGAERO-LTOF-CIMS,Chao Yan,Beijing urban (BUCT),atmosphere,urban,BUCT long-term,"Daellenbach et al., 2024, Nat. Geosci.",peakList_figaero_check_particle_winter_summer_v7.db
C8H13INO3,-,297.99456,organic,I-,particle,FIGAERO-LTOF-CIMS,Chao Yan,Beijing urban (BUCT),atmosphere,urban,BUCT long-term,"Daellenbach et al., 2024, Nat. Geosci.",peakList_figaero_check_particle_winter_summer_v7.db
C9H17INO2,-,298.03095,organic,I-,particle,FIGAERO-LTOF-CIMS,Chao Yan,Beijing urban (BUCT),atmosphere,urban,BUCT long-term,"Daellenbach et al., 2024, Nat. Geosci.",peakList_figaero_check_particle_winter_summer_v7.db
C11H23IO,-,298.07991,organic,I-,particle,FIGAERO-LTOF-CIMS,Chao Yan,Beijing urban (BUCT),atmosphere,urban,BUCT long-term,"Daellenbach et al., 2024, Nat. Geosci.",peakList_figaero_check_particle_winter_summer_v7.db
C14H22N2O5,-,298.15342,organic,I-,particle,FIGAERO-LTOF-CIMS,Chao Yan,Beijing urban (BUCT),atmosphere,urban,BUCT long-term,"Daellenbach et al., 2024, Nat. Geosci.",peakList_figaero_check_particle_winter_summer_v7.db
C2H4IO7S,-,298.87280,organic,I-,particle,FIGAERO-LTOF-CIMS,Chao Yan,Beijing urban (BUCT),atmosphere,urban,BUCT long-term,"Daellenbach et al., 2024, Nat. Geosci.",peakList_figaero_check_particle_winter_summer_v7.db
C6H4IO6,-,298.90581,organic,I-,particle,FIGAERO-LTOF-CIMS,Chao Yan,Beijing urban (BUCT),atmosphere,urban,BUCT long-term,"Daellenbach et al., 2024, Nat. Geosci.",peakList_figaero_check_particle_winter_summer_v7.db
C3H8IO6S,-,298.90918,organic,I-,particle,FIGAERO-LTOF-CIMS,Chao Yan,Beijing urban (BUCT),atmosphere,urban,BUCT long-term,"Daellenbach et al., 2024, Nat. Geosci.",peakList_figaero_check_particle_winter_summer_v7.db
C7H8IO5,-,298.94219,organic,I-,particle,FIGAERO-LTOF-CIMS,Chao Yan,Beijing urban (BUCT),atmosphere,urban,BUCT long-term,"Daellenbach et al., 2024, Nat. Geosci.",peakList_figaero_check_particle_winter_summer_v7.db
C8H12IO4,-,298.97858,organic,I-,particle,FIGAERO-LTOF-CIMS,Chao Yan,Beijing urban (BUCT),atmosphere,urban,BUCT long-term,"Daellenbach et al., 2024, Nat. Geosci.",peakList_figaero_check_particle_winter_summer_v7.db
C9H16IO3,-,299.01497,organic,I-,particle,FIGAERO-LTOF-CIMS,Chao Yan,Beijing urban (BUCT),atmosphere,urban,BUCT long-term,"Daellenbach et al., 2024, Nat. Geosci.",peakList_figaero_check_particle_winter_summer_v7.db
C10H20IO2,-,299.05135,organic,I-,particle,FIGAERO-LTOF-CIMS,Chao Yan,Beijing urban (BUCT),atmosphere,urban,BUCT long-term,"Daellenbach et al., 2024, Nat. Geosci.",peakList_figaero_check_particle_winter_summer_v7.db
C5H3INO6,-,299.90106,organic,I-,particle,FIGAERO-LTOF-CIMS,Chao Yan,Beijing urban (BUCT),atmosphere,urban,BUCT long-term,"Daellenbach et al., 2024, Nat. Geosci.",peakList_figaero_check_particle_winter_summer_v7.db
C6H7INO5,-,299.93744,organic,I-,particle,FIGAERO-LTOF-CIMS,Chao Yan,Beijing urban (BUCT),atmosphere,urban,BUCT long-term,"Daellenbach et al., 2024, Nat. Geosci.",peakList_figaero_check_particle_winter_summer_v7.db
C7H11INO4,-,299.97383,organic,I-,particle,FIGAERO-LTOF-CIMS,Chao Yan,Beijing urban (BUCT),atmosphere,urban,BUCT long-term,"Daellenbach et al., 2024, Nat. Geosci.",peakList_figaero_check_particle_winter_summer_v7.db
C8H15INO3,-,300.01021,organic,I-,particle,FIGAERO-LTOF-CIMS,Chao Yan,Beijing urban (BUCT),atmosphere,urban,BUCT long-term,"Daellenbach et al., 2024, Nat. Geosci.",peakList_figaero_check_particle_winter_summer_v7.db
C14H22NO6,-,300.14526,organic,I-,particle,FIGAERO-LTOF-CIMS,Chao Yan,Beijing urban (BUCT),atmosphere,urban,BUCT long-term,"Daellenbach et al., 2024, Nat. Geosci.",peakList_figaero_check_particle_winter_summer_v7.db
C16H28O5,-,300.19422,organic,I-,particle,FIGAERO-LTOF-CIMS,Chao Yan,Beijing urban (BUCT),atmosphere,urban,BUCT long-term,"Daellenbach et al., 2024, Nat. Geosci.",peakList_figaero_check_particle_winter_summer_v7.db
C6H6IO6,-,300.92146,organic,I-,particle,FIGAERO-LTOF-CIMS,Chao Yan,Beijing urban (BUCT),atmosphere,urban,BUCT long-term,"Daellenbach et al., 2024, Nat. Geosci.",peakList_figaero_check_particle_winter_summer_v7.db
C7H10IO5,-,300.95784,organic,I-,particle,FIGAERO-LTOF-CIMS,Chao Yan,Beijing urban (BUCT),atmosphere,urban,BUCT long-term,"Daellenbach et al., 2024, Nat. Geosci.",peakList_figaero_check_particle_winter_summer_v7.db
C8H14IO4,-,300.99423,organic,I-,particle,FIGAERO-LTOF-CIMS,Chao Yan,Beijing urban (BUCT),atmosphere,urban,BUCT long-term,"Daellenbach et al., 2024, Nat. Geosci.",peakList_figaero_check_particle_winter_summer_v7.db
C9H18IO3,-,301.03062,organic,I-,particle,FIGAERO-LTOF-CIMS,Chao Yan,Beijing urban (BUCT),atmosphere,urban,BUCT long-term,"Daellenbach et al., 2024, Nat. Geosci.",peakList_figaero_check_particle_winter_summer_v7.db
C21H33O,-,301.25369,organic,I-,particle,FIGAERO-LTOF-CIMS,Chao Yan,Beijing urban (BUCT),atmosphere,urban,BUCT long-term,"Daellenbach et al., 2024, Nat. Geosci.",peakList_figaero_check_particle_winter_summer_v7.db
C5H5INO6,-,301.91671,organic,I-,particle,FIGAERO-LTOF-CIMS,Chao Yan,Beijing urban (BUCT),atmosphere,urban,BUCT long-term,"Daellenbach et al., 2024, Nat. Geosci.",peakList_figaero_check_particle_winter_summer_v7.db
C6H9INO5,-,301.95309,organic,I-,particle,FIGAERO-LTOF-CIMS,Chao Yan,Beijing urban (BUCT),atmosphere,urban,BUCT long-term,"Daellenbach et al., 2024, Nat. Geosci.",peakList_figaero_check_particle_winter_summer_v7.db
C7H13INO4,-,301.98948,organic,I-,particle,FIGAERO-LTOF-CIMS,Chao Yan,Beijing urban (BUCT),atmosphere,urban,BUCT long-term,"Daellenbach et al., 2024, Nat. Geosci.",peakList_figaero_check_particle_winter_summer_v7.db
C8H17INO3,-,302.02586,organic,I-,particle,FIGAERO-LTOF-CIMS,Chao Yan,Beijing urban (BUCT),atmosphere,urban,BUCT long-term,"Daellenbach et al., 2024, Nat. Geosci.",peakList_figaero_check_particle_winter_summer_v7.db
C14H22O7,-,302.13710,organic,I-,particle,FIGAERO-LTOF-CIMS,Chao Yan,Beijing urban (BUCT),atmosphere,urban,BUCT long-term,"Daellenbach et al., 2024, Nat. Geosci.",peakList_figaero_check_particle_winter_summer_v7.db
C16H32NO4,-,302.23368,organic,I-,particle,FIGAERO-LTOF-CIMS,Chao Yan,Beijing urban (BUCT),atmosphere,urban,BUCT long-term,"Daellenbach et al., 2024, Nat. Geosci.",peakList_figaero_check_particle_winter_summer_v7.db
C5H4IO5S,-,302.88297,organic,I-,particle,FIGAERO-LTOF-CIMS,Chao Yan,Beijing urban (BUCT),atmosphere,urban,BUCT long-term,"Daellenbach et al., 2024, Nat. Geosci.",peakList_figaero_check_particle_winter_summer_v7.db
C5H4IO7,-,302.90072,organic,I-,particle,FIGAERO-LTOF-CIMS,Chao Yan,Beijing urban (BUCT),atmosphere,urban,BUCT long-term,"Daellenbach et al., 2024, Nat. Geosci.",peakList_figaero_check_particle_winter_summer_v7.db
C6H8IO6,-,302.93711,organic,I-,particle,FIGAERO-LTOF-CIMS,Chao Yan,Beijing urban (BUCT),atmosphere,urban,BUCT long-term,"Daellenbach et al., 2024, Nat. Geosci.",peakList_figaero_check_particle_winter_summer_v7.db
C10H8IO3,-,302.95237,organic,I-,particle,FIGAERO-LTOF-CIMS,Chao Yan,Beijing urban (BUCT),atmosphere,urban,BUCT long-term,"Daellenbach et al., 2024, Nat. Geosci.",peakList_figaero_check_particle_winter_summer_v7.db
C7H12IO5,-,302.97350,organic,I-,particle,FIGAERO-LTOF-CIMS,Chao Yan,Beijing urban (BUCT),atmosphere,urban,BUCT long-term,"Daellenbach et al., 2024, Nat. Geosci.",peakList_figaero_check_particle_winter_summer_v7.db
C8H16IO4,-,303.00988,organic,I-,particle,FIGAERO-LTOF-CIMS,Chao Yan,Beijing urban (BUCT),atmosphere,urban,BUCT long-term,"Daellenbach et al., 2024, Nat. Geosci.",peakList_figaero_check_particle_winter_summer_v7.db
C9H20IO3,-,303.04627,organic,I-,particle,FIGAERO-LTOF-CIMS,Chao Yan,Beijing urban (BUCT),atmosphere,urban,BUCT long-term,"Daellenbach et al., 2024, Nat. Geosci.",peakList_figaero_check_particle_winter_summer_v7.db
C5H7INO6,-,303.93236,organic,I-,particle,FIGAERO-LTOF-CIMS,Chao Yan,Beijing urban (BUCT),atmosphere,urban,BUCT long-term,"Daellenbach et al., 2024, Nat. Geosci.",peakList_figaero_check_particle_winter_summer_v7.db
C9H7INO3,-,303.94761,organic,I-,particle,FIGAERO-LTOF-CIMS,Chao Yan,Beijing urban (BUCT),atmosphere,urban,BUCT long-term,"Daellenbach et al., 2024, Nat. Geosci.",peakList_figaero_check_particle_winter_summer_v7.db
C6H11INO5,-,303.96874,organic,I-,particle,FIGAERO-LTOF-CIMS,Chao Yan,Beijing urban (BUCT),atmosphere,urban,BUCT long-term,"Daellenbach et al., 2024, Nat. Geosci.",peakList_figaero_check_particle_winter_summer_v7.db
C7H15INO4,-,304.00513,organic,I-,particle,FIGAERO-LTOF-CIMS,Chao Yan,Beijing urban (BUCT),atmosphere,urban,BUCT long-term,"Daellenbach et al., 2024, Nat. Geosci.",peakList_figaero_check_particle_winter_summer_v7.db
C15H30NO5,-,304.21295,organic,I-,particle,FIGAERO-LTOF-CIMS,Chao Yan,Beijing urban (BUCT),atmosphere,urban,BUCT long-term,"Daellenbach et al., 2024, Nat. Geosci.",peakList_figaero_check_particle_winter_summer_v7.db
C4H4INO7,-,304.90380,organic,I-,particle,FIGAERO-LTOF-CIMS,Chao Yan,Beijing urban (BUCT),atmosphere,urban,BUCT long-term,"Daellenbach et al., 2024, Nat. Geosci.",peakList_figaero_check_particle_winter_summer_v7.db
C5H6IO7,-,304.91637,organic,I-,particle,FIGAERO-LTOF-CIMS,Chao Yan,Beijing urban (BUCT),atmosphere,urban,BUCT long-term,"Daellenbach et al., 2024, Nat. Geosci.",peakList_figaero_check_particle_winter_summer_v7.db
C9H6IO4,-,304.93163,organic,I-,particle,FIGAERO-LTOF-CIMS,Chao Yan,Beijing urban (BUCT),atmosphere,urban,BUCT long-term,"Daellenbach et al., 2024, Nat. Geosci.",peakList_figaero_check_particle_winter_summer_v7.db
C10H10IO3,-,304.96802,organic,I-,particle,FIGAERO-LTOF-CIMS,Chao Yan,Beijing urban (BUCT),atmosphere,urban,BUCT long-term,"Daellenbach et al., 2024, Nat. Geosci.",peakList_figaero_check_particle_winter_summer_v7.db
C7H14IO5,-,304.98915,organic,I-,particle,FIGAERO-LTOF-CIMS,Chao Yan,Beijing urban (BUCT),atmosphere,urban,BUCT long-term,"Daellenbach et al., 2024, Nat. Geosci.",peakList_figaero_check_particle_winter_summer_v7.db
C11H14IO2,-,305.00440,organic,I-,particle,FIGAERO-LTOF-CIMS,Chao Yan,Beijing urban (BUCT),atmosphere,urban,BUCT long-term,"Daellenbach et al., 2024, Nat. Geosci.",peakList_figaero_check_particle_winter_summer_v7.db
C13H21O8,-,305.12419,organic,I-,particle,FIGAERO-LTOF-CIMS,Chao Yan,Beijing urban (BUCT),atmosphere,urban,BUCT long-term,"Daellenbach et al., 2024, Nat. Geosci.",peakList_figaero_check_particle_winter_summer_v7.db
C4H5INO7,-,305.91162,organic,I-,particle,FIGAERO-LTOF-CIMS,Chao Yan,Beijing urban (BUCT),atmosphere,urban,BUCT long-term,"Daellenbach et al., 2024, Nat. Geosci.",peakList_figaero_check_particle_winter_summer_v7.db
C5H9INO6,-,305.94801,organic,I-,particle,FIGAERO-LTOF-CIMS,Chao Yan,Beijing urban (BUCT),atmosphere,urban,BUCT long-term,"Daellenbach et al., 2024, Nat. Geosci.",peakList_figaero_check_particle_winter_summer_v7.db
C9H9INO3,-,305.96326,organic,I-,particle,FIGAERO-LTOF-CIMS,Chao Yan,Beijing urban (BUCT),atmosphere,urban,BUCT long-term,"Daellenbach et al., 2024, Nat. Geosci.",peakList_figaero_check_particle_winter_summer_v7.db
C9H6O10S,-,305.96872,organic,I-,particle,FIGAERO-LTOF-CIMS,Chao Yan,Beijing urban (BUCT),atmosphere,urban,BUCT long-term,"Daellenbach et al., 2024, Nat. Geosci.",peakList_figaero_check_particle_winter_summer_v7.db
C6H13INO5,-,305.98439,organic,I-,particle,FIGAERO-LTOF-CIMS,Chao Yan,Beijing urban (BUCT),atmosphere,urban,BUCT long-term,"Daellenbach et al., 2024, Nat. Geosci.",peakList_figaero_check_particle_winter_summer_v7.db
C17H24NO4,-,306.17108,organic,I-,particle,FIGAERO-LTOF-CIMS,Chao Yan,Beijing urban (BUCT),atmosphere,urban,BUCT long-term,"Daellenbach et al., 2024, Nat. Geosci.",peakList_figaero_check_particle_winter_summer_v7.db
C19H30O3,-,306.22004,organic,I-,particle,FIGAERO-LTOF-CIMS,Chao Yan,Beijing urban (BUCT),atmosphere,urban,BUCT long-term,"Daellenbach et al., 2024, Nat. Geosci.",peakList_figaero_check_particle_winter_summer_v7.db
C16H34O5,-,306.24117,organic,I-,particle,FIGAERO-LTOF-CIMS,Chao Yan,Beijing urban (BUCT),atmosphere,urban,BUCT long-term,"Daellenbach et al., 2024, Nat. Geosci.",peakList_figaero_check_particle_winter_summer_v7.db
C3HF5IO3,-,306.88961,organic,I-,particle,FIGAERO-LTOF-CIMS,Chao Yan,Beijing urban (BUCT),atmosphere,urban,BUCT long-term,"Daellenbach et al., 2024, Nat. Geosci.",peakList_figaero_check_particle_winter_summer_v7.db
C5H8IO5S,-,306.91427,organic,I-,particle,FIGAERO-LTOF-CIMS,Chao Yan,Beijing urban (BUCT),atmosphere,urban,BUCT long-term,"Daellenbach et al., 2024, Nat. Geosci.",peakList_figaero_check_particle_winter_summer_v7.db
C5H8IO7,-,306.93202,organic,I-,particle,FIGAERO-LTOF-CIMS,Chao Yan,Beijing urban (BUCT),atmosphere,urban,BUCT long-term,"Daellenbach et al., 2024, Nat. Geosci.",peakList_figaero_check_particle_winter_summer_v7.db
C9H8IO4,-,306.94728,organic,I-,particle,FIGAERO-LTOF-CIMS,Chao Yan,Beijing urban (BUCT),atmosphere,urban,BUCT long-term,"Daellenbach et al., 2024, Nat. Geosci.",peakList_figaero_check_particle_winter_summer_v7.db
C6H12IO6,-,306.96841,organic,I-,particle,FIGAERO-LTOF-CIMS,Chao Yan,Beijing urban (BUCT),atmosphere,urban,BUCT long-term,"Daellenbach et al., 2024, Nat. Geosci.",peakList_figaero_check_particle_winter_summer_v7.db
C10H12IO3,-,306.98367,organic,I-,particle,FIGAERO-LTOF-CIMS,Chao Yan,Beijing urban (BUCT),atmosphere,urban,BUCT long-term,"Daellenbach et al., 2024, Nat. Geosci.",peakList_figaero_check_particle_winter_summer_v7.db
C4H5IO8,-,307.90346,organic,I-,particle,FIGAERO-LTOF-CIMS,Chao Yan,Beijing urban (BUCT),atmosphere,urban,BUCT long-term,"Daellenbach et al., 2024, Nat. Geosci.",peakList_figaero_check_particle_winter_summer_v7.db
C8H7INO4,-,307.94253,organic,I-,particle,FIGAERO-LTOF-CIMS,Chao Yan,Beijing urban (BUCT),atmosphere,urban,BUCT long-term,"Daellenbach et al., 2024, Nat. Geosci.",peakList_figaero_check_particle_winter_summer_v7.db
C5H11INO6,-,307.96366,organic,I-,particle,FIGAERO-LTOF-CIMS,Chao Yan,Beijing urban (BUCT),atmosphere,urban,BUCT long-term,"Daellenbach et al., 2024, Nat. Geosci.",peakList_figaero_check_particle_winter_summer_v7.db
C9H11INO3,-,307.97891,organic,I-,particle,FIGAERO-LTOF-CIMS,Chao Yan,Beijing urban (BUCT),atmosphere,urban,BUCT long-term,"Daellenbach et al., 2024, Nat. Geosci.",peakList_figaero_check_particle_winter_summer_v7.db
C9H8O10S,-,307.98437,organic,I-,particle,FIGAERO-LTOF-CIMS,Chao Yan,Beijing urban (BUCT),atmosphere,urban,BUCT long-term,"Daellenbach et al., 2024, Nat. Geosci.",peakList_figaero_check_particle_winter_summer_v7.db
C10H15INO2,-,308.01530,organic,I-,particle,FIGAERO-LTOF-CIMS,Chao Yan,Beijing urban (BUCT),atmosphere,urban,BUCT long-term,"Daellenbach et al., 2024, Nat. Geosci.",peakList_figaero_check_particle_winter_summer_v7.db
C17H26NO4,-,308.18673,organic,I-,particle,FIGAERO-LTOF-CIMS,Chao Yan,Beijing urban (BUCT),atmosphere,urban,BUCT long-term,"Daellenbach et al., 2024, Nat. Geosci.",peakList_figaero_check_particle_winter_summer_v7.db
C18H30NO3,-,308.22312,organic,I-,particle,FIGAERO-LTOF-CIMS,Chao Yan,Beijing urban (BUCT),atmosphere,urban,BUCT long-term,"Daellenbach et al., 2024, Nat. Geosci.",peakList_figaero_check_particle_winter_summer_v7.db
C2H2IN2O8,-,308.88614,organic,I-,particle,FIGAERO-LTOF-CIMS,Chao Yan,Beijing urban (BUCT),atmosphere,urban,BUCT long-term,"Daellenbach et al., 2024, Nat. Geosci.",peakList_figaero_check_particle_winter_summer_v7.db
C4H6IO6S,-,308.89353,organic,I-,particle,FIGAERO-LTOF-CIMS,Chao Yan,Beijing urban (BUCT),atmosphere,urban,BUCT long-term,"Daellenbach et al., 2024, Nat. Geosci.",peakList_figaero_check_particle_winter_summer_v7.db
C4H6IO8,-,308.91129,organic,I-,particle,FIGAERO-LTOF-CIMS,Chao Yan,Beijing urban (BUCT),atmosphere,urban,BUCT long-term,"Daellenbach et al., 2024, Nat. Geosci.",peakList_figaero_check_particle_winter_summer_v7.db
C8H6IO5,-,308.92654,organic,I-,particle,FIGAERO-LTOF-CIMS,Chao Yan,Beijing urban (BUCT),atmosphere,urban,BUCT long-term,"Daellenbach et al., 2024, Nat. Geosci.",peakList_figaero_check_particle_winter_summer_v7.db
C5H10IO7,-,308.94767,organic,I-,particle,FIGAERO-LTOF-CIMS,Chao Yan,Beijing urban (BUCT),atmosphere,urban,BUCT long-term,"Daellenbach et al., 2024, Nat. Geosci.",peakList_figaero_check_particle_winter_summer_v7.db
C9H10IO4,-,308.96293,organic,I-,particle,FIGAERO-LTOF-CIMS,Chao Yan,Beijing urban (BUCT),atmosphere,urban,BUCT long-term,"Daellenbach et al., 2024, Nat. Geosci.",peakList_figaero_check_particle_winter_summer_v7.db
C6H14IO6,-,308.98406,organic,I-,particle,FIGAERO-LTOF-CIMS,Chao Yan,Beijing urban (BUCT),atmosphere,urban,BUCT long-term,"Daellenbach et al., 2024, Nat. Geosci.",peakList_figaero_check_particle_winter_summer_v7.db
C10H14IO3,-,308.99932,organic,I-,particle,FIGAERO-LTOF-CIMS,Chao Yan,Beijing urban (BUCT),atmosphere,urban,BUCT long-term,"Daellenbach et al., 2024, Nat. Geosci.",peakList_figaero_check_particle_winter_summer_v7.db
C11H18IO2,-,309.03570,organic,I-,particle,FIGAERO-LTOF-CIMS,Chao Yan,Beijing urban (BUCT),atmosphere,urban,BUCT long-term,"Daellenbach et al., 2024, Nat. Geosci.",peakList_figaero_check_particle_winter_summer_v7.db
C11H17O8S,-,309.06496,organic,I-,particle,FIGAERO-LTOF-CIMS,Chao Yan,Beijing urban (BUCT),atmosphere,urban,BUCT long-term,"Daellenbach et al., 2024, Nat. Geosci.",peakList_figaero_check_particle_winter_summer_v7.db
C22H29O,-,309.22239,organic,I-,particle,FIGAERO-LTOF-CIMS,Chao Yan,Beijing urban (BUCT),atmosphere,urban,BUCT long-term,"Daellenbach et al., 2024, Nat. Geosci.",peakList_figaero_check_particle_winter_summer_v7.db
C7H5INO5,-,309.92179,organic,I-,particle,FIGAERO-LTOF-CIMS,Chao Yan,Beijing urban (BUCT),atmosphere,urban,BUCT long-term,"Daellenbach et al., 2024, Nat. Geosci.",peakList_figaero_check_particle_winter_summer_v7.db
C8H9INO4,-,309.95818,organic,I-,particle,FIGAERO-LTOF-CIMS,Chao Yan,Beijing urban (BUCT),atmosphere,urban,BUCT long-term,"Daellenbach et al., 2024, Nat. Geosci.",peakList_figaero_check_particle_winter_summer_v7.db
C9H13INO3,-,309.99456,organic,I-,particle,FIGAERO-LTOF-CIMS,Chao Yan,Beijing urban (BUCT),atmosphere,urban,BUCT long-term,"Daellenbach et al., 2024, Nat. Geosci.",peakList_figaero_check_particle_winter_summer_v7.db
C10H17INO2,-,310.03095,organic,I-,particle,FIGAERO-LTOF-CIMS,Chao Yan,Beijing urban (BUCT),atmosphere,urban,BUCT long-term,"Daellenbach et al., 2024, Nat. Geosci.",peakList_figaero_check_particle_winter_summer_v7.db
C10H16NO10,-,310.07797,organic,I-,particle,FIGAERO-LTOF-CIMS,Chao Yan,Beijing urban (BUCT),atmosphere,urban,BUCT long-term,"Daellenbach et al., 2024, Nat. Geosci.",peakList_figaero_check_particle_winter_summer_v7.db
C18H30O4,-,310.21496,organic,I-,particle,FIGAERO-LTOF-CIMS,Chao Yan,Beijing urban (BUCT),atmosphere,urban,BUCT long-term,"Daellenbach et al., 2024, Nat. Geosci.",peakList_figaero_check_particle_winter_summer_v7.db
C3H4IO9,-,310.89055,organic,I-,particle,FIGAERO-LTOF-CIMS,Chao Yan,Beijing urban (BUCT),atmosphere,urban,BUCT long-term,"Daellenbach et al., 2024, Nat. Geosci.",peakList_figaero_check_particle_winter_summer_v7.db
C6H4IN2O5,-,310.91704,organic,I-,particle,FIGAERO-LTOF-CIMS,Chao Yan,Beijing urban (BUCT),atmosphere,urban,BUCT long-term,"Daellenbach et al., 2024, Nat. Geosci.",peakList_figaero_check_particle_winter_summer_v7.db
C8H8IO5,-,310.94219,organic,I-,particle,FIGAERO-LTOF-CIMS,Chao Yan,Beijing urban (BUCT),atmosphere,urban,BUCT long-term,"Daellenbach et al., 2024, Nat. Geosci.",peakList_figaero_check_particle_winter_summer_v7.db
C9H12IO4,-,310.97858,organic,I-,particle,FIGAERO-LTOF-CIMS,Chao Yan,Beijing urban (BUCT),atmosphere,urban,BUCT long-term,"Daellenbach et al., 2024, Nat. Geosci.",peakList_figaero_check_particle_winter_summer_v7.db
C10H16IO3,-,311.01497,organic,I-,particle,FIGAERO-LTOF-CIMS,Chao Yan,Beijing urban (BUCT),atmosphere,urban,BUCT long-term,"Daellenbach et al., 2024, Nat. Geosci.",peakList_figaero_check_particle_winter_summer_v7.db
C7H7INO5,-,311.93744,organic,I-,particle,FIGAERO-LTOF-CIMS,Chao Yan,Beijing urban (BUCT),atmosphere,urban,BUCT long-term,"Daellenbach et al., 2024, Nat. Geosci.",peakList_figaero_check_particle_winter_summer_v7.db
C8H11INO4,-,311.97383,organic,I-,particle,FIGAERO-LTOF-CIMS,Chao Yan,Beijing urban (BUCT),atmosphere,urban,BUCT long-term,"Daellenbach et al., 2024, Nat. Geosci.",peakList_figaero_check_particle_winter_summer_v7.db
C7H8N2O10S,-,311.99051,organic,I-,particle,FIGAERO-LTOF-CIMS,Chao Yan,Beijing urban (BUCT),atmosphere,urban,BUCT long-term,"Daellenbach et al., 2024, Nat. Geosci.",peakList_figaero_check_particle_winter_summer_v7.db
C9H15INO3,-,312.01021,organic,I-,particle,FIGAERO-LTOF-CIMS,Chao Yan,Beijing urban (BUCT),atmosphere,urban,BUCT long-term,"Daellenbach et al., 2024, Nat. Geosci.",peakList_figaero_check_particle_winter_summer_v7.db
C10H19INO2,-,312.04660,organic,I-,particle,FIGAERO-LTOF-CIMS,Chao Yan,Beijing urban (BUCT),atmosphere,urban,BUCT long-term,"Daellenbach et al., 2024, Nat. Geosci.",peakList_figaero_check_particle_winter_summer_v7.db
C10H18NO10,-,312.09362,organic,I-,particle,FIGAERO-LTOF-CIMS,Chao Yan,Beijing urban (BUCT),atmosphere,urban,BUCT long-term,"Daellenbach et al., 2024, Nat. Geosci.",peakList_figaero_check_particle_winter_summer_v7.db
C16H24O6,-,312.15784,organic,I-,particle,FIGAERO-LTOF-CIMS,Chao Yan,Beijing urban (BUCT),atmosphere,urban,BUCT long-term,"Daellenbach et al., 2024, Nat. Geosci.",peakList_figaero_check_particle_winter_summer_v7.db
C20H24O3,-,312.17309,organic,I-,particle,FIGAERO-LTOF-CIMS,Chao Yan,Beijing urban (BUCT),atmosphere,urban,BUCT long-term,"Daellenbach et al., 2024, Nat. Geosci.",peakList_figaero_check_particle_winter_summer_v7.db
C3H6IO7S,-,312.88845,organic,I-,particle,FIGAERO-LTOF-CIMS,Chao Yan,Beijing urban (BUCT),atmosphere,urban,BUCT long-term,"Daellenbach et al., 2024, Nat. Geosci.",peakList_figaero_check_particle_winter_summer_v7.db
C4H10IO6S,-,312.92483,organic,I-,particle,FIGAERO-LTOF-CIMS,Chao Yan,Beijing urban (BUCT),atmosphere,urban,BUCT long-term,"Daellenbach et al., 2024, Nat. Geosci.",peakList_figaero_check_particle_winter_summer_v7.db
C8H10IO5,-,312.95784,organic,I-,particle,FIGAERO-LTOF-CIMS,Chao Yan,Beijing urban (BUCT),atmosphere,urban,BUCT long-term,"Daellenbach et al., 2024, Nat. Geosci.",peakList_figaero_check_particle_winter_summer_v7.db
C9H14IO4,-,312.99423,organic,I-,particle,FIGAERO-LTOF-CIMS,Chao Yan,Beijing urban (BUCT),atmosphere,urban,BUCT long-term,"Daellenbach et al., 2024, Nat. Geosci.",peakList_figaero_check_particle_winter_summer_v7.db
C9H13O10S,-,313.02349,organic,I-,particle,FIGAERO-LTOF-CIMS,Chao Yan,Beijing urban (BUCT),atmosphere,urban,BUCT long-term,"Daellenbach et al., 2024, Nat. Geosci.",peakList_figaero_check_particle_winter_summer_v7.db
C10H18IO3,-,313.03062,organic,I-,particle,FIGAERO-LTOF-CIMS,Chao Yan,Beijing urban (BUCT),atmosphere,urban,BUCT long-term,"Daellenbach et al., 2024, Nat. Geosci.",peakList_figaero_check_particle_winter_summer_v7.db
C2H5INO7S,-,313.88369,organic,I-,particle,FIGAERO-LTOF-CIMS,Chao Yan,Beijing urban (BUCT),atmosphere,urban,BUCT long-term,"Daellenbach et al., 2024, Nat. Geosci.",peakList_figaero_check_particle_winter_summer_v7.db
C6H5INO6,-,313.91671,organic,I-,particle,FIGAERO-LTOF-CIMS,Chao Yan,Beijing urban (BUCT),atmosphere,urban,BUCT long-term,"Daellenbach et al., 2024, Nat. Geosci.",peakList_figaero_check_particle_winter_summer_v7.db
C7H9INO5,-,313.95309,organic,I-,particle,FIGAERO-LTOF-CIMS,Chao Yan,Beijing urban (BUCT),atmosphere,urban,BUCT long-term,"Daellenbach et al., 2024, Nat. Geosci.",peakList_figaero_check_particle_winter_summer_v7.db
C8H13INO4,-,313.98948,organic,I-,particle,FIGAERO-LTOF-CIMS,Chao Yan,Beijing urban (BUCT),atmosphere,urban,BUCT long-term,"Daellenbach et al., 2024, Nat. Geosci.",peakList_figaero_check_particle_winter_summer_v7.db
C9H17INO3,-,314.02586,organic,I-,particle,FIGAERO-LTOF-CIMS,Chao Yan,Beijing urban (BUCT),atmosphere,urban,BUCT long-term,"Daellenbach et al., 2024, Nat. Geosci.",peakList_figaero_check_particle_winter_summer_v7.db
C6H4IO7,-,314.90072,organic,I-,particle,FIGAERO-LTOF-CIMS,Chao Yan,Beijing urban (BUCT),atmosphere,urban,BUCT long-term,"Daellenbach et al., 2024, Nat. Geosci.",peakList_figaero_check_particle_winter_summer_v7.db
C3H8IO7S,-,314.90410,organic,I-,particle,FIGAERO-LTOF-CIMS,Chao Yan,Beijing urban (BUCT),atmosphere,urban,BUCT long-term,"Daellenbach et al., 2024, Nat. Geosci.",peakList_figaero_check_particle_winter_summer_v7.db
C7H8IO4S,-,314.91935,organic,I-,particle,FIGAERO-LTOF-CIMS,Chao Yan,Beijing urban (BUCT),atmosphere,urban,BUCT long-term,"Daellenbach et al., 2024, Nat. Geosci.",peakList_figaero_check_particle_winter_summer_v7.db
C7H8IO6,-,314.93711,organic,I-,particle,FIGAERO-LTOF-CIMS,Chao Yan,Beijing urban (BUCT),atmosphere,urban,BUCT long-term,"Daellenbach et al., 2024, Nat. Geosci.",peakList_figaero_check_particle_winter_summer_v7.db
C8H12IO5,-,314.97350,organic,I-,particle,FIGAERO-LTOF-CIMS,Chao Yan,Beijing urban (BUCT),atmosphere,urban,BUCT long-term,"Daellenbach et al., 2024, Nat. Geosci.",peakList_figaero_check_particle_winter_summer_v7.db
C9H16IO4,-,315.00988,organic,I-,particle,FIGAERO-LTOF-CIMS,Chao Yan,Beijing urban (BUCT),atmosphere,urban,BUCT long-term,"Daellenbach et al., 2024, Nat. Geosci.",peakList_figaero_check_particle_winter_summer_v7.db
C10H20IO3,-,315.04627,organic,I-,particle,FIGAERO-LTOF-CIMS,Chao Yan,Beijing urban (BUCT),atmosphere,urban,BUCT long-term,"Daellenbach et al., 2024, Nat. Geosci.",peakList_figaero_check_particle_winter_summer_v7.db
C18H35O4,-,315.25408,organic,I-,particle,FIGAERO-LTOF-CIMS,Chao Yan,Beijing urban (BUCT),atmosphere,urban,BUCT long-term,"Daellenbach et al., 2024, Nat. Geosci.",peakList_figaero_check_particle_winter_summer_v7.db
,,315.79720,unassigned,I-,particle,FIGAERO-LTOF-CIMS,Chao Yan,Beijing urban (BUCT),atmosphere,urban,BUCT long-term,"Daellenbach et al., 2024, Nat. Geosci.",peakList_figaero_check_particle_winter_summer_v7.db
C6H7INO6,-,315.93236,organic,I-,particle,FIGAERO-LTOF-CIMS,Chao Yan,Beijing urban (BUCT),atmosphere,urban,BUCT long-term,"Daellenbach et al., 2024, Nat. Geosci.",peakList_figaero_check_particle_winter_summer_v7.db
C10H7INO3,-,315.94761,organic,I-,particle,FIGAERO-LTOF-CIMS,Chao Yan,Beijing urban (BUCT),atmosphere,urban,BUCT long-term,"Daellenbach et al., 2024, Nat. Geosci.",peakList_figaero_check_particle_winter_summer_v7.db
C7H11INO5,-,315.96874,organic,I-,particle,FIGAERO-LTOF-CIMS,Chao Yan,Beijing urban (BUCT),atmosphere,urban,BUCT long-term,"Daellenbach et al., 2024, Nat. Geosci.",peakList_figaero_check_particle_winter_summer_v7.db
C8H15INO4,-,316.00513,organic,I-,particle,FIGAERO-LTOF-CIMS,Chao Yan,Beijing urban (BUCT),atmosphere,urban,BUCT long-term,"Daellenbach et al., 2024, Nat. Geosci.",peakList_figaero_check_particle_winter_summer_v7.db
C15H24O7,-,316.15275,organic,I-,particle,FIGAERO-LTOF-CIMS,Chao Yan,Beijing urban (BUCT),atmosphere,urban,BUCT long-term,"Daellenbach et al., 2024, Nat. Geosci.",peakList_figaero_check_particle_winter_summer_v7.db
C16H30NO5,-,316.21295,organic,I-,particle,FIGAERO-LTOF-CIMS,Chao Yan,Beijing urban (BUCT),atmosphere,urban,BUCT long-term,"Daellenbach et al., 2024, Nat. Geosci.",peakList_figaero_check_particle_winter_summer_v7.db
C18H36O4,-,316.26191,organic,I-,particle,FIGAERO-LTOF-CIMS,Chao Yan,Beijing urban (BUCT),atmosphere,urban,BUCT long-term,"Daellenbach et al., 2024, Nat. Geosci.",peakList_figaero_check_particle_winter_summer_v7.db
C6H6IO7,-,316.91637,organic,I-,particle,FIGAERO-LTOF-CIMS,Chao Yan,Beijing urban (BUCT),atmosphere,urban,BUCT long-term,"Daellenbach et al., 2024, Nat. Geosci.",peakList_figaero_check_particle_winter_summer_v7.db
C7H10IO6,-,316.95276,organic,I-,particle,FIGAERO-LTOF-CIMS,Chao Yan,Beijing urban (BUCT),atmosphere,urban,BUCT long-term,"Daellenbach et al., 2024, Nat. Geosci.",peakList_figaero_check_particle_winter_summer_v7.db
C8H14IO5,-,316.98915,organic,I-,particle,FIGAERO-LTOF-CIMS,Chao Yan,Beijing urban (BUCT),atmosphere,urban,BUCT long-term,"Daellenbach et al., 2024, Nat. Geosci.",peakList_figaero_check_particle_winter_summer_v7.db
C9H18IO4,-,317.02553,organic,I-,particle,FIGAERO-LTOF-CIMS,Chao Yan,Beijing urban (BUCT),atmosphere,urban,BUCT long-term,"Daellenbach et al., 2024, Nat. Geosci.",peakList_figaero_check_particle_winter_summer_v7.db
C7H13N2O12,-,317.04740,organic,I-,particle,FIGAERO-LTOF-CIMS,Chao Yan,Beijing urban (BUCT),atmosphere,urban,BUCT long-term,"Daellenbach et al., 2024, Nat. Geosci.",peakList_figaero_check_particle_winter_summer_v7.db
C22H37O,-,317.28499,organic,I-,particle,FIGAERO-LTOF-CIMS,Chao Yan,Beijing urban (BUCT),atmosphere,urban,BUCT long-term,"Daellenbach et al., 2024, Nat. Geosci.",peakList_figaero_check_particle_winter_summer_v7.db
C5H5INO7,-,317.91162,organic,I-,particle,FIGAERO-LTOF-CIMS,Chao Yan,Beijing urban (BUCT),atmosphere,urban,BUCT long-term,"Daellenbach et al., 2024, Nat. Geosci.",peakList_figaero_check_particle_winter_summer_v7.db
C6H9INO6,-,317.94801,organic,I-,particle,FIGAERO-LTOF-CIMS,Chao Yan,Beijing urban (BUCT),atmosphere,urban,BUCT long-term,"Daellenbach et al., 2024, Nat. Geosci.",peakList_figaero_check_particle_winter_summer_v7.db
C10H9INO3,-,317.96326,organic,I-,particle,FIGAERO-LTOF-CIMS,Chao Yan,Beijing urban (BUCT),atmosphere,urban,BUCT long-term,"Daellenbach et al., 2024, Nat. Geosci.",peakList_figaero_check_particle_winter_summer_v7.db
C7H13INO5,-,317.98439,organic,I-,particle,FIGAERO-LTOF-CIMS,Chao Yan,Beijing urban (BUCT),atmosphere,urban,BUCT long-term,"Daellenbach et al., 2024, Nat. Geosci.",peakList_figaero_check_particle_winter_summer_v7.db
C8H17INO4,-,318.02078,organic,I-,particle,FIGAERO-LTOF-CIMS,Chao Yan,Beijing urban (BUCT),atmosphere,urban,BUCT long-term,"Daellenbach et al., 2024, Nat. Geosci.",peakList_figaero_check_particle_winter_summer_v7.db
C9H19IO4,-,318.03336,organic,I-,particle,FIGAERO-LTOF-CIMS,Chao Yan,Beijing urban (BUCT),atmosphere,urban,BUCT long-term,"Daellenbach et al., 2024, Nat. Geosci.",peakList_figaero_check_particle_winter_summer_v7.db
C16H32NO5,-,318.22860,organic,I-,particle,FIGAERO-LTOF-CIMS,Chao Yan,Beijing urban (BUCT),atmosphere,urban,BUCT long-term,"Daellenbach et al., 2024, Nat. Geosci.",peakList_figaero_check_particle_winter_summer_v7.db
C5H4IO6S,-,318.87788,organic,I-,particle,FIGAERO-LTOF-CIMS,Chao Yan,Beijing urban (BUCT),atmosphere,urban,BUCT long-term,"Daellenbach et al., 2024, Nat. Geosci.",peakList_figaero_check_particle_winter_summer_v7.db
C5H4IO8,-,318.89564,organic,I-,particle,FIGAERO-LTOF-CIMS,Chao Yan,Beijing urban (BUCT),atmosphere,urban,BUCT long-term,"Daellenbach et al., 2024, Nat. Geosci.",peakList_figaero_check_particle_winter_summer_v7.db
C9H4IO5,-,318.91089,organic,I-,particle,FIGAERO-LTOF-CIMS,Chao Yan,Beijing urban (BUCT),atmosphere,urban,BUCT long-term,"Daellenbach et al., 2024, Nat. Geosci.",peakList_figaero_check_particle_winter_summer_v7.db
C6H8IO7,-,318.93202,organic,I-,particle,FIGAERO-LTOF-CIMS,Chao Yan,Beijing urban (BUCT),atmosphere,urban,BUCT long-term,"Daellenbach et al., 2024, Nat. Geosci.",peakList_figaero_check_particle_winter_summer_v7.db
C10H8IO4,-,318.94728,organic,I-,particle,FIGAERO-LTOF-CIMS,Chao Yan,Beijing urban (BUCT),atmosphere,urban,BUCT long-term,"Daellenbach et al., 2024, Nat. Geosci.",peakList_figaero_check_particle_winter_summer_v7.db
C7H12IO6,-,318.96841,organic,I-,particle,FIGAERO-LTOF-CIMS,Chao Yan,Beijing urban (BUCT),atmosphere,urban,BUCT long-term,"Daellenbach et al., 2024, Nat. Geosci.",peakList_figaero_check_particle_winter_summer_v7.db
C11H12IO3,-,318.98367,organic,I-,particle,FIGAERO-LTOF-CIMS,Chao Yan,Beijing urban (BUCT),atmosphere,urban,BUCT long-term,"Daellenbach et al., 2024, Nat. Geosci.",peakList_figaero_check_particle_winter_summer_v7.db
C8H16IO5,-,319.00480,organic,I-,particle,FIGAERO-LTOF-CIMS,Chao Yan,Beijing urban (BUCT),atmosphere,urban,BUCT long-term,"Daellenbach et al., 2024, Nat. Geosci.",peakList_figaero_check_particle_winter_summer_v7.db
C12H16IO2,-,319.02005,organic,I-,particle,FIGAERO-LTOF-CIMS,Chao Yan,Beijing urban (BUCT),atmosphere,urban,BUCT long-term,"Daellenbach et al., 2024, Nat. Geosci.",peakList_figaero_check_particle_winter_summer_v7.db
C13H20IO,-,319.05644,organic,I-,particle,FIGAERO-LTOF-CIMS,Chao Yan,Beijing urban (BUCT),atmosphere,urban,BUCT long-term,"Daellenbach et al., 2024, Nat. Geosci.",peakList_figaero_check_particle_winter_summer_v7.db
,,319.23800,unassigned,I-,particle,FIGAERO-LTOF-CIMS,Chao Yan,Beijing urban (BUCT),atmosphere,urban,BUCT long-term,"Daellenbach et al., 2024, Nat. Geosci.",peakList_figaero_check_particle_winter_summer_v7.db
C5H7INO7,-,319.92727,organic,I-,particle,FIGAERO-LTOF-CIMS,Chao Yan,Beijing urban (BUCT),atmosphere,urban,BUCT long-term,"Daellenbach et al., 2024, Nat. Geosci.",peakList_figaero_check_particle_winter_summer_v7.db
C6H11INO6,-,319.96366,organic,I-,particle,FIGAERO-LTOF-CIMS,Chao Yan,Beijing urban (BUCT),atmosphere,urban,BUCT long-term,"Daellenbach et al., 2024, Nat. Geosci.",peakList_figaero_check_particle_winter_summer_v7.db
C7H15INO5,-,320.00004,organic,I-,particle,FIGAERO-LTOF-CIMS,Chao Yan,Beijing urban (BUCT),atmosphere,urban,BUCT long-term,"Daellenbach et al., 2024, Nat. Geosci.",peakList_figaero_check_particle_winter_summer_v7.db
C7H12O14,-,320.02325,organic,I-,particle,FIGAERO-LTOF-CIMS,Chao Yan,Beijing urban (BUCT),atmosphere,urban,BUCT long-term,"Daellenbach et al., 2024, Nat. Geosci.",peakList_figaero_check_particle_winter_summer_v7.db
C12H18NO9,-,320.09870,organic,I-,particle,FIGAERO-LTOF-CIMS,Chao Yan,Beijing urban (BUCT),atmosphere,urban,BUCT long-term,"Daellenbach et al., 2024, Nat. Geosci.",peakList_figaero_check_particle_winter_summer_v7.db
C5H6IO6S,-,320.89353,organic,I-,particle,FIGAERO-LTOF-CIMS,Chao Yan,Beijing urban (BUCT),atmosphere,urban,BUCT long-term,"Daellenbach et al., 2024, Nat. Geosci.",peakList_figaero_check_particle_winter_summer_v7.db
C5H6IO8,-,320.91129,organic,I-,particle,FIGAERO-LTOF-CIMS,Chao Yan,Beijing urban (BUCT),atmosphere,urban,BUCT long-term,"Daellenbach et al., 2024, Nat. Geosci.",peakList_figaero_check_particle_winter_summer_v7.db
C9H6IO5,-,320.92654,organic,I-,particle,FIGAERO-LTOF-CIMS,Chao Yan,Beijing urban (BUCT),atmosphere,urban,BUCT long-term,"Daellenbach et al., 2024, Nat. Geosci.",peakList_figaero_check_particle_winter_summer_v7.db
C6H10IO7,-,320.94767,organic,I-,particle,FIGAERO-LTOF-CIMS,Chao Yan,Beijing urban (BUCT),atmosphere,urban,BUCT long-term,"Daellenbach et al., 2024, Nat. Geosci.",peakList_figaero_check_particle_winter_summer_v7.db
C10H10IO4,-,320.96293,organic,I-,particle,FIGAERO-LTOF-CIMS,Chao Yan,Beijing urban (BUCT),atmosphere,urban,BUCT long-term,"Daellenbach et al., 2024, Nat. Geosci.",peakList_figaero_check_particle_winter_summer_v7.db
C7H14IO6,-,320.98406,organic,I-,particle,FIGAERO-LTOF-CIMS,Chao Yan,Beijing urban (BUCT),atmosphere,urban,BUCT long-term,"Daellenbach et al., 2024, Nat. Geosci.",peakList_figaero_check_particle_winter_summer_v7.db
C9H9N2O11,-,321.02118,organic,I-,particle,FIGAERO-LTOF-CIMS,Chao Yan,Beijing urban (BUCT),atmosphere,urban,BUCT long-term,"Daellenbach et al., 2024, Nat. Geosci.",peakList_figaero_check_particle_winter_summer_v7.db
C4H5INO8,-,321.90654,organic,I-,particle,FIGAERO-LTOF-CIMS,Chao Yan,Beijing urban (BUCT),atmosphere,urban,BUCT long-term,"Daellenbach et al., 2024, Nat. Geosci.",peakList_figaero_check_particle_winter_summer_v7.db
C4H7IN2O7,-,321.93035,organic,I-,particle,FIGAERO-LTOF-CIMS,Chao Yan,Beijing urban (BUCT),atmosphere,urban,BUCT long-term,"Daellenbach et al., 2024, Nat. Geosci.",peakList_figaero_check_particle_winter_summer_v7.db
C9H9INO4,-,321.95818,organic,I-,particle,FIGAERO-LTOF-CIMS,Chao Yan,Beijing urban (BUCT),atmosphere,urban,BUCT long-term,"Daellenbach et al., 2024, Nat. Geosci.",peakList_figaero_check_particle_winter_summer_v7.db
C9H6O11S,-,321.96363,organic,I-,particle,FIGAERO-LTOF-CIMS,Chao Yan,Beijing urban (BUCT),atmosphere,urban,BUCT long-term,"Daellenbach et al., 2024, Nat. Geosci.",peakList_figaero_check_particle_winter_summer_v7.db
C10H13INO3,-,321.99456,organic,I-,particle,FIGAERO-LTOF-CIMS,Chao Yan,Beijing urban (BUCT),atmosphere,urban,BUCT long-term,"Daellenbach et al., 2024, Nat. Geosci.",peakList_figaero_check_particle_winter_summer_v7.db
C10H12NO11,-,322.04158,organic,I-,particle,FIGAERO-LTOF-CIMS,Chao Yan,Beijing urban (BUCT),atmosphere,urban,BUCT long-term,"Daellenbach et al., 2024, Nat. Geosci.",peakList_figaero_check_particle_winter_summer_v7.db
C3H4IN2O8,-,322.90179,organic,I-,particle,FIGAERO-LTOF-CIMS,Chao Yan,Beijing urban (BUCT),atmosphere,urban,BUCT long-term,"Daellenbach et al., 2024, Nat. Geosci.",peakList_figaero_check_particle_winter_summer_v7.db
C5H8IO6S,-,322.90918,organic,I-,particle,FIGAERO-LTOF-CIMS,Chao Yan,Beijing urban (BUCT),atmosphere,urban,BUCT long-term,"Daellenbach et al., 2024, Nat. Geosci.",peakList_figaero_check_particle_winter_summer_v7.db
C5H8IO8,-,322.92694,organic,I-,particle,FIGAERO-LTOF-CIMS,Chao Yan,Beijing urban (BUCT),atmosphere,urban,BUCT long-term,"Daellenbach et al., 2024, Nat. Geosci.",peakList_figaero_check_particle_winter_summer_v7.db
C10H12IO4,-,322.97858,organic,I-,particle,FIGAERO-LTOF-CIMS,Chao Yan,Beijing urban (BUCT),atmosphere,urban,BUCT long-term,"Daellenbach et al., 2024, Nat. Geosci.",peakList_figaero_check_particle_winter_summer_v7.db
C11H16IO3,-,323.01497,organic,I-,particle,FIGAERO-LTOF-CIMS,Chao Yan,Beijing urban (BUCT),atmosphere,urban,BUCT long-term,"Daellenbach et al., 2024, Nat. Geosci.",peakList_figaero_check_particle_winter_summer_v7.db
C12H20IO2,-,323.05135,organic,I-,particle,FIGAERO-LTOF-CIMS,Chao Yan,Beijing urban (BUCT),atmosphere,urban,BUCT long-term,"Daellenbach et al., 2024, Nat. Geosci.",peakList_figaero_check_particle_winter_summer_v7.db
C8H7INO5,-,323.93744,organic,I-,particle,FIGAERO-LTOF-CIMS,Chao Yan,Beijing urban (BUCT),atmosphere,urban,BUCT long-term,"Daellenbach et al., 2024, Nat. Geosci.",peakList_figaero_check_particle_winter_summer_v7.db
C9H11INO4,-,323.97383,organic,I-,particle,FIGAERO-LTOF-CIMS,Chao Yan,Beijing urban (BUCT),atmosphere,urban,BUCT long-term,"Daellenbach et al., 2024, Nat. Geosci.",peakList_figaero_check_particle_winter_summer_v7.db
C10H15INO3,-,324.01021,organic,I-,particle,FIGAERO-LTOF-CIMS,Chao Yan,Beijing urban (BUCT),atmosphere,urban,BUCT long-term,"Daellenbach et al., 2024, Nat. Geosci.",peakList_figaero_check_particle_winter_summer_v7.db
C13H10NO9,-,324.03610,organic,I-,particle,FIGAERO-LTOF-CIMS,Chao Yan,Beijing urban (BUCT),atmosphere,urban,BUCT long-term,"Daellenbach et al., 2024, Nat. Geosci.",peakList_figaero_check_particle_winter_summer_v7.db
C14H14NO8,-,324.07249,organic,I-,particle,FIGAERO-LTOF-CIMS,Chao Yan,Beijing urban (BUCT),atmosphere,urban,BUCT long-term,"Daellenbach et al., 2024, Nat. Geosci.",peakList_figaero_check_particle_winter_summer_v7.db
C11H18NO10,-,324.09362,organic,I-,particle,FIGAERO-LTOF-CIMS,Chao Yan,Beijing urban (BUCT),atmosphere,urban,BUCT long-term,"Daellenbach et al., 2024, Nat. Geosci.",peakList_figaero_check_particle_winter_summer_v7.db
C20H20O4,-,324.13671,organic,I-,particle,FIGAERO-LTOF-CIMS,Chao Yan,Beijing urban (BUCT),atmosphere,urban,BUCT long-term,"Daellenbach et al., 2024, Nat. Geosci.",peakList_figaero_check_particle_winter_summer_v7.db
C16H22NO6,-,324.14526,organic,I-,particle,FIGAERO-LTOF-CIMS,Chao Yan,Beijing urban (BUCT),atmosphere,urban,BUCT long-term,"Daellenbach et al., 2024, Nat. Geosci.",peakList_figaero_check_particle_winter_summer_v7.db
C17H26NO5,-,324.18165,organic,I-,particle,FIGAERO-LTOF-CIMS,Chao Yan,Beijing urban (BUCT),atmosphere,urban,BUCT long-term,"Daellenbach et al., 2024, Nat. Geosci.",peakList_figaero_check_particle_winter_summer_v7.db
C18H30NO4,-,324.21803,organic,I-,particle,FIGAERO-LTOF-CIMS,Chao Yan,Beijing urban (BUCT),atmosphere,urban,BUCT long-term,"Daellenbach et al., 2024, Nat. Geosci.",peakList_figaero_check_particle_winter_summer_v7.db
C4H6IO7S,-,324.88845,organic,I-,particle,FIGAERO-LTOF-CIMS,Chao Yan,Beijing urban (BUCT),atmosphere,urban,BUCT long-term,"Daellenbach et al., 2024, Nat. Geosci.",peakList_figaero_check_particle_winter_summer_v7.db
C4H6IO9,-,324.90620,organic,I-,particle,FIGAERO-LTOF-CIMS,Chao Yan,Beijing urban (BUCT),atmosphere,urban,BUCT long-term,"Daellenbach et al., 2024, Nat. Geosci.",peakList_figaero_check_particle_winter_summer_v7.db
C7H6IN2O5,-,324.93269,organic,I-,particle,FIGAERO-LTOF-CIMS,Chao Yan,Beijing urban (BUCT),atmosphere,urban,BUCT long-term,"Daellenbach et al., 2024, Nat. Geosci.",peakList_figaero_check_particle_winter_summer_v7.db
C8H10IN2O4,-,324.96908,organic,I-,particle,FIGAERO-LTOF-CIMS,Chao Yan,Beijing urban (BUCT),atmosphere,urban,BUCT long-term,"Daellenbach et al., 2024, Nat. Geosci.",peakList_figaero_check_particle_winter_summer_v7.db
C10H14IO4,-,324.99423,organic,I-,particle,FIGAERO-LTOF-CIMS,Chao Yan,Beijing urban (BUCT),atmosphere,urban,BUCT long-term,"Daellenbach et al., 2024, Nat. Geosci.",peakList_figaero_check_particle_winter_summer_v7.db
C11H18IO3,-,325.03062,organic,I-,particle,FIGAERO-LTOF-CIMS,Chao Yan,Beijing urban (BUCT),atmosphere,urban,BUCT long-term,"Daellenbach et al., 2024, Nat. Geosci.",peakList_figaero_check_particle_winter_summer_v7.db
C11H17O9S,-,325.05988,organic,I-,particle,FIGAERO-LTOF-CIMS,Chao Yan,Beijing urban (BUCT),atmosphere,urban,BUCT long-term,"Daellenbach et al., 2024, Nat. Geosci.",peakList_figaero_check_particle_winter_summer_v7.db
C12H22IO2,-,325.06700,organic,I-,particle,FIGAERO-LTOF-CIMS,Chao Yan,Beijing urban (BUCT),atmosphere,urban,BUCT long-term,"Daellenbach et al., 2024, Nat. Geosci.",peakList_figaero_check_particle_winter_summer_v7.db
C11H17O11,-,325.07763,organic,I-,particle,FIGAERO-LTOF-CIMS,Chao Yan,Beijing urban (BUCT),atmosphere,urban,BUCT long-term,"Daellenbach et al., 2024, Nat. Geosci.",peakList_figaero_check_particle_winter_summer_v7.db
C3H5INO9,-,325.90145,organic,I-,particle,FIGAERO-LTOF-CIMS,Chao Yan,Beijing urban (BUCT),atmosphere,urban,BUCT long-term,"Daellenbach et al., 2024, Nat. Geosci.",peakList_figaero_check_particle_winter_summer_v7.db
C8H9INO5,-,325.95309,organic,I-,particle,FIGAERO-LTOF-CIMS,Chao Yan,Beijing urban (BUCT),atmosphere,urban,BUCT long-term,"Daellenbach et al., 2024, Nat. Geosci.",peakList_figaero_check_particle_winter_summer_v7.db
C5H13INO7,-,325.97422,organic,I-,particle,FIGAERO-LTOF-CIMS,Chao Yan,Beijing urban (BUCT),atmosphere,urban,BUCT long-term,"Daellenbach et al., 2024, Nat. Geosci.",peakList_figaero_check_particle_winter_summer_v7.db
C9H13INO4,-,325.98948,organic,I-,particle,FIGAERO-LTOF-CIMS,Chao Yan,Beijing urban (BUCT),atmosphere,urban,BUCT long-term,"Daellenbach et al., 2024, Nat. Geosci.",peakList_figaero_check_particle_winter_summer_v7.db
C10H17INO3,-,326.02586,organic,I-,particle,FIGAERO-LTOF-CIMS,Chao Yan,Beijing urban (BUCT),atmosphere,urban,BUCT long-term,"Daellenbach et al., 2024, Nat. Geosci.",peakList_figaero_check_particle_winter_summer_v7.db
C10H16NO11,-,326.07288,organic,I-,particle,FIGAERO-LTOF-CIMS,Chao Yan,Beijing urban (BUCT),atmosphere,urban,BUCT long-term,"Daellenbach et al., 2024, Nat. Geosci.",peakList_figaero_check_particle_winter_summer_v7.db
C11H20NO10,-,326.10927,organic,I-,particle,FIGAERO-LTOF-CIMS,Chao Yan,Beijing urban (BUCT),atmosphere,urban,BUCT long-term,"Daellenbach et al., 2024, Nat. Geosci.",peakList_figaero_check_particle_winter_summer_v7.db
C16H26N2O5,-,326.18472,organic,I-,particle,FIGAERO-LTOF-CIMS,Chao Yan,Beijing urban (BUCT),atmosphere,urban,BUCT long-term,"Daellenbach et al., 2024, Nat. Geosci.",peakList_figaero_check_particle_winter_summer_v7.db
C3H4IO10,-,326.88547,organic,I-,particle,FIGAERO-LTOF-CIMS,Chao Yan,Beijing urban (BUCT),atmosphere,urban,BUCT long-term,"Daellenbach et al., 2024, Nat. Geosci.",peakList_figaero_check_particle_winter_summer_v7.db
C6H4IN2O6,-,326.91196,organic,I-,particle,FIGAERO-LTOF-CIMS,Chao Yan,Beijing urban (BUCT),atmosphere,urban,BUCT long-term,"Daellenbach et al., 2024, Nat. Geosci.",peakList_figaero_check_particle_winter_summer_v7.db
C8H8IO6,-,326.93711,organic,I-,particle,FIGAERO-LTOF-CIMS,Chao Yan,Beijing urban (BUCT),atmosphere,urban,BUCT long-term,"Daellenbach et al., 2024, Nat. Geosci.",peakList_figaero_check_particle_winter_summer_v7.db
C9H12IO5,-,326.97350,organic,I-,particle,FIGAERO-LTOF-CIMS,Chao Yan,Beijing urban (BUCT),atmosphere,urban,BUCT long-term,"Daellenbach et al., 2024, Nat. Geosci.",peakList_figaero_check_particle_winter_summer_v7.db
C10H16IO4,-,327.00988,organic,I-,particle,FIGAERO-LTOF-CIMS,Chao Yan,Beijing urban (BUCT),atmosphere,urban,BUCT long-term,"Daellenbach et al., 2024, Nat. Geosci.",peakList_figaero_check_particle_winter_summer_v7.db
C11H20IO3,-,327.04627,organic,I-,particle,FIGAERO-LTOF-CIMS,Chao Yan,Beijing urban (BUCT),atmosphere,urban,BUCT long-term,"Daellenbach et al., 2024, Nat. Geosci.",peakList_figaero_check_particle_winter_summer_v7.db
C12H24IO2,-,327.08265,organic,I-,particle,FIGAERO-LTOF-CIMS,Chao Yan,Beijing urban (BUCT),atmosphere,urban,BUCT long-term,"Daellenbach et al., 2024, Nat. Geosci.",peakList_figaero_check_particle_winter_summer_v7.db
C3H7INO9,-,327.91710,organic,I-,particle,FIGAERO-LTOF-CIMS,Chao Yan,Beijing urban (BUCT),atmosphere,urban,BUCT long-term,"Daellenbach et al., 2024, Nat. Geosci.",peakList_figaero_check_particle_winter_summer_v7.db
C7H7INO6,-,327.93236,organic,I-,particle,FIGAERO-LTOF-CIMS,Chao Yan,Beijing urban (BUCT),atmosphere,urban,BUCT long-term,"Daellenbach et al., 2024, Nat. Geosci.",peakList_figaero_check_particle_winter_summer_v7.db
C8H11INO5,-,327.96874,organic,I-,particle,FIGAERO-LTOF-CIMS,Chao Yan,Beijing urban (BUCT),atmosphere,urban,BUCT long-term,"Daellenbach et al., 2024, Nat. Geosci.",peakList_figaero_check_particle_winter_summer_v7.db
C7H8N2O11S,-,327.98543,organic,I-,particle,FIGAERO-LTOF-CIMS,Chao Yan,Beijing urban (BUCT),atmosphere,urban,BUCT long-term,"Daellenbach et al., 2024, Nat. Geosci.",peakList_figaero_check_particle_winter_summer_v7.db
C9H15INO4,-,328.00513,organic,I-,particle,FIGAERO-LTOF-CIMS,Chao Yan,Beijing urban (BUCT),atmosphere,urban,BUCT long-term,"Daellenbach et al., 2024, Nat. Geosci.",peakList_figaero_check_particle_winter_summer_v7.db
C10H19INO3,-,328.04152,organic,I-,particle,FIGAERO-LTOF-CIMS,Chao Yan,Beijing urban (BUCT),atmosphere,urban,BUCT long-term,"Daellenbach et al., 2024, Nat. Geosci.",peakList_figaero_check_particle_winter_summer_v7.db
C11H23INO2,-,328.07790,organic,I-,particle,FIGAERO-LTOF-CIMS,Chao Yan,Beijing urban (BUCT),atmosphere,urban,BUCT long-term,"Daellenbach et al., 2024, Nat. Geosci.",peakList_figaero_check_particle_winter_summer_v7.db
C3H8INO7S,-,328.90717,organic,I-,particle,FIGAERO-LTOF-CIMS,Chao Yan,Beijing urban (BUCT),atmosphere,urban,BUCT long-term,"Daellenbach et al., 2024, Nat. Geosci.",peakList_figaero_check_particle_winter_summer_v7.db
C4H10IO7S,-,328.91975,organic,I-,particle,FIGAERO-LTOF-CIMS,Chao Yan,Beijing urban (BUCT),atmosphere,urban,BUCT long-term,"Daellenbach et al., 2024, Nat. Geosci.",peakList_figaero_check_particle_winter_summer_v7.db
C8H10IO6,-,328.95276,organic,I-,particle,FIGAERO-LTOF-CIMS,Chao Yan,Beijing urban (BUCT),atmosphere,urban,BUCT long-term,"Daellenbach et al., 2024, Nat. Geosci.",peakList_figaero_check_particle_winter_summer_v7.db
C9H14IO5,-,328.98915,organic,I-,particle,FIGAERO-LTOF-CIMS,Chao Yan,Beijing urban (BUCT),atmosphere,urban,BUCT long-term,"Daellenbach et al., 2024, Nat. Geosci.",peakList_figaero_check_particle_winter_summer_v7.db
C9H13O11S,-,329.01841,organic,I-,particle,FIGAERO-LTOF-CIMS,Chao Yan,Beijing urban (BUCT),atmosphere,urban,BUCT long-term,"Daellenbach et al., 2024, Nat. Geosci.",peakList_figaero_check_particle_winter_summer_v7.db
C10H18IO4,-,329.02553,organic,I-,particle,FIGAERO-LTOF-CIMS,Chao Yan,Beijing urban (BUCT),atmosphere,urban,BUCT long-term,"Daellenbach et al., 2024, Nat. Geosci.",peakList_figaero_check_particle_winter_summer_v7.db
C11H22IO3,-,329.06192,organic,I-,particle,FIGAERO-LTOF-CIMS,Chao Yan,Beijing urban (BUCT),atmosphere,urban,BUCT long-term,"Daellenbach et al., 2024, Nat. Geosci.",peakList_figaero_check_particle_winter_summer_v7.db
C17H31NO5,-,329.22077,organic,I-,particle,FIGAERO-LTOF-CIMS,Chao Yan,Beijing urban (BUCT),atmosphere,urban,BUCT long-term,"Daellenbach et al., 2024, Nat. Geosci.",peakList_figaero_check_particle_winter_summer_v7.db
C19H37O4,-,329.26973,organic,I-,particle,FIGAERO-LTOF-CIMS,Chao Yan,Beijing urban (BUCT),atmosphere,urban,BUCT long-term,"Daellenbach et al., 2024, Nat. Geosci.",peakList_figaero_check_particle_winter_summer_v7.db
C2H5INO8S,-,329.87861,organic,I-,particle,FIGAERO-LTOF-CIMS,Chao Yan,Beijing urban (BUCT),atmosphere,urban,BUCT long-term,"Daellenbach et al., 2024, Nat. Geosci.",peakList_figaero_check_particle_winter_summer_v7.db
C6H5INO7,-,329.91162,organic,I-,particle,FIGAERO-LTOF-CIMS,Chao Yan,Beijing urban (BUCT),atmosphere,urban,BUCT long-term,"Daellenbach et al., 2024, Nat. Geosci.",peakList_figaero_check_particle_winter_summer_v7.db
C7H9INO6,-,329.94801,organic,I-,particle,FIGAERO-LTOF-CIMS,Chao Yan,Beijing urban (BUCT),atmosphere,urban,BUCT long-term,"Daellenbach et al., 2024, Nat. Geosci.",peakList_figaero_check_particle_winter_summer_v7.db
C8H13INO5,-,329.98439,organic,I-,particle,FIGAERO-LTOF-CIMS,Chao Yan,Beijing urban (BUCT),atmosphere,urban,BUCT long-term,"Daellenbach et al., 2024, Nat. Geosci.",peakList_figaero_check_particle_winter_summer_v7.db
C9H17INO4,-,330.02078,organic,I-,particle,FIGAERO-LTOF-CIMS,Chao Yan,Beijing urban (BUCT),atmosphere,urban,BUCT long-term,"Daellenbach et al., 2024, Nat. Geosci.",peakList_figaero_check_particle_winter_summer_v7.db
C10H21INO3,-,330.05717,organic,I-,particle,FIGAERO-LTOF-CIMS,Chao Yan,Beijing urban (BUCT),atmosphere,urban,BUCT long-term,"Daellenbach et al., 2024, Nat. Geosci.",peakList_figaero_check_particle_winter_summer_v7.db
C18H36NO4,-,330.26498,organic,I-,particle,FIGAERO-LTOF-CIMS,Chao Yan,Beijing urban (BUCT),atmosphere,urban,BUCT long-term,"Daellenbach et al., 2024, Nat. Geosci.",peakList_figaero_check_particle_winter_summer_v7.db
C6H4IO8,-,330.89564,organic,I-,particle,FIGAERO-LTOF-CIMS,Chao Yan,Beijing urban (BUCT),atmosphere,urban,BUCT long-term,"Daellenbach et al., 2024, Nat. Geosci.",peakList_figaero_check_particle_winter_summer_v7.db
C3H8IO8S,-,330.89901,organic,I-,particle,FIGAERO-LTOF-CIMS,Chao Yan,Beijing urban (BUCT),atmosphere,urban,BUCT long-term,"Daellenbach et al., 2024, Nat. Geosci.",peakList_figaero_check_particle_winter_summer_v7.db
C7H8IO5S,-,330.91427,organic,I-,particle,FIGAERO-LTOF-CIMS,Chao Yan,Beijing urban (BUCT),atmosphere,urban,BUCT long-term,"Daellenbach et al., 2024, Nat. Geosci.",peakList_figaero_check_particle_winter_summer_v7.db
C7H8IO7,-,330.93202,organic,I-,particle,FIGAERO-LTOF-CIMS,Chao Yan,Beijing urban (BUCT),atmosphere,urban,BUCT long-term,"Daellenbach et al., 2024, Nat. Geosci.",peakList_figaero_check_particle_winter_summer_v7.db
C8H12IO6,-,330.96841,organic,I-,particle,FIGAERO-LTOF-CIMS,Chao Yan,Beijing urban (BUCT),atmosphere,urban,BUCT long-term,"Daellenbach et al., 2024, Nat. Geosci.",peakList_figaero_check_particle_winter_summer_v7.db
C9H16IO5,-,331.00480,organic,I-,particle,FIGAERO-LTOF-CIMS,Chao Yan,Beijing urban (BUCT),atmosphere,urban,BUCT long-term,"Daellenbach et al., 2024, Nat. Geosci.",peakList_figaero_check_particle_winter_summer_v7.db
C10H20IO4,-,331.04118,organic,I-,particle,FIGAERO-LTOF-CIMS,Chao Yan,Beijing urban (BUCT),atmosphere,urban,BUCT long-term,"Daellenbach et al., 2024, Nat. Geosci.",peakList_figaero_check_particle_winter_summer_v7.db
C6H7INO7,-,331.92727,organic,I-,particle,FIGAERO-LTOF-CIMS,Chao Yan,Beijing urban (BUCT),atmosphere,urban,BUCT long-term,"Daellenbach et al., 2024, Nat. Geosci.",peakList_figaero_check_particle_winter_summer_v7.db
C10H7INO4,-,331.94253,organic,I-,particle,FIGAERO-LTOF-CIMS,Chao Yan,Beijing urban (BUCT),atmosphere,urban,BUCT long-term,"Daellenbach et al., 2024, Nat. Geosci.",peakList_figaero_check_particle_winter_summer_v7.db
C7H11INO6,-,331.96366,organic,I-,particle,FIGAERO-LTOF-CIMS,Chao Yan,Beijing urban (BUCT),atmosphere,urban,BUCT long-term,"Daellenbach et al., 2024, Nat. Geosci.",peakList_figaero_check_particle_winter_summer_v7.db
C8H15INO5,-,332.00004,organic,I-,particle,FIGAERO-LTOF-CIMS,Chao Yan,Beijing urban (BUCT),atmosphere,urban,BUCT long-term,"Daellenbach et al., 2024, Nat. Geosci.",peakList_figaero_check_particle_winter_summer_v7.db
C9H19INO4,-,332.03643,organic,I-,particle,FIGAERO-LTOF-CIMS,Chao Yan,Beijing urban (BUCT),atmosphere,urban,BUCT long-term,"Daellenbach et al., 2024, Nat. Geosci.",peakList_figaero_check_particle_winter_summer_v7.db
C5H6IN2O7,-,332.92252,organic,I-,particle,FIGAERO-LTOF-CIMS,Chao Yan,Beijing urban (BUCT),atmosphere,urban,BUCT long-term,"Daellenbach et al., 2024, Nat. Geosci.",peakList_figaero_check_particle_winter_summer_v7.db
C7H10IO7,-,332.94767,organic,I-,particle,FIGAERO-LTOF-CIMS,Chao Yan,Beijing urban (BUCT),atmosphere,urban,BUCT long-term,"Daellenbach et al., 2024, Nat. Geosci.",peakList_figaero_check_particle_winter_summer_v7.db
C6H10IN2O6,-,332.95891,organic,I-,particle,FIGAERO-LTOF-CIMS,Chao Yan,Beijing urban (BUCT),atmosphere,urban,BUCT long-term,"Daellenbach et al., 2024, Nat. Geosci.",peakList_figaero_check_particle_winter_summer_v7.db
C8H14IO6,-,332.98406,organic,I-,particle,FIGAERO-LTOF-CIMS,Chao Yan,Beijing urban (BUCT),atmosphere,urban,BUCT long-term,"Daellenbach et al., 2024, Nat. Geosci.",peakList_figaero_check_particle_winter_summer_v7.db
C7H14IN2O5,-,332.99529,organic,I-,particle,FIGAERO-LTOF-CIMS,Chao Yan,Beijing urban (BUCT),atmosphere,urban,BUCT long-term,"Daellenbach et al., 2024, Nat. Geosci.",peakList_figaero_check_particle_winter_summer_v7.db
C9H18IO5,-,333.02045,organic,I-,particle,FIGAERO-LTOF-CIMS,Chao Yan,Beijing urban (BUCT),atmosphere,urban,BUCT long-term,"Daellenbach et al., 2024, Nat. Geosci.",peakList_figaero_check_particle_winter_summer_v7.db
C13H18IO2,-,333.03570,organic,I-,particle,FIGAERO-LTOF-CIMS,Chao Yan,Beijing urban (BUCT),atmosphere,urban,BUCT long-term,"Daellenbach et al., 2024, Nat. Geosci.",peakList_figaero_check_particle_winter_summer_v7.db
C14H22IO,-,333.07209,organic,I-,particle,FIGAERO-LTOF-CIMS,Chao Yan,Beijing urban (BUCT),atmosphere,urban,BUCT long-term,"Daellenbach et al., 2024, Nat. Geosci.",peakList_figaero_check_particle_winter_summer_v7.db
C5H5INO8,-,333.90654,organic,I-,particle,FIGAERO-LTOF-CIMS,Chao Yan,Beijing urban (BUCT),atmosphere,urban,BUCT long-term,"Daellenbach et al., 2024, Nat. Geosci.",peakList_figaero_check_particle_winter_summer_v7.db
C6H9INO7,-,333.94292,organic,I-,particle,FIGAERO-LTOF-CIMS,Chao Yan,Beijing urban (BUCT),atmosphere,urban,BUCT long-term,"Daellenbach et al., 2024, Nat. Geosci.",peakList_figaero_check_particle_winter_summer_v7.db
C7H13INO6,-,333.97931,organic,I-,particle,FIGAERO-LTOF-CIMS,Chao Yan,Beijing urban (BUCT),atmosphere,urban,BUCT long-term,"Daellenbach et al., 2024, Nat. Geosci.",peakList_figaero_check_particle_winter_summer_v7.db
C8H17INO5,-,334.01569,organic,I-,particle,FIGAERO-LTOF-CIMS,Chao Yan,Beijing urban (BUCT),atmosphere,urban,BUCT long-term,"Daellenbach et al., 2024, Nat. Geosci.",peakList_figaero_check_particle_winter_summer_v7.db
C9H21INO4,-,334.05208,organic,I-,particle,FIGAERO-LTOF-CIMS,Chao Yan,Beijing urban (BUCT),atmosphere,urban,BUCT long-term,"Daellenbach et al., 2024, Nat. Geosci.",peakList_figaero_check_particle_winter_summer_v7.db
C10H22O12,-,334.11167,organic,I-,particle,FIGAERO-LTOF-CIMS,Chao Yan,Beijing urban (BUCT),atmosphere,urban,BUCT long-term,"Daellenbach et al., 2024, Nat. Geosci.",peakList_figaero_check_particle_winter_summer_v7.db
C20H32NO3,-,334.23877,organic,I-,particle,FIGAERO-LTOF-CIMS,Chao Yan,Beijing urban (BUCT),atmosphere,urban,BUCT long-term,"Daellenbach et al., 2024, Nat. Geosci.",peakList_figaero_check_particle_winter_summer_v7.db
C17H36NO5,-,334.25990,organic,I-,particle,FIGAERO-LTOF-CIMS,Chao Yan,Beijing urban (BUCT),atmosphere,urban,BUCT long-term,"Daellenbach et al., 2024, Nat. Geosci.",peakList_figaero_check_particle_winter_summer_v7.db
C5H4IO7S,-,334.87280,organic,I-,particle,FIGAERO-LTOF-CIMS,Chao Yan,Beijing urban (BUCT),atmosphere,urban,BUCT long-term,"Daellenbach et al., 2024, Nat. Geosci.",peakList_figaero_check_particle_winter_summer_v7.db
C9H4IO6,-,334.90581,organic,I-,particle,FIGAERO-LTOF-CIMS,Chao Yan,Beijing urban (BUCT),atmosphere,urban,BUCT long-term,"Daellenbach et al., 2024, Nat. Geosci.",peakList_figaero_check_particle_winter_summer_v7.db
C6H8IO8,-,334.92694,organic,I-,particle,FIGAERO-LTOF-CIMS,Chao Yan,Beijing urban (BUCT),atmosphere,urban,BUCT long-term,"Daellenbach et al., 2024, Nat. Geosci.",peakList_figaero_check_particle_winter_summer_v7.db
C10H8IO5,-,334.94219,organic,I-,particle,FIGAERO-LTOF-CIMS,Chao Yan,Beijing urban (BUCT),atmosphere,urban,BUCT long-term,"Daellenbach et al., 2024, Nat. Geosci.",peakList_figaero_check_particle_winter_summer_v7.db
C7H12IO7,-,334.96332,organic,I-,particle,FIGAERO-LTOF-CIMS,Chao Yan,Beijing urban (BUCT),atmosphere,urban,BUCT long-term,"Daellenbach et al., 2024, Nat. Geosci.",peakList_figaero_check_particle_winter_summer_v7.db
C11H12IO4,-,334.97858,organic,I-,particle,FIGAERO-LTOF-CIMS,Chao Yan,Beijing urban (BUCT),atmosphere,urban,BUCT long-term,"Daellenbach et al., 2024, Nat. Geosci.",peakList_figaero_check_particle_winter_summer_v7.db
C12H16IO3,-,335.01497,organic,I-,particle,FIGAERO-LTOF-CIMS,Chao Yan,Beijing urban (BUCT),atmosphere,urban,BUCT long-term,"Daellenbach et al., 2024, Nat. Geosci.",peakList_figaero_check_particle_winter_summer_v7.db
C13H20IO2,-,335.05135,organic,I-,particle,FIGAERO-LTOF-CIMS,Chao Yan,Beijing urban (BUCT),atmosphere,urban,BUCT long-term,"Daellenbach et al., 2024, Nat. Geosci.",peakList_figaero_check_particle_winter_summer_v7.db
C4H3INO9,-,335.88580,organic,I-,particle,FIGAERO-LTOF-CIMS,Chao Yan,Beijing urban (BUCT),atmosphere,urban,BUCT long-term,"Daellenbach et al., 2024, Nat. Geosci.",peakList_figaero_check_particle_winter_summer_v7.db
C5H7INO8,-,335.92219,organic,I-,particle,FIGAERO-LTOF-CIMS,Chao Yan,Beijing urban (BUCT),atmosphere,urban,BUCT long-term,"Daellenbach et al., 2024, Nat. Geosci.",peakList_figaero_check_particle_winter_summer_v7.db
C9H7INO5,-,335.93744,organic,I-,particle,FIGAERO-LTOF-CIMS,Chao Yan,Beijing urban (BUCT),atmosphere,urban,BUCT long-term,"Daellenbach et al., 2024, Nat. Geosci.",peakList_figaero_check_particle_winter_summer_v7.db
C6H11INO7,-,335.95857,organic,I-,particle,FIGAERO-LTOF-CIMS,Chao Yan,Beijing urban (BUCT),atmosphere,urban,BUCT long-term,"Daellenbach et al., 2024, Nat. Geosci.",peakList_figaero_check_particle_winter_summer_v7.db
C10H11INO4,-,335.97383,organic,I-,particle,FIGAERO-LTOF-CIMS,Chao Yan,Beijing urban (BUCT),atmosphere,urban,BUCT long-term,"Daellenbach et al., 2024, Nat. Geosci.",peakList_figaero_check_particle_winter_summer_v7.db
C7H15INO6,-,335.99496,organic,I-,particle,FIGAERO-LTOF-CIMS,Chao Yan,Beijing urban (BUCT),atmosphere,urban,BUCT long-term,"Daellenbach et al., 2024, Nat. Geosci.",peakList_figaero_check_particle_winter_summer_v7.db
C11H15INO3,-,336.01021,organic,I-,particle,FIGAERO-LTOF-CIMS,Chao Yan,Beijing urban (BUCT),atmosphere,urban,BUCT long-term,"Daellenbach et al., 2024, Nat. Geosci.",peakList_figaero_check_particle_winter_summer_v7.db
C10H12N2O9S,-,336.02690,organic,I-,particle,FIGAERO-LTOF-CIMS,Chao Yan,Beijing urban (BUCT),atmosphere,urban,BUCT long-term,"Daellenbach et al., 2024, Nat. Geosci.",peakList_figaero_check_particle_winter_summer_v7.db
C5H6IO7S,-,336.88845,organic,I-,particle,FIGAERO-LTOF-CIMS,Chao Yan,Beijing urban (BUCT),atmosphere,urban,BUCT long-term,"Daellenbach et al., 2024, Nat. Geosci.",peakList_figaero_check_particle_winter_summer_v7.db
C4H4INO9,-,336.89363,organic,I-,particle,FIGAERO-LTOF-CIMS,Chao Yan,Beijing urban (BUCT),atmosphere,urban,BUCT long-term,"Daellenbach et al., 2024, Nat. Geosci.",peakList_figaero_check_particle_winter_summer_v7.db
C5H6IO9,-,336.90620,organic,I-,particle,FIGAERO-LTOF-CIMS,Chao Yan,Beijing urban (BUCT),atmosphere,urban,BUCT long-term,"Daellenbach et al., 2024, Nat. Geosci.",peakList_figaero_check_particle_winter_summer_v7.db
C9H6IO6,-,336.92146,organic,I-,particle,FIGAERO-LTOF-CIMS,Chao Yan,Beijing urban (BUCT),atmosphere,urban,BUCT long-term,"Daellenbach et al., 2024, Nat. Geosci.",peakList_figaero_check_particle_winter_summer_v7.db
C10H10IO5,-,336.95784,organic,I-,particle,FIGAERO-LTOF-CIMS,Chao Yan,Beijing urban (BUCT),atmosphere,urban,BUCT long-term,"Daellenbach et al., 2024, Nat. Geosci.",peakList_figaero_check_particle_winter_summer_v7.db
C11H14IO4,-,336.99423,organic,I-,particle,FIGAERO-LTOF-CIMS,Chao Yan,Beijing urban (BUCT),atmosphere,urban,BUCT long-term,"Daellenbach et al., 2024, Nat. Geosci.",peakList_figaero_check_particle_winter_summer_v7.db
C12H18IO3,-,337.03062,organic,I-,particle,FIGAERO-LTOF-CIMS,Chao Yan,Beijing urban (BUCT),atmosphere,urban,BUCT long-term,"Daellenbach et al., 2024, Nat. Geosci.",peakList_figaero_check_particle_winter_summer_v7.db
C13H22IO2,-,337.06700,organic,I-,particle,FIGAERO-LTOF-CIMS,Chao Yan,Beijing urban (BUCT),atmosphere,urban,BUCT long-term,"Daellenbach et al., 2024, Nat. Geosci.",peakList_figaero_check_particle_winter_summer_v7.db
C8H5INO6,-,337.91671,organic,I-,particle,FIGAERO-LTOF-CIMS,Chao Yan,Beijing urban (BUCT),atmosphere,urban,BUCT long-term,"Daellenbach et al., 2024, Nat. Geosci.",peakList_figaero_check_particle_winter_summer_v7.db
C9H9INO5,-,337.95309,organic,I-,particle,FIGAERO-LTOF-CIMS,Chao Yan,Beijing urban (BUCT),atmosphere,urban,BUCT long-term,"Daellenbach et al., 2024, Nat. Geosci.",peakList_figaero_check_particle_winter_summer_v7.db
C10H13INO4,-,337.98948,organic,I-,particle,FIGAERO-LTOF-CIMS,Chao Yan,Beijing urban (BUCT),atmosphere,urban,BUCT long-term,"Daellenbach et al., 2024, Nat. Geosci.",peakList_figaero_check_particle_winter_summer_v7.db
C11H17INO3,-,338.02586,organic,I-,particle,FIGAERO-LTOF-CIMS,Chao Yan,Beijing urban (BUCT),atmosphere,urban,BUCT long-term,"Daellenbach et al., 2024, Nat. Geosci.",peakList_figaero_check_particle_winter_summer_v7.db
C12H21INO2,-,338.06225,organic,I-,particle,FIGAERO-LTOF-CIMS,Chao Yan,Beijing urban (BUCT),atmosphere,urban,BUCT long-term,"Daellenbach et al., 2024, Nat. Geosci.",peakList_figaero_check_particle_winter_summer_v7.db
C13H25INO,-,338.09864,organic,I-,particle,FIGAERO-LTOF-CIMS,Chao Yan,Beijing urban (BUCT),atmosphere,urban,BUCT long-term,"Daellenbach et al., 2024, Nat. Geosci.",peakList_figaero_check_particle_winter_summer_v7.db
C19H30O5,-,338.20987,organic,I-,particle,FIGAERO-LTOF-CIMS,Chao Yan,Beijing urban (BUCT),atmosphere,urban,BUCT long-term,"Daellenbach et al., 2024, Nat. Geosci.",peakList_figaero_check_particle_winter_summer_v7.db
C19H32NO4,-,338.23368,organic,I-,particle,FIGAERO-LTOF-CIMS,Chao Yan,Beijing urban (BUCT),atmosphere,urban,BUCT long-term,"Daellenbach et al., 2024, Nat. Geosci.",peakList_figaero_check_particle_winter_summer_v7.db
C8H4IO5S,-,338.88297,organic,I-,particle,FIGAERO-LTOF-CIMS,Chao Yan,Beijing urban (BUCT),atmosphere,urban,BUCT long-term,"Daellenbach et al., 2024, Nat. Geosci.",peakList_figaero_check_particle_winter_summer_v7.db
C5H8IO7S,-,338.90410,organic,I-,particle,FIGAERO-LTOF-CIMS,Chao Yan,Beijing urban (BUCT),atmosphere,urban,BUCT long-term,"Daellenbach et al., 2024, Nat. Geosci.",peakList_figaero_check_particle_winter_summer_v7.db
C5H8IO9,-,338.92185,organic,I-,particle,FIGAERO-LTOF-CIMS,Chao Yan,Beijing urban (BUCT),atmosphere,urban,BUCT long-term,"Daellenbach et al., 2024, Nat. Geosci.",peakList_figaero_check_particle_winter_summer_v7.db
C8H8IN2O5,-,338.94834,organic,I-,particle,FIGAERO-LTOF-CIMS,Chao Yan,Beijing urban (BUCT),atmosphere,urban,BUCT long-term,"Daellenbach et al., 2024, Nat. Geosci.",peakList_figaero_check_particle_winter_summer_v7.db
C10H12IO5,-,338.97350,organic,I-,particle,FIGAERO-LTOF-CIMS,Chao Yan,Beijing urban (BUCT),atmosphere,urban,BUCT long-term,"Daellenbach et al., 2024, Nat. Geosci.",peakList_figaero_check_particle_winter_summer_v7.db
C11H16IO4,-,339.00988,organic,I-,particle,FIGAERO-LTOF-CIMS,Chao Yan,Beijing urban (BUCT),atmosphere,urban,BUCT long-term,"Daellenbach et al., 2024, Nat. Geosci.",peakList_figaero_check_particle_winter_summer_v7.db
C11H15O12,-,339.05690,organic,I-,particle,FIGAERO-LTOF-CIMS,Chao Yan,Beijing urban (BUCT),atmosphere,urban,BUCT long-term,"Daellenbach et al., 2024, Nat. Geosci.",peakList_figaero_check_particle_winter_summer_v7.db
C8H7INO6,-,339.93236,organic,I-,particle,FIGAERO-LTOF-CIMS,Chao Yan,Beijing urban (BUCT),atmosphere,urban,BUCT long-term,"Daellenbach et al., 2024, Nat. Geosci.",peakList_figaero_check_particle_winter_summer_v7.db
C9H11INO5,-,339.96874,organic,I-,particle,FIGAERO-LTOF-CIMS,Chao Yan,Beijing urban (BUCT),atmosphere,urban,BUCT long-term,"Daellenbach et al., 2024, Nat. Geosci.",peakList_figaero_check_particle_winter_summer_v7.db
C4H8N2O16,-,339.98793,organic,I-,particle,FIGAERO-LTOF-CIMS,Chao Yan,Beijing urban (BUCT),atmosphere,urban,BUCT long-term,"Daellenbach et al., 2024, Nat. Geosci.",peakList_figaero_check_particle_winter_summer_v7.db
C10H15INO4,-,340.00513,organic,I-,particle,FIGAERO-LTOF-CIMS,Chao Yan,Beijing urban (BUCT),atmosphere,urban,BUCT long-term,"Daellenbach et al., 2024, Nat. Geosci.",peakList_figaero_check_particle_winter_summer_v7.db
C4HF7IO2,-,340.89150,organic,I-,particle,FIGAERO-LTOF-CIMS,Chao Yan,Beijing urban (BUCT),atmosphere,urban,BUCT long-term,"Daellenbach et al., 2024, Nat. Geosci.",peakList_figaero_check_particle_winter_summer_v7.db
C7H6IN2O6,-,340.92761,organic,I-,particle,FIGAERO-LTOF-CIMS,Chao Yan,Beijing urban (BUCT),atmosphere,urban,BUCT long-term,"Daellenbach et al., 2024, Nat. Geosci.",peakList_figaero_check_particle_winter_summer_v7.db
C8H10IN2O5,-,340.96399,organic,I-,particle,FIGAERO-LTOF-CIMS,Chao Yan,Beijing urban (BUCT),atmosphere,urban,BUCT long-term,"Daellenbach et al., 2024, Nat. Geosci.",peakList_figaero_check_particle_winter_summer_v7.db
C10H14IO5,-,340.98915,organic,I-,particle,FIGAERO-LTOF-CIMS,Chao Yan,Beijing urban (BUCT),atmosphere,urban,BUCT long-term,"Daellenbach et al., 2024, Nat. Geosci.",peakList_figaero_check_particle_winter_summer_v7.db
C11H18IO4,-,341.02553,organic,I-,particle,FIGAERO-LTOF-CIMS,Chao Yan,Beijing urban (BUCT),atmosphere,urban,BUCT long-term,"Daellenbach et al., 2024, Nat. Geosci.",peakList_figaero_check_particle_winter_summer_v7.db
C9H13N2O12,-,341.04740,organic,I-,particle,FIGAERO-LTOF-CIMS,Chao Yan,Beijing urban (BUCT),atmosphere,urban,BUCT long-term,"Daellenbach et al., 2024, Nat. Geosci.",peakList_figaero_check_particle_winter_summer_v7.db
C11H17O10S,-,341.05479,organic,I-,particle,FIGAERO-LTOF-CIMS,Chao Yan,Beijing urban (BUCT),atmosphere,urban,BUCT long-term,"Daellenbach et al., 2024, Nat. Geosci.",peakList_figaero_check_particle_winter_summer_v7.db
C12H22IO3,-,341.06192,organic,I-,particle,FIGAERO-LTOF-CIMS,Chao Yan,Beijing urban (BUCT),atmosphere,urban,BUCT long-term,"Daellenbach et al., 2024, Nat. Geosci.",peakList_figaero_check_particle_winter_summer_v7.db
C8H9INO6,-,341.94801,organic,I-,particle,FIGAERO-LTOF-CIMS,Chao Yan,Beijing urban (BUCT),atmosphere,urban,BUCT long-term,"Daellenbach et al., 2024, Nat. Geosci.",peakList_figaero_check_particle_winter_summer_v7.db
C9H13INO5,-,341.98439,organic,I-,particle,FIGAERO-LTOF-CIMS,Chao Yan,Beijing urban (BUCT),atmosphere,urban,BUCT long-term,"Daellenbach et al., 2024, Nat. Geosci.",peakList_figaero_check_particle_winter_summer_v7.db
C10H17INO4,-,342.02078,organic,I-,particle,FIGAERO-LTOF-CIMS,Chao Yan,Beijing urban (BUCT),atmosphere,urban,BUCT long-term,"Daellenbach et al., 2024, Nat. Geosci.",peakList_figaero_check_particle_winter_summer_v7.db
C22H30O3,-,342.22004,organic,I-,particle,FIGAERO-LTOF-CIMS,Chao Yan,Beijing urban (BUCT),atmosphere,urban,BUCT long-term,"Daellenbach et al., 2024, Nat. Geosci.",peakList_figaero_check_particle_winter_summer_v7.db
C8H8IO7,-,342.93202,organic,I-,particle,FIGAERO-LTOF-CIMS,Chao Yan,Beijing urban (BUCT),atmosphere,urban,BUCT long-term,"Daellenbach et al., 2024, Nat. Geosci.",peakList_figaero_check_particle_winter_summer_v7.db
C9H12IO6,-,342.96841,organic,I-,particle,FIGAERO-LTOF-CIMS,Chao Yan,Beijing urban (BUCT),atmosphere,urban,BUCT long-term,"Daellenbach et al., 2024, Nat. Geosci.",peakList_figaero_check_particle_winter_summer_v7.db
C10H16IO5,-,343.00480,organic,I-,particle,FIGAERO-LTOF-CIMS,Chao Yan,Beijing urban (BUCT),atmosphere,urban,BUCT long-term,"Daellenbach et al., 2024, Nat. Geosci.",peakList_figaero_check_particle_winter_summer_v7.db
C11H20IO4,-,343.04118,organic,I-,particle,FIGAERO-LTOF-CIMS,Chao Yan,Beijing urban (BUCT),atmosphere,urban,BUCT long-term,"Daellenbach et al., 2024, Nat. Geosci.",peakList_figaero_check_particle_winter_summer_v7.db
C12H24IO3,-,343.07757,organic,I-,particle,FIGAERO-LTOF-CIMS,Chao Yan,Beijing urban (BUCT),atmosphere,urban,BUCT long-term,"Daellenbach et al., 2024, Nat. Geosci.",peakList_figaero_check_particle_winter_summer_v7.db
C7H7INO7,-,343.92727,organic,I-,particle,FIGAERO-LTOF-CIMS,Chao Yan,Beijing urban (BUCT),atmosphere,urban,BUCT long-term,"Daellenbach et al., 2024, Nat. Geosci.",peakList_figaero_check_particle_winter_summer_v7.db
C8H11INO6,-,343.96366,organic,I-,particle,FIGAERO-LTOF-CIMS,Chao Yan,Beijing urban (BUCT),atmosphere,urban,BUCT long-term,"Daellenbach et al., 2024, Nat. Geosci.",peakList_figaero_check_particle_winter_summer_v7.db
C7H8N2O12S,-,343.98034,organic,I-,particle,FIGAERO-LTOF-CIMS,Chao Yan,Beijing urban (BUCT),atmosphere,urban,BUCT long-term,"Daellenbach et al., 2024, Nat. Geosci.",peakList_figaero_check_particle_winter_summer_v7.db
C9H15INO5,-,344.00004,organic,I-,particle,FIGAERO-LTOF-CIMS,Chao Yan,Beijing urban (BUCT),atmosphere,urban,BUCT long-term,"Daellenbach et al., 2024, Nat. Geosci.",peakList_figaero_check_particle_winter_summer_v7.db
C10H19INO4,-,344.03643,organic,I-,particle,FIGAERO-LTOF-CIMS,Chao Yan,Beijing urban (BUCT),atmosphere,urban,BUCT long-term,"Daellenbach et al., 2024, Nat. Geosci.",peakList_figaero_check_particle_winter_summer_v7.db
C3H6IO9S,-,344.87827,organic,I-,particle,FIGAERO-LTOF-CIMS,Chao Yan,Beijing urban (BUCT),atmosphere,urban,BUCT long-term,"Daellenbach et al., 2024, Nat. Geosci.",peakList_figaero_check_particle_winter_summer_v7.db
C7H6IO8,-,344.91129,organic,I-,particle,FIGAERO-LTOF-CIMS,Chao Yan,Beijing urban (BUCT),atmosphere,urban,BUCT long-term,"Daellenbach et al., 2024, Nat. Geosci.",peakList_figaero_check_particle_winter_summer_v7.db
C8H10IO7,-,344.94767,organic,I-,particle,FIGAERO-LTOF-CIMS,Chao Yan,Beijing urban (BUCT),atmosphere,urban,BUCT long-term,"Daellenbach et al., 2024, Nat. Geosci.",peakList_figaero_check_particle_winter_summer_v7.db
C9H14IO6,-,344.98406,organic,I-,particle,FIGAERO-LTOF-CIMS,Chao Yan,Beijing urban (BUCT),atmosphere,urban,BUCT long-term,"Daellenbach et al., 2024, Nat. Geosci.",peakList_figaero_check_particle_winter_summer_v7.db
C9H13O12S,-,345.01332,organic,I-,particle,FIGAERO-LTOF-CIMS,Chao Yan,Beijing urban (BUCT),atmosphere,urban,BUCT long-term,"Daellenbach et al., 2024, Nat. Geosci.",peakList_figaero_check_particle_winter_summer_v7.db
C10H18IO5,-,345.02045,organic,I-,particle,FIGAERO-LTOF-CIMS,Chao Yan,Beijing urban (BUCT),atmosphere,urban,BUCT long-term,"Daellenbach et al., 2024, Nat. Geosci.",peakList_figaero_check_particle_winter_summer_v7.db
C11H22IO4,-,345.05683,organic,I-,particle,FIGAERO-LTOF-CIMS,Chao Yan,Beijing urban (BUCT),atmosphere,urban,BUCT long-term,"Daellenbach et al., 2024, Nat. Geosci.",peakList_figaero_check_particle_winter_summer_v7.db
C7H9INO7,-,345.94292,organic,I-,particle,FIGAERO-LTOF-CIMS,Chao Yan,Beijing urban (BUCT),atmosphere,urban,BUCT long-term,"Daellenbach et al., 2024, Nat. Geosci.",peakList_figaero_check_particle_winter_summer_v7.db
C8H13INO6,-,345.97931,organic,I-,particle,FIGAERO-LTOF-CIMS,Chao Yan,Beijing urban (BUCT),atmosphere,urban,BUCT long-term,"Daellenbach et al., 2024, Nat. Geosci.",peakList_figaero_check_particle_winter_summer_v7.db
C9H17INO5,-,346.01569,organic,I-,particle,FIGAERO-LTOF-CIMS,Chao Yan,Beijing urban (BUCT),atmosphere,urban,BUCT long-term,"Daellenbach et al., 2024, Nat. Geosci.",peakList_figaero_check_particle_winter_summer_v7.db
C10H21INO4,-,346.05208,organic,I-,particle,FIGAERO-LTOF-CIMS,Chao Yan,Beijing urban (BUCT),atmosphere,urban,BUCT long-term,"Daellenbach et al., 2024, Nat. Geosci.",peakList_figaero_check_particle_winter_summer_v7.db
C6H11Cl3IO2,-,346.88748,organic,I-,particle,FIGAERO-LTOF-CIMS,Chao Yan,Beijing urban (BUCT),atmosphere,urban,BUCT long-term,"Daellenbach et al., 2024, Nat. Geosci.",peakList_figaero_check_particle_winter_summer_v7.db
C7H8IO6S,-,346.90918,organic,I-,particle,FIGAERO-LTOF-CIMS,Chao Yan,Beijing urban (BUCT),atmosphere,urban,BUCT long-term,"Daellenbach et al., 2024, Nat. Geosci.",peakList_figaero_check_particle_winter_summer_v7.db
C6H8IN2O7,-,346.93817,organic,I-,particle,FIGAERO-LTOF-CIMS,Chao Yan,Beijing urban (BUCT),atmosphere,urban,BUCT long-term,"Daellenbach et al., 2024, Nat. Geosci.",peakList_figaero_check_particle_winter_summer_v7.db
C12H12IO4,-,346.97858,organic,I-,particle,FIGAERO-LTOF-CIMS,Chao Yan,Beijing urban (BUCT),atmosphere,urban,BUCT long-term,"Daellenbach et al., 2024, Nat. Geosci.",peakList_figaero_check_particle_winter_summer_v7.db
C13H16IO3,-,347.01497,organic,I-,particle,FIGAERO-LTOF-CIMS,Chao Yan,Beijing urban (BUCT),atmosphere,urban,BUCT long-term,"Daellenbach et al., 2024, Nat. Geosci.",peakList_figaero_check_particle_winter_summer_v7.db
C15H24IO,-,347.08774,organic,I-,particle,FIGAERO-LTOF-CIMS,Chao Yan,Beijing urban (BUCT),atmosphere,urban,BUCT long-term,"Daellenbach et al., 2024, Nat. Geosci.",peakList_figaero_check_particle_winter_summer_v7.db
C22H35O3,-,347.25917,organic,I-,particle,FIGAERO-LTOF-CIMS,Chao Yan,Beijing urban (BUCT),atmosphere,urban,BUCT long-term,"Daellenbach et al., 2024, Nat. Geosci.",peakList_figaero_check_particle_winter_summer_v7.db
C10H7INO5,-,347.93744,organic,I-,particle,FIGAERO-LTOF-CIMS,Chao Yan,Beijing urban (BUCT),atmosphere,urban,BUCT long-term,"Daellenbach et al., 2024, Nat. Geosci.",peakList_figaero_check_particle_winter_summer_v7.db
C7H11INO7,-,347.95857,organic,I-,particle,FIGAERO-LTOF-CIMS,Chao Yan,Beijing urban (BUCT),atmosphere,urban,BUCT long-term,"Daellenbach et al., 2024, Nat. Geosci.",peakList_figaero_check_particle_winter_summer_v7.db
C11H11INO4,-,347.97383,organic,I-,particle,FIGAERO-LTOF-CIMS,Chao Yan,Beijing urban (BUCT),atmosphere,urban,BUCT long-term,"Daellenbach et al., 2024, Nat. Geosci.",peakList_figaero_check_particle_winter_summer_v7.db
C8H15INO6,-,347.99496,organic,I-,particle,FIGAERO-LTOF-CIMS,Chao Yan,Beijing urban (BUCT),atmosphere,urban,BUCT long-term,"Daellenbach et al., 2024, Nat. Geosci.",peakList_figaero_check_particle_winter_summer_v7.db
C12H15INO3,-,348.01021,organic,I-,particle,FIGAERO-LTOF-CIMS,Chao Yan,Beijing urban (BUCT),atmosphere,urban,BUCT long-term,"Daellenbach et al., 2024, Nat. Geosci.",peakList_figaero_check_particle_winter_summer_v7.db
C9H19INO5,-,348.03134,organic,I-,particle,FIGAERO-LTOF-CIMS,Chao Yan,Beijing urban (BUCT),atmosphere,urban,BUCT long-term,"Daellenbach et al., 2024, Nat. Geosci.",peakList_figaero_check_particle_winter_summer_v7.db
C10H6IO6,-,348.92146,organic,I-,particle,FIGAERO-LTOF-CIMS,Chao Yan,Beijing urban (BUCT),atmosphere,urban,BUCT long-term,"Daellenbach et al., 2024, Nat. Geosci.",peakList_figaero_check_particle_winter_summer_v7.db
C11H10IO5,-,348.95784,organic,I-,particle,FIGAERO-LTOF-CIMS,Chao Yan,Beijing urban (BUCT),atmosphere,urban,BUCT long-term,"Daellenbach et al., 2024, Nat. Geosci.",peakList_figaero_check_particle_winter_summer_v7.db
C12H14IO4,-,348.99423,organic,I-,particle,FIGAERO-LTOF-CIMS,Chao Yan,Beijing urban (BUCT),atmosphere,urban,BUCT long-term,"Daellenbach et al., 2024, Nat. Geosci.",peakList_figaero_check_particle_winter_summer_v7.db
C13H18IO3,-,349.03062,organic,I-,particle,FIGAERO-LTOF-CIMS,Chao Yan,Beijing urban (BUCT),atmosphere,urban,BUCT long-term,"Daellenbach et al., 2024, Nat. Geosci.",peakList_figaero_check_particle_winter_summer_v7.db
C14H22IO2,-,349.06700,organic,I-,particle,FIGAERO-LTOF-CIMS,Chao Yan,Beijing urban (BUCT),atmosphere,urban,BUCT long-term,"Daellenbach et al., 2024, Nat. Geosci.",peakList_figaero_check_particle_winter_summer_v7.db
C6H9INO8,-,349.93784,organic,I-,particle,FIGAERO-LTOF-CIMS,Chao Yan,Beijing urban (BUCT),atmosphere,urban,BUCT long-term,"Daellenbach et al., 2024, Nat. Geosci.",peakList_figaero_check_particle_winter_summer_v7.db
C10H9INO5,-,349.95309,organic,I-,particle,FIGAERO-LTOF-CIMS,Chao Yan,Beijing urban (BUCT),atmosphere,urban,BUCT long-term,"Daellenbach et al., 2024, Nat. Geosci.",peakList_figaero_check_particle_winter_summer_v7.db
C7H13INO7,-,349.97422,organic,I-,particle,FIGAERO-LTOF-CIMS,Chao Yan,Beijing urban (BUCT),atmosphere,urban,BUCT long-term,"Daellenbach et al., 2024, Nat. Geosci.",peakList_figaero_check_particle_winter_summer_v7.db
C11H13INO4,-,349.98948,organic,I-,particle,FIGAERO-LTOF-CIMS,Chao Yan,Beijing urban (BUCT),atmosphere,urban,BUCT long-term,"Daellenbach et al., 2024, Nat. Geosci.",peakList_figaero_check_particle_winter_summer_v7.db
C8H17INO6,-,350.01061,organic,I-,particle,FIGAERO-LTOF-CIMS,Chao Yan,Beijing urban (BUCT),atmosphere,urban,BUCT long-term,"Daellenbach et al., 2024, Nat. Geosci.",peakList_figaero_check_particle_winter_summer_v7.db
C12H17INO3,-,350.02586,organic,I-,particle,FIGAERO-LTOF-CIMS,Chao Yan,Beijing urban (BUCT),atmosphere,urban,BUCT long-term,"Daellenbach et al., 2024, Nat. Geosci.",peakList_figaero_check_particle_winter_summer_v7.db
C22H38O3,-,350.28264,organic,I-,particle,FIGAERO-LTOF-CIMS,Chao Yan,Beijing urban (BUCT),atmosphere,urban,BUCT long-term,"Daellenbach et al., 2024, Nat. Geosci.",peakList_figaero_check_particle_winter_summer_v7.db
C5H4IO8S,-,350.86771,organic,I-,particle,FIGAERO-LTOF-CIMS,Chao Yan,Beijing urban (BUCT),atmosphere,urban,BUCT long-term,"Daellenbach et al., 2024, Nat. Geosci.",peakList_figaero_check_particle_winter_summer_v7.db
C6H8IO7S,-,350.90410,organic,I-,particle,FIGAERO-LTOF-CIMS,Chao Yan,Beijing urban (BUCT),atmosphere,urban,BUCT long-term,"Daellenbach et al., 2024, Nat. Geosci.",peakList_figaero_check_particle_winter_summer_v7.db
C6H8IO9,-,350.92185,organic,I-,particle,FIGAERO-LTOF-CIMS,Chao Yan,Beijing urban (BUCT),atmosphere,urban,BUCT long-term,"Daellenbach et al., 2024, Nat. Geosci.",peakList_figaero_check_particle_winter_summer_v7.db
C10H8IO6,-,350.93711,organic,I-,particle,FIGAERO-LTOF-CIMS,Chao Yan,Beijing urban (BUCT),atmosphere,urban,BUCT long-term,"Daellenbach et al., 2024, Nat. Geosci.",peakList_figaero_check_particle_winter_summer_v7.db
C7H12IO8,-,350.95824,organic,I-,particle,FIGAERO-LTOF-CIMS,Chao Yan,Beijing urban (BUCT),atmosphere,urban,BUCT long-term,"Daellenbach et al., 2024, Nat. Geosci.",peakList_figaero_check_particle_winter_summer_v7.db
C11H12IO5,-,350.97350,organic,I-,particle,FIGAERO-LTOF-CIMS,Chao Yan,Beijing urban (BUCT),atmosphere,urban,BUCT long-term,"Daellenbach et al., 2024, Nat. Geosci.",peakList_figaero_check_particle_winter_summer_v7.db
C12H16IO4,-,351.00988,organic,I-,particle,FIGAERO-LTOF-CIMS,Chao Yan,Beijing urban (BUCT),atmosphere,urban,BUCT long-term,"Daellenbach et al., 2024, Nat. Geosci.",peakList_figaero_check_particle_winter_summer_v7.db
C13H20IO3,-,351.04627,organic,I-,particle,FIGAERO-LTOF-CIMS,Chao Yan,Beijing urban (BUCT),atmosphere,urban,BUCT long-term,"Daellenbach et al., 2024, Nat. Geosci.",peakList_figaero_check_particle_winter_summer_v7.db
C13H19O11,-,351.09329,organic,I-,particle,FIGAERO-LTOF-CIMS,Chao Yan,Beijing urban (BUCT),atmosphere,urban,BUCT long-term,"Daellenbach et al., 2024, Nat. Geosci.",peakList_figaero_check_particle_winter_summer_v7.db
C4H3INO8S,-,351.86296,organic,I-,particle,FIGAERO-LTOF-CIMS,Chao Yan,Beijing urban (BUCT),atmosphere,urban,BUCT long-term,"Daellenbach et al., 2024, Nat. Geosci.",peakList_figaero_check_particle_winter_summer_v7.db
C5H7INO9,-,351.91710,organic,I-,particle,FIGAERO-LTOF-CIMS,Chao Yan,Beijing urban (BUCT),atmosphere,urban,BUCT long-term,"Daellenbach et al., 2024, Nat. Geosci.",peakList_figaero_check_particle_winter_summer_v7.db
C10H11INO5,-,351.96874,organic,I-,particle,FIGAERO-LTOF-CIMS,Chao Yan,Beijing urban (BUCT),atmosphere,urban,BUCT long-term,"Daellenbach et al., 2024, Nat. Geosci.",peakList_figaero_check_particle_winter_summer_v7.db
C5H6IO8S,-,352.88336,organic,I-,particle,FIGAERO-LTOF-CIMS,Chao Yan,Beijing urban (BUCT),atmosphere,urban,BUCT long-term,"Daellenbach et al., 2024, Nat. Geosci.",peakList_figaero_check_particle_winter_summer_v7.db
C4H6IN2O9,-,352.91235,organic,I-,particle,FIGAERO-LTOF-CIMS,Chao Yan,Beijing urban (BUCT),atmosphere,urban,BUCT long-term,"Daellenbach et al., 2024, Nat. Geosci.",peakList_figaero_check_particle_winter_summer_v7.db
C9H10IN2O5,-,352.96399,organic,I-,particle,FIGAERO-LTOF-CIMS,Chao Yan,Beijing urban (BUCT),atmosphere,urban,BUCT long-term,"Daellenbach et al., 2024, Nat. Geosci.",peakList_figaero_check_particle_winter_summer_v7.db
C11H14IO5,-,352.98915,organic,I-,particle,FIGAERO-LTOF-CIMS,Chao Yan,Beijing urban (BUCT),atmosphere,urban,BUCT long-term,"Daellenbach et al., 2024, Nat. Geosci.",peakList_figaero_check_particle_winter_summer_v7.db
C12H18IO4,-,353.02553,organic,I-,particle,FIGAERO-LTOF-CIMS,Chao Yan,Beijing urban (BUCT),atmosphere,urban,BUCT long-term,"Daellenbach et al., 2024, Nat. Geosci.",peakList_figaero_check_particle_winter_summer_v7.db
C13H22IO3,-,353.06192,organic,I-,particle,FIGAERO-LTOF-CIMS,Chao Yan,Beijing urban (BUCT),atmosphere,urban,BUCT long-term,"Daellenbach et al., 2024, Nat. Geosci.",peakList_figaero_check_particle_winter_summer_v7.db
C14H26IO2,-,353.09830,organic,I-,particle,FIGAERO-LTOF-CIMS,Chao Yan,Beijing urban (BUCT),atmosphere,urban,BUCT long-term,"Daellenbach et al., 2024, Nat. Geosci.",peakList_figaero_check_particle_winter_summer_v7.db
C9H9INO6,-,353.94801,organic,I-,particle,FIGAERO-LTOF-CIMS,Chao Yan,Beijing urban (BUCT),atmosphere,urban,BUCT long-term,"Daellenbach et al., 2024, Nat. Geosci.",peakList_figaero_check_particle_winter_summer_v7.db
C10H13INO5,-,353.98439,organic,I-,particle,FIGAERO-LTOF-CIMS,Chao Yan,Beijing urban (BUCT),atmosphere,urban,BUCT long-term,"Daellenbach et al., 2024, Nat. Geosci.",peakList_figaero_check_particle_winter_summer_v7.db
C11H17INO4,-,354.02078,organic,I-,particle,FIGAERO-LTOF-CIMS,Chao Yan,Beijing urban (BUCT),atmosphere,urban,BUCT long-term,"Daellenbach et al., 2024, Nat. Geosci.",peakList_figaero_check_particle_winter_summer_v7.db
C12H21INO3,-,354.05717,organic,I-,particle,FIGAERO-LTOF-CIMS,Chao Yan,Beijing urban (BUCT),atmosphere,urban,BUCT long-term,"Daellenbach et al., 2024, Nat. Geosci.",peakList_figaero_check_particle_winter_summer_v7.db
C13H25INO2,-,354.09355,organic,I-,particle,FIGAERO-LTOF-CIMS,Chao Yan,Beijing urban (BUCT),atmosphere,urban,BUCT long-term,"Daellenbach et al., 2024, Nat. Geosci.",peakList_figaero_check_particle_winter_summer_v7.db
C14H29INO,-,354.12994,organic,I-,particle,FIGAERO-LTOF-CIMS,Chao Yan,Beijing urban (BUCT),atmosphere,urban,BUCT long-term,"Daellenbach et al., 2024, Nat. Geosci.",peakList_figaero_check_particle_winter_summer_v7.db
C16H34O6S,-,354.20816,organic,I-,particle,FIGAERO-LTOF-CIMS,Chao Yan,Beijing urban (BUCT),atmosphere,urban,BUCT long-term,"Daellenbach et al., 2024, Nat. Geosci.",peakList_figaero_check_particle_winter_summer_v7.db
C20H36NO4,-,354.26498,organic,I-,particle,FIGAERO-LTOF-CIMS,Chao Yan,Beijing urban (BUCT),atmosphere,urban,BUCT long-term,"Daellenbach et al., 2024, Nat. Geosci.",peakList_figaero_check_particle_winter_summer_v7.db
C8H4IO6S,-,354.87788,organic,I-,particle,FIGAERO-LTOF-CIMS,Chao Yan,Beijing urban (BUCT),atmosphere,urban,BUCT long-term,"Daellenbach et al., 2024, Nat. Geosci.",peakList_figaero_check_particle_winter_summer_v7.db
C5H8IO8S,-,354.89901,organic,I-,particle,FIGAERO-LTOF-CIMS,Chao Yan,Beijing urban (BUCT),atmosphere,urban,BUCT long-term,"Daellenbach et al., 2024, Nat. Geosci.",peakList_figaero_check_particle_winter_summer_v7.db
C5H8IO10,-,354.91677,organic,I-,particle,FIGAERO-LTOF-CIMS,Chao Yan,Beijing urban (BUCT),atmosphere,urban,BUCT long-term,"Daellenbach et al., 2024, Nat. Geosci.",peakList_figaero_check_particle_winter_summer_v7.db
C9H8IO7,-,354.93202,organic,I-,particle,FIGAERO-LTOF-CIMS,Chao Yan,Beijing urban (BUCT),atmosphere,urban,BUCT long-term,"Daellenbach et al., 2024, Nat. Geosci.",peakList_figaero_check_particle_winter_summer_v7.db
C10H12IO6,-,354.96841,organic,I-,particle,FIGAERO-LTOF-CIMS,Chao Yan,Beijing urban (BUCT),atmosphere,urban,BUCT long-term,"Daellenbach et al., 2024, Nat. Geosci.",peakList_figaero_check_particle_winter_summer_v7.db
C9H12IN2O5,-,354.97964,organic,I-,particle,FIGAERO-LTOF-CIMS,Chao Yan,Beijing urban (BUCT),atmosphere,urban,BUCT long-term,"Daellenbach et al., 2024, Nat. Geosci.",peakList_figaero_check_particle_winter_summer_v7.db
C10H16IN2O4,-,355.01603,organic,I-,particle,FIGAERO-LTOF-CIMS,Chao Yan,Beijing urban (BUCT),atmosphere,urban,BUCT long-term,"Daellenbach et al., 2024, Nat. Geosci.",peakList_figaero_check_particle_winter_summer_v7.db
C12H20IO4,-,355.04118,organic,I-,particle,FIGAERO-LTOF-CIMS,Chao Yan,Beijing urban (BUCT),atmosphere,urban,BUCT long-term,"Daellenbach et al., 2024, Nat. Geosci.",peakList_figaero_check_particle_winter_summer_v7.db
C13H24IO3,-,355.07757,organic,I-,particle,FIGAERO-LTOF-CIMS,Chao Yan,Beijing urban (BUCT),atmosphere,urban,BUCT long-term,"Daellenbach et al., 2024, Nat. Geosci.",peakList_figaero_check_particle_winter_summer_v7.db
C14H28IO2,-,355.11395,organic,I-,particle,FIGAERO-LTOF-CIMS,Chao Yan,Beijing urban (BUCT),atmosphere,urban,BUCT long-term,"Daellenbach et al., 2024, Nat. Geosci.",peakList_figaero_check_particle_winter_summer_v7.db
C4H7INO8S,-,355.89426,organic,I-,particle,FIGAERO-LTOF-CIMS,Chao Yan,Beijing urban (BUCT),atmosphere,urban,BUCT long-term,"Daellenbach et al., 2024, Nat. Geosci.",peakList_figaero_check_particle_winter_summer_v7.db
C9H11INO6,-,355.96366,organic,I-,particle,FIGAERO-LTOF-CIMS,Chao Yan,Beijing urban (BUCT),atmosphere,urban,BUCT long-term,"Daellenbach et al., 2024, Nat. Geosci.",peakList_figaero_check_particle_winter_summer_v7.db
C10H15INO5,-,356.00004,organic,I-,particle,FIGAERO-LTOF-CIMS,Chao Yan,Beijing urban (BUCT),atmosphere,urban,BUCT long-term,"Daellenbach et al., 2024, Nat. Geosci.",peakList_figaero_check_particle_winter_summer_v7.db
C11H19INO4,-,356.03643,organic,I-,particle,FIGAERO-LTOF-CIMS,Chao Yan,Beijing urban (BUCT),atmosphere,urban,BUCT long-term,"Daellenbach et al., 2024, Nat. Geosci.",peakList_figaero_check_particle_winter_summer_v7.db
C15H32O9,-,356.20518,organic,I-,particle,FIGAERO-LTOF-CIMS,Chao Yan,Beijing urban (BUCT),atmosphere,urban,BUCT long-term,"Daellenbach et al., 2024, Nat. Geosci.",peakList_figaero_check_particle_winter_summer_v7.db
C4HF7IO3,-,356.88641,organic,I-,particle,FIGAERO-LTOF-CIMS,Chao Yan,Beijing urban (BUCT),atmosphere,urban,BUCT long-term,"Daellenbach et al., 2024, Nat. Geosci.",peakList_figaero_check_particle_winter_summer_v7.db
C8H6IO6S,-,356.89353,organic,I-,particle,FIGAERO-LTOF-CIMS,Chao Yan,Beijing urban (BUCT),atmosphere,urban,BUCT long-term,"Daellenbach et al., 2024, Nat. Geosci.",peakList_figaero_check_particle_winter_summer_v7.db
C5H10IO8S,-,356.91466,organic,I-,particle,FIGAERO-LTOF-CIMS,Chao Yan,Beijing urban (BUCT),atmosphere,urban,BUCT long-term,"Daellenbach et al., 2024, Nat. Geosci.",peakList_figaero_check_particle_winter_summer_v7.db
C7H6IN2O7,-,356.92252,organic,I-,particle,FIGAERO-LTOF-CIMS,Chao Yan,Beijing urban (BUCT),atmosphere,urban,BUCT long-term,"Daellenbach et al., 2024, Nat. Geosci.",peakList_figaero_check_particle_winter_summer_v7.db
C8H10IN2O6,-,356.95891,organic,I-,particle,FIGAERO-LTOF-CIMS,Chao Yan,Beijing urban (BUCT),atmosphere,urban,BUCT long-term,"Daellenbach et al., 2024, Nat. Geosci.",peakList_figaero_check_particle_winter_summer_v7.db
C10H14IO6,-,356.98406,organic,I-,particle,FIGAERO-LTOF-CIMS,Chao Yan,Beijing urban (BUCT),atmosphere,urban,BUCT long-term,"Daellenbach et al., 2024, Nat. Geosci.",peakList_figaero_check_particle_winter_summer_v7.db
C11H18IO5,-,357.02045,organic,I-,particle,FIGAERO-LTOF-CIMS,Chao Yan,Beijing urban (BUCT),atmosphere,urban,BUCT long-term,"Daellenbach et al., 2024, Nat. Geosci.",peakList_figaero_check_particle_winter_summer_v7.db
C12H22IO4,-,357.05683,organic,I-,particle,FIGAERO-LTOF-CIMS,Chao Yan,Beijing urban (BUCT),atmosphere,urban,BUCT long-term,"Daellenbach et al., 2024, Nat. Geosci.",peakList_figaero_check_particle_winter_summer_v7.db
C13H26IO3,-,357.09322,organic,I-,particle,FIGAERO-LTOF-CIMS,Chao Yan,Beijing urban (BUCT),atmosphere,urban,BUCT long-term,"Daellenbach et al., 2024, Nat. Geosci.",peakList_figaero_check_particle_winter_summer_v7.db
C14H30IO2,-,357.12960,organic,I-,particle,FIGAERO-LTOF-CIMS,Chao Yan,Beijing urban (BUCT),atmosphere,urban,BUCT long-term,"Daellenbach et al., 2024, Nat. Geosci.",peakList_figaero_check_particle_winter_summer_v7.db
,,357.82620,unassigned,I-,particle,FIGAERO-LTOF-CIMS,Chao Yan,Beijing urban (BUCT),atmosphere,urban,BUCT long-term,"Daellenbach et al., 2024, Nat. Geosci.",peakList_figaero_check_particle_winter_summer_v7.db
C3H7IN2O8S,-,357.89733,organic,I-,particle,FIGAERO-LTOF-CIMS,Chao Yan,Beijing urban (BUCT),atmosphere,urban,BUCT long-term,"Daellenbach et al., 2024, Nat. Geosci.",peakList_figaero_check_particle_winter_summer_v7.db
C8H9INO7,-,357.94292,organic,I-,particle,FIGAERO-LTOF-CIMS,Chao Yan,Beijing urban (BUCT),atmosphere,urban,BUCT long-term,"Daellenbach et al., 2024, Nat. Geosci.",peakList_figaero_check_particle_winter_summer_v7.db
C9H13INO6,-,357.97931,organic,I-,particle,FIGAERO-LTOF-CIMS,Chao Yan,Beijing urban (BUCT),atmosphere,urban,BUCT long-term,"Daellenbach et al., 2024, Nat. Geosci.",peakList_figaero_check_particle_winter_summer_v7.db
C13H13INO3,-,357.99456,organic,I-,particle,FIGAERO-LTOF-CIMS,Chao Yan,Beijing urban (BUCT),atmosphere,urban,BUCT long-term,"Daellenbach et al., 2024, Nat. Geosci.",peakList_figaero_check_particle_winter_summer_v7.db
C10H17INO5,-,358.01569,organic,I-,particle,FIGAERO-LTOF-CIMS,Chao Yan,Beijing urban (BUCT),atmosphere,urban,BUCT long-term,"Daellenbach et al., 2024, Nat. Geosci.",peakList_figaero_check_particle_winter_summer_v7.db
C11H21INO4,-,358.05208,organic,I-,particle,FIGAERO-LTOF-CIMS,Chao Yan,Beijing urban (BUCT),atmosphere,urban,BUCT long-term,"Daellenbach et al., 2024, Nat. Geosci.",peakList_figaero_check_particle_winter_summer_v7.db
C12H25INO3,-,358.08847,organic,I-,particle,FIGAERO-LTOF-CIMS,Chao Yan,Beijing urban (BUCT),atmosphere,urban,BUCT long-term,"Daellenbach et al., 2024, Nat. Geosci.",peakList_figaero_check_particle_winter_summer_v7.db
C22H30O4,-,358.21496,organic,I-,particle,FIGAERO-LTOF-CIMS,Chao Yan,Beijing urban (BUCT),atmosphere,urban,BUCT long-term,"Daellenbach et al., 2024, Nat. Geosci.",peakList_figaero_check_particle_winter_summer_v7.db
C6H4IN2O8,-,358.90179,organic,I-,particle,FIGAERO-LTOF-CIMS,Chao Yan,Beijing urban (BUCT),atmosphere,urban,BUCT long-term,"Daellenbach et al., 2024, Nat. Geosci.",peakList_figaero_check_particle_winter_summer_v7.db
C7H8IN2O7,-,358.93817,organic,I-,particle,FIGAERO-LTOF-CIMS,Chao Yan,Beijing urban (BUCT),atmosphere,urban,BUCT long-term,"Daellenbach et al., 2024, Nat. Geosci.",peakList_figaero_check_particle_winter_summer_v7.db
C9H12IO7,-,358.96332,organic,I-,particle,FIGAERO-LTOF-CIMS,Chao Yan,Beijing urban (BUCT),atmosphere,urban,BUCT long-term,"Daellenbach et al., 2024, Nat. Geosci.",peakList_figaero_check_particle_winter_summer_v7.db
C10H16IO6,-,358.99971,organic,I-,particle,FIGAERO-LTOF-CIMS,Chao Yan,Beijing urban (BUCT),atmosphere,urban,BUCT long-term,"Daellenbach et al., 2024, Nat. Geosci.",peakList_figaero_check_particle_winter_summer_v7.db
C11H20IO5,-,359.03610,organic,I-,particle,FIGAERO-LTOF-CIMS,Chao Yan,Beijing urban (BUCT),atmosphere,urban,BUCT long-term,"Daellenbach et al., 2024, Nat. Geosci.",peakList_figaero_check_particle_winter_summer_v7.db
C12H24IO4,-,359.07248,organic,I-,particle,FIGAERO-LTOF-CIMS,Chao Yan,Beijing urban (BUCT),atmosphere,urban,BUCT long-term,"Daellenbach et al., 2024, Nat. Geosci.",peakList_figaero_check_particle_winter_summer_v7.db
C16H27N2O7,-,359.18237,organic,I-,particle,FIGAERO-LTOF-CIMS,Chao Yan,Beijing urban (BUCT),atmosphere,urban,BUCT long-term,"Daellenbach et al., 2024, Nat. Geosci.",peakList_figaero_check_particle_winter_summer_v7.db
C8H11INO7,-,359.95857,organic,I-,particle,FIGAERO-LTOF-CIMS,Chao Yan,Beijing urban (BUCT),atmosphere,urban,BUCT long-term,"Daellenbach et al., 2024, Nat. Geosci.",peakList_figaero_check_particle_winter_summer_v7.db
C7H8N2O13S,-,359.97526,organic,I-,particle,FIGAERO-LTOF-CIMS,Chao Yan,Beijing urban (BUCT),atmosphere,urban,BUCT long-term,"Daellenbach et al., 2024, Nat. Geosci.",peakList_figaero_check_particle_winter_summer_v7.db
C9H15INO6,-,359.99496,organic,I-,particle,FIGAERO-LTOF-CIMS,Chao Yan,Beijing urban (BUCT),atmosphere,urban,BUCT long-term,"Daellenbach et al., 2024, Nat. Geosci.",peakList_figaero_check_particle_winter_summer_v7.db
C10H19INO5,-,360.03134,organic,I-,particle,FIGAERO-LTOF-CIMS,Chao Yan,Beijing urban (BUCT),atmosphere,urban,BUCT long-term,"Daellenbach et al., 2024, Nat. Geosci.",peakList_figaero_check_particle_winter_summer_v7.db
C11H23INO4,-,360.06773,organic,I-,particle,FIGAERO-LTOF-CIMS,Chao Yan,Beijing urban (BUCT),atmosphere,urban,BUCT long-term,"Daellenbach et al., 2024, Nat. Geosci.",peakList_figaero_check_particle_winter_summer_v7.db
C7H6IO7S,-,360.88845,organic,I-,particle,FIGAERO-LTOF-CIMS,Chao Yan,Beijing urban (BUCT),atmosphere,urban,BUCT long-term,"Daellenbach et al., 2024, Nat. Geosci.",peakList_figaero_check_particle_winter_summer_v7.db
C6H6IN2O8,-,360.91744,organic,I-,particle,FIGAERO-LTOF-CIMS,Chao Yan,Beijing urban (BUCT),atmosphere,urban,BUCT long-term,"Daellenbach et al., 2024, Nat. Geosci.",peakList_figaero_check_particle_winter_summer_v7.db
C7H10IN2O7,-,360.95382,organic,I-,particle,FIGAERO-LTOF-CIMS,Chao Yan,Beijing urban (BUCT),atmosphere,urban,BUCT long-term,"Daellenbach et al., 2024, Nat. Geosci.",peakList_figaero_check_particle_winter_summer_v7.db
C8H14IN2O6,-,360.99021,organic,I-,particle,FIGAERO-LTOF-CIMS,Chao Yan,Beijing urban (BUCT),atmosphere,urban,BUCT long-term,"Daellenbach et al., 2024, Nat. Geosci.",peakList_figaero_check_particle_winter_summer_v7.db
C9H18IN2O5,-,361.02659,organic,I-,particle,FIGAERO-LTOF-CIMS,Chao Yan,Beijing urban (BUCT),atmosphere,urban,BUCT long-term,"Daellenbach et al., 2024, Nat. Geosci.",peakList_figaero_check_particle_winter_summer_v7.db
C15H22IO2,-,361.06700,organic,I-,particle,FIGAERO-LTOF-CIMS,Chao Yan,Beijing urban (BUCT),atmosphere,urban,BUCT long-term,"Daellenbach et al., 2024, Nat. Geosci.",peakList_figaero_check_particle_winter_summer_v7.db
C16H26IO,-,361.10339,organic,I-,particle,FIGAERO-LTOF-CIMS,Chao Yan,Beijing urban (BUCT),atmosphere,urban,BUCT long-term,"Daellenbach et al., 2024, Nat. Geosci.",peakList_figaero_check_particle_winter_summer_v7.db
C18H37N2O5,-,361.27080,organic,I-,particle,FIGAERO-LTOF-CIMS,Chao Yan,Beijing urban (BUCT),atmosphere,urban,BUCT long-term,"Daellenbach et al., 2024, Nat. Geosci.",peakList_figaero_check_particle_winter_summer_v7.db
C7H9INO8,-,361.93784,organic,I-,particle,FIGAERO-LTOF-CIMS,Chao Yan,Beijing urban (BUCT),atmosphere,urban,BUCT long-term,"Daellenbach et al., 2024, Nat. Geosci.",peakList_figaero_check_particle_winter_summer_v7.db
C8H13INO7,-,361.97422,organic,I-,particle,FIGAERO-LTOF-CIMS,Chao Yan,Beijing urban (BUCT),atmosphere,urban,BUCT long-term,"Daellenbach et al., 2024, Nat. Geosci.",peakList_figaero_check_particle_winter_summer_v7.db
C12H13INO4,-,361.98948,organic,I-,particle,FIGAERO-LTOF-CIMS,Chao Yan,Beijing urban (BUCT),atmosphere,urban,BUCT long-term,"Daellenbach et al., 2024, Nat. Geosci.",peakList_figaero_check_particle_winter_summer_v7.db
C9H17INO6,-,362.01061,organic,I-,particle,FIGAERO-LTOF-CIMS,Chao Yan,Beijing urban (BUCT),atmosphere,urban,BUCT long-term,"Daellenbach et al., 2024, Nat. Geosci.",peakList_figaero_check_particle_winter_summer_v7.db
C13H17INO3,-,362.02586,organic,I-,particle,FIGAERO-LTOF-CIMS,Chao Yan,Beijing urban (BUCT),atmosphere,urban,BUCT long-term,"Daellenbach et al., 2024, Nat. Geosci.",peakList_figaero_check_particle_winter_summer_v7.db
C10H21INO5,-,362.04699,organic,I-,particle,FIGAERO-LTOF-CIMS,Chao Yan,Beijing urban (BUCT),atmosphere,urban,BUCT long-term,"Daellenbach et al., 2024, Nat. Geosci.",peakList_figaero_check_particle_winter_summer_v7.db
C15H25INO,-,362.09864,organic,I-,particle,FIGAERO-LTOF-CIMS,Chao Yan,Beijing urban (BUCT),atmosphere,urban,BUCT long-term,"Daellenbach et al., 2024, Nat. Geosci.",peakList_figaero_check_particle_winter_summer_v7.db
C18H34O7,-,362.23100,organic,I-,particle,FIGAERO-LTOF-CIMS,Chao Yan,Beijing urban (BUCT),atmosphere,urban,BUCT long-term,"Daellenbach et al., 2024, Nat. Geosci.",peakList_figaero_check_particle_winter_summer_v7.db
C6H4IO8S,-,362.86771,organic,I-,particle,FIGAERO-LTOF-CIMS,Chao Yan,Beijing urban (BUCT),atmosphere,urban,BUCT long-term,"Daellenbach et al., 2024, Nat. Geosci.",peakList_figaero_check_particle_winter_summer_v7.db
C7H8IO7S,-,362.90410,organic,I-,particle,FIGAERO-LTOF-CIMS,Chao Yan,Beijing urban (BUCT),atmosphere,urban,BUCT long-term,"Daellenbach et al., 2024, Nat. Geosci.",peakList_figaero_check_particle_winter_summer_v7.db
C11H8IO6,-,362.93711,organic,I-,particle,FIGAERO-LTOF-CIMS,Chao Yan,Beijing urban (BUCT),atmosphere,urban,BUCT long-term,"Daellenbach et al., 2024, Nat. Geosci.",peakList_figaero_check_particle_winter_summer_v7.db
C7H12IN2O7,-,362.96947,organic,I-,particle,FIGAERO-LTOF-CIMS,Chao Yan,Beijing urban (BUCT),atmosphere,urban,BUCT long-term,"Daellenbach et al., 2024, Nat. Geosci.",peakList_figaero_check_particle_winter_summer_v7.db
C8H16IN2O6,-,363.00586,organic,I-,particle,FIGAERO-LTOF-CIMS,Chao Yan,Beijing urban (BUCT),atmosphere,urban,BUCT long-term,"Daellenbach et al., 2024, Nat. Geosci.",peakList_figaero_check_particle_winter_summer_v7.db
C14H20IO3,-,363.04627,organic,I-,particle,FIGAERO-LTOF-CIMS,Chao Yan,Beijing urban (BUCT),atmosphere,urban,BUCT long-term,"Daellenbach et al., 2024, Nat. Geosci.",peakList_figaero_check_particle_winter_summer_v7.db
C15H24IO2,-,363.08265,organic,I-,particle,FIGAERO-LTOF-CIMS,Chao Yan,Beijing urban (BUCT),atmosphere,urban,BUCT long-term,"Daellenbach et al., 2024, Nat. Geosci.",peakList_figaero_check_particle_winter_summer_v7.db
C10H7INO6,-,363.93236,organic,I-,particle,FIGAERO-LTOF-CIMS,Chao Yan,Beijing urban (BUCT),atmosphere,urban,BUCT long-term,"Daellenbach et al., 2024, Nat. Geosci.",peakList_figaero_check_particle_winter_summer_v7.db
C7H11INO8,-,363.95349,organic,I-,particle,FIGAERO-LTOF-CIMS,Chao Yan,Beijing urban (BUCT),atmosphere,urban,BUCT long-term,"Daellenbach et al., 2024, Nat. Geosci.",peakList_figaero_check_particle_winter_summer_v7.db
C11H11INO5,-,363.96874,organic,I-,particle,FIGAERO-LTOF-CIMS,Chao Yan,Beijing urban (BUCT),atmosphere,urban,BUCT long-term,"Daellenbach et al., 2024, Nat. Geosci.",peakList_figaero_check_particle_winter_summer_v7.db
C8H15INO7,-,363.98987,organic,I-,particle,FIGAERO-LTOF-CIMS,Chao Yan,Beijing urban (BUCT),atmosphere,urban,BUCT long-term,"Daellenbach et al., 2024, Nat. Geosci.",peakList_figaero_check_particle_winter_summer_v7.db
C12H15INO4,-,364.00513,organic,I-,particle,FIGAERO-LTOF-CIMS,Chao Yan,Beijing urban (BUCT),atmosphere,urban,BUCT long-term,"Daellenbach et al., 2024, Nat. Geosci.",peakList_figaero_check_particle_winter_summer_v7.db
C9H19INO6,-,364.02626,organic,I-,particle,FIGAERO-LTOF-CIMS,Chao Yan,Beijing urban (BUCT),atmosphere,urban,BUCT long-term,"Daellenbach et al., 2024, Nat. Geosci.",peakList_figaero_check_particle_winter_summer_v7.db
C13H19INO3,-,364.04152,organic,I-,particle,FIGAERO-LTOF-CIMS,Chao Yan,Beijing urban (BUCT),atmosphere,urban,BUCT long-term,"Daellenbach et al., 2024, Nat. Geosci.",peakList_figaero_check_particle_winter_summer_v7.db
C18H36O7,-,364.24665,organic,I-,particle,FIGAERO-LTOF-CIMS,Chao Yan,Beijing urban (BUCT),atmosphere,urban,BUCT long-term,"Daellenbach et al., 2024, Nat. Geosci.",peakList_figaero_check_particle_winter_summer_v7.db
C19H40O6,-,364.28304,organic,I-,particle,FIGAERO-LTOF-CIMS,Chao Yan,Beijing urban (BUCT),atmosphere,urban,BUCT long-term,"Daellenbach et al., 2024, Nat. Geosci.",peakList_figaero_check_particle_winter_summer_v7.db
C6H10Cl4IO,-,364.85360,organic,I-,particle,FIGAERO-LTOF-CIMS,Chao Yan,Beijing urban (BUCT),atmosphere,urban,BUCT long-term,"Daellenbach et al., 2024, Nat. Geosci.",peakList_figaero_check_particle_winter_summer_v7.db
C7H7ClIO7,-,364.89305,organic,I-,particle,FIGAERO-LTOF-CIMS,Chao Yan,Beijing urban (BUCT),atmosphere,urban,BUCT long-term,"Daellenbach et al., 2024, Nat. Geosci.",peakList_figaero_check_particle_winter_summer_v7.db
C10H6IO7,-,364.91637,organic,I-,particle,FIGAERO-LTOF-CIMS,Chao Yan,Beijing urban (BUCT),atmosphere,urban,BUCT long-term,"Daellenbach et al., 2024, Nat. Geosci.",peakList_figaero_check_particle_winter_summer_v7.db
C6H10IN2O8,-,364.94874,organic,I-,particle,FIGAERO-LTOF-CIMS,Chao Yan,Beijing urban (BUCT),atmosphere,urban,BUCT long-term,"Daellenbach et al., 2024, Nat. Geosci.",peakList_figaero_check_particle_winter_summer_v7.db
C10H10IN2O5,-,364.96399,organic,I-,particle,FIGAERO-LTOF-CIMS,Chao Yan,Beijing urban (BUCT),atmosphere,urban,BUCT long-term,"Daellenbach et al., 2024, Nat. Geosci.",peakList_figaero_check_particle_winter_summer_v7.db
C7H14IN2O7,-,364.98512,organic,I-,particle,FIGAERO-LTOF-CIMS,Chao Yan,Beijing urban (BUCT),atmosphere,urban,BUCT long-term,"Daellenbach et al., 2024, Nat. Geosci.",peakList_figaero_check_particle_winter_summer_v7.db
C13H18IO4,-,365.02553,organic,I-,particle,FIGAERO-LTOF-CIMS,Chao Yan,Beijing urban (BUCT),atmosphere,urban,BUCT long-term,"Daellenbach et al., 2024, Nat. Geosci.",peakList_figaero_check_particle_winter_summer_v7.db
C14H22IO3,-,365.06192,organic,I-,particle,FIGAERO-LTOF-CIMS,Chao Yan,Beijing urban (BUCT),atmosphere,urban,BUCT long-term,"Daellenbach et al., 2024, Nat. Geosci.",peakList_figaero_check_particle_winter_summer_v7.db
C9H5INO7,-,365.91162,organic,I-,particle,FIGAERO-LTOF-CIMS,Chao Yan,Beijing urban (BUCT),atmosphere,urban,BUCT long-term,"Daellenbach et al., 2024, Nat. Geosci.",peakList_figaero_check_particle_winter_summer_v7.db
C10H9INO6,-,365.94801,organic,I-,particle,FIGAERO-LTOF-CIMS,Chao Yan,Beijing urban (BUCT),atmosphere,urban,BUCT long-term,"Daellenbach et al., 2024, Nat. Geosci.",peakList_figaero_check_particle_winter_summer_v7.db
C7H13INO8,-,365.96914,organic,I-,particle,FIGAERO-LTOF-CIMS,Chao Yan,Beijing urban (BUCT),atmosphere,urban,BUCT long-term,"Daellenbach et al., 2024, Nat. Geosci.",peakList_figaero_check_particle_winter_summer_v7.db
C11H13INO5,-,365.98439,organic,I-,particle,FIGAERO-LTOF-CIMS,Chao Yan,Beijing urban (BUCT),atmosphere,urban,BUCT long-term,"Daellenbach et al., 2024, Nat. Geosci.",peakList_figaero_check_particle_winter_summer_v7.db
C12H17INO4,-,366.02078,organic,I-,particle,FIGAERO-LTOF-CIMS,Chao Yan,Beijing urban (BUCT),atmosphere,urban,BUCT long-term,"Daellenbach et al., 2024, Nat. Geosci.",peakList_figaero_check_particle_winter_summer_v7.db
C13H21INO3,-,366.05717,organic,I-,particle,FIGAERO-LTOF-CIMS,Chao Yan,Beijing urban (BUCT),atmosphere,urban,BUCT long-term,"Daellenbach et al., 2024, Nat. Geosci.",peakList_figaero_check_particle_winter_summer_v7.db
C14H25INO2,-,366.09355,organic,I-,particle,FIGAERO-LTOF-CIMS,Chao Yan,Beijing urban (BUCT),atmosphere,urban,BUCT long-term,"Daellenbach et al., 2024, Nat. Geosci.",peakList_figaero_check_particle_winter_summer_v7.db
C15H29INO,-,366.12994,organic,I-,particle,FIGAERO-LTOF-CIMS,Chao Yan,Beijing urban (BUCT),atmosphere,urban,BUCT long-term,"Daellenbach et al., 2024, Nat. Geosci.",peakList_figaero_check_particle_winter_summer_v7.db
C16H32NO8,-,366.21334,organic,I-,particle,FIGAERO-LTOF-CIMS,Chao Yan,Beijing urban (BUCT),atmosphere,urban,BUCT long-term,"Daellenbach et al., 2024, Nat. Geosci.",peakList_figaero_check_particle_winter_summer_v7.db
C22H38O4,-,366.27756,organic,I-,particle,FIGAERO-LTOF-CIMS,Chao Yan,Beijing urban (BUCT),atmosphere,urban,BUCT long-term,"Daellenbach et al., 2024, Nat. Geosci.",peakList_figaero_check_particle_winter_summer_v7.db
C4H4IN2O10,-,366.89162,organic,I-,particle,FIGAERO-LTOF-CIMS,Chao Yan,Beijing urban (BUCT),atmosphere,urban,BUCT long-term,"Daellenbach et al., 2024, Nat. Geosci.",peakList_figaero_check_particle_winter_summer_v7.db
C6H8IO8S,-,366.89901,organic,I-,particle,FIGAERO-LTOF-CIMS,Chao Yan,Beijing urban (BUCT),atmosphere,urban,BUCT long-term,"Daellenbach et al., 2024, Nat. Geosci.",peakList_figaero_check_particle_winter_summer_v7.db
C5H8IN2O9,-,366.92800,organic,I-,particle,FIGAERO-LTOF-CIMS,Chao Yan,Beijing urban (BUCT),atmosphere,urban,BUCT long-term,"Daellenbach et al., 2024, Nat. Geosci.",peakList_figaero_check_particle_winter_summer_v7.db
C6H12IN2O8,-,366.96439,organic,I-,particle,FIGAERO-LTOF-CIMS,Chao Yan,Beijing urban (BUCT),atmosphere,urban,BUCT long-term,"Daellenbach et al., 2024, Nat. Geosci.",peakList_figaero_check_particle_winter_summer_v7.db
C12H16IO5,-,367.00480,organic,I-,particle,FIGAERO-LTOF-CIMS,Chao Yan,Beijing urban (BUCT),atmosphere,urban,BUCT long-term,"Daellenbach et al., 2024, Nat. Geosci.",peakList_figaero_check_particle_winter_summer_v7.db
C13H20IO4,-,367.04118,organic,I-,particle,FIGAERO-LTOF-CIMS,Chao Yan,Beijing urban (BUCT),atmosphere,urban,BUCT long-term,"Daellenbach et al., 2024, Nat. Geosci.",peakList_figaero_check_particle_winter_summer_v7.db
C14H24IO3,-,367.07757,organic,I-,particle,FIGAERO-LTOF-CIMS,Chao Yan,Beijing urban (BUCT),atmosphere,urban,BUCT long-term,"Daellenbach et al., 2024, Nat. Geosci.",peakList_figaero_check_particle_winter_summer_v7.db
C15H28IO2,-,367.11395,organic,I-,particle,FIGAERO-LTOF-CIMS,Chao Yan,Beijing urban (BUCT),atmosphere,urban,BUCT long-term,"Daellenbach et al., 2024, Nat. Geosci.",peakList_figaero_check_particle_winter_summer_v7.db
C4H3INO9S,-,367.85787,organic,I-,particle,FIGAERO-LTOF-CIMS,Chao Yan,Beijing urban (BUCT),atmosphere,urban,BUCT long-term,"Daellenbach et al., 2024, Nat. Geosci.",peakList_figaero_check_particle_winter_summer_v7.db
C5H7INO8S,-,367.89426,organic,I-,particle,FIGAERO-LTOF-CIMS,Chao Yan,Beijing urban (BUCT),atmosphere,urban,BUCT long-term,"Daellenbach et al., 2024, Nat. Geosci.",peakList_figaero_check_particle_winter_summer_v7.db
C9H7INO7,-,367.92727,organic,I-,particle,FIGAERO-LTOF-CIMS,Chao Yan,Beijing urban (BUCT),atmosphere,urban,BUCT long-term,"Daellenbach et al., 2024, Nat. Geosci.",peakList_figaero_check_particle_winter_summer_v7.db
C10H11INO6,-,367.96366,organic,I-,particle,FIGAERO-LTOF-CIMS,Chao Yan,Beijing urban (BUCT),atmosphere,urban,BUCT long-term,"Daellenbach et al., 2024, Nat. Geosci.",peakList_figaero_check_particle_winter_summer_v7.db
C11H15INO5,-,368.00004,organic,I-,particle,FIGAERO-LTOF-CIMS,Chao Yan,Beijing urban (BUCT),atmosphere,urban,BUCT long-term,"Daellenbach et al., 2024, Nat. Geosci.",peakList_figaero_check_particle_winter_summer_v7.db
C12H19INO4,-,368.03643,organic,I-,particle,FIGAERO-LTOF-CIMS,Chao Yan,Beijing urban (BUCT),atmosphere,urban,BUCT long-term,"Daellenbach et al., 2024, Nat. Geosci.",peakList_figaero_check_particle_winter_summer_v7.db
C13H23INO3,-,368.07282,organic,I-,particle,FIGAERO-LTOF-CIMS,Chao Yan,Beijing urban (BUCT),atmosphere,urban,BUCT long-term,"Daellenbach et al., 2024, Nat. Geosci.",peakList_figaero_check_particle_winter_summer_v7.db
C14H27INO2,-,368.10920,organic,I-,particle,FIGAERO-LTOF-CIMS,Chao Yan,Beijing urban (BUCT),atmosphere,urban,BUCT long-term,"Daellenbach et al., 2024, Nat. Geosci.",peakList_figaero_check_particle_winter_summer_v7.db
C15H31INO,-,368.14559,organic,I-,particle,FIGAERO-LTOF-CIMS,Chao Yan,Beijing urban (BUCT),atmosphere,urban,BUCT long-term,"Daellenbach et al., 2024, Nat. Geosci.",peakList_figaero_check_particle_winter_summer_v7.db
C20H34NO5,-,368.24425,organic,I-,particle,FIGAERO-LTOF-CIMS,Chao Yan,Beijing urban (BUCT),atmosphere,urban,BUCT long-term,"Daellenbach et al., 2024, Nat. Geosci.",peakList_figaero_check_particle_winter_summer_v7.db
C6H7ClIO8,-,368.88797,organic,I-,particle,FIGAERO-LTOF-CIMS,Chao Yan,Beijing urban (BUCT),atmosphere,urban,BUCT long-term,"Daellenbach et al., 2024, Nat. Geosci.",peakList_figaero_check_particle_winter_summer_v7.db
C8H6IN2O7,-,368.92252,organic,I-,particle,FIGAERO-LTOF-CIMS,Chao Yan,Beijing urban (BUCT),atmosphere,urban,BUCT long-term,"Daellenbach et al., 2024, Nat. Geosci.",peakList_figaero_check_particle_winter_summer_v7.db
C10H10IO7,-,368.94767,organic,I-,particle,FIGAERO-LTOF-CIMS,Chao Yan,Beijing urban (BUCT),atmosphere,urban,BUCT long-term,"Daellenbach et al., 2024, Nat. Geosci.",peakList_figaero_check_particle_winter_summer_v7.db
C11H14IO6,-,368.98406,organic,I-,particle,FIGAERO-LTOF-CIMS,Chao Yan,Beijing urban (BUCT),atmosphere,urban,BUCT long-term,"Daellenbach et al., 2024, Nat. Geosci.",peakList_figaero_check_particle_winter_summer_v7.db
C12H18IO5,-,369.02045,organic,I-,particle,FIGAERO-LTOF-CIMS,Chao Yan,Beijing urban (BUCT),atmosphere,urban,BUCT long-term,"Daellenbach et al., 2024, Nat. Geosci.",peakList_figaero_check_particle_winter_summer_v7.db
C13H22IO4,-,369.05683,organic,I-,particle,FIGAERO-LTOF-CIMS,Chao Yan,Beijing urban (BUCT),atmosphere,urban,BUCT long-term,"Daellenbach et al., 2024, Nat. Geosci.",peakList_figaero_check_particle_winter_summer_v7.db
C14H26IO3,-,369.09322,organic,I-,particle,FIGAERO-LTOF-CIMS,Chao Yan,Beijing urban (BUCT),atmosphere,urban,BUCT long-term,"Daellenbach et al., 2024, Nat. Geosci.",peakList_figaero_check_particle_winter_summer_v7.db
C15H30IO2,-,369.12960,organic,I-,particle,FIGAERO-LTOF-CIMS,Chao Yan,Beijing urban (BUCT),atmosphere,urban,BUCT long-term,"Daellenbach et al., 2024, Nat. Geosci.",peakList_figaero_check_particle_winter_summer_v7.db
C8H5INO8,-,369.90654,organic,I-,particle,FIGAERO-LTOF-CIMS,Chao Yan,Beijing urban (BUCT),atmosphere,urban,BUCT long-term,"Daellenbach et al., 2024, Nat. Geosci.",peakList_figaero_check_particle_winter_summer_v7.db
C9H9INO7,-,369.94292,organic,I-,particle,FIGAERO-LTOF-CIMS,Chao Yan,Beijing urban (BUCT),atmosphere,urban,BUCT long-term,"Daellenbach et al., 2024, Nat. Geosci.",peakList_figaero_check_particle_winter_summer_v7.db
C10H13INO6,-,369.97931,organic,I-,particle,FIGAERO-LTOF-CIMS,Chao Yan,Beijing urban (BUCT),atmosphere,urban,BUCT long-term,"Daellenbach et al., 2024, Nat. Geosci.",peakList_figaero_check_particle_winter_summer_v7.db
C11H17INO5,-,370.01569,organic,I-,particle,FIGAERO-LTOF-CIMS,Chao Yan,Beijing urban (BUCT),atmosphere,urban,BUCT long-term,"Daellenbach et al., 2024, Nat. Geosci.",peakList_figaero_check_particle_winter_summer_v7.db
C12H21INO4,-,370.05208,organic,I-,particle,FIGAERO-LTOF-CIMS,Chao Yan,Beijing urban (BUCT),atmosphere,urban,BUCT long-term,"Daellenbach et al., 2024, Nat. Geosci.",peakList_figaero_check_particle_winter_summer_v7.db
C13H25INO3,-,370.08847,organic,I-,particle,FIGAERO-LTOF-CIMS,Chao Yan,Beijing urban (BUCT),atmosphere,urban,BUCT long-term,"Daellenbach et al., 2024, Nat. Geosci.",peakList_figaero_check_particle_winter_summer_v7.db
C5H8IO9S,-,370.89392,organic,I-,particle,FIGAERO-LTOF-CIMS,Chao Yan,Beijing urban (BUCT),atmosphere,urban,BUCT long-term,"Daellenbach et al., 2024, Nat. Geosci.",peakList_figaero_check_particle_winter_summer_v7.db
C5H8IO11,-,370.91168,organic,I-,particle,FIGAERO-LTOF-CIMS,Chao Yan,Beijing urban (BUCT),atmosphere,urban,BUCT long-term,"Daellenbach et al., 2024, Nat. Geosci.",peakList_figaero_check_particle_winter_summer_v7.db
C9H8IO8,-,370.92694,organic,I-,particle,FIGAERO-LTOF-CIMS,Chao Yan,Beijing urban (BUCT),atmosphere,urban,BUCT long-term,"Daellenbach et al., 2024, Nat. Geosci.",peakList_figaero_check_particle_winter_summer_v7.db
C10H12IO7,-,370.96332,organic,I-,particle,FIGAERO-LTOF-CIMS,Chao Yan,Beijing urban (BUCT),atmosphere,urban,BUCT long-term,"Daellenbach et al., 2024, Nat. Geosci.",peakList_figaero_check_particle_winter_summer_v7.db
C11H16IO6,-,370.99971,organic,I-,particle,FIGAERO-LTOF-CIMS,Chao Yan,Beijing urban (BUCT),atmosphere,urban,BUCT long-term,"Daellenbach et al., 2024, Nat. Geosci.",peakList_figaero_check_particle_winter_summer_v7.db
C15H16IO3,-,371.01497,organic,I-,particle,FIGAERO-LTOF-CIMS,Chao Yan,Beijing urban (BUCT),atmosphere,urban,BUCT long-term,"Daellenbach et al., 2024, Nat. Geosci.",peakList_figaero_check_particle_winter_summer_v7.db
C12H20IO5,-,371.03610,organic,I-,particle,FIGAERO-LTOF-CIMS,Chao Yan,Beijing urban (BUCT),atmosphere,urban,BUCT long-term,"Daellenbach et al., 2024, Nat. Geosci.",peakList_figaero_check_particle_winter_summer_v7.db
C13H24IO4,-,371.07248,organic,I-,particle,FIGAERO-LTOF-CIMS,Chao Yan,Beijing urban (BUCT),atmosphere,urban,BUCT long-term,"Daellenbach et al., 2024, Nat. Geosci.",peakList_figaero_check_particle_winter_summer_v7.db
C14H28IO3,-,371.10887,organic,I-,particle,FIGAERO-LTOF-CIMS,Chao Yan,Beijing urban (BUCT),atmosphere,urban,BUCT long-term,"Daellenbach et al., 2024, Nat. Geosci.",peakList_figaero_check_particle_winter_summer_v7.db
C4H7INO9S,-,371.88917,organic,I-,particle,FIGAERO-LTOF-CIMS,Chao Yan,Beijing urban (BUCT),atmosphere,urban,BUCT long-term,"Daellenbach et al., 2024, Nat. Geosci.",peakList_figaero_check_particle_winter_summer_v7.db
C9H11INO7,-,371.95857,organic,I-,particle,FIGAERO-LTOF-CIMS,Chao Yan,Beijing urban (BUCT),atmosphere,urban,BUCT long-term,"Daellenbach et al., 2024, Nat. Geosci.",peakList_figaero_check_particle_winter_summer_v7.db
C10H15INO6,-,371.99496,organic,I-,particle,FIGAERO-LTOF-CIMS,Chao Yan,Beijing urban (BUCT),atmosphere,urban,BUCT long-term,"Daellenbach et al., 2024, Nat. Geosci.",peakList_figaero_check_particle_winter_summer_v7.db
C11H19INO5,-,372.03134,organic,I-,particle,FIGAERO-LTOF-CIMS,Chao Yan,Beijing urban (BUCT),atmosphere,urban,BUCT long-term,"Daellenbach et al., 2024, Nat. Geosci.",peakList_figaero_check_particle_winter_summer_v7.db
C12H23INO4,-,372.06773,organic,I-,particle,FIGAERO-LTOF-CIMS,Chao Yan,Beijing urban (BUCT),atmosphere,urban,BUCT long-term,"Daellenbach et al., 2024, Nat. Geosci.",peakList_figaero_check_particle_winter_summer_v7.db
C14H28O9S,-,372.14595,organic,I-,particle,FIGAERO-LTOF-CIMS,Chao Yan,Beijing urban (BUCT),atmosphere,urban,BUCT long-term,"Daellenbach et al., 2024, Nat. Geosci.",peakList_figaero_check_particle_winter_summer_v7.db
C8H6IO7S,-,372.88845,organic,I-,particle,FIGAERO-LTOF-CIMS,Chao Yan,Beijing urban (BUCT),atmosphere,urban,BUCT long-term,"Daellenbach et al., 2024, Nat. Geosci.",peakList_figaero_check_particle_winter_summer_v7.db
C3H6IN2O11,-,372.90218,organic,I-,particle,FIGAERO-LTOF-CIMS,Chao Yan,Beijing urban (BUCT),atmosphere,urban,BUCT long-term,"Daellenbach et al., 2024, Nat. Geosci.",peakList_figaero_check_particle_winter_summer_v7.db
C5H10IO9S,-,372.90957,organic,I-,particle,FIGAERO-LTOF-CIMS,Chao Yan,Beijing urban (BUCT),atmosphere,urban,BUCT long-term,"Daellenbach et al., 2024, Nat. Geosci.",peakList_figaero_check_particle_winter_summer_v7.db
C8H10IN2O7,-,372.95382,organic,I-,particle,FIGAERO-LTOF-CIMS,Chao Yan,Beijing urban (BUCT),atmosphere,urban,BUCT long-term,"Daellenbach et al., 2024, Nat. Geosci.",peakList_figaero_check_particle_winter_summer_v7.db
C9H14IN2O6,-,372.99021,organic,I-,particle,FIGAERO-LTOF-CIMS,Chao Yan,Beijing urban (BUCT),atmosphere,urban,BUCT long-term,"Daellenbach et al., 2024, Nat. Geosci.",peakList_figaero_check_particle_winter_summer_v7.db
C10H18IN2O5,-,373.02659,organic,I-,particle,FIGAERO-LTOF-CIMS,Chao Yan,Beijing urban (BUCT),atmosphere,urban,BUCT long-term,"Daellenbach et al., 2024, Nat. Geosci.",peakList_figaero_check_particle_winter_summer_v7.db
C11H22IN2O4,-,373.06298,organic,I-,particle,FIGAERO-LTOF-CIMS,Chao Yan,Beijing urban (BUCT),atmosphere,urban,BUCT long-term,"Daellenbach et al., 2024, Nat. Geosci.",peakList_figaero_check_particle_winter_summer_v7.db
C17H26IO,-,373.10339,organic,I-,particle,FIGAERO-LTOF-CIMS,Chao Yan,Beijing urban (BUCT),atmosphere,urban,BUCT long-term,"Daellenbach et al., 2024, Nat. Geosci.",peakList_figaero_check_particle_winter_summer_v7.db
C8H9INO8,-,373.93784,organic,I-,particle,FIGAERO-LTOF-CIMS,Chao Yan,Beijing urban (BUCT),atmosphere,urban,BUCT long-term,"Daellenbach et al., 2024, Nat. Geosci.",peakList_figaero_check_particle_winter_summer_v7.db
C9H13INO7,-,373.97422,organic,I-,particle,FIGAERO-LTOF-CIMS,Chao Yan,Beijing urban (BUCT),atmosphere,urban,BUCT long-term,"Daellenbach et al., 2024, Nat. Geosci.",peakList_figaero_check_particle_winter_summer_v7.db
C10H17INO6,-,374.01061,organic,I-,particle,FIGAERO-LTOF-CIMS,Chao Yan,Beijing urban (BUCT),atmosphere,urban,BUCT long-term,"Daellenbach et al., 2024, Nat. Geosci.",peakList_figaero_check_particle_winter_summer_v7.db
C11H21INO5,-,374.04699,organic,I-,particle,FIGAERO-LTOF-CIMS,Chao Yan,Beijing urban (BUCT),atmosphere,urban,BUCT long-term,"Daellenbach et al., 2024, Nat. Geosci.",peakList_figaero_check_particle_winter_summer_v7.db
C12H25INO4,-,374.08338,organic,I-,particle,FIGAERO-LTOF-CIMS,Chao Yan,Beijing urban (BUCT),atmosphere,urban,BUCT long-term,"Daellenbach et al., 2024, Nat. Geosci.",peakList_figaero_check_particle_winter_summer_v7.db
C6H4IN2O9,-,374.89670,organic,I-,particle,FIGAERO-LTOF-CIMS,Chao Yan,Beijing urban (BUCT),atmosphere,urban,BUCT long-term,"Daellenbach et al., 2024, Nat. Geosci.",peakList_figaero_check_particle_winter_summer_v7.db
C7H8IN2O8,-,374.93309,organic,I-,particle,FIGAERO-LTOF-CIMS,Chao Yan,Beijing urban (BUCT),atmosphere,urban,BUCT long-term,"Daellenbach et al., 2024, Nat. Geosci.",peakList_figaero_check_particle_winter_summer_v7.db
C8H12IN2O7,-,374.96947,organic,I-,particle,FIGAERO-LTOF-CIMS,Chao Yan,Beijing urban (BUCT),atmosphere,urban,BUCT long-term,"Daellenbach et al., 2024, Nat. Geosci.",peakList_figaero_check_particle_winter_summer_v7.db
C9H16IN2O6,-,375.00586,organic,I-,particle,FIGAERO-LTOF-CIMS,Chao Yan,Beijing urban (BUCT),atmosphere,urban,BUCT long-term,"Daellenbach et al., 2024, Nat. Geosci.",peakList_figaero_check_particle_winter_summer_v7.db
C10H20IN2O5,-,375.04224,organic,I-,particle,FIGAERO-LTOF-CIMS,Chao Yan,Beijing urban (BUCT),atmosphere,urban,BUCT long-term,"Daellenbach et al., 2024, Nat. Geosci.",peakList_figaero_check_particle_winter_summer_v7.db
C11H24IN2O4,-,375.07863,organic,I-,particle,FIGAERO-LTOF-CIMS,Chao Yan,Beijing urban (BUCT),atmosphere,urban,BUCT long-term,"Daellenbach et al., 2024, Nat. Geosci.",peakList_figaero_check_particle_winter_summer_v7.db
C7H7INO9,-,375.91710,organic,I-,particle,FIGAERO-LTOF-CIMS,Chao Yan,Beijing urban (BUCT),atmosphere,urban,BUCT long-term,"Daellenbach et al., 2024, Nat. Geosci.",peakList_figaero_check_particle_winter_summer_v7.db
C8H11INO8,-,375.95349,organic,I-,particle,FIGAERO-LTOF-CIMS,Chao Yan,Beijing urban (BUCT),atmosphere,urban,BUCT long-term,"Daellenbach et al., 2024, Nat. Geosci.",peakList_figaero_check_particle_winter_summer_v7.db
C9H15INO7,-,375.98987,organic,I-,particle,FIGAERO-LTOF-CIMS,Chao Yan,Beijing urban (BUCT),atmosphere,urban,BUCT long-term,"Daellenbach et al., 2024, Nat. Geosci.",peakList_figaero_check_particle_winter_summer_v7.db
C13H15INO4,-,376.00513,organic,I-,particle,FIGAERO-LTOF-CIMS,Chao Yan,Beijing urban (BUCT),atmosphere,urban,BUCT long-term,"Daellenbach et al., 2024, Nat. Geosci.",peakList_figaero_check_particle_winter_summer_v7.db
C10H19INO6,-,376.02626,organic,I-,particle,FIGAERO-LTOF-CIMS,Chao Yan,Beijing urban (BUCT),atmosphere,urban,BUCT long-term,"Daellenbach et al., 2024, Nat. Geosci.",peakList_figaero_check_particle_winter_summer_v7.db
C11H23INO5,-,376.06264,organic,I-,particle,FIGAERO-LTOF-CIMS,Chao Yan,Beijing urban (BUCT),atmosphere,urban,BUCT long-term,"Daellenbach et al., 2024, Nat. Geosci.",peakList_figaero_check_particle_winter_summer_v7.db
C7H6IO8S,-,376.88336,organic,I-,particle,FIGAERO-LTOF-CIMS,Chao Yan,Beijing urban (BUCT),atmosphere,urban,BUCT long-term,"Daellenbach et al., 2024, Nat. Geosci.",peakList_figaero_check_particle_winter_summer_v7.db
C6H6IN2O9,-,376.91235,organic,I-,particle,FIGAERO-LTOF-CIMS,Chao Yan,Beijing urban (BUCT),atmosphere,urban,BUCT long-term,"Daellenbach et al., 2024, Nat. Geosci.",peakList_figaero_check_particle_winter_summer_v7.db
C7H10IN2O8,-,376.94874,organic,I-,particle,FIGAERO-LTOF-CIMS,Chao Yan,Beijing urban (BUCT),atmosphere,urban,BUCT long-term,"Daellenbach et al., 2024, Nat. Geosci.",peakList_figaero_check_particle_winter_summer_v7.db
C8H14IN2O7,-,376.98512,organic,I-,particle,FIGAERO-LTOF-CIMS,Chao Yan,Beijing urban (BUCT),atmosphere,urban,BUCT long-term,"Daellenbach et al., 2024, Nat. Geosci.",peakList_figaero_check_particle_winter_summer_v7.db
C9H18IN2O6,-,377.02151,organic,I-,particle,FIGAERO-LTOF-CIMS,Chao Yan,Beijing urban (BUCT),atmosphere,urban,BUCT long-term,"Daellenbach et al., 2024, Nat. Geosci.",peakList_figaero_check_particle_winter_summer_v7.db
C11H22IO6,-,377.04666,organic,I-,particle,FIGAERO-LTOF-CIMS,Chao Yan,Beijing urban (BUCT),atmosphere,urban,BUCT long-term,"Daellenbach et al., 2024, Nat. Geosci.",peakList_figaero_check_particle_winter_summer_v7.db
C15H22IO3,-,377.06192,organic,I-,particle,FIGAERO-LTOF-CIMS,Chao Yan,Beijing urban (BUCT),atmosphere,urban,BUCT long-term,"Daellenbach et al., 2024, Nat. Geosci.",peakList_figaero_check_particle_winter_summer_v7.db
C12H26IO5,-,377.08305,organic,I-,particle,FIGAERO-LTOF-CIMS,Chao Yan,Beijing urban (BUCT),atmosphere,urban,BUCT long-term,"Daellenbach et al., 2024, Nat. Geosci.",peakList_figaero_check_particle_winter_summer_v7.db
C16H26IO2,-,377.09830,organic,I-,particle,FIGAERO-LTOF-CIMS,Chao Yan,Beijing urban (BUCT),atmosphere,urban,BUCT long-term,"Daellenbach et al., 2024, Nat. Geosci.",peakList_figaero_check_particle_winter_summer_v7.db
C11H9INO6,-,377.94801,organic,I-,particle,FIGAERO-LTOF-CIMS,Chao Yan,Beijing urban (BUCT),atmosphere,urban,BUCT long-term,"Daellenbach et al., 2024, Nat. Geosci.",peakList_figaero_check_particle_winter_summer_v7.db
C8H13INO8,-,377.96914,organic,I-,particle,FIGAERO-LTOF-CIMS,Chao Yan,Beijing urban (BUCT),atmosphere,urban,BUCT long-term,"Daellenbach et al., 2024, Nat. Geosci.",peakList_figaero_check_particle_winter_summer_v7.db
C12H13INO5,-,377.98439,organic,I-,particle,FIGAERO-LTOF-CIMS,Chao Yan,Beijing urban (BUCT),atmosphere,urban,BUCT long-term,"Daellenbach et al., 2024, Nat. Geosci.",peakList_figaero_check_particle_winter_summer_v7.db
C9H17INO7,-,378.00552,organic,I-,particle,FIGAERO-LTOF-CIMS,Chao Yan,Beijing urban (BUCT),atmosphere,urban,BUCT long-term,"Daellenbach et al., 2024, Nat. Geosci.",peakList_figaero_check_particle_winter_summer_v7.db
C13H17INO4,-,378.02078,organic,I-,particle,FIGAERO-LTOF-CIMS,Chao Yan,Beijing urban (BUCT),atmosphere,urban,BUCT long-term,"Daellenbach et al., 2024, Nat. Geosci.",peakList_figaero_check_particle_winter_summer_v7.db
C14H21INO3,-,378.05717,organic,I-,particle,FIGAERO-LTOF-CIMS,Chao Yan,Beijing urban (BUCT),atmosphere,urban,BUCT long-term,"Daellenbach et al., 2024, Nat. Geosci.",peakList_figaero_check_particle_winter_summer_v7.db
C15H25INO2,-,378.09355,organic,I-,particle,FIGAERO-LTOF-CIMS,Chao Yan,Beijing urban (BUCT),atmosphere,urban,BUCT long-term,"Daellenbach et al., 2024, Nat. Geosci.",peakList_figaero_check_particle_winter_summer_v7.db
C6H4IO9S,-,378.86262,organic,I-,particle,FIGAERO-LTOF-CIMS,Chao Yan,Beijing urban (BUCT),atmosphere,urban,BUCT long-term,"Daellenbach et al., 2024, Nat. Geosci.",peakList_figaero_check_particle_winter_summer_v7.db
C5H4IN2O10,-,378.89162,organic,I-,particle,FIGAERO-LTOF-CIMS,Chao Yan,Beijing urban (BUCT),atmosphere,urban,BUCT long-term,"Daellenbach et al., 2024, Nat. Geosci.",peakList_figaero_check_particle_winter_summer_v7.db
C7H8IO8S,-,378.89901,organic,I-,particle,FIGAERO-LTOF-CIMS,Chao Yan,Beijing urban (BUCT),atmosphere,urban,BUCT long-term,"Daellenbach et al., 2024, Nat. Geosci.",peakList_figaero_check_particle_winter_summer_v7.db
C6H8IN2O9,-,378.92800,organic,I-,particle,FIGAERO-LTOF-CIMS,Chao Yan,Beijing urban (BUCT),atmosphere,urban,BUCT long-term,"Daellenbach et al., 2024, Nat. Geosci.",peakList_figaero_check_particle_winter_summer_v7.db
C7H12IN2O8,-,378.96439,organic,I-,particle,FIGAERO-LTOF-CIMS,Chao Yan,Beijing urban (BUCT),atmosphere,urban,BUCT long-term,"Daellenbach et al., 2024, Nat. Geosci.",peakList_figaero_check_particle_winter_summer_v7.db
C8H16IN2O7,-,379.00077,organic,I-,particle,FIGAERO-LTOF-CIMS,Chao Yan,Beijing urban (BUCT),atmosphere,urban,BUCT long-term,"Daellenbach et al., 2024, Nat. Geosci.",peakList_figaero_check_particle_winter_summer_v7.db
C14H20IO4,-,379.04118,organic,I-,particle,FIGAERO-LTOF-CIMS,Chao Yan,Beijing urban (BUCT),atmosphere,urban,BUCT long-term,"Daellenbach et al., 2024, Nat. Geosci.",peakList_figaero_check_particle_winter_summer_v7.db
C15H24IO3,-,379.07757,organic,I-,particle,FIGAERO-LTOF-CIMS,Chao Yan,Beijing urban (BUCT),atmosphere,urban,BUCT long-term,"Daellenbach et al., 2024, Nat. Geosci.",peakList_figaero_check_particle_winter_summer_v7.db
C16H28IO2,-,379.11395,organic,I-,particle,FIGAERO-LTOF-CIMS,Chao Yan,Beijing urban (BUCT),atmosphere,urban,BUCT long-term,"Daellenbach et al., 2024, Nat. Geosci.",peakList_figaero_check_particle_winter_summer_v7.db
C10H7INO7,-,379.92727,organic,I-,particle,FIGAERO-LTOF-CIMS,Chao Yan,Beijing urban (BUCT),atmosphere,urban,BUCT long-term,"Daellenbach et al., 2024, Nat. Geosci.",peakList_figaero_check_particle_winter_summer_v7.db
C7H11INO9,-,379.94840,organic,I-,particle,FIGAERO-LTOF-CIMS,Chao Yan,Beijing urban (BUCT),atmosphere,urban,BUCT long-term,"Daellenbach et al., 2024, Nat. Geosci.",peakList_figaero_check_particle_winter_summer_v7.db
C11H11INO6,-,379.96366,organic,I-,particle,FIGAERO-LTOF-CIMS,Chao Yan,Beijing urban (BUCT),atmosphere,urban,BUCT long-term,"Daellenbach et al., 2024, Nat. Geosci.",peakList_figaero_check_particle_winter_summer_v7.db
C8H15INO8,-,379.98479,organic,I-,particle,FIGAERO-LTOF-CIMS,Chao Yan,Beijing urban (BUCT),atmosphere,urban,BUCT long-term,"Daellenbach et al., 2024, Nat. Geosci.",peakList_figaero_check_particle_winter_summer_v7.db
C12H15INO5,-,380.00004,organic,I-,particle,FIGAERO-LTOF-CIMS,Chao Yan,Beijing urban (BUCT),atmosphere,urban,BUCT long-term,"Daellenbach et al., 2024, Nat. Geosci.",peakList_figaero_check_particle_winter_summer_v7.db
C13H19INO4,-,380.03643,organic,I-,particle,FIGAERO-LTOF-CIMS,Chao Yan,Beijing urban (BUCT),atmosphere,urban,BUCT long-term,"Daellenbach et al., 2024, Nat. Geosci.",peakList_figaero_check_particle_winter_summer_v7.db
C14H23INO3,-,380.07282,organic,I-,particle,FIGAERO-LTOF-CIMS,Chao Yan,Beijing urban (BUCT),atmosphere,urban,BUCT long-term,"Daellenbach et al., 2024, Nat. Geosci.",peakList_figaero_check_particle_winter_summer_v7.db
C15H27INO2,-,380.10920,organic,I-,particle,FIGAERO-LTOF-CIMS,Chao Yan,Beijing urban (BUCT),atmosphere,urban,BUCT long-term,"Daellenbach et al., 2024, Nat. Geosci.",peakList_figaero_check_particle_winter_summer_v7.db
I3,-,380.71397,inorganic,I-,particle,FIGAERO-LTOF-CIMS,Chao Yan,Beijing urban (BUCT),atmosphere,urban,BUCT long-term,"Daellenbach et al., 2024, Nat. Geosci.",peakList_figaero_check_particle_winter_summer_v7.db
C6H6IO9S,-,380.87827,organic,I-,particle,FIGAERO-LTOF-CIMS,Chao Yan,Beijing urban (BUCT),atmosphere,urban,BUCT long-term,"Daellenbach et al., 2024, Nat. Geosci.",peakList_figaero_check_particle_winter_summer_v7.db
C12H14IO6,-,380.98406,organic,I-,particle,FIGAERO-LTOF-CIMS,Chao Yan,Beijing urban (BUCT),atmosphere,urban,BUCT long-term,"Daellenbach et al., 2024, Nat. Geosci.",peakList_figaero_check_particle_winter_summer_v7.db
C13H18IO5,-,381.02045,organic,I-,particle,FIGAERO-LTOF-CIMS,Chao Yan,Beijing urban (BUCT),atmosphere,urban,BUCT long-term,"Daellenbach et al., 2024, Nat. Geosci.",peakList_figaero_check_particle_winter_summer_v7.db
C14H22IO4,-,381.05683,organic,I-,particle,FIGAERO-LTOF-CIMS,Chao Yan,Beijing urban (BUCT),atmosphere,urban,BUCT long-term,"Daellenbach et al., 2024, Nat. Geosci.",peakList_figaero_check_particle_winter_summer_v7.db
C15H26IO3,-,381.09322,organic,I-,particle,FIGAERO-LTOF-CIMS,Chao Yan,Beijing urban (BUCT),atmosphere,urban,BUCT long-term,"Daellenbach et al., 2024, Nat. Geosci.",peakList_figaero_check_particle_winter_summer_v7.db
C16H30IO2,-,381.12960,organic,I-,particle,FIGAERO-LTOF-CIMS,Chao Yan,Beijing urban (BUCT),atmosphere,urban,BUCT long-term,"Daellenbach et al., 2024, Nat. Geosci.",peakList_figaero_check_particle_winter_summer_v7.db
C10H9INO7,-,381.94292,organic,I-,particle,FIGAERO-LTOF-CIMS,Chao Yan,Beijing urban (BUCT),atmosphere,urban,BUCT long-term,"Daellenbach et al., 2024, Nat. Geosci.",peakList_figaero_check_particle_winter_summer_v7.db
C11H13INO6,-,381.97931,organic,I-,particle,FIGAERO-LTOF-CIMS,Chao Yan,Beijing urban (BUCT),atmosphere,urban,BUCT long-term,"Daellenbach et al., 2024, Nat. Geosci.",peakList_figaero_check_particle_winter_summer_v7.db
C12H17INO5,-,382.01569,organic,I-,particle,FIGAERO-LTOF-CIMS,Chao Yan,Beijing urban (BUCT),atmosphere,urban,BUCT long-term,"Daellenbach et al., 2024, Nat. Geosci.",peakList_figaero_check_particle_winter_summer_v7.db
C13H21INO4,-,382.05208,organic,I-,particle,FIGAERO-LTOF-CIMS,Chao Yan,Beijing urban (BUCT),atmosphere,urban,BUCT long-term,"Daellenbach et al., 2024, Nat. Geosci.",peakList_figaero_check_particle_winter_summer_v7.db
C14H25INO3,-,382.08847,organic,I-,particle,FIGAERO-LTOF-CIMS,Chao Yan,Beijing urban (BUCT),atmosphere,urban,BUCT long-term,"Daellenbach et al., 2024, Nat. Geosci.",peakList_figaero_check_particle_winter_summer_v7.db
C12H20N3O11,-,382.11033,organic,I-,particle,FIGAERO-LTOF-CIMS,Chao Yan,Beijing urban (BUCT),atmosphere,urban,BUCT long-term,"Daellenbach et al., 2024, Nat. Geosci.",peakList_figaero_check_particle_winter_summer_v7.db
C15H28NO10,-,382.17187,organic,I-,particle,FIGAERO-LTOF-CIMS,Chao Yan,Beijing urban (BUCT),atmosphere,urban,BUCT long-term,"Daellenbach et al., 2024, Nat. Geosci.",peakList_figaero_check_particle_winter_summer_v7.db
C4H4IN2O11,-,382.88653,organic,I-,particle,FIGAERO-LTOF-CIMS,Chao Yan,Beijing urban (BUCT),atmosphere,urban,BUCT long-term,"Daellenbach et al., 2024, Nat. Geosci.",peakList_figaero_check_particle_winter_summer_v7.db
C6H8IO9S,-,382.89392,organic,I-,particle,FIGAERO-LTOF-CIMS,Chao Yan,Beijing urban (BUCT),atmosphere,urban,BUCT long-term,"Daellenbach et al., 2024, Nat. Geosci.",peakList_figaero_check_particle_winter_summer_v7.db
C5H8IN2O10,-,382.92292,organic,I-,particle,FIGAERO-LTOF-CIMS,Chao Yan,Beijing urban (BUCT),atmosphere,urban,BUCT long-term,"Daellenbach et al., 2024, Nat. Geosci.",peakList_figaero_check_particle_winter_summer_v7.db
C6H12IN2O9,-,382.95930,organic,I-,particle,FIGAERO-LTOF-CIMS,Chao Yan,Beijing urban (BUCT),atmosphere,urban,BUCT long-term,"Daellenbach et al., 2024, Nat. Geosci.",peakList_figaero_check_particle_winter_summer_v7.db
C15H12IO4,-,382.97858,organic,I-,particle,FIGAERO-LTOF-CIMS,Chao Yan,Beijing urban (BUCT),atmosphere,urban,BUCT long-term,"Daellenbach et al., 2024, Nat. Geosci.",peakList_figaero_check_particle_winter_summer_v7.db
C12H16IO6,-,382.99971,organic,I-,particle,FIGAERO-LTOF-CIMS,Chao Yan,Beijing urban (BUCT),atmosphere,urban,BUCT long-term,"Daellenbach et al., 2024, Nat. Geosci.",peakList_figaero_check_particle_winter_summer_v7.db
C13H20IO5,-,383.03610,organic,I-,particle,FIGAERO-LTOF-CIMS,Chao Yan,Beijing urban (BUCT),atmosphere,urban,BUCT long-term,"Daellenbach et al., 2024, Nat. Geosci.",peakList_figaero_check_particle_winter_summer_v7.db
C14H24IO4,-,383.07248,organic,I-,particle,FIGAERO-LTOF-CIMS,Chao Yan,Beijing urban (BUCT),atmosphere,urban,BUCT long-term,"Daellenbach et al., 2024, Nat. Geosci.",peakList_figaero_check_particle_winter_summer_v7.db
C15H28IO3,-,383.10887,organic,I-,particle,FIGAERO-LTOF-CIMS,Chao Yan,Beijing urban (BUCT),atmosphere,urban,BUCT long-term,"Daellenbach et al., 2024, Nat. Geosci.",peakList_figaero_check_particle_winter_summer_v7.db
C16H32IO2,-,383.14525,organic,I-,particle,FIGAERO-LTOF-CIMS,Chao Yan,Beijing urban (BUCT),atmosphere,urban,BUCT long-term,"Daellenbach et al., 2024, Nat. Geosci.",peakList_figaero_check_particle_winter_summer_v7.db
C4H3INO10S,-,383.85279,organic,I-,particle,FIGAERO-LTOF-CIMS,Chao Yan,Beijing urban (BUCT),atmosphere,urban,BUCT long-term,"Daellenbach et al., 2024, Nat. Geosci.",peakList_figaero_check_particle_winter_summer_v7.db
C5H7INO9S,-,383.88917,organic,I-,particle,FIGAERO-LTOF-CIMS,Chao Yan,Beijing urban (BUCT),atmosphere,urban,BUCT long-term,"Daellenbach et al., 2024, Nat. Geosci.",peakList_figaero_check_particle_winter_summer_v7.db
C5H7INO11,-,383.90693,organic,I-,particle,FIGAERO-LTOF-CIMS,Chao Yan,Beijing urban (BUCT),atmosphere,urban,BUCT long-term,"Daellenbach et al., 2024, Nat. Geosci.",peakList_figaero_check_particle_winter_summer_v7.db
C10H11INO7,-,383.95857,organic,I-,particle,FIGAERO-LTOF-CIMS,Chao Yan,Beijing urban (BUCT),atmosphere,urban,BUCT long-term,"Daellenbach et al., 2024, Nat. Geosci.",peakList_figaero_check_particle_winter_summer_v7.db
C11H15INO6,-,383.99496,organic,I-,particle,FIGAERO-LTOF-CIMS,Chao Yan,Beijing urban (BUCT),atmosphere,urban,BUCT long-term,"Daellenbach et al., 2024, Nat. Geosci.",peakList_figaero_check_particle_winter_summer_v7.db
C12H19INO5,-,384.03134,organic,I-,particle,FIGAERO-LTOF-CIMS,Chao Yan,Beijing urban (BUCT),atmosphere,urban,BUCT long-term,"Daellenbach et al., 2024, Nat. Geosci.",peakList_figaero_check_particle_winter_summer_v7.db
C13H23INO4,-,384.06773,organic,I-,particle,FIGAERO-LTOF-CIMS,Chao Yan,Beijing urban (BUCT),atmosphere,urban,BUCT long-term,"Daellenbach et al., 2024, Nat. Geosci.",peakList_figaero_check_particle_winter_summer_v7.db
C10H24O15,-,384.11207,organic,I-,particle,FIGAERO-LTOF-CIMS,Chao Yan,Beijing urban (BUCT),atmosphere,urban,BUCT long-term,"Daellenbach et al., 2024, Nat. Geosci.",peakList_figaero_check_particle_winter_summer_v7.db
C11H28O14,-,384.14845,organic,I-,particle,FIGAERO-LTOF-CIMS,Chao Yan,Beijing urban (BUCT),atmosphere,urban,BUCT long-term,"Daellenbach et al., 2024, Nat. Geosci.",peakList_figaero_check_particle_winter_summer_v7.db
C3H2IN2O12,-,384.86580,organic,I-,particle,FIGAERO-LTOF-CIMS,Chao Yan,Beijing urban (BUCT),atmosphere,urban,BUCT long-term,"Daellenbach et al., 2024, Nat. Geosci.",peakList_figaero_check_particle_winter_summer_v7.db
C4H6IN2O11,-,384.90218,organic,I-,particle,FIGAERO-LTOF-CIMS,Chao Yan,Beijing urban (BUCT),atmosphere,urban,BUCT long-term,"Daellenbach et al., 2024, Nat. Geosci.",peakList_figaero_check_particle_winter_summer_v7.db
C10H10IO6S,-,384.92483,organic,I-,particle,FIGAERO-LTOF-CIMS,Chao Yan,Beijing urban (BUCT),atmosphere,urban,BUCT long-term,"Daellenbach et al., 2024, Nat. Geosci.",peakList_figaero_check_particle_winter_summer_v7.db
C5H10IN2O10,-,384.93857,organic,I-,particle,FIGAERO-LTOF-CIMS,Chao Yan,Beijing urban (BUCT),atmosphere,urban,BUCT long-term,"Daellenbach et al., 2024, Nat. Geosci.",peakList_figaero_check_particle_winter_summer_v7.db
C11H14IO7,-,384.97897,organic,I-,particle,FIGAERO-LTOF-CIMS,Chao Yan,Beijing urban (BUCT),atmosphere,urban,BUCT long-term,"Daellenbach et al., 2024, Nat. Geosci.",peakList_figaero_check_particle_winter_summer_v7.db
C12H18IO6,-,385.01536,organic,I-,particle,FIGAERO-LTOF-CIMS,Chao Yan,Beijing urban (BUCT),atmosphere,urban,BUCT long-term,"Daellenbach et al., 2024, Nat. Geosci.",peakList_figaero_check_particle_winter_summer_v7.db
C13H22IO5,-,385.05175,organic,I-,particle,FIGAERO-LTOF-CIMS,Chao Yan,Beijing urban (BUCT),atmosphere,urban,BUCT long-term,"Daellenbach et al., 2024, Nat. Geosci.",peakList_figaero_check_particle_winter_summer_v7.db
C14H26IO4,-,385.08813,organic,I-,particle,FIGAERO-LTOF-CIMS,Chao Yan,Beijing urban (BUCT),atmosphere,urban,BUCT long-term,"Daellenbach et al., 2024, Nat. Geosci.",peakList_figaero_check_particle_winter_summer_v7.db
C15H30IO3,-,385.12452,organic,I-,particle,FIGAERO-LTOF-CIMS,Chao Yan,Beijing urban (BUCT),atmosphere,urban,BUCT long-term,"Daellenbach et al., 2024, Nat. Geosci.",peakList_figaero_check_particle_winter_summer_v7.db
C4H5INO10S,-,385.86844,organic,I-,particle,FIGAERO-LTOF-CIMS,Chao Yan,Beijing urban (BUCT),atmosphere,urban,BUCT long-term,"Daellenbach et al., 2024, Nat. Geosci.",peakList_figaero_check_particle_winter_summer_v7.db
C10H13INO7,-,385.97422,organic,I-,particle,FIGAERO-LTOF-CIMS,Chao Yan,Beijing urban (BUCT),atmosphere,urban,BUCT long-term,"Daellenbach et al., 2024, Nat. Geosci.",peakList_figaero_check_particle_winter_summer_v7.db
C11H17INO6,-,386.01061,organic,I-,particle,FIGAERO-LTOF-CIMS,Chao Yan,Beijing urban (BUCT),atmosphere,urban,BUCT long-term,"Daellenbach et al., 2024, Nat. Geosci.",peakList_figaero_check_particle_winter_summer_v7.db
C12H21INO5,-,386.04699,organic,I-,particle,FIGAERO-LTOF-CIMS,Chao Yan,Beijing urban (BUCT),atmosphere,urban,BUCT long-term,"Daellenbach et al., 2024, Nat. Geosci.",peakList_figaero_check_particle_winter_summer_v7.db
C13H25INO4,-,386.08338,organic,I-,particle,FIGAERO-LTOF-CIMS,Chao Yan,Beijing urban (BUCT),atmosphere,urban,BUCT long-term,"Daellenbach et al., 2024, Nat. Geosci.",peakList_figaero_check_particle_winter_summer_v7.db
C8H4IO10,-,386.88547,organic,I-,particle,FIGAERO-LTOF-CIMS,Chao Yan,Beijing urban (BUCT),atmosphere,urban,BUCT long-term,"Daellenbach et al., 2024, Nat. Geosci.",peakList_figaero_check_particle_winter_summer_v7.db
C5H8IO10S,-,386.88884,organic,I-,particle,FIGAERO-LTOF-CIMS,Chao Yan,Beijing urban (BUCT),atmosphere,urban,BUCT long-term,"Daellenbach et al., 2024, Nat. Geosci.",peakList_figaero_check_particle_winter_summer_v7.db
C5H8IO12,-,386.90660,organic,I-,particle,FIGAERO-LTOF-CIMS,Chao Yan,Beijing urban (BUCT),atmosphere,urban,BUCT long-term,"Daellenbach et al., 2024, Nat. Geosci.",peakList_figaero_check_particle_winter_summer_v7.db
C8H8IN2O8,-,386.93309,organic,I-,particle,FIGAERO-LTOF-CIMS,Chao Yan,Beijing urban (BUCT),atmosphere,urban,BUCT long-term,"Daellenbach et al., 2024, Nat. Geosci.",peakList_figaero_check_particle_winter_summer_v7.db
C9H12IN2O7,-,386.96947,organic,I-,particle,FIGAERO-LTOF-CIMS,Chao Yan,Beijing urban (BUCT),atmosphere,urban,BUCT long-term,"Daellenbach et al., 2024, Nat. Geosci.",peakList_figaero_check_particle_winter_summer_v7.db
C10H16IN2O6,-,387.00586,organic,I-,particle,FIGAERO-LTOF-CIMS,Chao Yan,Beijing urban (BUCT),atmosphere,urban,BUCT long-term,"Daellenbach et al., 2024, Nat. Geosci.",peakList_figaero_check_particle_winter_summer_v7.db
C16H20IO3,-,387.04627,organic,I-,particle,FIGAERO-LTOF-CIMS,Chao Yan,Beijing urban (BUCT),atmosphere,urban,BUCT long-term,"Daellenbach et al., 2024, Nat. Geosci.",peakList_figaero_check_particle_winter_summer_v7.db
C13H24IO5,-,387.06740,organic,I-,particle,FIGAERO-LTOF-CIMS,Chao Yan,Beijing urban (BUCT),atmosphere,urban,BUCT long-term,"Daellenbach et al., 2024, Nat. Geosci.",peakList_figaero_check_particle_winter_summer_v7.db
C14H28IO4,-,387.10378,organic,I-,particle,FIGAERO-LTOF-CIMS,Chao Yan,Beijing urban (BUCT),atmosphere,urban,BUCT long-term,"Daellenbach et al., 2024, Nat. Geosci.",peakList_figaero_check_particle_winter_summer_v7.db
C15H32IO3,-,387.14017,organic,I-,particle,FIGAERO-LTOF-CIMS,Chao Yan,Beijing urban (BUCT),atmosphere,urban,BUCT long-term,"Daellenbach et al., 2024, Nat. Geosci.",peakList_figaero_check_particle_winter_summer_v7.db
C4H7INO10S,-,387.88409,organic,I-,particle,FIGAERO-LTOF-CIMS,Chao Yan,Beijing urban (BUCT),atmosphere,urban,BUCT long-term,"Daellenbach et al., 2024, Nat. Geosci.",peakList_figaero_check_particle_winter_summer_v7.db
C9H11INO8,-,387.95349,organic,I-,particle,FIGAERO-LTOF-CIMS,Chao Yan,Beijing urban (BUCT),atmosphere,urban,BUCT long-term,"Daellenbach et al., 2024, Nat. Geosci.",peakList_figaero_check_particle_winter_summer_v7.db
C10H15INO7,-,387.98987,organic,I-,particle,FIGAERO-LTOF-CIMS,Chao Yan,Beijing urban (BUCT),atmosphere,urban,BUCT long-term,"Daellenbach et al., 2024, Nat. Geosci.",peakList_figaero_check_particle_winter_summer_v7.db
C11H19INO6,-,388.02626,organic,I-,particle,FIGAERO-LTOF-CIMS,Chao Yan,Beijing urban (BUCT),atmosphere,urban,BUCT long-term,"Daellenbach et al., 2024, Nat. Geosci.",peakList_figaero_check_particle_winter_summer_v7.db
C12H23INO5,-,388.06264,organic,I-,particle,FIGAERO-LTOF-CIMS,Chao Yan,Beijing urban (BUCT),atmosphere,urban,BUCT long-term,"Daellenbach et al., 2024, Nat. Geosci.",peakList_figaero_check_particle_winter_summer_v7.db
C13H27INO4,-,388.09903,organic,I-,particle,FIGAERO-LTOF-CIMS,Chao Yan,Beijing urban (BUCT),atmosphere,urban,BUCT long-term,"Daellenbach et al., 2024, Nat. Geosci.",peakList_figaero_check_particle_winter_summer_v7.db
C18H28O9,-,388.17388,organic,I-,particle,FIGAERO-LTOF-CIMS,Chao Yan,Beijing urban (BUCT),atmosphere,urban,BUCT long-term,"Daellenbach et al., 2024, Nat. Geosci.",peakList_figaero_check_particle_winter_summer_v7.db
C8H6IO8S,-,388.88336,organic,I-,particle,FIGAERO-LTOF-CIMS,Chao Yan,Beijing urban (BUCT),atmosphere,urban,BUCT long-term,"Daellenbach et al., 2024, Nat. Geosci.",peakList_figaero_check_particle_winter_summer_v7.db
C5H10IO10S,-,388.90449,organic,I-,particle,FIGAERO-LTOF-CIMS,Chao Yan,Beijing urban (BUCT),atmosphere,urban,BUCT long-term,"Daellenbach et al., 2024, Nat. Geosci.",peakList_figaero_check_particle_winter_summer_v7.db
C7H6IN2O9,-,388.91235,organic,I-,particle,FIGAERO-LTOF-CIMS,Chao Yan,Beijing urban (BUCT),atmosphere,urban,BUCT long-term,"Daellenbach et al., 2024, Nat. Geosci.",peakList_figaero_check_particle_winter_summer_v7.db
C8H10IN2O8,-,388.94874,organic,I-,particle,FIGAERO-LTOF-CIMS,Chao Yan,Beijing urban (BUCT),atmosphere,urban,BUCT long-term,"Daellenbach et al., 2024, Nat. Geosci.",peakList_figaero_check_particle_winter_summer_v7.db
C9H14IN2O7,-,388.98512,organic,I-,particle,FIGAERO-LTOF-CIMS,Chao Yan,Beijing urban (BUCT),atmosphere,urban,BUCT long-term,"Daellenbach et al., 2024, Nat. Geosci.",peakList_figaero_check_particle_winter_summer_v7.db
C10H18IN2O6,-,389.02151,organic,I-,particle,FIGAERO-LTOF-CIMS,Chao Yan,Beijing urban (BUCT),atmosphere,urban,BUCT long-term,"Daellenbach et al., 2024, Nat. Geosci.",peakList_figaero_check_particle_winter_summer_v7.db
C12H22IO6,-,389.04666,organic,I-,particle,FIGAERO-LTOF-CIMS,Chao Yan,Beijing urban (BUCT),atmosphere,urban,BUCT long-term,"Daellenbach et al., 2024, Nat. Geosci.",peakList_figaero_check_particle_winter_summer_v7.db
C13H26IO5,-,389.08305,organic,I-,particle,FIGAERO-LTOF-CIMS,Chao Yan,Beijing urban (BUCT),atmosphere,urban,BUCT long-term,"Daellenbach et al., 2024, Nat. Geosci.",peakList_figaero_check_particle_winter_summer_v7.db
C17H26IO2,-,389.09830,organic,I-,particle,FIGAERO-LTOF-CIMS,Chao Yan,Beijing urban (BUCT),atmosphere,urban,BUCT long-term,"Daellenbach et al., 2024, Nat. Geosci.",peakList_figaero_check_particle_winter_summer_v7.db
C18H30IO,-,389.13469,organic,I-,particle,FIGAERO-LTOF-CIMS,Chao Yan,Beijing urban (BUCT),atmosphere,urban,BUCT long-term,"Daellenbach et al., 2024, Nat. Geosci.",peakList_figaero_check_particle_winter_summer_v7.db
C7H5INO10,-,389.89637,organic,I-,particle,FIGAERO-LTOF-CIMS,Chao Yan,Beijing urban (BUCT),atmosphere,urban,BUCT long-term,"Daellenbach et al., 2024, Nat. Geosci.",peakList_figaero_check_particle_winter_summer_v7.db
C9H13INO8,-,389.96914,organic,I-,particle,FIGAERO-LTOF-CIMS,Chao Yan,Beijing urban (BUCT),atmosphere,urban,BUCT long-term,"Daellenbach et al., 2024, Nat. Geosci.",peakList_figaero_check_particle_winter_summer_v7.db
C13H13INO5,-,389.98439,organic,I-,particle,FIGAERO-LTOF-CIMS,Chao Yan,Beijing urban (BUCT),atmosphere,urban,BUCT long-term,"Daellenbach et al., 2024, Nat. Geosci.",peakList_figaero_check_particle_winter_summer_v7.db
C10H17INO7,-,390.00552,organic,I-,particle,FIGAERO-LTOF-CIMS,Chao Yan,Beijing urban (BUCT),atmosphere,urban,BUCT long-term,"Daellenbach et al., 2024, Nat. Geosci.",peakList_figaero_check_particle_winter_summer_v7.db
C11H21INO6,-,390.04191,organic,I-,particle,FIGAERO-LTOF-CIMS,Chao Yan,Beijing urban (BUCT),atmosphere,urban,BUCT long-term,"Daellenbach et al., 2024, Nat. Geosci.",peakList_figaero_check_particle_winter_summer_v7.db
C12H25INO5,-,390.07829,organic,I-,particle,FIGAERO-LTOF-CIMS,Chao Yan,Beijing urban (BUCT),atmosphere,urban,BUCT long-term,"Daellenbach et al., 2024, Nat. Geosci.",peakList_figaero_check_particle_winter_summer_v7.db
C16H26N2O9,-,390.16438,organic,I-,particle,FIGAERO-LTOF-CIMS,Chao Yan,Beijing urban (BUCT),atmosphere,urban,BUCT long-term,"Daellenbach et al., 2024, Nat. Geosci.",peakList_figaero_check_particle_winter_summer_v7.db
C25H42O3,-,390.31394,organic,I-,particle,FIGAERO-LTOF-CIMS,Chao Yan,Beijing urban (BUCT),atmosphere,urban,BUCT long-term,"Daellenbach et al., 2024, Nat. Geosci.",peakList_figaero_check_particle_winter_summer_v7.db
C6H4IN2O10,-,390.89162,organic,I-,particle,FIGAERO-LTOF-CIMS,Chao Yan,Beijing urban (BUCT),atmosphere,urban,BUCT long-term,"Daellenbach et al., 2024, Nat. Geosci.",peakList_figaero_check_particle_winter_summer_v7.db
C8H8IO8S,-,390.89901,organic,I-,particle,FIGAERO-LTOF-CIMS,Chao Yan,Beijing urban (BUCT),atmosphere,urban,BUCT long-term,"Daellenbach et al., 2024, Nat. Geosci.",peakList_figaero_check_particle_winter_summer_v7.db
C5H12IO10S,-,390.92014,organic,I-,particle,FIGAERO-LTOF-CIMS,Chao Yan,Beijing urban (BUCT),atmosphere,urban,BUCT long-term,"Daellenbach et al., 2024, Nat. Geosci.",peakList_figaero_check_particle_winter_summer_v7.db
C7H8IN2O9,-,390.92800,organic,I-,particle,FIGAERO-LTOF-CIMS,Chao Yan,Beijing urban (BUCT),atmosphere,urban,BUCT long-term,"Daellenbach et al., 2024, Nat. Geosci.",peakList_figaero_check_particle_winter_summer_v7.db
C8H12IN2O8,-,390.96439,organic,I-,particle,FIGAERO-LTOF-CIMS,Chao Yan,Beijing urban (BUCT),atmosphere,urban,BUCT long-term,"Daellenbach et al., 2024, Nat. Geosci.",peakList_figaero_check_particle_winter_summer_v7.db
C14H16IO5,-,391.00480,organic,I-,particle,FIGAERO-LTOF-CIMS,Chao Yan,Beijing urban (BUCT),atmosphere,urban,BUCT long-term,"Daellenbach et al., 2024, Nat. Geosci.",peakList_figaero_check_particle_winter_summer_v7.db
C15H20IO4,-,391.04118,organic,I-,particle,FIGAERO-LTOF-CIMS,Chao Yan,Beijing urban (BUCT),atmosphere,urban,BUCT long-term,"Daellenbach et al., 2024, Nat. Geosci.",peakList_figaero_check_particle_winter_summer_v7.db
C16H24IO3,-,391.07757,organic,I-,particle,FIGAERO-LTOF-CIMS,Chao Yan,Beijing urban (BUCT),atmosphere,urban,BUCT long-term,"Daellenbach et al., 2024, Nat. Geosci.",peakList_figaero_check_particle_winter_summer_v7.db
C17H28IO2,-,391.11395,organic,I-,particle,FIGAERO-LTOF-CIMS,Chao Yan,Beijing urban (BUCT),atmosphere,urban,BUCT long-term,"Daellenbach et al., 2024, Nat. Geosci.",peakList_figaero_check_particle_winter_summer_v7.db
C18H32IO,-,391.15034,organic,I-,particle,FIGAERO-LTOF-CIMS,Chao Yan,Beijing urban (BUCT),atmosphere,urban,BUCT long-term,"Daellenbach et al., 2024, Nat. Geosci.",peakList_figaero_check_particle_winter_summer_v7.db
C8H11INO9,-,391.94840,organic,I-,particle,FIGAERO-LTOF-CIMS,Chao Yan,Beijing urban (BUCT),atmosphere,urban,BUCT long-term,"Daellenbach et al., 2024, Nat. Geosci.",peakList_figaero_check_particle_winter_summer_v7.db
C9H15INO8,-,391.98479,organic,I-,particle,FIGAERO-LTOF-CIMS,Chao Yan,Beijing urban (BUCT),atmosphere,urban,BUCT long-term,"Daellenbach et al., 2024, Nat. Geosci.",peakList_figaero_check_particle_winter_summer_v7.db
C10H19INO7,-,392.02117,organic,I-,particle,FIGAERO-LTOF-CIMS,Chao Yan,Beijing urban (BUCT),atmosphere,urban,BUCT long-term,"Daellenbach et al., 2024, Nat. Geosci.",peakList_figaero_check_particle_winter_summer_v7.db
C15H23INO3,-,392.07282,organic,I-,particle,FIGAERO-LTOF-CIMS,Chao Yan,Beijing urban (BUCT),atmosphere,urban,BUCT long-term,"Daellenbach et al., 2024, Nat. Geosci.",peakList_figaero_check_particle_winter_summer_v7.db
C7H6IO9S,-,392.87827,organic,I-,particle,FIGAERO-LTOF-CIMS,Chao Yan,Beijing urban (BUCT),atmosphere,urban,BUCT long-term,"Daellenbach et al., 2024, Nat. Geosci.",peakList_figaero_check_particle_winter_summer_v7.db
C6H6IN2O10,-,392.90727,organic,I-,particle,FIGAERO-LTOF-CIMS,Chao Yan,Beijing urban (BUCT),atmosphere,urban,BUCT long-term,"Daellenbach et al., 2024, Nat. Geosci.",peakList_figaero_check_particle_winter_summer_v7.db
C7H10IN2O9,-,392.94365,organic,I-,particle,FIGAERO-LTOF-CIMS,Chao Yan,Beijing urban (BUCT),atmosphere,urban,BUCT long-term,"Daellenbach et al., 2024, Nat. Geosci.",peakList_figaero_check_particle_winter_summer_v7.db
C9H14IO7S,-,392.95105,organic,I-,particle,FIGAERO-LTOF-CIMS,Chao Yan,Beijing urban (BUCT),atmosphere,urban,BUCT long-term,"Daellenbach et al., 2024, Nat. Geosci.",peakList_figaero_check_particle_winter_summer_v7.db
C8H14IN2O8,-,392.98004,organic,I-,particle,FIGAERO-LTOF-CIMS,Chao Yan,Beijing urban (BUCT),atmosphere,urban,BUCT long-term,"Daellenbach et al., 2024, Nat. Geosci.",peakList_figaero_check_particle_winter_summer_v7.db
C9H18IN2O7,-,393.01642,organic,I-,particle,FIGAERO-LTOF-CIMS,Chao Yan,Beijing urban (BUCT),atmosphere,urban,BUCT long-term,"Daellenbach et al., 2024, Nat. Geosci.",peakList_figaero_check_particle_winter_summer_v7.db
C15H22IO4,-,393.05683,organic,I-,particle,FIGAERO-LTOF-CIMS,Chao Yan,Beijing urban (BUCT),atmosphere,urban,BUCT long-term,"Daellenbach et al., 2024, Nat. Geosci.",peakList_figaero_check_particle_winter_summer_v7.db
C16H26IO3,-,393.09322,organic,I-,particle,FIGAERO-LTOF-CIMS,Chao Yan,Beijing urban (BUCT),atmosphere,urban,BUCT long-term,"Daellenbach et al., 2024, Nat. Geosci.",peakList_figaero_check_particle_winter_summer_v7.db
C17H30IO2,-,393.12960,organic,I-,particle,FIGAERO-LTOF-CIMS,Chao Yan,Beijing urban (BUCT),atmosphere,urban,BUCT long-term,"Daellenbach et al., 2024, Nat. Geosci.",peakList_figaero_check_particle_winter_summer_v7.db
C10H5INO8,-,393.90654,organic,I-,particle,FIGAERO-LTOF-CIMS,Chao Yan,Beijing urban (BUCT),atmosphere,urban,BUCT long-term,"Daellenbach et al., 2024, Nat. Geosci.",peakList_figaero_check_particle_winter_summer_v7.db
C11H9INO7,-,393.94292,organic,I-,particle,FIGAERO-LTOF-CIMS,Chao Yan,Beijing urban (BUCT),atmosphere,urban,BUCT long-term,"Daellenbach et al., 2024, Nat. Geosci.",peakList_figaero_check_particle_winter_summer_v7.db
C12H13INO6,-,393.97931,organic,I-,particle,FIGAERO-LTOF-CIMS,Chao Yan,Beijing urban (BUCT),atmosphere,urban,BUCT long-term,"Daellenbach et al., 2024, Nat. Geosci.",peakList_figaero_check_particle_winter_summer_v7.db
C13H17INO5,-,394.01569,organic,I-,particle,FIGAERO-LTOF-CIMS,Chao Yan,Beijing urban (BUCT),atmosphere,urban,BUCT long-term,"Daellenbach et al., 2024, Nat. Geosci.",peakList_figaero_check_particle_winter_summer_v7.db
C14H21INO4,-,394.05208,organic,I-,particle,FIGAERO-LTOF-CIMS,Chao Yan,Beijing urban (BUCT),atmosphere,urban,BUCT long-term,"Daellenbach et al., 2024, Nat. Geosci.",peakList_figaero_check_particle_winter_summer_v7.db
C15H25INO3,-,394.08847,organic,I-,particle,FIGAERO-LTOF-CIMS,Chao Yan,Beijing urban (BUCT),atmosphere,urban,BUCT long-term,"Daellenbach et al., 2024, Nat. Geosci.",peakList_figaero_check_particle_winter_summer_v7.db
C16H29INO2,-,394.12485,organic,I-,particle,FIGAERO-LTOF-CIMS,Chao Yan,Beijing urban (BUCT),atmosphere,urban,BUCT long-term,"Daellenbach et al., 2024, Nat. Geosci.",peakList_figaero_check_particle_winter_summer_v7.db
C6H4IO8S2,-,394.83978,organic,I-,particle,FIGAERO-LTOF-CIMS,Chao Yan,Beijing urban (BUCT),atmosphere,urban,BUCT long-term,"Daellenbach et al., 2024, Nat. Geosci.",peakList_figaero_check_particle_winter_summer_v7.db
C6H4IO10S,-,394.85754,organic,I-,particle,FIGAERO-LTOF-CIMS,Chao Yan,Beijing urban (BUCT),atmosphere,urban,BUCT long-term,"Daellenbach et al., 2024, Nat. Geosci.",peakList_figaero_check_particle_winter_summer_v7.db
C5H4IN2O11,-,394.88653,organic,I-,particle,FIGAERO-LTOF-CIMS,Chao Yan,Beijing urban (BUCT),atmosphere,urban,BUCT long-term,"Daellenbach et al., 2024, Nat. Geosci.",peakList_figaero_check_particle_winter_summer_v7.db
C7H8IO9S,-,394.89392,organic,I-,particle,FIGAERO-LTOF-CIMS,Chao Yan,Beijing urban (BUCT),atmosphere,urban,BUCT long-term,"Daellenbach et al., 2024, Nat. Geosci.",peakList_figaero_check_particle_winter_summer_v7.db
C8H9ClIO8,-,394.90362,organic,I-,particle,FIGAERO-LTOF-CIMS,Chao Yan,Beijing urban (BUCT),atmosphere,urban,BUCT long-term,"Daellenbach et al., 2024, Nat. Geosci.",peakList_figaero_check_particle_winter_summer_v7.db
C6H8IN2O10,-,394.92292,organic,I-,particle,FIGAERO-LTOF-CIMS,Chao Yan,Beijing urban (BUCT),atmosphere,urban,BUCT long-term,"Daellenbach et al., 2024, Nat. Geosci.",peakList_figaero_check_particle_winter_summer_v7.db
C7H12IN2O9,-,394.95930,organic,I-,particle,FIGAERO-LTOF-CIMS,Chao Yan,Beijing urban (BUCT),atmosphere,urban,BUCT long-term,"Daellenbach et al., 2024, Nat. Geosci.",peakList_figaero_check_particle_winter_summer_v7.db
C8H16IN2O8,-,394.99569,organic,I-,particle,FIGAERO-LTOF-CIMS,Chao Yan,Beijing urban (BUCT),atmosphere,urban,BUCT long-term,"Daellenbach et al., 2024, Nat. Geosci.",peakList_figaero_check_particle_winter_summer_v7.db
C14H20IO5,-,395.03610,organic,I-,particle,FIGAERO-LTOF-CIMS,Chao Yan,Beijing urban (BUCT),atmosphere,urban,BUCT long-term,"Daellenbach et al., 2024, Nat. Geosci.",peakList_figaero_check_particle_winter_summer_v7.db
C15H24IO4,-,395.07248,organic,I-,particle,FIGAERO-LTOF-CIMS,Chao Yan,Beijing urban (BUCT),atmosphere,urban,BUCT long-term,"Daellenbach et al., 2024, Nat. Geosci.",peakList_figaero_check_particle_winter_summer_v7.db
C16H28IO3,-,395.10887,organic,I-,particle,FIGAERO-LTOF-CIMS,Chao Yan,Beijing urban (BUCT),atmosphere,urban,BUCT long-term,"Daellenbach et al., 2024, Nat. Geosci.",peakList_figaero_check_particle_winter_summer_v7.db
C17H32IO2,-,395.14525,organic,I-,particle,FIGAERO-LTOF-CIMS,Chao Yan,Beijing urban (BUCT),atmosphere,urban,BUCT long-term,"Daellenbach et al., 2024, Nat. Geosci.",peakList_figaero_check_particle_winter_summer_v7.db
C6H7INO11,-,395.90693,organic,I-,particle,FIGAERO-LTOF-CIMS,Chao Yan,Beijing urban (BUCT),atmosphere,urban,BUCT long-term,"Daellenbach et al., 2024, Nat. Geosci.",peakList_figaero_check_particle_winter_summer_v7.db
C7H11INO10,-,395.94332,organic,I-,particle,FIGAERO-LTOF-CIMS,Chao Yan,Beijing urban (BUCT),atmosphere,urban,BUCT long-term,"Daellenbach et al., 2024, Nat. Geosci.",peakList_figaero_check_particle_winter_summer_v7.db
C8H15INO9,-,395.97970,organic,I-,particle,FIGAERO-LTOF-CIMS,Chao Yan,Beijing urban (BUCT),atmosphere,urban,BUCT long-term,"Daellenbach et al., 2024, Nat. Geosci.",peakList_figaero_check_particle_winter_summer_v7.db
C12H15INO6,-,395.99496,organic,I-,particle,FIGAERO-LTOF-CIMS,Chao Yan,Beijing urban (BUCT),atmosphere,urban,BUCT long-term,"Daellenbach et al., 2024, Nat. Geosci.",peakList_figaero_check_particle_winter_summer_v7.db
C13H19INO5,-,396.03134,organic,I-,particle,FIGAERO-LTOF-CIMS,Chao Yan,Beijing urban (BUCT),atmosphere,urban,BUCT long-term,"Daellenbach et al., 2024, Nat. Geosci.",peakList_figaero_check_particle_winter_summer_v7.db
C14H23INO4,-,396.06773,organic,I-,particle,FIGAERO-LTOF-CIMS,Chao Yan,Beijing urban (BUCT),atmosphere,urban,BUCT long-term,"Daellenbach et al., 2024, Nat. Geosci.",peakList_figaero_check_particle_winter_summer_v7.db
C15H24O10S,-,396.10957,organic,I-,particle,FIGAERO-LTOF-CIMS,Chao Yan,Beijing urban (BUCT),atmosphere,urban,BUCT long-term,"Daellenbach et al., 2024, Nat. Geosci.",peakList_figaero_check_particle_winter_summer_v7.db
C16H31INO2,-,396.14050,organic,I-,particle,FIGAERO-LTOF-CIMS,Chao Yan,Beijing urban (BUCT),atmosphere,urban,BUCT long-term,"Daellenbach et al., 2024, Nat. Geosci.",peakList_figaero_check_particle_winter_summer_v7.db
C21H32O5S,-,396.19759,organic,I-,particle,FIGAERO-LTOF-CIMS,Chao Yan,Beijing urban (BUCT),atmosphere,urban,BUCT long-term,"Daellenbach et al., 2024, Nat. Geosci.",peakList_figaero_check_particle_winter_summer_v7.db
C6H6IO10S,-,396.87319,organic,I-,particle,FIGAERO-LTOF-CIMS,Chao Yan,Beijing urban (BUCT),atmosphere,urban,BUCT long-term,"Daellenbach et al., 2024, Nat. Geosci.",peakList_figaero_check_particle_winter_summer_v7.db
C7H7ClIO9,-,396.88288,organic,I-,particle,FIGAERO-LTOF-CIMS,Chao Yan,Beijing urban (BUCT),atmosphere,urban,BUCT long-term,"Daellenbach et al., 2024, Nat. Geosci.",peakList_figaero_check_particle_winter_summer_v7.db
C6H10IN2O10,-,396.93857,organic,I-,particle,FIGAERO-LTOF-CIMS,Chao Yan,Beijing urban (BUCT),atmosphere,urban,BUCT long-term,"Daellenbach et al., 2024, Nat. Geosci.",peakList_figaero_check_particle_winter_summer_v7.db
C7H14IN2O9,-,396.97495,organic,I-,particle,FIGAERO-LTOF-CIMS,Chao Yan,Beijing urban (BUCT),atmosphere,urban,BUCT long-term,"Daellenbach et al., 2024, Nat. Geosci.",peakList_figaero_check_particle_winter_summer_v7.db
C9H18IO7S,-,396.98235,organic,I-,particle,FIGAERO-LTOF-CIMS,Chao Yan,Beijing urban (BUCT),atmosphere,urban,BUCT long-term,"Daellenbach et al., 2024, Nat. Geosci.",peakList_figaero_check_particle_winter_summer_v7.db
C13H18IO6,-,397.01536,organic,I-,particle,FIGAERO-LTOF-CIMS,Chao Yan,Beijing urban (BUCT),atmosphere,urban,BUCT long-term,"Daellenbach et al., 2024, Nat. Geosci.",peakList_figaero_check_particle_winter_summer_v7.db
C14H22IO5,-,397.05175,organic,I-,particle,FIGAERO-LTOF-CIMS,Chao Yan,Beijing urban (BUCT),atmosphere,urban,BUCT long-term,"Daellenbach et al., 2024, Nat. Geosci.",peakList_figaero_check_particle_winter_summer_v7.db
C15H26IO4,-,397.08813,organic,I-,particle,FIGAERO-LTOF-CIMS,Chao Yan,Beijing urban (BUCT),atmosphere,urban,BUCT long-term,"Daellenbach et al., 2024, Nat. Geosci.",peakList_figaero_check_particle_winter_summer_v7.db
C16H30IO3,-,397.12452,organic,I-,particle,FIGAERO-LTOF-CIMS,Chao Yan,Beijing urban (BUCT),atmosphere,urban,BUCT long-term,"Daellenbach et al., 2024, Nat. Geosci.",peakList_figaero_check_particle_winter_summer_v7.db
C17H34IO2,-,397.16090,organic,I-,particle,FIGAERO-LTOF-CIMS,Chao Yan,Beijing urban (BUCT),atmosphere,urban,BUCT long-term,"Daellenbach et al., 2024, Nat. Geosci.",peakList_figaero_check_particle_winter_summer_v7.db
C6H9INO11,-,397.92258,organic,I-,particle,FIGAERO-LTOF-CIMS,Chao Yan,Beijing urban (BUCT),atmosphere,urban,BUCT long-term,"Daellenbach et al., 2024, Nat. Geosci.",peakList_figaero_check_particle_winter_summer_v7.db
C7H13INO8S,-,397.94121,organic,I-,particle,FIGAERO-LTOF-CIMS,Chao Yan,Beijing urban (BUCT),atmosphere,urban,BUCT long-term,"Daellenbach et al., 2024, Nat. Geosci.",peakList_figaero_check_particle_winter_summer_v7.db
C7H13INO10,-,397.95897,organic,I-,particle,FIGAERO-LTOF-CIMS,Chao Yan,Beijing urban (BUCT),atmosphere,urban,BUCT long-term,"Daellenbach et al., 2024, Nat. Geosci.",peakList_figaero_check_particle_winter_summer_v7.db
C12H17INO6,-,398.01061,organic,I-,particle,FIGAERO-LTOF-CIMS,Chao Yan,Beijing urban (BUCT),atmosphere,urban,BUCT long-term,"Daellenbach et al., 2024, Nat. Geosci.",peakList_figaero_check_particle_winter_summer_v7.db
C13H21INO5,-,398.04699,organic,I-,particle,FIGAERO-LTOF-CIMS,Chao Yan,Beijing urban (BUCT),atmosphere,urban,BUCT long-term,"Daellenbach et al., 2024, Nat. Geosci.",peakList_figaero_check_particle_winter_summer_v7.db
C14H25INO4,-,398.08338,organic,I-,particle,FIGAERO-LTOF-CIMS,Chao Yan,Beijing urban (BUCT),atmosphere,urban,BUCT long-term,"Daellenbach et al., 2024, Nat. Geosci.",peakList_figaero_check_particle_winter_summer_v7.db
C15H29INO3,-,398.11977,organic,I-,particle,FIGAERO-LTOF-CIMS,Chao Yan,Beijing urban (BUCT),atmosphere,urban,BUCT long-term,"Daellenbach et al., 2024, Nat. Geosci.",peakList_figaero_check_particle_winter_summer_v7.db
C26H38O3,-,398.28264,organic,I-,particle,FIGAERO-LTOF-CIMS,Chao Yan,Beijing urban (BUCT),atmosphere,urban,BUCT long-term,"Daellenbach et al., 2024, Nat. Geosci.",peakList_figaero_check_particle_winter_summer_v7.db
C6H8IO10S,-,398.88884,organic,I-,particle,FIGAERO-LTOF-CIMS,Chao Yan,Beijing urban (BUCT),atmosphere,urban,BUCT long-term,"Daellenbach et al., 2024, Nat. Geosci.",peakList_figaero_check_particle_winter_summer_v7.db
C10H8IO9,-,398.92185,organic,I-,particle,FIGAERO-LTOF-CIMS,Chao Yan,Beijing urban (BUCT),atmosphere,urban,BUCT long-term,"Daellenbach et al., 2024, Nat. Geosci.",peakList_figaero_check_particle_winter_summer_v7.db
C11H12IO8,-,398.95824,organic,I-,particle,FIGAERO-LTOF-CIMS,Chao Yan,Beijing urban (BUCT),atmosphere,urban,BUCT long-term,"Daellenbach et al., 2024, Nat. Geosci.",peakList_figaero_check_particle_winter_summer_v7.db
C12H16IO7,-,398.99462,organic,I-,particle,FIGAERO-LTOF-CIMS,Chao Yan,Beijing urban (BUCT),atmosphere,urban,BUCT long-term,"Daellenbach et al., 2024, Nat. Geosci.",peakList_figaero_check_particle_winter_summer_v7.db
C13H20IO6,-,399.03101,organic,I-,particle,FIGAERO-LTOF-CIMS,Chao Yan,Beijing urban (BUCT),atmosphere,urban,BUCT long-term,"Daellenbach et al., 2024, Nat. Geosci.",peakList_figaero_check_particle_winter_summer_v7.db
C14H24IO5,-,399.06740,organic,I-,particle,FIGAERO-LTOF-CIMS,Chao Yan,Beijing urban (BUCT),atmosphere,urban,BUCT long-term,"Daellenbach et al., 2024, Nat. Geosci.",peakList_figaero_check_particle_winter_summer_v7.db
C15H28IO4,-,399.10378,organic,I-,particle,FIGAERO-LTOF-CIMS,Chao Yan,Beijing urban (BUCT),atmosphere,urban,BUCT long-term,"Daellenbach et al., 2024, Nat. Geosci.",peakList_figaero_check_particle_winter_summer_v7.db
C16H32IO3,-,399.14017,organic,I-,particle,FIGAERO-LTOF-CIMS,Chao Yan,Beijing urban (BUCT),atmosphere,urban,BUCT long-term,"Daellenbach et al., 2024, Nat. Geosci.",peakList_figaero_check_particle_winter_summer_v7.db
C4H3INO11S,-,399.84770,organic,I-,particle,FIGAERO-LTOF-CIMS,Chao Yan,Beijing urban (BUCT),atmosphere,urban,BUCT long-term,"Daellenbach et al., 2024, Nat. Geosci.",peakList_figaero_check_particle_winter_summer_v7.db
C5H7INO10S,-,399.88409,organic,I-,particle,FIGAERO-LTOF-CIMS,Chao Yan,Beijing urban (BUCT),atmosphere,urban,BUCT long-term,"Daellenbach et al., 2024, Nat. Geosci.",peakList_figaero_check_particle_winter_summer_v7.db
C5H7INO12,-,399.90185,organic,I-,particle,FIGAERO-LTOF-CIMS,Chao Yan,Beijing urban (BUCT),atmosphere,urban,BUCT long-term,"Daellenbach et al., 2024, Nat. Geosci.",peakList_figaero_check_particle_winter_summer_v7.db
C10H11INO8,-,399.95349,organic,I-,particle,FIGAERO-LTOF-CIMS,Chao Yan,Beijing urban (BUCT),atmosphere,urban,BUCT long-term,"Daellenbach et al., 2024, Nat. Geosci.",peakList_figaero_check_particle_winter_summer_v7.db
C7H15INO8S,-,399.95686,organic,I-,particle,FIGAERO-LTOF-CIMS,Chao Yan,Beijing urban (BUCT),atmosphere,urban,BUCT long-term,"Daellenbach et al., 2024, Nat. Geosci.",peakList_figaero_check_particle_winter_summer_v7.db
C11H15INO7,-,399.98987,organic,I-,particle,FIGAERO-LTOF-CIMS,Chao Yan,Beijing urban (BUCT),atmosphere,urban,BUCT long-term,"Daellenbach et al., 2024, Nat. Geosci.",peakList_figaero_check_particle_winter_summer_v7.db
C12H19INO6,-,400.02626,organic,I-,particle,FIGAERO-LTOF-CIMS,Chao Yan,Beijing urban (BUCT),atmosphere,urban,BUCT long-term,"Daellenbach et al., 2024, Nat. Geosci.",peakList_figaero_check_particle_winter_summer_v7.db
C13H23INO5,-,400.06264,organic,I-,particle,FIGAERO-LTOF-CIMS,Chao Yan,Beijing urban (BUCT),atmosphere,urban,BUCT long-term,"Daellenbach et al., 2024, Nat. Geosci.",peakList_figaero_check_particle_winter_summer_v7.db
C14H27INO4,-,400.09903,organic,I-,particle,FIGAERO-LTOF-CIMS,Chao Yan,Beijing urban (BUCT),atmosphere,urban,BUCT long-term,"Daellenbach et al., 2024, Nat. Geosci.",peakList_figaero_check_particle_winter_summer_v7.db
C15H31INO3,-,400.13542,organic,I-,particle,FIGAERO-LTOF-CIMS,Chao Yan,Beijing urban (BUCT),atmosphere,urban,BUCT long-term,"Daellenbach et al., 2024, Nat. Geosci.",peakList_figaero_check_particle_winter_summer_v7.db
C10H10IO7S,-,400.91975,organic,I-,particle,FIGAERO-LTOF-CIMS,Chao Yan,Beijing urban (BUCT),atmosphere,urban,BUCT long-term,"Daellenbach et al., 2024, Nat. Geosci.",peakList_figaero_check_particle_winter_summer_v7.db
C6H10IO12,-,400.92225,organic,I-,particle,FIGAERO-LTOF-CIMS,Chao Yan,Beijing urban (BUCT),atmosphere,urban,BUCT long-term,"Daellenbach et al., 2024, Nat. Geosci.",peakList_figaero_check_particle_winter_summer_v7.db
C9H10IN2O8,-,400.94874,organic,I-,particle,FIGAERO-LTOF-CIMS,Chao Yan,Beijing urban (BUCT),atmosphere,urban,BUCT long-term,"Daellenbach et al., 2024, Nat. Geosci.",peakList_figaero_check_particle_winter_summer_v7.db
C10H14IN2O7,-,400.98512,organic,I-,particle,FIGAERO-LTOF-CIMS,Chao Yan,Beijing urban (BUCT),atmosphere,urban,BUCT long-term,"Daellenbach et al., 2024, Nat. Geosci.",peakList_figaero_check_particle_winter_summer_v7.db
C12H18IO7,-,401.01027,organic,I-,particle,FIGAERO-LTOF-CIMS,Chao Yan,Beijing urban (BUCT),atmosphere,urban,BUCT long-term,"Daellenbach et al., 2024, Nat. Geosci.",peakList_figaero_check_particle_winter_summer_v7.db
C13H22IO6,-,401.04666,organic,I-,particle,FIGAERO-LTOF-CIMS,Chao Yan,Beijing urban (BUCT),atmosphere,urban,BUCT long-term,"Daellenbach et al., 2024, Nat. Geosci.",peakList_figaero_check_particle_winter_summer_v7.db
C14H26IO5,-,401.08305,organic,I-,particle,FIGAERO-LTOF-CIMS,Chao Yan,Beijing urban (BUCT),atmosphere,urban,BUCT long-term,"Daellenbach et al., 2024, Nat. Geosci.",peakList_figaero_check_particle_winter_summer_v7.db
C15H30IO4,-,401.11943,organic,I-,particle,FIGAERO-LTOF-CIMS,Chao Yan,Beijing urban (BUCT),atmosphere,urban,BUCT long-term,"Daellenbach et al., 2024, Nat. Geosci.",peakList_figaero_check_particle_winter_summer_v7.db
C16H34IO3,-,401.15582,organic,I-,particle,FIGAERO-LTOF-CIMS,Chao Yan,Beijing urban (BUCT),atmosphere,urban,BUCT long-term,"Daellenbach et al., 2024, Nat. Geosci.",peakList_figaero_check_particle_winter_summer_v7.db
C4H5INO11S,-,401.86335,organic,I-,particle,FIGAERO-LTOF-CIMS,Chao Yan,Beijing urban (BUCT),atmosphere,urban,BUCT long-term,"Daellenbach et al., 2024, Nat. Geosci.",peakList_figaero_check_particle_winter_summer_v7.db
C13H9INO6,-,401.94801,organic,I-,particle,FIGAERO-LTOF-CIMS,Chao Yan,Beijing urban (BUCT),atmosphere,urban,BUCT long-term,"Daellenbach et al., 2024, Nat. Geosci.",peakList_figaero_check_particle_winter_summer_v7.db
C10H13INO8,-,401.96914,organic,I-,particle,FIGAERO-LTOF-CIMS,Chao Yan,Beijing urban (BUCT),atmosphere,urban,BUCT long-term,"Daellenbach et al., 2024, Nat. Geosci.",peakList_figaero_check_particle_winter_summer_v7.db
C14H13INO5,-,401.98439,organic,I-,particle,FIGAERO-LTOF-CIMS,Chao Yan,Beijing urban (BUCT),atmosphere,urban,BUCT long-term,"Daellenbach et al., 2024, Nat. Geosci.",peakList_figaero_check_particle_winter_summer_v7.db
C11H17INO7,-,402.00552,organic,I-,particle,FIGAERO-LTOF-CIMS,Chao Yan,Beijing urban (BUCT),atmosphere,urban,BUCT long-term,"Daellenbach et al., 2024, Nat. Geosci.",peakList_figaero_check_particle_winter_summer_v7.db
C12H21INO6,-,402.04191,organic,I-,particle,FIGAERO-LTOF-CIMS,Chao Yan,Beijing urban (BUCT),atmosphere,urban,BUCT long-term,"Daellenbach et al., 2024, Nat. Geosci.",peakList_figaero_check_particle_winter_summer_v7.db
C13H25INO5,-,402.07829,organic,I-,particle,FIGAERO-LTOF-CIMS,Chao Yan,Beijing urban (BUCT),atmosphere,urban,BUCT long-term,"Daellenbach et al., 2024, Nat. Geosci.",peakList_figaero_check_particle_winter_summer_v7.db
C14H29INO4,-,402.11468,organic,I-,particle,FIGAERO-LTOF-CIMS,Chao Yan,Beijing urban (BUCT),atmosphere,urban,BUCT long-term,"Daellenbach et al., 2024, Nat. Geosci.",peakList_figaero_check_particle_winter_summer_v7.db
C18H28NO7S,-,402.15920,organic,I-,particle,FIGAERO-LTOF-CIMS,Chao Yan,Beijing urban (BUCT),atmosphere,urban,BUCT long-term,"Daellenbach et al., 2024, Nat. Geosci.",peakList_figaero_check_particle_winter_summer_v7.db
C5H8IO11S,-,402.88375,organic,I-,particle,FIGAERO-LTOF-CIMS,Chao Yan,Beijing urban (BUCT),atmosphere,urban,BUCT long-term,"Daellenbach et al., 2024, Nat. Geosci.",peakList_figaero_check_particle_winter_summer_v7.db
C9H8IO8S,-,402.89901,organic,I-,particle,FIGAERO-LTOF-CIMS,Chao Yan,Beijing urban (BUCT),atmosphere,urban,BUCT long-term,"Daellenbach et al., 2024, Nat. Geosci.",peakList_figaero_check_particle_winter_summer_v7.db
C5H8IO13,-,402.90151,organic,I-,particle,FIGAERO-LTOF-CIMS,Chao Yan,Beijing urban (BUCT),atmosphere,urban,BUCT long-term,"Daellenbach et al., 2024, Nat. Geosci.",peakList_figaero_check_particle_winter_summer_v7.db
C8H8IN2O9,-,402.92800,organic,I-,particle,FIGAERO-LTOF-CIMS,Chao Yan,Beijing urban (BUCT),atmosphere,urban,BUCT long-term,"Daellenbach et al., 2024, Nat. Geosci.",peakList_figaero_check_particle_winter_summer_v7.db
C9H12IN2O8,-,402.96439,organic,I-,particle,FIGAERO-LTOF-CIMS,Chao Yan,Beijing urban (BUCT),atmosphere,urban,BUCT long-term,"Daellenbach et al., 2024, Nat. Geosci.",peakList_figaero_check_particle_winter_summer_v7.db
C15H16IO5,-,403.00480,organic,I-,particle,FIGAERO-LTOF-CIMS,Chao Yan,Beijing urban (BUCT),atmosphere,urban,BUCT long-term,"Daellenbach et al., 2024, Nat. Geosci.",peakList_figaero_check_particle_winter_summer_v7.db
C16H20IO4,-,403.04118,organic,I-,particle,FIGAERO-LTOF-CIMS,Chao Yan,Beijing urban (BUCT),atmosphere,urban,BUCT long-term,"Daellenbach et al., 2024, Nat. Geosci.",peakList_figaero_check_particle_winter_summer_v7.db
C17H24IO3,-,403.07757,organic,I-,particle,FIGAERO-LTOF-CIMS,Chao Yan,Beijing urban (BUCT),atmosphere,urban,BUCT long-term,"Daellenbach et al., 2024, Nat. Geosci.",peakList_figaero_check_particle_winter_summer_v7.db
C14H28IO5,-,403.09870,organic,I-,particle,FIGAERO-LTOF-CIMS,Chao Yan,Beijing urban (BUCT),atmosphere,urban,BUCT long-term,"Daellenbach et al., 2024, Nat. Geosci.",peakList_figaero_check_particle_winter_summer_v7.db
C26H43O3,-,403.32177,organic,I-,particle,FIGAERO-LTOF-CIMS,Chao Yan,Beijing urban (BUCT),atmosphere,urban,BUCT long-term,"Daellenbach et al., 2024, Nat. Geosci.",peakList_figaero_check_particle_winter_summer_v7.db
C4H7INO11S,-,403.87900,organic,I-,particle,FIGAERO-LTOF-CIMS,Chao Yan,Beijing urban (BUCT),atmosphere,urban,BUCT long-term,"Daellenbach et al., 2024, Nat. Geosci.",peakList_figaero_check_particle_winter_summer_v7.db
C9H11INO7S,-,403.93064,organic,I-,particle,FIGAERO-LTOF-CIMS,Chao Yan,Beijing urban (BUCT),atmosphere,urban,BUCT long-term,"Daellenbach et al., 2024, Nat. Geosci.",peakList_figaero_check_particle_winter_summer_v7.db
C13H11INO6,-,403.96366,organic,I-,particle,FIGAERO-LTOF-CIMS,Chao Yan,Beijing urban (BUCT),atmosphere,urban,BUCT long-term,"Daellenbach et al., 2024, Nat. Geosci.",peakList_figaero_check_particle_winter_summer_v7.db
C10H15INO8,-,403.98479,organic,I-,particle,FIGAERO-LTOF-CIMS,Chao Yan,Beijing urban (BUCT),atmosphere,urban,BUCT long-term,"Daellenbach et al., 2024, Nat. Geosci.",peakList_figaero_check_particle_winter_summer_v7.db
C11H19INO7,-,404.02117,organic,I-,particle,FIGAERO-LTOF-CIMS,Chao Yan,Beijing urban (BUCT),atmosphere,urban,BUCT long-term,"Daellenbach et al., 2024, Nat. Geosci.",peakList_figaero_check_particle_winter_summer_v7.db
C12H23INO6,-,404.05756,organic,I-,particle,FIGAERO-LTOF-CIMS,Chao Yan,Beijing urban (BUCT),atmosphere,urban,BUCT long-term,"Daellenbach et al., 2024, Nat. Geosci.",peakList_figaero_check_particle_winter_summer_v7.db
C13H27INO5,-,404.09394,organic,I-,particle,FIGAERO-LTOF-CIMS,Chao Yan,Beijing urban (BUCT),atmosphere,urban,BUCT long-term,"Daellenbach et al., 2024, Nat. Geosci.",peakList_figaero_check_particle_winter_summer_v7.db
C8H6IO9S,-,404.87827,organic,I-,particle,FIGAERO-LTOF-CIMS,Chao Yan,Beijing urban (BUCT),atmosphere,urban,BUCT long-term,"Daellenbach et al., 2024, Nat. Geosci.",peakList_figaero_check_particle_winter_summer_v7.db
C5H10IO11S,-,404.89940,organic,I-,particle,FIGAERO-LTOF-CIMS,Chao Yan,Beijing urban (BUCT),atmosphere,urban,BUCT long-term,"Daellenbach et al., 2024, Nat. Geosci.",peakList_figaero_check_particle_winter_summer_v7.db
C5H10IO13,-,404.91716,organic,I-,particle,FIGAERO-LTOF-CIMS,Chao Yan,Beijing urban (BUCT),atmosphere,urban,BUCT long-term,"Daellenbach et al., 2024, Nat. Geosci.",peakList_figaero_check_particle_winter_summer_v7.db
C6H14IO10S,-,404.93579,organic,I-,particle,FIGAERO-LTOF-CIMS,Chao Yan,Beijing urban (BUCT),atmosphere,urban,BUCT long-term,"Daellenbach et al., 2024, Nat. Geosci.",peakList_figaero_check_particle_winter_summer_v7.db
C8H10IN2O9,-,404.94365,organic,I-,particle,FIGAERO-LTOF-CIMS,Chao Yan,Beijing urban (BUCT),atmosphere,urban,BUCT long-term,"Daellenbach et al., 2024, Nat. Geosci.",peakList_figaero_check_particle_winter_summer_v7.db
C9H14IN2O8,-,404.98004,organic,I-,particle,FIGAERO-LTOF-CIMS,Chao Yan,Beijing urban (BUCT),atmosphere,urban,BUCT long-term,"Daellenbach et al., 2024, Nat. Geosci.",peakList_figaero_check_particle_winter_summer_v7.db
C15H18IO5,-,405.02045,organic,I-,particle,FIGAERO-LTOF-CIMS,Chao Yan,Beijing urban (BUCT),atmosphere,urban,BUCT long-term,"Daellenbach et al., 2024, Nat. Geosci.",peakList_figaero_check_particle_winter_summer_v7.db
C12H22IO7,-,405.04157,organic,I-,particle,FIGAERO-LTOF-CIMS,Chao Yan,Beijing urban (BUCT),atmosphere,urban,BUCT long-term,"Daellenbach et al., 2024, Nat. Geosci.",peakList_figaero_check_particle_winter_summer_v7.db
C17H26IO3,-,405.09322,organic,I-,particle,FIGAERO-LTOF-CIMS,Chao Yan,Beijing urban (BUCT),atmosphere,urban,BUCT long-term,"Daellenbach et al., 2024, Nat. Geosci.",peakList_figaero_check_particle_winter_summer_v7.db
C18H30IO2,-,405.12960,organic,I-,particle,FIGAERO-LTOF-CIMS,Chao Yan,Beijing urban (BUCT),atmosphere,urban,BUCT long-term,"Daellenbach et al., 2024, Nat. Geosci.",peakList_figaero_check_particle_winter_summer_v7.db
C7H5INO11,-,405.89128,organic,I-,particle,FIGAERO-LTOF-CIMS,Chao Yan,Beijing urban (BUCT),atmosphere,urban,BUCT long-term,"Daellenbach et al., 2024, Nat. Geosci.",peakList_figaero_check_particle_winter_summer_v7.db
C12H9INO5S,-,405.92516,organic,I-,particle,FIGAERO-LTOF-CIMS,Chao Yan,Beijing urban (BUCT),atmosphere,urban,BUCT long-term,"Daellenbach et al., 2024, Nat. Geosci.",peakList_figaero_check_particle_winter_summer_v7.db
C12H9INO7,-,405.94292,organic,I-,particle,FIGAERO-LTOF-CIMS,Chao Yan,Beijing urban (BUCT),atmosphere,urban,BUCT long-term,"Daellenbach et al., 2024, Nat. Geosci.",peakList_figaero_check_particle_winter_summer_v7.db
C9H13INO9,-,405.96405,organic,I-,particle,FIGAERO-LTOF-CIMS,Chao Yan,Beijing urban (BUCT),atmosphere,urban,BUCT long-term,"Daellenbach et al., 2024, Nat. Geosci.",peakList_figaero_check_particle_winter_summer_v7.db
C13H13INO6,-,405.97931,organic,I-,particle,FIGAERO-LTOF-CIMS,Chao Yan,Beijing urban (BUCT),atmosphere,urban,BUCT long-term,"Daellenbach et al., 2024, Nat. Geosci.",peakList_figaero_check_particle_winter_summer_v7.db
C10H17INO8,-,406.00044,organic,I-,particle,FIGAERO-LTOF-CIMS,Chao Yan,Beijing urban (BUCT),atmosphere,urban,BUCT long-term,"Daellenbach et al., 2024, Nat. Geosci.",peakList_figaero_check_particle_winter_summer_v7.db
C11H21INO5S,-,406.01907,organic,I-,particle,FIGAERO-LTOF-CIMS,Chao Yan,Beijing urban (BUCT),atmosphere,urban,BUCT long-term,"Daellenbach et al., 2024, Nat. Geosci.",peakList_figaero_check_particle_winter_summer_v7.db
C11H21INO7,-,406.03682,organic,I-,particle,FIGAERO-LTOF-CIMS,Chao Yan,Beijing urban (BUCT),atmosphere,urban,BUCT long-term,"Daellenbach et al., 2024, Nat. Geosci.",peakList_figaero_check_particle_winter_summer_v7.db
C5HF9IO3,-,406.88322,organic,I-,particle,FIGAERO-LTOF-CIMS,Chao Yan,Beijing urban (BUCT),atmosphere,urban,BUCT long-term,"Daellenbach et al., 2024, Nat. Geosci.",peakList_figaero_check_particle_winter_summer_v7.db
C8H8IO9S,-,406.89392,organic,I-,particle,FIGAERO-LTOF-CIMS,Chao Yan,Beijing urban (BUCT),atmosphere,urban,BUCT long-term,"Daellenbach et al., 2024, Nat. Geosci.",peakList_figaero_check_particle_winter_summer_v7.db
C5H12IO11S,-,406.91505,organic,I-,particle,FIGAERO-LTOF-CIMS,Chao Yan,Beijing urban (BUCT),atmosphere,urban,BUCT long-term,"Daellenbach et al., 2024, Nat. Geosci.",peakList_figaero_check_particle_winter_summer_v7.db
C10H16IO7S,-,406.96670,organic,I-,particle,FIGAERO-LTOF-CIMS,Chao Yan,Beijing urban (BUCT),atmosphere,urban,BUCT long-term,"Daellenbach et al., 2024, Nat. Geosci.",peakList_figaero_check_particle_winter_summer_v7.db
C14H16IO6,-,406.99971,organic,I-,particle,FIGAERO-LTOF-CIMS,Chao Yan,Beijing urban (BUCT),atmosphere,urban,BUCT long-term,"Daellenbach et al., 2024, Nat. Geosci.",peakList_figaero_check_particle_winter_summer_v7.db
C15H20IO5,-,407.03610,organic,I-,particle,FIGAERO-LTOF-CIMS,Chao Yan,Beijing urban (BUCT),atmosphere,urban,BUCT long-term,"Daellenbach et al., 2024, Nat. Geosci.",peakList_figaero_check_particle_winter_summer_v7.db
C16H24IO4,-,407.07248,organic,I-,particle,FIGAERO-LTOF-CIMS,Chao Yan,Beijing urban (BUCT),atmosphere,urban,BUCT long-term,"Daellenbach et al., 2024, Nat. Geosci.",peakList_figaero_check_particle_winter_summer_v7.db
C17H28IO3,-,407.10887,organic,I-,particle,FIGAERO-LTOF-CIMS,Chao Yan,Beijing urban (BUCT),atmosphere,urban,BUCT long-term,"Daellenbach et al., 2024, Nat. Geosci.",peakList_figaero_check_particle_winter_summer_v7.db
C18H32IO2,-,407.14525,organic,I-,particle,FIGAERO-LTOF-CIMS,Chao Yan,Beijing urban (BUCT),atmosphere,urban,BUCT long-term,"Daellenbach et al., 2024, Nat. Geosci.",peakList_figaero_check_particle_winter_summer_v7.db
C8H11INO8S,-,407.92556,organic,I-,particle,FIGAERO-LTOF-CIMS,Chao Yan,Beijing urban (BUCT),atmosphere,urban,BUCT long-term,"Daellenbach et al., 2024, Nat. Geosci.",peakList_figaero_check_particle_winter_summer_v7.db
C8H11INO10,-,407.94332,organic,I-,particle,FIGAERO-LTOF-CIMS,Chao Yan,Beijing urban (BUCT),atmosphere,urban,BUCT long-term,"Daellenbach et al., 2024, Nat. Geosci.",peakList_figaero_check_particle_winter_summer_v7.db
C9H15INO7S,-,407.96194,organic,I-,particle,FIGAERO-LTOF-CIMS,Chao Yan,Beijing urban (BUCT),atmosphere,urban,BUCT long-term,"Daellenbach et al., 2024, Nat. Geosci.",peakList_figaero_check_particle_winter_summer_v7.db
C9H15INO9,-,407.97970,organic,I-,particle,FIGAERO-LTOF-CIMS,Chao Yan,Beijing urban (BUCT),atmosphere,urban,BUCT long-term,"Daellenbach et al., 2024, Nat. Geosci.",peakList_figaero_check_particle_winter_summer_v7.db
C10H19INO8,-,408.01609,organic,I-,particle,FIGAERO-LTOF-CIMS,Chao Yan,Beijing urban (BUCT),atmosphere,urban,BUCT long-term,"Daellenbach et al., 2024, Nat. Geosci.",peakList_figaero_check_particle_winter_summer_v7.db
C15H23INO4,-,408.06773,organic,I-,particle,FIGAERO-LTOF-CIMS,Chao Yan,Beijing urban (BUCT),atmosphere,urban,BUCT long-term,"Daellenbach et al., 2024, Nat. Geosci.",peakList_figaero_check_particle_winter_summer_v7.db
C16H27INO3,-,408.10412,organic,I-,particle,FIGAERO-LTOF-CIMS,Chao Yan,Beijing urban (BUCT),atmosphere,urban,BUCT long-term,"Daellenbach et al., 2024, Nat. Geosci.",peakList_figaero_check_particle_winter_summer_v7.db
C21H28O8,-,408.17897,organic,I-,particle,FIGAERO-LTOF-CIMS,Chao Yan,Beijing urban (BUCT),atmosphere,urban,BUCT long-term,"Daellenbach et al., 2024, Nat. Geosci.",peakList_figaero_check_particle_winter_summer_v7.db
C7H6IO10S,-,408.87319,organic,I-,particle,FIGAERO-LTOF-CIMS,Chao Yan,Beijing urban (BUCT),atmosphere,urban,BUCT long-term,"Daellenbach et al., 2024, Nat. Geosci.",peakList_figaero_check_particle_winter_summer_v7.db
C11H6IO9,-,408.90620,organic,I-,particle,FIGAERO-LTOF-CIMS,Chao Yan,Beijing urban (BUCT),atmosphere,urban,BUCT long-term,"Daellenbach et al., 2024, Nat. Geosci.",peakList_figaero_check_particle_winter_summer_v7.db
C12H10IO6S,-,408.92483,organic,I-,particle,FIGAERO-LTOF-CIMS,Chao Yan,Beijing urban (BUCT),atmosphere,urban,BUCT long-term,"Daellenbach et al., 2024, Nat. Geosci.",peakList_figaero_check_particle_winter_summer_v7.db
C13H14IO5S,-,408.96122,organic,I-,particle,FIGAERO-LTOF-CIMS,Chao Yan,Beijing urban (BUCT),atmosphere,urban,BUCT long-term,"Daellenbach et al., 2024, Nat. Geosci.",peakList_figaero_check_particle_winter_summer_v7.db
C8H14IN2O9,-,408.97495,organic,I-,particle,FIGAERO-LTOF-CIMS,Chao Yan,Beijing urban (BUCT),atmosphere,urban,BUCT long-term,"Daellenbach et al., 2024, Nat. Geosci.",peakList_figaero_check_particle_winter_summer_v7.db
C10H18IO7S,-,408.98235,organic,I-,particle,FIGAERO-LTOF-CIMS,Chao Yan,Beijing urban (BUCT),atmosphere,urban,BUCT long-term,"Daellenbach et al., 2024, Nat. Geosci.",peakList_figaero_check_particle_winter_summer_v7.db
C10H18IO9,-,409.00010,organic,I-,particle,FIGAERO-LTOF-CIMS,Chao Yan,Beijing urban (BUCT),atmosphere,urban,BUCT long-term,"Daellenbach et al., 2024, Nat. Geosci.",peakList_figaero_check_particle_winter_summer_v7.db
C15H22IO5,-,409.05175,organic,I-,particle,FIGAERO-LTOF-CIMS,Chao Yan,Beijing urban (BUCT),atmosphere,urban,BUCT long-term,"Daellenbach et al., 2024, Nat. Geosci.",peakList_figaero_check_particle_winter_summer_v7.db
C16H26IO4,-,409.08813,organic,I-,particle,FIGAERO-LTOF-CIMS,Chao Yan,Beijing urban (BUCT),atmosphere,urban,BUCT long-term,"Daellenbach et al., 2024, Nat. Geosci.",peakList_figaero_check_particle_winter_summer_v7.db
C17H30IO3,-,409.12452,organic,I-,particle,FIGAERO-LTOF-CIMS,Chao Yan,Beijing urban (BUCT),atmosphere,urban,BUCT long-term,"Daellenbach et al., 2024, Nat. Geosci.",peakList_figaero_check_particle_winter_summer_v7.db
C18H34IO2,-,409.16090,organic,I-,particle,FIGAERO-LTOF-CIMS,Chao Yan,Beijing urban (BUCT),atmosphere,urban,BUCT long-term,"Daellenbach et al., 2024, Nat. Geosci.",peakList_figaero_check_particle_winter_summer_v7.db
C8H13INO10,-,409.95897,organic,I-,particle,FIGAERO-LTOF-CIMS,Chao Yan,Beijing urban (BUCT),atmosphere,urban,BUCT long-term,"Daellenbach et al., 2024, Nat. Geosci.",peakList_figaero_check_particle_winter_summer_v7.db
C9H17INO9,-,409.99535,organic,I-,particle,FIGAERO-LTOF-CIMS,Chao Yan,Beijing urban (BUCT),atmosphere,urban,BUCT long-term,"Daellenbach et al., 2024, Nat. Geosci.",peakList_figaero_check_particle_winter_summer_v7.db
C17H17INO3,-,410.02586,organic,I-,particle,FIGAERO-LTOF-CIMS,Chao Yan,Beijing urban (BUCT),atmosphere,urban,BUCT long-term,"Daellenbach et al., 2024, Nat. Geosci.",peakList_figaero_check_particle_winter_summer_v7.db
C15H25INO4,-,410.08338,organic,I-,particle,FIGAERO-LTOF-CIMS,Chao Yan,Beijing urban (BUCT),atmosphere,urban,BUCT long-term,"Daellenbach et al., 2024, Nat. Geosci.",peakList_figaero_check_particle_winter_summer_v7.db
C6H4IO9S2,-,410.83470,organic,I-,particle,FIGAERO-LTOF-CIMS,Chao Yan,Beijing urban (BUCT),atmosphere,urban,BUCT long-term,"Daellenbach et al., 2024, Nat. Geosci.",peakList_figaero_check_particle_winter_summer_v7.db
C6H4IO11S,-,410.85245,organic,I-,particle,FIGAERO-LTOF-CIMS,Chao Yan,Beijing urban (BUCT),atmosphere,urban,BUCT long-term,"Daellenbach et al., 2024, Nat. Geosci.",peakList_figaero_check_particle_winter_summer_v7.db
C7H8IO10S,-,410.88884,organic,I-,particle,FIGAERO-LTOF-CIMS,Chao Yan,Beijing urban (BUCT),atmosphere,urban,BUCT long-term,"Daellenbach et al., 2024, Nat. Geosci.",peakList_figaero_check_particle_winter_summer_v7.db
C11H8IO7S,-,410.90410,organic,I-,particle,FIGAERO-LTOF-CIMS,Chao Yan,Beijing urban (BUCT),atmosphere,urban,BUCT long-term,"Daellenbach et al., 2024, Nat. Geosci.",peakList_figaero_check_particle_winter_summer_v7.db
C11H8IO9,-,410.92185,organic,I-,particle,FIGAERO-LTOF-CIMS,Chao Yan,Beijing urban (BUCT),atmosphere,urban,BUCT long-term,"Daellenbach et al., 2024, Nat. Geosci.",peakList_figaero_check_particle_winter_summer_v7.db
C12H12IO8,-,410.95824,organic,I-,particle,FIGAERO-LTOF-CIMS,Chao Yan,Beijing urban (BUCT),atmosphere,urban,BUCT long-term,"Daellenbach et al., 2024, Nat. Geosci.",peakList_figaero_check_particle_winter_summer_v7.db
C7H11N2O16S,-,410.98348,organic,I-,particle,FIGAERO-LTOF-CIMS,Chao Yan,Beijing urban (BUCT),atmosphere,urban,BUCT long-term,"Daellenbach et al., 2024, Nat. Geosci.",peakList_figaero_check_particle_winter_summer_v7.db
C14H20IO4S,-,411.01325,organic,I-,particle,FIGAERO-LTOF-CIMS,Chao Yan,Beijing urban (BUCT),atmosphere,urban,BUCT long-term,"Daellenbach et al., 2024, Nat. Geosci.",peakList_figaero_check_particle_winter_summer_v7.db
C14H20IO6,-,411.03101,organic,I-,particle,FIGAERO-LTOF-CIMS,Chao Yan,Beijing urban (BUCT),atmosphere,urban,BUCT long-term,"Daellenbach et al., 2024, Nat. Geosci.",peakList_figaero_check_particle_winter_summer_v7.db
C15H24IO5,-,411.06740,organic,I-,particle,FIGAERO-LTOF-CIMS,Chao Yan,Beijing urban (BUCT),atmosphere,urban,BUCT long-term,"Daellenbach et al., 2024, Nat. Geosci.",peakList_figaero_check_particle_winter_summer_v7.db
C16H28IO4,-,411.10378,organic,I-,particle,FIGAERO-LTOF-CIMS,Chao Yan,Beijing urban (BUCT),atmosphere,urban,BUCT long-term,"Daellenbach et al., 2024, Nat. Geosci.",peakList_figaero_check_particle_winter_summer_v7.db
C17H32IO3,-,411.14017,organic,I-,particle,FIGAERO-LTOF-CIMS,Chao Yan,Beijing urban (BUCT),atmosphere,urban,BUCT long-term,"Daellenbach et al., 2024, Nat. Geosci.",peakList_figaero_check_particle_winter_summer_v7.db
C17H26F7O3,-,411.17757,organic,I-,particle,FIGAERO-LTOF-CIMS,Chao Yan,Beijing urban (BUCT),atmosphere,urban,BUCT long-term,"Daellenbach et al., 2024, Nat. Geosci.",peakList_figaero_check_particle_winter_summer_v7.db
C6H7INO12,-,411.90185,organic,I-,particle,FIGAERO-LTOF-CIMS,Chao Yan,Beijing urban (BUCT),atmosphere,urban,BUCT long-term,"Daellenbach et al., 2024, Nat. Geosci.",peakList_figaero_check_particle_winter_summer_v7.db
C11H11INO8,-,411.95349,organic,I-,particle,FIGAERO-LTOF-CIMS,Chao Yan,Beijing urban (BUCT),atmosphere,urban,BUCT long-term,"Daellenbach et al., 2024, Nat. Geosci.",peakList_figaero_check_particle_winter_summer_v7.db
C12H15INO5S,-,411.97212,organic,I-,particle,FIGAERO-LTOF-CIMS,Chao Yan,Beijing urban (BUCT),atmosphere,urban,BUCT long-term,"Daellenbach et al., 2024, Nat. Geosci.",peakList_figaero_check_particle_winter_summer_v7.db
C9H19INO7S,-,411.99324,organic,I-,particle,FIGAERO-LTOF-CIMS,Chao Yan,Beijing urban (BUCT),atmosphere,urban,BUCT long-term,"Daellenbach et al., 2024, Nat. Geosci.",peakList_figaero_check_particle_winter_summer_v7.db
C13H19INO6,-,412.02626,organic,I-,particle,FIGAERO-LTOF-CIMS,Chao Yan,Beijing urban (BUCT),atmosphere,urban,BUCT long-term,"Daellenbach et al., 2024, Nat. Geosci.",peakList_figaero_check_particle_winter_summer_v7.db
C14H23INO5,-,412.06264,organic,I-,particle,FIGAERO-LTOF-CIMS,Chao Yan,Beijing urban (BUCT),atmosphere,urban,BUCT long-term,"Daellenbach et al., 2024, Nat. Geosci.",peakList_figaero_check_particle_winter_summer_v7.db
C15H27INO4,-,412.09903,organic,I-,particle,FIGAERO-LTOF-CIMS,Chao Yan,Beijing urban (BUCT),atmosphere,urban,BUCT long-term,"Daellenbach et al., 2024, Nat. Geosci.",peakList_figaero_check_particle_winter_summer_v7.db
C16H31INO3,-,412.13542,organic,I-,particle,FIGAERO-LTOF-CIMS,Chao Yan,Beijing urban (BUCT),atmosphere,urban,BUCT long-term,"Daellenbach et al., 2024, Nat. Geosci.",peakList_figaero_check_particle_winter_summer_v7.db
,,412.68900,unassigned,I-,particle,FIGAERO-LTOF-CIMS,Chao Yan,Beijing urban (BUCT),atmosphere,urban,BUCT long-term,"Daellenbach et al., 2024, Nat. Geosci.",peakList_figaero_check_particle_winter_summer_v7.db
C9H2IO9S,-,412.84697,organic,I-,particle,FIGAERO-LTOF-CIMS,Chao Yan,Beijing urban (BUCT),atmosphere,urban,BUCT long-term,"Daellenbach et al., 2024, Nat. Geosci.",peakList_figaero_check_particle_winter_summer_v7.db
C6H6IO11S,-,412.86810,organic,I-,particle,FIGAERO-LTOF-CIMS,Chao Yan,Beijing urban (BUCT),atmosphere,urban,BUCT long-term,"Daellenbach et al., 2024, Nat. Geosci.",peakList_figaero_check_particle_winter_summer_v7.db
C10H6IO10,-,412.90112,organic,I-,particle,FIGAERO-LTOF-CIMS,Chao Yan,Beijing urban (BUCT),atmosphere,urban,BUCT long-term,"Daellenbach et al., 2024, Nat. Geosci.",peakList_figaero_check_particle_winter_summer_v7.db
C7H10IO12,-,412.92225,organic,I-,particle,FIGAERO-LTOF-CIMS,Chao Yan,Beijing urban (BUCT),atmosphere,urban,BUCT long-term,"Daellenbach et al., 2024, Nat. Geosci.",peakList_figaero_check_particle_winter_summer_v7.db
C8H14IO9S,-,412.94087,organic,I-,particle,FIGAERO-LTOF-CIMS,Chao Yan,Beijing urban (BUCT),atmosphere,urban,BUCT long-term,"Daellenbach et al., 2024, Nat. Geosci.",peakList_figaero_check_particle_winter_summer_v7.db
C9H18IO8S,-,412.97726,organic,I-,particle,FIGAERO-LTOF-CIMS,Chao Yan,Beijing urban (BUCT),atmosphere,urban,BUCT long-term,"Daellenbach et al., 2024, Nat. Geosci.",peakList_figaero_check_particle_winter_summer_v7.db
C17H18IO2S,-,413.00777,organic,I-,particle,FIGAERO-LTOF-CIMS,Chao Yan,Beijing urban (BUCT),atmosphere,urban,BUCT long-term,"Daellenbach et al., 2024, Nat. Geosci.",peakList_figaero_check_particle_winter_summer_v7.db
C10H22IO9,-,413.03140,organic,I-,particle,FIGAERO-LTOF-CIMS,Chao Yan,Beijing urban (BUCT),atmosphere,urban,BUCT long-term,"Daellenbach et al., 2024, Nat. Geosci.",peakList_figaero_check_particle_winter_summer_v7.db
C14H22IO6,-,413.04666,organic,I-,particle,FIGAERO-LTOF-CIMS,Chao Yan,Beijing urban (BUCT),atmosphere,urban,BUCT long-term,"Daellenbach et al., 2024, Nat. Geosci.",peakList_figaero_check_particle_winter_summer_v7.db
C15H26IO5,-,413.08305,organic,I-,particle,FIGAERO-LTOF-CIMS,Chao Yan,Beijing urban (BUCT),atmosphere,urban,BUCT long-term,"Daellenbach et al., 2024, Nat. Geosci.",peakList_figaero_check_particle_winter_summer_v7.db
C16H30IO4,-,413.11943,organic,I-,particle,FIGAERO-LTOF-CIMS,Chao Yan,Beijing urban (BUCT),atmosphere,urban,BUCT long-term,"Daellenbach et al., 2024, Nat. Geosci.",peakList_figaero_check_particle_winter_summer_v7.db
C17H34IO3,-,413.15582,organic,I-,particle,FIGAERO-LTOF-CIMS,Chao Yan,Beijing urban (BUCT),atmosphere,urban,BUCT long-term,"Daellenbach et al., 2024, Nat. Geosci.",peakList_figaero_check_particle_winter_summer_v7.db
C5H5INO13,-,413.88111,organic,I-,particle,FIGAERO-LTOF-CIMS,Chao Yan,Beijing urban (BUCT),atmosphere,urban,BUCT long-term,"Daellenbach et al., 2024, Nat. Geosci.",peakList_figaero_check_particle_winter_summer_v7.db
C10H9INO7S,-,413.91499,organic,I-,particle,FIGAERO-LTOF-CIMS,Chao Yan,Beijing urban (BUCT),atmosphere,urban,BUCT long-term,"Daellenbach et al., 2024, Nat. Geosci.",peakList_figaero_check_particle_winter_summer_v7.db
C7H13INO9S,-,413.93612,organic,I-,particle,FIGAERO-LTOF-CIMS,Chao Yan,Beijing urban (BUCT),atmosphere,urban,BUCT long-term,"Daellenbach et al., 2024, Nat. Geosci.",peakList_figaero_check_particle_winter_summer_v7.db
C8H17INO8S,-,413.97251,organic,I-,particle,FIGAERO-LTOF-CIMS,Chao Yan,Beijing urban (BUCT),atmosphere,urban,BUCT long-term,"Daellenbach et al., 2024, Nat. Geosci.",peakList_figaero_check_particle_winter_summer_v7.db
C12H17INO7,-,414.00552,organic,I-,particle,FIGAERO-LTOF-CIMS,Chao Yan,Beijing urban (BUCT),atmosphere,urban,BUCT long-term,"Daellenbach et al., 2024, Nat. Geosci.",peakList_figaero_check_particle_winter_summer_v7.db
C13H21INO6,-,414.04191,organic,I-,particle,FIGAERO-LTOF-CIMS,Chao Yan,Beijing urban (BUCT),atmosphere,urban,BUCT long-term,"Daellenbach et al., 2024, Nat. Geosci.",peakList_figaero_check_particle_winter_summer_v7.db
C14H25INO5,-,414.07829,organic,I-,particle,FIGAERO-LTOF-CIMS,Chao Yan,Beijing urban (BUCT),atmosphere,urban,BUCT long-term,"Daellenbach et al., 2024, Nat. Geosci.",peakList_figaero_check_particle_winter_summer_v7.db
C18H25INO2,-,414.09355,organic,I-,particle,FIGAERO-LTOF-CIMS,Chao Yan,Beijing urban (BUCT),atmosphere,urban,BUCT long-term,"Daellenbach et al., 2024, Nat. Geosci.",peakList_figaero_check_particle_winter_summer_v7.db
C15H29INO4,-,414.11468,organic,I-,particle,FIGAERO-LTOF-CIMS,Chao Yan,Beijing urban (BUCT),atmosphere,urban,BUCT long-term,"Daellenbach et al., 2024, Nat. Geosci.",peakList_figaero_check_particle_winter_summer_v7.db
C16H33INO3,-,414.15107,organic,I-,particle,FIGAERO-LTOF-CIMS,Chao Yan,Beijing urban (BUCT),atmosphere,urban,BUCT long-term,"Daellenbach et al., 2024, Nat. Geosci.",peakList_figaero_check_particle_winter_summer_v7.db
C17H37INO2,-,414.18745,organic,I-,particle,FIGAERO-LTOF-CIMS,Chao Yan,Beijing urban (BUCT),atmosphere,urban,BUCT long-term,"Daellenbach et al., 2024, Nat. Geosci.",peakList_figaero_check_particle_winter_summer_v7.db
C5H4IO12S,-,414.84737,organic,I-,particle,FIGAERO-LTOF-CIMS,Chao Yan,Beijing urban (BUCT),atmosphere,urban,BUCT long-term,"Daellenbach et al., 2024, Nat. Geosci.",peakList_figaero_check_particle_winter_summer_v7.db
C6H8IO11S,-,414.88375,organic,I-,particle,FIGAERO-LTOF-CIMS,Chao Yan,Beijing urban (BUCT),atmosphere,urban,BUCT long-term,"Daellenbach et al., 2024, Nat. Geosci.",peakList_figaero_check_particle_winter_summer_v7.db
C10H8IO10,-,414.91677,organic,I-,particle,FIGAERO-LTOF-CIMS,Chao Yan,Beijing urban (BUCT),atmosphere,urban,BUCT long-term,"Daellenbach et al., 2024, Nat. Geosci.",peakList_figaero_check_particle_winter_summer_v7.db
C11H12IO7S,-,414.93540,organic,I-,particle,FIGAERO-LTOF-CIMS,Chao Yan,Beijing urban (BUCT),atmosphere,urban,BUCT long-term,"Daellenbach et al., 2024, Nat. Geosci.",peakList_figaero_check_particle_winter_summer_v7.db
C12H16IO8,-,414.98954,organic,I-,particle,FIGAERO-LTOF-CIMS,Chao Yan,Beijing urban (BUCT),atmosphere,urban,BUCT long-term,"Daellenbach et al., 2024, Nat. Geosci.",peakList_figaero_check_particle_winter_summer_v7.db
C16H16IO5,-,415.00480,organic,I-,particle,FIGAERO-LTOF-CIMS,Chao Yan,Beijing urban (BUCT),atmosphere,urban,BUCT long-term,"Daellenbach et al., 2024, Nat. Geosci.",peakList_figaero_check_particle_winter_summer_v7.db
C13H20IO7,-,415.02592,organic,I-,particle,FIGAERO-LTOF-CIMS,Chao Yan,Beijing urban (BUCT),atmosphere,urban,BUCT long-term,"Daellenbach et al., 2024, Nat. Geosci.",peakList_figaero_check_particle_winter_summer_v7.db
C14H24IO6,-,415.06231,organic,I-,particle,FIGAERO-LTOF-CIMS,Chao Yan,Beijing urban (BUCT),atmosphere,urban,BUCT long-term,"Daellenbach et al., 2024, Nat. Geosci.",peakList_figaero_check_particle_winter_summer_v7.db
C15H28IO3S,-,415.08094,organic,I-,particle,FIGAERO-LTOF-CIMS,Chao Yan,Beijing urban (BUCT),atmosphere,urban,BUCT long-term,"Daellenbach et al., 2024, Nat. Geosci.",peakList_figaero_check_particle_winter_summer_v7.db
C15H28IO5,-,415.09870,organic,I-,particle,FIGAERO-LTOF-CIMS,Chao Yan,Beijing urban (BUCT),atmosphere,urban,BUCT long-term,"Daellenbach et al., 2024, Nat. Geosci.",peakList_figaero_check_particle_winter_summer_v7.db
C16H32IO4,-,415.13508,organic,I-,particle,FIGAERO-LTOF-CIMS,Chao Yan,Beijing urban (BUCT),atmosphere,urban,BUCT long-term,"Daellenbach et al., 2024, Nat. Geosci.",peakList_figaero_check_particle_winter_summer_v7.db
C4H3INO12S,-,415.84262,organic,I-,particle,FIGAERO-LTOF-CIMS,Chao Yan,Beijing urban (BUCT),atmosphere,urban,BUCT long-term,"Daellenbach et al., 2024, Nat. Geosci.",peakList_figaero_check_particle_winter_summer_v7.db
C8H3INO11,-,415.87563,organic,I-,particle,FIGAERO-LTOF-CIMS,Chao Yan,Beijing urban (BUCT),atmosphere,urban,BUCT long-term,"Daellenbach et al., 2024, Nat. Geosci.",peakList_figaero_check_particle_winter_summer_v7.db
C9H7INO10,-,415.91202,organic,I-,particle,FIGAERO-LTOF-CIMS,Chao Yan,Beijing urban (BUCT),atmosphere,urban,BUCT long-term,"Daellenbach et al., 2024, Nat. Geosci.",peakList_figaero_check_particle_winter_summer_v7.db
C7H15INO9S,-,415.95177,organic,I-,particle,FIGAERO-LTOF-CIMS,Chao Yan,Beijing urban (BUCT),atmosphere,urban,BUCT long-term,"Daellenbach et al., 2024, Nat. Geosci.",peakList_figaero_check_particle_winter_summer_v7.db
C11H15INO8,-,415.98479,organic,I-,particle,FIGAERO-LTOF-CIMS,Chao Yan,Beijing urban (BUCT),atmosphere,urban,BUCT long-term,"Daellenbach et al., 2024, Nat. Geosci.",peakList_figaero_check_particle_winter_summer_v7.db
C12H19INO7,-,416.02117,organic,I-,particle,FIGAERO-LTOF-CIMS,Chao Yan,Beijing urban (BUCT),atmosphere,urban,BUCT long-term,"Daellenbach et al., 2024, Nat. Geosci.",peakList_figaero_check_particle_winter_summer_v7.db
C13H23INO6,-,416.05756,organic,I-,particle,FIGAERO-LTOF-CIMS,Chao Yan,Beijing urban (BUCT),atmosphere,urban,BUCT long-term,"Daellenbach et al., 2024, Nat. Geosci.",peakList_figaero_check_particle_winter_summer_v7.db
C17H23INO3,-,416.07282,organic,I-,particle,FIGAERO-LTOF-CIMS,Chao Yan,Beijing urban (BUCT),atmosphere,urban,BUCT long-term,"Daellenbach et al., 2024, Nat. Geosci.",peakList_figaero_check_particle_winter_summer_v7.db
C14H27INO5,-,416.09394,organic,I-,particle,FIGAERO-LTOF-CIMS,Chao Yan,Beijing urban (BUCT),atmosphere,urban,BUCT long-term,"Daellenbach et al., 2024, Nat. Geosci.",peakList_figaero_check_particle_winter_summer_v7.db
C15H31INO4,-,416.13033,organic,I-,particle,FIGAERO-LTOF-CIMS,Chao Yan,Beijing urban (BUCT),atmosphere,urban,BUCT long-term,"Daellenbach et al., 2024, Nat. Geosci.",peakList_figaero_check_particle_winter_summer_v7.db
C9H6IO11,-,416.89603,organic,I-,particle,FIGAERO-LTOF-CIMS,Chao Yan,Beijing urban (BUCT),atmosphere,urban,BUCT long-term,"Daellenbach et al., 2024, Nat. Geosci.",peakList_figaero_check_particle_winter_summer_v7.db
C10H10IO8S,-,416.91466,organic,I-,particle,FIGAERO-LTOF-CIMS,Chao Yan,Beijing urban (BUCT),atmosphere,urban,BUCT long-term,"Daellenbach et al., 2024, Nat. Geosci.",peakList_figaero_check_particle_winter_summer_v7.db
C10H10IO10,-,416.93242,organic,I-,particle,FIGAERO-LTOF-CIMS,Chao Yan,Beijing urban (BUCT),atmosphere,urban,BUCT long-term,"Daellenbach et al., 2024, Nat. Geosci.",peakList_figaero_check_particle_winter_summer_v7.db
C9H10IN2O9,-,416.94365,organic,I-,particle,FIGAERO-LTOF-CIMS,Chao Yan,Beijing urban (BUCT),atmosphere,urban,BUCT long-term,"Daellenbach et al., 2024, Nat. Geosci.",peakList_figaero_check_particle_winter_summer_v7.db
C8H18IO9S,-,416.97217,organic,I-,particle,FIGAERO-LTOF-CIMS,Chao Yan,Beijing urban (BUCT),atmosphere,urban,BUCT long-term,"Daellenbach et al., 2024, Nat. Geosci.",peakList_figaero_check_particle_winter_summer_v7.db
C8H18IO11,-,416.98993,organic,I-,particle,FIGAERO-LTOF-CIMS,Chao Yan,Beijing urban (BUCT),atmosphere,urban,BUCT long-term,"Daellenbach et al., 2024, Nat. Geosci.",peakList_figaero_check_particle_winter_summer_v7.db
C12H18IO8,-,417.00519,organic,I-,particle,FIGAERO-LTOF-CIMS,Chao Yan,Beijing urban (BUCT),atmosphere,urban,BUCT long-term,"Daellenbach et al., 2024, Nat. Geosci.",peakList_figaero_check_particle_winter_summer_v7.db
C16H18IO5,-,417.02045,organic,I-,particle,FIGAERO-LTOF-CIMS,Chao Yan,Beijing urban (BUCT),atmosphere,urban,BUCT long-term,"Daellenbach et al., 2024, Nat. Geosci.",peakList_figaero_check_particle_winter_summer_v7.db
C17H22IO4,-,417.05683,organic,I-,particle,FIGAERO-LTOF-CIMS,Chao Yan,Beijing urban (BUCT),atmosphere,urban,BUCT long-term,"Daellenbach et al., 2024, Nat. Geosci.",peakList_figaero_check_particle_winter_summer_v7.db
C15H30IO5,-,417.11435,organic,I-,particle,FIGAERO-LTOF-CIMS,Chao Yan,Beijing urban (BUCT),atmosphere,urban,BUCT long-term,"Daellenbach et al., 2024, Nat. Geosci.",peakList_figaero_check_particle_winter_summer_v7.db
C16H34IO4,-,417.15073,organic,I-,particle,FIGAERO-LTOF-CIMS,Chao Yan,Beijing urban (BUCT),atmosphere,urban,BUCT long-term,"Daellenbach et al., 2024, Nat. Geosci.",peakList_figaero_check_particle_winter_summer_v7.db
C27H45O3,-,417.33742,organic,I-,particle,FIGAERO-LTOF-CIMS,Chao Yan,Beijing urban (BUCT),atmosphere,urban,BUCT long-term,"Daellenbach et al., 2024, Nat. Geosci.",peakList_figaero_check_particle_winter_summer_v7.db
C4H5INO12S,-,417.85827,organic,I-,particle,FIGAERO-LTOF-CIMS,Chao Yan,Beijing urban (BUCT),atmosphere,urban,BUCT long-term,"Daellenbach et al., 2024, Nat. Geosci.",peakList_figaero_check_particle_winter_summer_v7.db
C8H5INO11,-,417.89128,organic,I-,particle,FIGAERO-LTOF-CIMS,Chao Yan,Beijing urban (BUCT),atmosphere,urban,BUCT long-term,"Daellenbach et al., 2024, Nat. Geosci.",peakList_figaero_check_particle_winter_summer_v7.db
C5H9INO13,-,417.91241,organic,I-,particle,FIGAERO-LTOF-CIMS,Chao Yan,Beijing urban (BUCT),atmosphere,urban,BUCT long-term,"Daellenbach et al., 2024, Nat. Geosci.",peakList_figaero_check_particle_winter_summer_v7.db
C13H9INO7,-,417.94292,organic,I-,particle,FIGAERO-LTOF-CIMS,Chao Yan,Beijing urban (BUCT),atmosphere,urban,BUCT long-term,"Daellenbach et al., 2024, Nat. Geosci.",peakList_figaero_check_particle_winter_summer_v7.db
C14H13INO6,-,417.97931,organic,I-,particle,FIGAERO-LTOF-CIMS,Chao Yan,Beijing urban (BUCT),atmosphere,urban,BUCT long-term,"Daellenbach et al., 2024, Nat. Geosci.",peakList_figaero_check_particle_winter_summer_v7.db
C11H17INO8,-,418.00044,organic,I-,particle,FIGAERO-LTOF-CIMS,Chao Yan,Beijing urban (BUCT),atmosphere,urban,BUCT long-term,"Daellenbach et al., 2024, Nat. Geosci.",peakList_figaero_check_particle_winter_summer_v7.db
C12H21INO7,-,418.03682,organic,I-,particle,FIGAERO-LTOF-CIMS,Chao Yan,Beijing urban (BUCT),atmosphere,urban,BUCT long-term,"Daellenbach et al., 2024, Nat. Geosci.",peakList_figaero_check_particle_winter_summer_v7.db
C17H25INO3,-,418.08847,organic,I-,particle,FIGAERO-LTOF-CIMS,Chao Yan,Beijing urban (BUCT),atmosphere,urban,BUCT long-term,"Daellenbach et al., 2024, Nat. Geosci.",peakList_figaero_check_particle_winter_summer_v7.db
C14H29INO5,-,418.10959,organic,I-,particle,FIGAERO-LTOF-CIMS,Chao Yan,Beijing urban (BUCT),atmosphere,urban,BUCT long-term,"Daellenbach et al., 2024, Nat. Geosci.",peakList_figaero_check_particle_winter_summer_v7.db
C18H26O11,-,418.14806,organic,I-,particle,FIGAERO-LTOF-CIMS,Chao Yan,Beijing urban (BUCT),atmosphere,urban,BUCT long-term,"Daellenbach et al., 2024, Nat. Geosci.",peakList_figaero_check_particle_winter_summer_v7.db
C5H8IO12S,-,418.87867,organic,I-,particle,FIGAERO-LTOF-CIMS,Chao Yan,Beijing urban (BUCT),atmosphere,urban,BUCT long-term,"Daellenbach et al., 2024, Nat. Geosci.",peakList_figaero_check_particle_winter_summer_v7.db
C13H8IO6S,-,418.90918,organic,I-,particle,FIGAERO-LTOF-CIMS,Chao Yan,Beijing urban (BUCT),atmosphere,urban,BUCT long-term,"Daellenbach et al., 2024, Nat. Geosci.",peakList_figaero_check_particle_winter_summer_v7.db
C6H12IO13,-,418.93281,organic,I-,particle,FIGAERO-LTOF-CIMS,Chao Yan,Beijing urban (BUCT),atmosphere,urban,BUCT long-term,"Daellenbach et al., 2024, Nat. Geosci.",peakList_figaero_check_particle_winter_summer_v7.db
C10H12IO10,-,418.94807,organic,I-,particle,FIGAERO-LTOF-CIMS,Chao Yan,Beijing urban (BUCT),atmosphere,urban,BUCT long-term,"Daellenbach et al., 2024, Nat. Geosci.",peakList_figaero_check_particle_winter_summer_v7.db
C11H16IO9,-,418.98445,organic,I-,particle,FIGAERO-LTOF-CIMS,Chao Yan,Beijing urban (BUCT),atmosphere,urban,BUCT long-term,"Daellenbach et al., 2024, Nat. Geosci.",peakList_figaero_check_particle_winter_summer_v7.db
C12H20IO6S,-,419.00308,organic,I-,particle,FIGAERO-LTOF-CIMS,Chao Yan,Beijing urban (BUCT),atmosphere,urban,BUCT long-term,"Daellenbach et al., 2024, Nat. Geosci.",peakList_figaero_check_particle_winter_summer_v7.db
C12H20IO8,-,419.02084,organic,I-,particle,FIGAERO-LTOF-CIMS,Chao Yan,Beijing urban (BUCT),atmosphere,urban,BUCT long-term,"Daellenbach et al., 2024, Nat. Geosci.",peakList_figaero_check_particle_winter_summer_v7.db
C17H24IO4,-,419.07248,organic,I-,particle,FIGAERO-LTOF-CIMS,Chao Yan,Beijing urban (BUCT),atmosphere,urban,BUCT long-term,"Daellenbach et al., 2024, Nat. Geosci.",peakList_figaero_check_particle_winter_summer_v7.db
C14H28IO6,-,419.09361,organic,I-,particle,FIGAERO-LTOF-CIMS,Chao Yan,Beijing urban (BUCT),atmosphere,urban,BUCT long-term,"Daellenbach et al., 2024, Nat. Geosci.",peakList_figaero_check_particle_winter_summer_v7.db
C14H27O14,-,419.14063,organic,I-,particle,FIGAERO-LTOF-CIMS,Chao Yan,Beijing urban (BUCT),atmosphere,urban,BUCT long-term,"Daellenbach et al., 2024, Nat. Geosci.",peakList_figaero_check_particle_winter_summer_v7.db
C27H47O3,-,419.35307,organic,I-,particle,FIGAERO-LTOF-CIMS,Chao Yan,Beijing urban (BUCT),atmosphere,urban,BUCT long-term,"Daellenbach et al., 2024, Nat. Geosci.",peakList_figaero_check_particle_winter_summer_v7.db
C4H7INO14,-,419.89168,organic,I-,particle,FIGAERO-LTOF-CIMS,Chao Yan,Beijing urban (BUCT),atmosphere,urban,BUCT long-term,"Daellenbach et al., 2024, Nat. Geosci.",peakList_figaero_check_particle_winter_summer_v7.db
C9H11INO8S,-,419.92556,organic,I-,particle,FIGAERO-LTOF-CIMS,Chao Yan,Beijing urban (BUCT),atmosphere,urban,BUCT long-term,"Daellenbach et al., 2024, Nat. Geosci.",peakList_figaero_check_particle_winter_summer_v7.db
C9H11INO10,-,419.94332,organic,I-,particle,FIGAERO-LTOF-CIMS,Chao Yan,Beijing urban (BUCT),atmosphere,urban,BUCT long-term,"Daellenbach et al., 2024, Nat. Geosci.",peakList_figaero_check_particle_winter_summer_v7.db
C10H15INO9,-,419.97970,organic,I-,particle,FIGAERO-LTOF-CIMS,Chao Yan,Beijing urban (BUCT),atmosphere,urban,BUCT long-term,"Daellenbach et al., 2024, Nat. Geosci.",peakList_figaero_check_particle_winter_summer_v7.db
C11H19INO8,-,420.01609,organic,I-,particle,FIGAERO-LTOF-CIMS,Chao Yan,Beijing urban (BUCT),atmosphere,urban,BUCT long-term,"Daellenbach et al., 2024, Nat. Geosci.",peakList_figaero_check_particle_winter_summer_v7.db
C12H23INO7,-,420.05247,organic,I-,particle,FIGAERO-LTOF-CIMS,Chao Yan,Beijing urban (BUCT),atmosphere,urban,BUCT long-term,"Daellenbach et al., 2024, Nat. Geosci.",peakList_figaero_check_particle_winter_summer_v7.db
C17H27INO3,-,420.10412,organic,I-,particle,FIGAERO-LTOF-CIMS,Chao Yan,Beijing urban (BUCT),atmosphere,urban,BUCT long-term,"Daellenbach et al., 2024, Nat. Geosci.",peakList_figaero_check_particle_winter_summer_v7.db
C18H31INO2,-,420.14050,organic,I-,particle,FIGAERO-LTOF-CIMS,Chao Yan,Beijing urban (BUCT),atmosphere,urban,BUCT long-term,"Daellenbach et al., 2024, Nat. Geosci.",peakList_figaero_check_particle_winter_summer_v7.db
C8H6IO10S,-,420.87319,organic,I-,particle,FIGAERO-LTOF-CIMS,Chao Yan,Beijing urban (BUCT),atmosphere,urban,BUCT long-term,"Daellenbach et al., 2024, Nat. Geosci.",peakList_figaero_check_particle_winter_summer_v7.db
C5H10IO12S,-,420.89432,organic,I-,particle,FIGAERO-LTOF-CIMS,Chao Yan,Beijing urban (BUCT),atmosphere,urban,BUCT long-term,"Daellenbach et al., 2024, Nat. Geosci.",peakList_figaero_check_particle_winter_summer_v7.db
C6H14IO11S,-,420.93070,organic,I-,particle,FIGAERO-LTOF-CIMS,Chao Yan,Beijing urban (BUCT),atmosphere,urban,BUCT long-term,"Daellenbach et al., 2024, Nat. Geosci.",peakList_figaero_check_particle_winter_summer_v7.db
C8H10IN2O10,-,420.93857,organic,I-,particle,FIGAERO-LTOF-CIMS,Chao Yan,Beijing urban (BUCT),atmosphere,urban,BUCT long-term,"Daellenbach et al., 2024, Nat. Geosci.",peakList_figaero_check_particle_winter_summer_v7.db
C14H14IO7,-,420.97897,organic,I-,particle,FIGAERO-LTOF-CIMS,Chao Yan,Beijing urban (BUCT),atmosphere,urban,BUCT long-term,"Daellenbach et al., 2024, Nat. Geosci.",peakList_figaero_check_particle_winter_summer_v7.db
C15H18IO6,-,421.01536,organic,I-,particle,FIGAERO-LTOF-CIMS,Chao Yan,Beijing urban (BUCT),atmosphere,urban,BUCT long-term,"Daellenbach et al., 2024, Nat. Geosci.",peakList_figaero_check_particle_winter_summer_v7.db
C16H22IO5,-,421.05175,organic,I-,particle,FIGAERO-LTOF-CIMS,Chao Yan,Beijing urban (BUCT),atmosphere,urban,BUCT long-term,"Daellenbach et al., 2024, Nat. Geosci.",peakList_figaero_check_particle_winter_summer_v7.db
C17H26IO4,-,421.08813,organic,I-,particle,FIGAERO-LTOF-CIMS,Chao Yan,Beijing urban (BUCT),atmosphere,urban,BUCT long-term,"Daellenbach et al., 2024, Nat. Geosci.",peakList_figaero_check_particle_winter_summer_v7.db
C18H30IO3,-,421.12452,organic,I-,particle,FIGAERO-LTOF-CIMS,Chao Yan,Beijing urban (BUCT),atmosphere,urban,BUCT long-term,"Daellenbach et al., 2024, Nat. Geosci.",peakList_figaero_check_particle_winter_summer_v7.db
C19H34IO2,-,421.16090,organic,I-,particle,FIGAERO-LTOF-CIMS,Chao Yan,Beijing urban (BUCT),atmosphere,urban,BUCT long-term,"Daellenbach et al., 2024, Nat. Geosci.",peakList_figaero_check_particle_winter_summer_v7.db
C8H9INO9S,-,421.90482,organic,I-,particle,FIGAERO-LTOF-CIMS,Chao Yan,Beijing urban (BUCT),atmosphere,urban,BUCT long-term,"Daellenbach et al., 2024, Nat. Geosci.",peakList_figaero_check_particle_winter_summer_v7.db
C9H13INO8S,-,421.94121,organic,I-,particle,FIGAERO-LTOF-CIMS,Chao Yan,Beijing urban (BUCT),atmosphere,urban,BUCT long-term,"Daellenbach et al., 2024, Nat. Geosci.",peakList_figaero_check_particle_winter_summer_v7.db
C9H13INO10,-,421.95897,organic,I-,particle,FIGAERO-LTOF-CIMS,Chao Yan,Beijing urban (BUCT),atmosphere,urban,BUCT long-term,"Daellenbach et al., 2024, Nat. Geosci.",peakList_figaero_check_particle_winter_summer_v7.db
C10H17INO7S,-,421.97759,organic,I-,particle,FIGAERO-LTOF-CIMS,Chao Yan,Beijing urban (BUCT),atmosphere,urban,BUCT long-term,"Daellenbach et al., 2024, Nat. Geosci.",peakList_figaero_check_particle_winter_summer_v7.db
C10H17INO9,-,421.99535,organic,I-,particle,FIGAERO-LTOF-CIMS,Chao Yan,Beijing urban (BUCT),atmosphere,urban,BUCT long-term,"Daellenbach et al., 2024, Nat. Geosci.",peakList_figaero_check_particle_winter_summer_v7.db
C11H21INO6S,-,422.01398,organic,I-,particle,FIGAERO-LTOF-CIMS,Chao Yan,Beijing urban (BUCT),atmosphere,urban,BUCT long-term,"Daellenbach et al., 2024, Nat. Geosci.",peakList_figaero_check_particle_winter_summer_v7.db
C11H21INO8,-,422.03174,organic,I-,particle,FIGAERO-LTOF-CIMS,Chao Yan,Beijing urban (BUCT),atmosphere,urban,BUCT long-term,"Daellenbach et al., 2024, Nat. Geosci.",peakList_figaero_check_particle_winter_summer_v7.db
C12H25INO5S,-,422.05037,organic,I-,particle,FIGAERO-LTOF-CIMS,Chao Yan,Beijing urban (BUCT),atmosphere,urban,BUCT long-term,"Daellenbach et al., 2024, Nat. Geosci.",peakList_figaero_check_particle_winter_summer_v7.db
C18H33INO2,-,422.15615,organic,I-,particle,FIGAERO-LTOF-CIMS,Chao Yan,Beijing urban (BUCT),atmosphere,urban,BUCT long-term,"Daellenbach et al., 2024, Nat. Geosci.",peakList_figaero_check_particle_winter_summer_v7.db
C4H8IO13S,-,422.87358,organic,I-,particle,FIGAERO-LTOF-CIMS,Chao Yan,Beijing urban (BUCT),atmosphere,urban,BUCT long-term,"Daellenbach et al., 2024, Nat. Geosci.",peakList_figaero_check_particle_winter_summer_v7.db
C8H8IO10S,-,422.88884,organic,I-,particle,FIGAERO-LTOF-CIMS,Chao Yan,Beijing urban (BUCT),atmosphere,urban,BUCT long-term,"Daellenbach et al., 2024, Nat. Geosci.",peakList_figaero_check_particle_winter_summer_v7.db
C5H12IO12S,-,422.90997,organic,I-,particle,FIGAERO-LTOF-CIMS,Chao Yan,Beijing urban (BUCT),atmosphere,urban,BUCT long-term,"Daellenbach et al., 2024, Nat. Geosci.",peakList_figaero_check_particle_winter_summer_v7.db
C13H12IO6S,-,422.94048,organic,I-,particle,FIGAERO-LTOF-CIMS,Chao Yan,Beijing urban (BUCT),atmosphere,urban,BUCT long-term,"Daellenbach et al., 2024, Nat. Geosci.",peakList_figaero_check_particle_winter_summer_v7.db
C10H16IO8S,-,422.96161,organic,I-,particle,FIGAERO-LTOF-CIMS,Chao Yan,Beijing urban (BUCT),atmosphere,urban,BUCT long-term,"Daellenbach et al., 2024, Nat. Geosci.",peakList_figaero_check_particle_winter_summer_v7.db
C9H16IN2O9,-,422.99060,organic,I-,particle,FIGAERO-LTOF-CIMS,Chao Yan,Beijing urban (BUCT),atmosphere,urban,BUCT long-term,"Daellenbach et al., 2024, Nat. Geosci.",peakList_figaero_check_particle_winter_summer_v7.db
C11H20IO9,-,423.01575,organic,I-,particle,FIGAERO-LTOF-CIMS,Chao Yan,Beijing urban (BUCT),atmosphere,urban,BUCT long-term,"Daellenbach et al., 2024, Nat. Geosci.",peakList_figaero_check_particle_winter_summer_v7.db
C12H24IO6S,-,423.03438,organic,I-,particle,FIGAERO-LTOF-CIMS,Chao Yan,Beijing urban (BUCT),atmosphere,urban,BUCT long-term,"Daellenbach et al., 2024, Nat. Geosci.",peakList_figaero_check_particle_winter_summer_v7.db
C16H24IO5,-,423.06740,organic,I-,particle,FIGAERO-LTOF-CIMS,Chao Yan,Beijing urban (BUCT),atmosphere,urban,BUCT long-term,"Daellenbach et al., 2024, Nat. Geosci.",peakList_figaero_check_particle_winter_summer_v7.db
C17H28IO4,-,423.10378,organic,I-,particle,FIGAERO-LTOF-CIMS,Chao Yan,Beijing urban (BUCT),atmosphere,urban,BUCT long-term,"Daellenbach et al., 2024, Nat. Geosci.",peakList_figaero_check_particle_winter_summer_v7.db
C18H32IO3,-,423.14017,organic,I-,particle,FIGAERO-LTOF-CIMS,Chao Yan,Beijing urban (BUCT),atmosphere,urban,BUCT long-term,"Daellenbach et al., 2024, Nat. Geosci.",peakList_figaero_check_particle_winter_summer_v7.db
C19H36IO2,-,423.17655,organic,I-,particle,FIGAERO-LTOF-CIMS,Chao Yan,Beijing urban (BUCT),atmosphere,urban,BUCT long-term,"Daellenbach et al., 2024, Nat. Geosci.",peakList_figaero_check_particle_winter_summer_v7.db
C3H7INO13S,-,423.86883,organic,I-,particle,FIGAERO-LTOF-CIMS,Chao Yan,Beijing urban (BUCT),atmosphere,urban,BUCT long-term,"Daellenbach et al., 2024, Nat. Geosci.",peakList_figaero_check_particle_winter_summer_v7.db
C12H11INO6S,-,423.93573,organic,I-,particle,FIGAERO-LTOF-CIMS,Chao Yan,Beijing urban (BUCT),atmosphere,urban,BUCT long-term,"Daellenbach et al., 2024, Nat. Geosci.",peakList_figaero_check_particle_winter_summer_v7.db
C13H15INO5S,-,423.97212,organic,I-,particle,FIGAERO-LTOF-CIMS,Chao Yan,Beijing urban (BUCT),atmosphere,urban,BUCT long-term,"Daellenbach et al., 2024, Nat. Geosci.",peakList_figaero_check_particle_winter_summer_v7.db
C10H19INO7S,-,423.99324,organic,I-,particle,FIGAERO-LTOF-CIMS,Chao Yan,Beijing urban (BUCT),atmosphere,urban,BUCT long-term,"Daellenbach et al., 2024, Nat. Geosci.",peakList_figaero_check_particle_winter_summer_v7.db
C14H19INO6,-,424.02626,organic,I-,particle,FIGAERO-LTOF-CIMS,Chao Yan,Beijing urban (BUCT),atmosphere,urban,BUCT long-term,"Daellenbach et al., 2024, Nat. Geosci.",peakList_figaero_check_particle_winter_summer_v7.db
C7H6IO11S,-,424.86810,organic,I-,particle,FIGAERO-LTOF-CIMS,Chao Yan,Beijing urban (BUCT),atmosphere,urban,BUCT long-term,"Daellenbach et al., 2024, Nat. Geosci.",peakList_figaero_check_particle_winter_summer_v7.db
C7H6IO13,-,424.88586,organic,I-,particle,FIGAERO-LTOF-CIMS,Chao Yan,Beijing urban (BUCT),atmosphere,urban,BUCT long-term,"Daellenbach et al., 2024, Nat. Geosci.",peakList_figaero_check_particle_winter_summer_v7.db
C11H6IO10,-,424.90112,organic,I-,particle,FIGAERO-LTOF-CIMS,Chao Yan,Beijing urban (BUCT),atmosphere,urban,BUCT long-term,"Daellenbach et al., 2024, Nat. Geosci.",peakList_figaero_check_particle_winter_summer_v7.db
C9H14IO9S,-,424.94087,organic,I-,particle,FIGAERO-LTOF-CIMS,Chao Yan,Beijing urban (BUCT),atmosphere,urban,BUCT long-term,"Daellenbach et al., 2024, Nat. Geosci.",peakList_figaero_check_particle_winter_summer_v7.db
C10H18IO8S,-,424.97726,organic,I-,particle,FIGAERO-LTOF-CIMS,Chao Yan,Beijing urban (BUCT),atmosphere,urban,BUCT long-term,"Daellenbach et al., 2024, Nat. Geosci.",peakList_figaero_check_particle_winter_summer_v7.db
C14H18IO7,-,425.01027,organic,I-,particle,FIGAERO-LTOF-CIMS,Chao Yan,Beijing urban (BUCT),atmosphere,urban,BUCT long-term,"Daellenbach et al., 2024, Nat. Geosci.",peakList_figaero_check_particle_winter_summer_v7.db
C12H26IO6S,-,425.05003,organic,I-,particle,FIGAERO-LTOF-CIMS,Chao Yan,Beijing urban (BUCT),atmosphere,urban,BUCT long-term,"Daellenbach et al., 2024, Nat. Geosci.",peakList_figaero_check_particle_winter_summer_v7.db
C16H26IO5,-,425.08305,organic,I-,particle,FIGAERO-LTOF-CIMS,Chao Yan,Beijing urban (BUCT),atmosphere,urban,BUCT long-term,"Daellenbach et al., 2024, Nat. Geosci.",peakList_figaero_check_particle_winter_summer_v7.db
C17H30IO4,-,425.11943,organic,I-,particle,FIGAERO-LTOF-CIMS,Chao Yan,Beijing urban (BUCT),atmosphere,urban,BUCT long-term,"Daellenbach et al., 2024, Nat. Geosci.",peakList_figaero_check_particle_winter_summer_v7.db
C18H34IO3,-,425.15582,organic,I-,particle,FIGAERO-LTOF-CIMS,Chao Yan,Beijing urban (BUCT),atmosphere,urban,BUCT long-term,"Daellenbach et al., 2024, Nat. Geosci.",peakList_figaero_check_particle_winter_summer_v7.db
C19H38IO2,-,425.19220,organic,I-,particle,FIGAERO-LTOF-CIMS,Chao Yan,Beijing urban (BUCT),atmosphere,urban,BUCT long-term,"Daellenbach et al., 2024, Nat. Geosci.",peakList_figaero_check_particle_winter_summer_v7.db
C6H5INO13,-,425.88111,organic,I-,particle,FIGAERO-LTOF-CIMS,Chao Yan,Beijing urban (BUCT),atmosphere,urban,BUCT long-term,"Daellenbach et al., 2024, Nat. Geosci.",peakList_figaero_check_particle_winter_summer_v7.db
C11H9INO9,-,425.93275,organic,I-,particle,FIGAERO-LTOF-CIMS,Chao Yan,Beijing urban (BUCT),atmosphere,urban,BUCT long-term,"Daellenbach et al., 2024, Nat. Geosci.",peakList_figaero_check_particle_winter_summer_v7.db
C8H13INO11,-,425.95388,organic,I-,particle,FIGAERO-LTOF-CIMS,Chao Yan,Beijing urban (BUCT),atmosphere,urban,BUCT long-term,"Daellenbach et al., 2024, Nat. Geosci.",peakList_figaero_check_particle_winter_summer_v7.db
C17H17INO4,-,426.02078,organic,I-,particle,FIGAERO-LTOF-CIMS,Chao Yan,Beijing urban (BUCT),atmosphere,urban,BUCT long-term,"Daellenbach et al., 2024, Nat. Geosci.",peakList_figaero_check_particle_winter_summer_v7.db
C14H21INO6,-,426.04191,organic,I-,particle,FIGAERO-LTOF-CIMS,Chao Yan,Beijing urban (BUCT),atmosphere,urban,BUCT long-term,"Daellenbach et al., 2024, Nat. Geosci.",peakList_figaero_check_particle_winter_summer_v7.db
C19H25INO2,-,426.09355,organic,I-,particle,FIGAERO-LTOF-CIMS,Chao Yan,Beijing urban (BUCT),atmosphere,urban,BUCT long-term,"Daellenbach et al., 2024, Nat. Geosci.",peakList_figaero_check_particle_winter_summer_v7.db
C16H29INO4,-,426.11468,organic,I-,particle,FIGAERO-LTOF-CIMS,Chao Yan,Beijing urban (BUCT),atmosphere,urban,BUCT long-term,"Daellenbach et al., 2024, Nat. Geosci.",peakList_figaero_check_particle_winter_summer_v7.db
C18H37INO2,-,426.18745,organic,I-,particle,FIGAERO-LTOF-CIMS,Chao Yan,Beijing urban (BUCT),atmosphere,urban,BUCT long-term,"Daellenbach et al., 2024, Nat. Geosci.",peakList_figaero_check_particle_winter_summer_v7.db
C6H4IO10S2,-,426.82961,organic,I-,particle,FIGAERO-LTOF-CIMS,Chao Yan,Beijing urban (BUCT),atmosphere,urban,BUCT long-term,"Daellenbach et al., 2024, Nat. Geosci.",peakList_figaero_check_particle_winter_summer_v7.db
C6H6INO11S,-,426.87118,organic,I-,particle,FIGAERO-LTOF-CIMS,Chao Yan,Beijing urban (BUCT),atmosphere,urban,BUCT long-term,"Daellenbach et al., 2024, Nat. Geosci.",peakList_figaero_check_particle_winter_summer_v7.db
C7H10INO10S,-,426.90756,organic,I-,particle,FIGAERO-LTOF-CIMS,Chao Yan,Beijing urban (BUCT),atmosphere,urban,BUCT long-term,"Daellenbach et al., 2024, Nat. Geosci.",peakList_figaero_check_particle_winter_summer_v7.db
C13H16IO6S,-,426.97178,organic,I-,particle,FIGAERO-LTOF-CIMS,Chao Yan,Beijing urban (BUCT),atmosphere,urban,BUCT long-term,"Daellenbach et al., 2024, Nat. Geosci.",peakList_figaero_check_particle_winter_summer_v7.db
C12H16IN2O7,-,427.00077,organic,I-,particle,FIGAERO-LTOF-CIMS,Chao Yan,Beijing urban (BUCT),atmosphere,urban,BUCT long-term,"Daellenbach et al., 2024, Nat. Geosci.",peakList_figaero_check_particle_winter_summer_v7.db
C14H20IO7,-,427.02592,organic,I-,particle,FIGAERO-LTOF-CIMS,Chao Yan,Beijing urban (BUCT),atmosphere,urban,BUCT long-term,"Daellenbach et al., 2024, Nat. Geosci.",peakList_figaero_check_particle_winter_summer_v7.db
C15H24IO6,-,427.06231,organic,I-,particle,FIGAERO-LTOF-CIMS,Chao Yan,Beijing urban (BUCT),atmosphere,urban,BUCT long-term,"Daellenbach et al., 2024, Nat. Geosci.",peakList_figaero_check_particle_winter_summer_v7.db
C16H28IO5,-,427.09870,organic,I-,particle,FIGAERO-LTOF-CIMS,Chao Yan,Beijing urban (BUCT),atmosphere,urban,BUCT long-term,"Daellenbach et al., 2024, Nat. Geosci.",peakList_figaero_check_particle_winter_summer_v7.db
C17H32IO4,-,427.13508,organic,I-,particle,FIGAERO-LTOF-CIMS,Chao Yan,Beijing urban (BUCT),atmosphere,urban,BUCT long-term,"Daellenbach et al., 2024, Nat. Geosci.",peakList_figaero_check_particle_winter_summer_v7.db
C18H36IO3,-,427.17147,organic,I-,particle,FIGAERO-LTOF-CIMS,Chao Yan,Beijing urban (BUCT),atmosphere,urban,BUCT long-term,"Daellenbach et al., 2024, Nat. Geosci.",peakList_figaero_check_particle_winter_summer_v7.db
C6H6IO12S,-,428.86302,organic,I-,particle,FIGAERO-LTOF-CIMS,Chao Yan,Beijing urban (BUCT),atmosphere,urban,BUCT long-term,"Daellenbach et al., 2024, Nat. Geosci.",peakList_figaero_check_particle_winter_summer_v7.db
C10H9INO8S,-,429.90991,organic,I-,particle,FIGAERO-LTOF-CIMS,Chao Yan,Beijing urban (BUCT),atmosphere,urban,BUCT long-term,"Daellenbach et al., 2024, Nat. Geosci.",peakList_figaero_check_particle_winter_summer_v7.db
C5H8IO13S,-,434.87358,organic,I-,particle,FIGAERO-LTOF-CIMS,Chao Yan,Beijing urban (BUCT),atmosphere,urban,BUCT long-term,"Daellenbach et al., 2024, Nat. Geosci.",peakList_figaero_check_particle_winter_summer_v7.db
C8H8IO11S,-,438.88375,organic,I-,particle,FIGAERO-LTOF-CIMS,Chao Yan,Beijing urban (BUCT),atmosphere,urban,BUCT long-term,"Daellenbach et al., 2024, Nat. Geosci.",peakList_figaero_check_particle_winter_summer_v7.db
C5H12IO13S,-,438.90488,organic,I-,particle,FIGAERO-LTOF-CIMS,Chao Yan,Beijing urban (BUCT),atmosphere,urban,BUCT long-term,"Daellenbach et al., 2024, Nat. Geosci.",peakList_figaero_check_particle_winter_summer_v7.db
C10H16IO9S,-,438.95652,organic,I-,particle,FIGAERO-LTOF-CIMS,Chao Yan,Beijing urban (BUCT),atmosphere,urban,BUCT long-term,"Daellenbach et al., 2024, Nat. Geosci.",peakList_figaero_check_particle_winter_summer_v7.db
C8H11INO10S,-,439.91539,organic,I-,particle,FIGAERO-LTOF-CIMS,Chao Yan,Beijing urban (BUCT),atmosphere,urban,BUCT long-term,"Daellenbach et al., 2024, Nat. Geosci.",peakList_figaero_check_particle_winter_summer_v7.db
C9H15INO9S,-,439.95177,organic,I-,particle,FIGAERO-LTOF-CIMS,Chao Yan,Beijing urban (BUCT),atmosphere,urban,BUCT long-term,"Daellenbach et al., 2024, Nat. Geosci.",peakList_figaero_check_particle_winter_summer_v7.db
C6H6IO13S,-,444.85793,organic,I-,particle,FIGAERO-LTOF-CIMS,Chao Yan,Beijing urban (BUCT),atmosphere,urban,BUCT long-term,"Daellenbach et al., 2024, Nat. Geosci.",peakList_figaero_check_particle_winter_summer_v7.db
C10H16IO10S,-,454.95144,organic,I-,particle,FIGAERO-LTOF-CIMS,Chao Yan,Beijing urban (BUCT),atmosphere,urban,BUCT long-term,"Daellenbach et al., 2024, Nat. Geosci.",peakList_figaero_check_particle_winter_summer_v7.db
C5H7INO14S,-,463.86375,organic,I-,particle,FIGAERO-LTOF-CIMS,Chao Yan,Beijing urban (BUCT),atmosphere,urban,BUCT long-term,"Daellenbach et al., 2024, Nat. Geosci.",peakList_figaero_check_particle_winter_summer_v7.db
C6H5O5,-,157.01425,organic,I-,particle,FIGAERO-LTOF-CIMS,Chao Yan,Beijing urban (BUCT),atmosphere,urban,BUCT long-term,"Daellenbach et al., 2024, Nat. Geosci.",peakList_figaero_check_particle_winter_summer_v7.db
C6H5O7,-,189.00408,organic,I-,particle,FIGAERO-LTOF-CIMS,Chao Yan,Beijing urban (BUCT),atmosphere,urban,BUCT long-term,"Daellenbach et al., 2024, Nat. Geosci.",peakList_figaero_check_particle_winter_summer_v7.db
C6H6O2,-,110.03733,organic,I-,particle,FIGAERO-LTOF-CIMS,Chao Yan,Beijing urban (BUCT),atmosphere,urban,BUCT long-term,"Daellenbach et al., 2024, Nat. Geosci.",peakList_figaero_check_particle_winter_summer_v7.db
C6H6O4,-,142.02716,organic,I-,particle,FIGAERO-LTOF-CIMS,Chao Yan,Beijing urban (BUCT),atmosphere,urban,BUCT long-term,"Daellenbach et al., 2024, Nat. Geosci.",peakList_figaero_check_particle_winter_summer_v7.db
C6H6O5,-,158.02207,organic,I-,particle,FIGAERO-LTOF-CIMS,Chao Yan,Beijing urban (BUCT),atmosphere,urban,BUCT long-term,"Daellenbach et al., 2024, Nat. Geosci.",peakList_figaero_check_particle_winter_summer_v7.db
C6H6IO8,-,332.91129,organic,I-,particle,FIGAERO-LTOF-CIMS,Chao Yan,Beijing urban (BUCT),atmosphere,urban,BUCT long-term,"Daellenbach et al., 2024, Nat. Geosci.",peakList_figaero_check_particle_winter_summer_v7.db
C6H6IO9,-,348.90620,organic,I-,particle,FIGAERO-LTOF-CIMS,Chao Yan,Beijing urban (BUCT),atmosphere,urban,BUCT long-term,"Daellenbach et al., 2024, Nat. Geosci.",peakList_figaero_check_particle_winter_summer_v7.db
C6H7O6,-,175.02481,organic,I-,particle,FIGAERO-LTOF-CIMS,Chao Yan,Beijing urban (BUCT),atmosphere,urban,BUCT long-term,"Daellenbach et al., 2024, Nat. Geosci.",peakList_figaero_check_particle_winter_summer_v7.db
C6H8IO10,-,366.91677,organic,I-,particle,FIGAERO-LTOF-CIMS,Chao Yan,Beijing urban (BUCT),atmosphere,urban,BUCT long-term,"Daellenbach et al., 2024, Nat. Geosci.",peakList_figaero_check_particle_winter_summer_v7.db
C6H8IO11,-,382.91168,organic,I-,particle,FIGAERO-LTOF-CIMS,Chao Yan,Beijing urban (BUCT),atmosphere,urban,BUCT long-term,"Daellenbach et al., 2024, Nat. Geosci.",peakList_figaero_check_particle_winter_summer_v7.db
C6H9O2,-,113.06080,organic,I-,particle,FIGAERO-LTOF-CIMS,Chao Yan,Beijing urban (BUCT),atmosphere,urban,BUCT long-term,"Daellenbach et al., 2024, Nat. Geosci.",peakList_figaero_check_particle_winter_summer_v7.db
C6H9O3,-,129.05572,organic,I-,particle,FIGAERO-LTOF-CIMS,Chao Yan,Beijing urban (BUCT),atmosphere,urban,BUCT long-term,"Daellenbach et al., 2024, Nat. Geosci.",peakList_figaero_check_particle_winter_summer_v7.db
C6H9O,-,97.06589,organic,I-,particle,FIGAERO-LTOF-CIMS,Chao Yan,Beijing urban (BUCT),atmosphere,urban,BUCT long-term,"Daellenbach et al., 2024, Nat. Geosci.",peakList_figaero_check_particle_winter_summer_v7.db
C6H9O6,-,177.04046,organic,I-,particle,FIGAERO-LTOF-CIMS,Chao Yan,Beijing urban (BUCT),atmosphere,urban,BUCT long-term,"Daellenbach et al., 2024, Nat. Geosci.",peakList_figaero_check_particle_winter_summer_v7.db
C6H9O7,-,193.03538,organic,I-,particle,FIGAERO-LTOF-CIMS,Chao Yan,Beijing urban (BUCT),atmosphere,urban,BUCT long-term,"Daellenbach et al., 2024, Nat. Geosci.",peakList_figaero_check_particle_winter_summer_v7.db
C6H9O8,-,209.03029,organic,I-,particle,FIGAERO-LTOF-CIMS,Chao Yan,Beijing urban (BUCT),atmosphere,urban,BUCT long-term,"Daellenbach et al., 2024, Nat. Geosci.",peakList_figaero_check_particle_winter_summer_v7.db
C6H9O9,-,225.02521,organic,I-,particle,FIGAERO-LTOF-CIMS,Chao Yan,Beijing urban (BUCT),atmosphere,urban,BUCT long-term,"Daellenbach et al., 2024, Nat. Geosci.",peakList_figaero_check_particle_winter_summer_v7.db
C6H10O4,-,146.05846,organic,I-,particle,FIGAERO-LTOF-CIMS,Chao Yan,Beijing urban (BUCT),atmosphere,urban,BUCT long-term,"Daellenbach et al., 2024, Nat. Geosci.",peakList_figaero_check_particle_winter_summer_v7.db
C6H10O7,-,194.04320,organic,I-,particle,FIGAERO-LTOF-CIMS,Chao Yan,Beijing urban (BUCT),atmosphere,urban,BUCT long-term,"Daellenbach et al., 2024, Nat. Geosci.",peakList_figaero_check_particle_winter_summer_v7.db
C6H10O6,-,178.04829,organic,I-,particle,FIGAERO-LTOF-CIMS,Chao Yan,Beijing urban (BUCT),atmosphere,urban,BUCT long-term,"Daellenbach et al., 2024, Nat. Geosci.",peakList_figaero_check_particle_winter_summer_v7.db
C6H10IO6,-,304.95276,organic,I-,particle,FIGAERO-LTOF-CIMS,Chao Yan,Beijing urban (BUCT),atmosphere,urban,BUCT long-term,"Daellenbach et al., 2024, Nat. Geosci.",peakList_figaero_check_particle_winter_summer_v7.db
C6H12IO7,-,322.96332,organic,I-,particle,FIGAERO-LTOF-CIMS,Chao Yan,Beijing urban (BUCT),atmosphere,urban,BUCT long-term,"Daellenbach et al., 2024, Nat. Geosci.",peakList_figaero_check_particle_winter_summer_v7.db
C6H14O6,-,182.07959,organic,I-,particle,FIGAERO-LTOF-CIMS,Chao Yan,Beijing urban (BUCT),atmosphere,urban,BUCT long-term,"Daellenbach et al., 2024, Nat. Geosci.",peakList_figaero_check_particle_winter_summer_v7.db
C6H14O4,-,150.08976,organic,I-,particle,FIGAERO-LTOF-CIMS,Chao Yan,Beijing urban (BUCT),atmosphere,urban,BUCT long-term,"Daellenbach et al., 2024, Nat. Geosci.",peakList_figaero_check_particle_winter_summer_v7.db
C6H14O7,-,198.07450,organic,I-,particle,FIGAERO-LTOF-CIMS,Chao Yan,Beijing urban (BUCT),atmosphere,urban,BUCT long-term,"Daellenbach et al., 2024, Nat. Geosci.",peakList_figaero_check_particle_winter_summer_v7.db
C6H14O8,-,214.06942,organic,I-,particle,FIGAERO-LTOF-CIMS,Chao Yan,Beijing urban (BUCT),atmosphere,urban,BUCT long-term,"Daellenbach et al., 2024, Nat. Geosci.",peakList_figaero_check_particle_winter_summer_v7.db
C6H14IO5,-,292.98915,organic,I-,particle,FIGAERO-LTOF-CIMS,Chao Yan,Beijing urban (BUCT),atmosphere,urban,BUCT long-term,"Daellenbach et al., 2024, Nat. Geosci.",peakList_figaero_check_particle_winter_summer_v7.db
C6H14IO2,-,245.00440,organic,I-,particle,FIGAERO-LTOF-CIMS,Chao Yan,Beijing urban (BUCT),atmosphere,urban,BUCT long-term,"Daellenbach et al., 2024, Nat. Geosci.",peakList_figaero_check_particle_winter_summer_v7.db
C7H5O3,-,137.02442,organic,I-,particle,FIGAERO-LTOF-CIMS,Chao Yan,Beijing urban (BUCT),atmosphere,urban,BUCT long-term,"Daellenbach et al., 2024, Nat. Geosci.",peakList_figaero_check_particle_winter_summer_v7.db
C7H5O4,-,153.01933,organic,I-,particle,FIGAERO-LTOF-CIMS,Chao Yan,Beijing urban (BUCT),atmosphere,urban,BUCT long-term,"Daellenbach et al., 2024, Nat. Geosci.",peakList_figaero_check_particle_winter_summer_v7.db
C7H5O6,-,185.00916,organic,I-,particle,FIGAERO-LTOF-CIMS,Chao Yan,Beijing urban (BUCT),atmosphere,urban,BUCT long-term,"Daellenbach et al., 2024, Nat. Geosci.",peakList_figaero_check_particle_winter_summer_v7.db
C7H5O7,-,201.00408,organic,I-,particle,FIGAERO-LTOF-CIMS,Chao Yan,Beijing urban (BUCT),atmosphere,urban,BUCT long-term,"Daellenbach et al., 2024, Nat. Geosci.",peakList_figaero_check_particle_winter_summer_v7.db
C7H6O5,-,170.02207,organic,I-,particle,FIGAERO-LTOF-CIMS,Chao Yan,Beijing urban (BUCT),atmosphere,urban,BUCT long-term,"Daellenbach et al., 2024, Nat. Geosci.",peakList_figaero_check_particle_winter_summer_v7.db
C7H6O6,-,186.01699,organic,I-,particle,FIGAERO-LTOF-CIMS,Chao Yan,Beijing urban (BUCT),atmosphere,urban,BUCT long-term,"Daellenbach et al., 2024, Nat. Geosci.",peakList_figaero_check_particle_winter_summer_v7.db
C7H6IO3,-,264.93672,organic,I-,particle,FIGAERO-LTOF-CIMS,Chao Yan,Beijing urban (BUCT),atmosphere,urban,BUCT long-term,"Daellenbach et al., 2024, Nat. Geosci.",peakList_figaero_check_particle_winter_summer_v7.db
C7H6IO4,-,280.93163,organic,I-,particle,FIGAERO-LTOF-CIMS,Chao Yan,Beijing urban (BUCT),atmosphere,urban,BUCT long-term,"Daellenbach et al., 2024, Nat. Geosci.",peakList_figaero_check_particle_winter_summer_v7.db
C7H6IO6,-,312.92146,organic,I-,particle,FIGAERO-LTOF-CIMS,Chao Yan,Beijing urban (BUCT),atmosphere,urban,BUCT long-term,"Daellenbach et al., 2024, Nat. Geosci.",peakList_figaero_check_particle_winter_summer_v7.db
C7H6IO7,-,328.91637,organic,I-,particle,FIGAERO-LTOF-CIMS,Chao Yan,Beijing urban (BUCT),atmosphere,urban,BUCT long-term,"Daellenbach et al., 2024, Nat. Geosci.",peakList_figaero_check_particle_winter_summer_v7.db
C7H6IO9,-,360.90620,organic,I-,particle,FIGAERO-LTOF-CIMS,Chao Yan,Beijing urban (BUCT),atmosphere,urban,BUCT long-term,"Daellenbach et al., 2024, Nat. Geosci.",peakList_figaero_check_particle_winter_summer_v7.db
C7H6IO10,-,376.90112,organic,I-,particle,FIGAERO-LTOF-CIMS,Chao Yan,Beijing urban (BUCT),atmosphere,urban,BUCT long-term,"Daellenbach et al., 2024, Nat. Geosci.",peakList_figaero_check_particle_winter_summer_v7.db
C7H7O2,-,123.04515,organic,I-,particle,FIGAERO-LTOF-CIMS,Chao Yan,Beijing urban (BUCT),atmosphere,urban,BUCT long-term,"Daellenbach et al., 2024, Nat. Geosci.",peakList_figaero_check_particle_winter_summer_v7.db
C7H7O,-,107.05024,organic,I-,particle,FIGAERO-LTOF-CIMS,Chao Yan,Beijing urban (BUCT),atmosphere,urban,BUCT long-term,"Daellenbach et al., 2024, Nat. Geosci.",peakList_figaero_check_particle_winter_summer_v7.db
C7H7O6,-,187.02481,organic,I-,particle,FIGAERO-LTOF-CIMS,Chao Yan,Beijing urban (BUCT),atmosphere,urban,BUCT long-term,"Daellenbach et al., 2024, Nat. Geosci.",peakList_figaero_check_particle_winter_summer_v7.db
C7H7O8,-,219.01464,organic,I-,particle,FIGAERO-LTOF-CIMS,Chao Yan,Beijing urban (BUCT),atmosphere,urban,BUCT long-term,"Daellenbach et al., 2024, Nat. Geosci.",peakList_figaero_check_particle_winter_summer_v7.db
C7H8O5,-,172.03772,organic,I-,particle,FIGAERO-LTOF-CIMS,Chao Yan,Beijing urban (BUCT),atmosphere,urban,BUCT long-term,"Daellenbach et al., 2024, Nat. Geosci.",peakList_figaero_check_particle_winter_summer_v7.db
C7H8O3,-,140.04789,organic,I-,particle,FIGAERO-LTOF-CIMS,Chao Yan,Beijing urban (BUCT),atmosphere,urban,BUCT long-term,"Daellenbach et al., 2024, Nat. Geosci.",peakList_figaero_check_particle_winter_summer_v7.db
C7H8O4,-,156.04281,organic,I-,particle,FIGAERO-LTOF-CIMS,Chao Yan,Beijing urban (BUCT),atmosphere,urban,BUCT long-term,"Daellenbach et al., 2024, Nat. Geosci.",peakList_figaero_check_particle_winter_summer_v7.db
C7H8O7,-,204.02755,organic,I-,particle,FIGAERO-LTOF-CIMS,Chao Yan,Beijing urban (BUCT),atmosphere,urban,BUCT long-term,"Daellenbach et al., 2024, Nat. Geosci.",peakList_figaero_check_particle_winter_summer_v7.db
C7H8O8,-,220.02247,organic,I-,particle,FIGAERO-LTOF-CIMS,Chao Yan,Beijing urban (BUCT),atmosphere,urban,BUCT long-term,"Daellenbach et al., 2024, Nat. Geosci.",peakList_figaero_check_particle_winter_summer_v7.db
C7H8O9,-,236.01738,organic,I-,particle,FIGAERO-LTOF-CIMS,Chao Yan,Beijing urban (BUCT),atmosphere,urban,BUCT long-term,"Daellenbach et al., 2024, Nat. Geosci.",peakList_figaero_check_particle_winter_summer_v7.db
C7H8O10,-,252.01230,organic,I-,particle,FIGAERO-LTOF-CIMS,Chao Yan,Beijing urban (BUCT),atmosphere,urban,BUCT long-term,"Daellenbach et al., 2024, Nat. Geosci.",peakList_figaero_check_particle_winter_summer_v7.db
C7H9O5,-,173.04555,organic,I-,particle,FIGAERO-LTOF-CIMS,Chao Yan,Beijing urban (BUCT),atmosphere,urban,BUCT long-term,"Daellenbach et al., 2024, Nat. Geosci.",peakList_figaero_check_particle_winter_summer_v7.db
C7H9O6,-,189.04046,organic,I-,particle,FIGAERO-LTOF-CIMS,Chao Yan,Beijing urban (BUCT),atmosphere,urban,BUCT long-term,"Daellenbach et al., 2024, Nat. Geosci.",peakList_figaero_check_particle_winter_summer_v7.db
C7H9O7,-,205.03538,organic,I-,particle,FIGAERO-LTOF-CIMS,Chao Yan,Beijing urban (BUCT),atmosphere,urban,BUCT long-term,"Daellenbach et al., 2024, Nat. Geosci.",peakList_figaero_check_particle_winter_summer_v7.db
C7H10IO,-,236.97819,organic,I-,particle,FIGAERO-LTOF-CIMS,Chao Yan,Beijing urban (BUCT),atmosphere,urban,BUCT long-term,"Daellenbach et al., 2024, Nat. Geosci.",peakList_figaero_check_particle_winter_summer_v7.db
C7H10IO8,-,348.94259,organic,I-,particle,FIGAERO-LTOF-CIMS,Chao Yan,Beijing urban (BUCT),atmosphere,urban,BUCT long-term,"Daellenbach et al., 2024, Nat. Geosci.",peakList_figaero_check_particle_winter_summer_v7.db
C7H11O,-,111.08154,organic,I-,particle,FIGAERO-LTOF-CIMS,Chao Yan,Beijing urban (BUCT),atmosphere,urban,BUCT long-term,"Daellenbach et al., 2024, Nat. Geosci.",peakList_figaero_check_particle_winter_summer_v7.db
C7H11O6,-,191.05611,organic,I-,particle,FIGAERO-LTOF-CIMS,Chao Yan,Beijing urban (BUCT),atmosphere,urban,BUCT long-term,"Daellenbach et al., 2024, Nat. Geosci.",peakList_figaero_check_particle_winter_summer_v7.db
C7H11O7,-,207.05103,organic,I-,particle,FIGAERO-LTOF-CIMS,Chao Yan,Beijing urban (BUCT),atmosphere,urban,BUCT long-term,"Daellenbach et al., 2024, Nat. Geosci.",peakList_figaero_check_particle_winter_summer_v7.db
C7H11O8,-,223.04594,organic,I-,particle,FIGAERO-LTOF-CIMS,Chao Yan,Beijing urban (BUCT),atmosphere,urban,BUCT long-term,"Daellenbach et al., 2024, Nat. Geosci.",peakList_figaero_check_particle_winter_summer_v7.db
C7H11O9,-,239.04086,organic,I-,particle,FIGAERO-LTOF-CIMS,Chao Yan,Beijing urban (BUCT),atmosphere,urban,BUCT long-term,"Daellenbach et al., 2024, Nat. Geosci.",peakList_figaero_check_particle_winter_summer_v7.db
C7H12O6,-,192.06394,organic,I-,particle,FIGAERO-LTOF-CIMS,Chao Yan,Beijing urban (BUCT),atmosphere,urban,BUCT long-term,"Daellenbach et al., 2024, Nat. Geosci.",peakList_figaero_check_particle_winter_summer_v7.db
C7H12IO,-,238.99384,organic,I-,particle,FIGAERO-LTOF-CIMS,Chao Yan,Beijing urban (BUCT),atmosphere,urban,BUCT long-term,"Daellenbach et al., 2024, Nat. Geosci.",peakList_figaero_check_particle_winter_summer_v7.db
C7H14IO,-,241.00949,organic,I-,particle,FIGAERO-LTOF-CIMS,Chao Yan,Beijing urban (BUCT),atmosphere,urban,BUCT long-term,"Daellenbach et al., 2024, Nat. Geosci.",peakList_figaero_check_particle_winter_summer_v7.db
C7H14O5,-,178.08467,organic,I-,particle,FIGAERO-LTOF-CIMS,Chao Yan,Beijing urban (BUCT),atmosphere,urban,BUCT long-term,"Daellenbach et al., 2024, Nat. Geosci.",peakList_figaero_check_particle_winter_summer_v7.db
C7H14O6,-,194.07959,organic,I-,particle,FIGAERO-LTOF-CIMS,Chao Yan,Beijing urban (BUCT),atmosphere,urban,BUCT long-term,"Daellenbach et al., 2024, Nat. Geosci.",peakList_figaero_check_particle_winter_summer_v7.db
C7H14O7,-,210.07450,organic,I-,particle,FIGAERO-LTOF-CIMS,Chao Yan,Beijing urban (BUCT),atmosphere,urban,BUCT long-term,"Daellenbach et al., 2024, Nat. Geosci.",peakList_figaero_check_particle_winter_summer_v7.db
C7H14O8,-,226.06942,organic,I-,particle,FIGAERO-LTOF-CIMS,Chao Yan,Beijing urban (BUCT),atmosphere,urban,BUCT long-term,"Daellenbach et al., 2024, Nat. Geosci.",peakList_figaero_check_particle_winter_summer_v7.db
C7H13O2,-,129.09210,organic,I-,particle,FIGAERO-LTOF-CIMS,Chao Yan,Beijing urban (BUCT),atmosphere,urban,BUCT long-term,"Daellenbach et al., 2024, Nat. Geosci.",peakList_figaero_check_particle_winter_summer_v7.db
C7H13O5,-,177.07685,organic,I-,particle,FIGAERO-LTOF-CIMS,Chao Yan,Beijing urban (BUCT),atmosphere,urban,BUCT long-term,"Daellenbach et al., 2024, Nat. Geosci.",peakList_figaero_check_particle_winter_summer_v7.db
C7H13O6,-,193.07176,organic,I-,particle,FIGAERO-LTOF-CIMS,Chao Yan,Beijing urban (BUCT),atmosphere,urban,BUCT long-term,"Daellenbach et al., 2024, Nat. Geosci.",peakList_figaero_check_particle_winter_summer_v7.db
C7H13O7,-,209.06668,organic,I-,particle,FIGAERO-LTOF-CIMS,Chao Yan,Beijing urban (BUCT),atmosphere,urban,BUCT long-term,"Daellenbach et al., 2024, Nat. Geosci.",peakList_figaero_check_particle_winter_summer_v7.db
C7H16IO,-,243.02514,organic,I-,particle,FIGAERO-LTOF-CIMS,Chao Yan,Beijing urban (BUCT),atmosphere,urban,BUCT long-term,"Daellenbach et al., 2024, Nat. Geosci.",peakList_figaero_check_particle_winter_summer_v7.db
C7H16IO2,-,259.02005,organic,I-,particle,FIGAERO-LTOF-CIMS,Chao Yan,Beijing urban (BUCT),atmosphere,urban,BUCT long-term,"Daellenbach et al., 2024, Nat. Geosci.",peakList_figaero_check_particle_winter_summer_v7.db
C7H16IO3,-,275.01497,organic,I-,particle,FIGAERO-LTOF-CIMS,Chao Yan,Beijing urban (BUCT),atmosphere,urban,BUCT long-term,"Daellenbach et al., 2024, Nat. Geosci.",peakList_figaero_check_particle_winter_summer_v7.db
C7H16IO4,-,291.00988,organic,I-,particle,FIGAERO-LTOF-CIMS,Chao Yan,Beijing urban (BUCT),atmosphere,urban,BUCT long-term,"Daellenbach et al., 2024, Nat. Geosci.",peakList_figaero_check_particle_winter_summer_v7.db
C7H16IO5,-,307.00480,organic,I-,particle,FIGAERO-LTOF-CIMS,Chao Yan,Beijing urban (BUCT),atmosphere,urban,BUCT long-term,"Daellenbach et al., 2024, Nat. Geosci.",peakList_figaero_check_particle_winter_summer_v7.db
C7H16O4,-,164.10541,organic,I-,particle,FIGAERO-LTOF-CIMS,Chao Yan,Beijing urban (BUCT),atmosphere,urban,BUCT long-term,"Daellenbach et al., 2024, Nat. Geosci.",peakList_figaero_check_particle_winter_summer_v7.db
C7H16O5,-,180.10032,organic,I-,particle,FIGAERO-LTOF-CIMS,Chao Yan,Beijing urban (BUCT),atmosphere,urban,BUCT long-term,"Daellenbach et al., 2024, Nat. Geosci.",peakList_figaero_check_particle_winter_summer_v7.db
C7H16O6,-,196.09524,organic,I-,particle,FIGAERO-LTOF-CIMS,Chao Yan,Beijing urban (BUCT),atmosphere,urban,BUCT long-term,"Daellenbach et al., 2024, Nat. Geosci.",peakList_figaero_check_particle_winter_summer_v7.db
C7H16O7,-,212.09015,organic,I-,particle,FIGAERO-LTOF-CIMS,Chao Yan,Beijing urban (BUCT),atmosphere,urban,BUCT long-term,"Daellenbach et al., 2024, Nat. Geosci.",peakList_figaero_check_particle_winter_summer_v7.db
C7H16O8,-,228.08507,organic,I-,particle,FIGAERO-LTOF-CIMS,Chao Yan,Beijing urban (BUCT),atmosphere,urban,BUCT long-term,"Daellenbach et al., 2024, Nat. Geosci.",peakList_figaero_check_particle_winter_summer_v7.db
C8H4IO2,-,258.92615,organic,I-,particle,FIGAERO-LTOF-CIMS,Chao Yan,Beijing urban (BUCT),atmosphere,urban,BUCT long-term,"Daellenbach et al., 2024, Nat. Geosci.",peakList_figaero_check_particle_winter_summer_v7.db
C8H6IO2,-,260.94180,organic,I-,particle,FIGAERO-LTOF-CIMS,Chao Yan,Beijing urban (BUCT),atmosphere,urban,BUCT long-term,"Daellenbach et al., 2024, Nat. Geosci.",peakList_figaero_check_particle_winter_summer_v7.db
C8H6IO6,-,324.92146,organic,I-,particle,FIGAERO-LTOF-CIMS,Chao Yan,Beijing urban (BUCT),atmosphere,urban,BUCT long-term,"Daellenbach et al., 2024, Nat. Geosci.",peakList_figaero_check_particle_winter_summer_v7.db
C8H8IO2,-,262.95745,organic,I-,particle,FIGAERO-LTOF-CIMS,Chao Yan,Beijing urban (BUCT),atmosphere,urban,BUCT long-term,"Daellenbach et al., 2024, Nat. Geosci.",peakList_figaero_check_particle_winter_summer_v7.db
C8H8IO8,-,358.92694,organic,I-,particle,FIGAERO-LTOF-CIMS,Chao Yan,Beijing urban (BUCT),atmosphere,urban,BUCT long-term,"Daellenbach et al., 2024, Nat. Geosci.",peakList_figaero_check_particle_winter_summer_v7.db
C8H8IO9,-,374.92185,organic,I-,particle,FIGAERO-LTOF-CIMS,Chao Yan,Beijing urban (BUCT),atmosphere,urban,BUCT long-term,"Daellenbach et al., 2024, Nat. Geosci.",peakList_figaero_check_particle_winter_summer_v7.db
C8H10IO2,-,264.97310,organic,I-,particle,FIGAERO-LTOF-CIMS,Chao Yan,Beijing urban (BUCT),atmosphere,urban,BUCT long-term,"Daellenbach et al., 2024, Nat. Geosci.",peakList_figaero_check_particle_winter_summer_v7.db
C8H10IO8,-,360.94259,organic,I-,particle,FIGAERO-LTOF-CIMS,Chao Yan,Beijing urban (BUCT),atmosphere,urban,BUCT long-term,"Daellenbach et al., 2024, Nat. Geosci.",peakList_figaero_check_particle_winter_summer_v7.db
C8H10O5,-,186.05337,organic,I-,particle,FIGAERO-LTOF-CIMS,Chao Yan,Beijing urban (BUCT),atmosphere,urban,BUCT long-term,"Daellenbach et al., 2024, Nat. Geosci.",peakList_figaero_check_particle_winter_summer_v7.db
C8H10O6,-,202.04829,organic,I-,particle,FIGAERO-LTOF-CIMS,Chao Yan,Beijing urban (BUCT),atmosphere,urban,BUCT long-term,"Daellenbach et al., 2024, Nat. Geosci.",peakList_figaero_check_particle_winter_summer_v7.db
C8H9O,-,121.06589,organic,I-,particle,FIGAERO-LTOF-CIMS,Chao Yan,Beijing urban (BUCT),atmosphere,urban,BUCT long-term,"Daellenbach et al., 2024, Nat. Geosci.",peakList_figaero_check_particle_winter_summer_v7.db
C8H9O2,-,137.06080,organic,I-,particle,FIGAERO-LTOF-CIMS,Chao Yan,Beijing urban (BUCT),atmosphere,urban,BUCT long-term,"Daellenbach et al., 2024, Nat. Geosci.",peakList_figaero_check_particle_winter_summer_v7.db
C8H9O3,-,153.05572,organic,I-,particle,FIGAERO-LTOF-CIMS,Chao Yan,Beijing urban (BUCT),atmosphere,urban,BUCT long-term,"Daellenbach et al., 2024, Nat. Geosci.",peakList_figaero_check_particle_winter_summer_v7.db
C8H9O5,-,185.04555,organic,I-,particle,FIGAERO-LTOF-CIMS,Chao Yan,Beijing urban (BUCT),atmosphere,urban,BUCT long-term,"Daellenbach et al., 2024, Nat. Geosci.",peakList_figaero_check_particle_winter_summer_v7.db
C8H9O6,-,201.04046,organic,I-,particle,FIGAERO-LTOF-CIMS,Chao Yan,Beijing urban (BUCT),atmosphere,urban,BUCT long-term,"Daellenbach et al., 2024, Nat. Geosci.",peakList_figaero_check_particle_winter_summer_v7.db
C8H9O7,-,217.03538,organic,I-,particle,FIGAERO-LTOF-CIMS,Chao Yan,Beijing urban (BUCT),atmosphere,urban,BUCT long-term,"Daellenbach et al., 2024, Nat. Geosci.",peakList_figaero_check_particle_winter_summer_v7.db
C8H9O8,-,233.03029,organic,I-,particle,FIGAERO-LTOF-CIMS,Chao Yan,Beijing urban (BUCT),atmosphere,urban,BUCT long-term,"Daellenbach et al., 2024, Nat. Geosci.",peakList_figaero_check_particle_winter_summer_v7.db
C8H9O9,-,249.02521,organic,I-,particle,FIGAERO-LTOF-CIMS,Chao Yan,Beijing urban (BUCT),atmosphere,urban,BUCT long-term,"Daellenbach et al., 2024, Nat. Geosci.",peakList_figaero_check_particle_winter_summer_v7.db
C8H9O10,-,265.02012,organic,I-,particle,FIGAERO-LTOF-CIMS,Chao Yan,Beijing urban (BUCT),atmosphere,urban,BUCT long-term,"Daellenbach et al., 2024, Nat. Geosci.",peakList_figaero_check_particle_winter_summer_v7.db
C8H12IO7,-,346.96332,organic,I-,particle,FIGAERO-LTOF-CIMS,Chao Yan,Beijing urban (BUCT),atmosphere,urban,BUCT long-term,"Daellenbach et al., 2024, Nat. Geosci.",peakList_figaero_check_particle_winter_summer_v7.db
C8H12O3,-,156.07919,organic,I-,particle,FIGAERO-LTOF-CIMS,Chao Yan,Beijing urban (BUCT),atmosphere,urban,BUCT long-term,"Daellenbach et al., 2024, Nat. Geosci.",peakList_figaero_check_particle_winter_summer_v7.db
C8H12O7,-,220.05885,organic,I-,particle,FIGAERO-LTOF-CIMS,Chao Yan,Beijing urban (BUCT),atmosphere,urban,BUCT long-term,"Daellenbach et al., 2024, Nat. Geosci.",peakList_figaero_check_particle_winter_summer_v7.db
C8H12O6,-,204.06394,organic,I-,particle,FIGAERO-LTOF-CIMS,Chao Yan,Beijing urban (BUCT),atmosphere,urban,BUCT long-term,"Daellenbach et al., 2024, Nat. Geosci.",peakList_figaero_check_particle_winter_summer_v7.db
C8H12O8,-,236.05377,organic,I-,particle,FIGAERO-LTOF-CIMS,Chao Yan,Beijing urban (BUCT),atmosphere,urban,BUCT long-term,"Daellenbach et al., 2024, Nat. Geosci.",peakList_figaero_check_particle_winter_summer_v7.db
C8H12O9,-,252.04868,organic,I-,particle,FIGAERO-LTOF-CIMS,Chao Yan,Beijing urban (BUCT),atmosphere,urban,BUCT long-term,"Daellenbach et al., 2024, Nat. Geosci.",peakList_figaero_check_particle_winter_summer_v7.db
C8H12O10,-,268.04360,organic,I-,particle,FIGAERO-LTOF-CIMS,Chao Yan,Beijing urban (BUCT),atmosphere,urban,BUCT long-term,"Daellenbach et al., 2024, Nat. Geosci.",peakList_figaero_check_particle_winter_summer_v7.db
C8H11O,-,123.08154,organic,I-,particle,FIGAERO-LTOF-CIMS,Chao Yan,Beijing urban (BUCT),atmosphere,urban,BUCT long-term,"Daellenbach et al., 2024, Nat. Geosci.",peakList_figaero_check_particle_winter_summer_v7.db
C8H11O5,-,187.06120,organic,I-,particle,FIGAERO-LTOF-CIMS,Chao Yan,Beijing urban (BUCT),atmosphere,urban,BUCT long-term,"Daellenbach et al., 2024, Nat. Geosci.",peakList_figaero_check_particle_winter_summer_v7.db
C8H11O7,-,219.05103,organic,I-,particle,FIGAERO-LTOF-CIMS,Chao Yan,Beijing urban (BUCT),atmosphere,urban,BUCT long-term,"Daellenbach et al., 2024, Nat. Geosci.",peakList_figaero_check_particle_winter_summer_v7.db
C8H11O8,-,235.04594,organic,I-,particle,FIGAERO-LTOF-CIMS,Chao Yan,Beijing urban (BUCT),atmosphere,urban,BUCT long-term,"Daellenbach et al., 2024, Nat. Geosci.",peakList_figaero_check_particle_winter_summer_v7.db
C8H11O9,-,251.04086,organic,I-,particle,FIGAERO-LTOF-CIMS,Chao Yan,Beijing urban (BUCT),atmosphere,urban,BUCT long-term,"Daellenbach et al., 2024, Nat. Geosci.",peakList_figaero_check_particle_winter_summer_v7.db
C8H11O10,-,267.03577,organic,I-,particle,FIGAERO-LTOF-CIMS,Chao Yan,Beijing urban (BUCT),atmosphere,urban,BUCT long-term,"Daellenbach et al., 2024, Nat. Geosci.",peakList_figaero_check_particle_winter_summer_v7.db
C8H14O3,-,158.09484,organic,I-,particle,FIGAERO-LTOF-CIMS,Chao Yan,Beijing urban (BUCT),atmosphere,urban,BUCT long-term,"Daellenbach et al., 2024, Nat. Geosci.",peakList_figaero_check_particle_winter_summer_v7.db
C8H14O7,-,222.07450,organic,I-,particle,FIGAERO-LTOF-CIMS,Chao Yan,Beijing urban (BUCT),atmosphere,urban,BUCT long-term,"Daellenbach et al., 2024, Nat. Geosci.",peakList_figaero_check_particle_winter_summer_v7.db
C8H14O6,-,206.07959,organic,I-,particle,FIGAERO-LTOF-CIMS,Chao Yan,Beijing urban (BUCT),atmosphere,urban,BUCT long-term,"Daellenbach et al., 2024, Nat. Geosci.",peakList_figaero_check_particle_winter_summer_v7.db
C8H14O8,-,238.06942,organic,I-,particle,FIGAERO-LTOF-CIMS,Chao Yan,Beijing urban (BUCT),atmosphere,urban,BUCT long-term,"Daellenbach et al., 2024, Nat. Geosci.",peakList_figaero_check_particle_winter_summer_v7.db
C8H14O9,-,254.06433,organic,I-,particle,FIGAERO-LTOF-CIMS,Chao Yan,Beijing urban (BUCT),atmosphere,urban,BUCT long-term,"Daellenbach et al., 2024, Nat. Geosci.",peakList_figaero_check_particle_winter_summer_v7.db
C8H13O4,-,173.08193,organic,I-,particle,FIGAERO-LTOF-CIMS,Chao Yan,Beijing urban (BUCT),atmosphere,urban,BUCT long-term,"Daellenbach et al., 2024, Nat. Geosci.",peakList_figaero_check_particle_winter_summer_v7.db
C8H13O6,-,205.07176,organic,I-,particle,FIGAERO-LTOF-CIMS,Chao Yan,Beijing urban (BUCT),atmosphere,urban,BUCT long-term,"Daellenbach et al., 2024, Nat. Geosci.",peakList_figaero_check_particle_winter_summer_v7.db
C8H13O7,-,221.06668,organic,I-,particle,FIGAERO-LTOF-CIMS,Chao Yan,Beijing urban (BUCT),atmosphere,urban,BUCT long-term,"Daellenbach et al., 2024, Nat. Geosci.",peakList_figaero_check_particle_winter_summer_v7.db
C8H13O8,-,237.06159,organic,I-,particle,FIGAERO-LTOF-CIMS,Chao Yan,Beijing urban (BUCT),atmosphere,urban,BUCT long-term,"Daellenbach et al., 2024, Nat. Geosci.",peakList_figaero_check_particle_winter_summer_v7.db
C8H16IO6,-,334.99971,organic,I-,particle,FIGAERO-LTOF-CIMS,Chao Yan,Beijing urban (BUCT),atmosphere,urban,BUCT long-term,"Daellenbach et al., 2024, Nat. Geosci.",peakList_figaero_check_particle_winter_summer_v7.db
C8H16IO7,-,350.99462,organic,I-,particle,FIGAERO-LTOF-CIMS,Chao Yan,Beijing urban (BUCT),atmosphere,urban,BUCT long-term,"Daellenbach et al., 2024, Nat. Geosci.",peakList_figaero_check_particle_winter_summer_v7.db
C8H16O5,-,192.10032,organic,I-,particle,FIGAERO-LTOF-CIMS,Chao Yan,Beijing urban (BUCT),atmosphere,urban,BUCT long-term,"Daellenbach et al., 2024, Nat. Geosci.",peakList_figaero_check_particle_winter_summer_v7.db
C8H16O6,-,208.09524,organic,I-,particle,FIGAERO-LTOF-CIMS,Chao Yan,Beijing urban (BUCT),atmosphere,urban,BUCT long-term,"Daellenbach et al., 2024, Nat. Geosci.",peakList_figaero_check_particle_winter_summer_v7.db
C8H16O7,-,224.09015,organic,I-,particle,FIGAERO-LTOF-CIMS,Chao Yan,Beijing urban (BUCT),atmosphere,urban,BUCT long-term,"Daellenbach et al., 2024, Nat. Geosci.",peakList_figaero_check_particle_winter_summer_v7.db
C8H16O8,-,240.08507,organic,I-,particle,FIGAERO-LTOF-CIMS,Chao Yan,Beijing urban (BUCT),atmosphere,urban,BUCT long-term,"Daellenbach et al., 2024, Nat. Geosci.",peakList_figaero_check_particle_winter_summer_v7.db
C8H16O9,-,256.07998,organic,I-,particle,FIGAERO-LTOF-CIMS,Chao Yan,Beijing urban (BUCT),atmosphere,urban,BUCT long-term,"Daellenbach et al., 2024, Nat. Geosci.",peakList_figaero_check_particle_winter_summer_v7.db
C8H15O4,-,175.09758,organic,I-,particle,FIGAERO-LTOF-CIMS,Chao Yan,Beijing urban (BUCT),atmosphere,urban,BUCT long-term,"Daellenbach et al., 2024, Nat. Geosci.",peakList_figaero_check_particle_winter_summer_v7.db
C8H15O5,-,191.09250,organic,I-,particle,FIGAERO-LTOF-CIMS,Chao Yan,Beijing urban (BUCT),atmosphere,urban,BUCT long-term,"Daellenbach et al., 2024, Nat. Geosci.",peakList_figaero_check_particle_winter_summer_v7.db
C8H15O6,-,207.08741,organic,I-,particle,FIGAERO-LTOF-CIMS,Chao Yan,Beijing urban (BUCT),atmosphere,urban,BUCT long-term,"Daellenbach et al., 2024, Nat. Geosci.",peakList_figaero_check_particle_winter_summer_v7.db
C8H15O7,-,223.08233,organic,I-,particle,FIGAERO-LTOF-CIMS,Chao Yan,Beijing urban (BUCT),atmosphere,urban,BUCT long-term,"Daellenbach et al., 2024, Nat. Geosci.",peakList_figaero_check_particle_winter_summer_v7.db
C8H18IO3,-,289.03062,organic,I-,particle,FIGAERO-LTOF-CIMS,Chao Yan,Beijing urban (BUCT),atmosphere,urban,BUCT long-term,"Daellenbach et al., 2024, Nat. Geosci.",peakList_figaero_check_particle_winter_summer_v7.db
C8H18IO4,-,305.02553,organic,I-,particle,FIGAERO-LTOF-CIMS,Chao Yan,Beijing urban (BUCT),atmosphere,urban,BUCT long-term,"Daellenbach et al., 2024, Nat. Geosci.",peakList_figaero_check_particle_winter_summer_v7.db
C8H18IO5,-,321.02045,organic,I-,particle,FIGAERO-LTOF-CIMS,Chao Yan,Beijing urban (BUCT),atmosphere,urban,BUCT long-term,"Daellenbach et al., 2024, Nat. Geosci.",peakList_figaero_check_particle_winter_summer_v7.db
C8H18IO6,-,337.01536,organic,I-,particle,FIGAERO-LTOF-CIMS,Chao Yan,Beijing urban (BUCT),atmosphere,urban,BUCT long-term,"Daellenbach et al., 2024, Nat. Geosci.",peakList_figaero_check_particle_winter_summer_v7.db
C8H18O6,-,210.11089,organic,I-,particle,FIGAERO-LTOF-CIMS,Chao Yan,Beijing urban (BUCT),atmosphere,urban,BUCT long-term,"Daellenbach et al., 2024, Nat. Geosci.",peakList_figaero_check_particle_winter_summer_v7.db
C8H18O7,-,226.10580,organic,I-,particle,FIGAERO-LTOF-CIMS,Chao Yan,Beijing urban (BUCT),atmosphere,urban,BUCT long-term,"Daellenbach et al., 2024, Nat. Geosci.",peakList_figaero_check_particle_winter_summer_v7.db
C8H18O8,-,242.10072,organic,I-,particle,FIGAERO-LTOF-CIMS,Chao Yan,Beijing urban (BUCT),atmosphere,urban,BUCT long-term,"Daellenbach et al., 2024, Nat. Geosci.",peakList_figaero_check_particle_winter_summer_v7.db
C9H6IO7,-,352.91637,organic,I-,particle,FIGAERO-LTOF-CIMS,Chao Yan,Beijing urban (BUCT),atmosphere,urban,BUCT long-term,"Daellenbach et al., 2024, Nat. Geosci.",peakList_figaero_check_particle_winter_summer_v7.db
C9H8IO6,-,338.93711,organic,I-,particle,FIGAERO-LTOF-CIMS,Chao Yan,Beijing urban (BUCT),atmosphere,urban,BUCT long-term,"Daellenbach et al., 2024, Nat. Geosci.",peakList_figaero_check_particle_winter_summer_v7.db
C9H7O3,-,163.04007,organic,I-,particle,FIGAERO-LTOF-CIMS,Chao Yan,Beijing urban (BUCT),atmosphere,urban,BUCT long-term,"Daellenbach et al., 2024, Nat. Geosci.",peakList_figaero_check_particle_winter_summer_v7.db
C9H7O4,-,179.03498,organic,I-,particle,FIGAERO-LTOF-CIMS,Chao Yan,Beijing urban (BUCT),atmosphere,urban,BUCT long-term,"Daellenbach et al., 2024, Nat. Geosci.",peakList_figaero_check_particle_winter_summer_v7.db
C9H7O6,-,211.02481,organic,I-,particle,FIGAERO-LTOF-CIMS,Chao Yan,Beijing urban (BUCT),atmosphere,urban,BUCT long-term,"Daellenbach et al., 2024, Nat. Geosci.",peakList_figaero_check_particle_winter_summer_v7.db
C9H7O7,-,227.01973,organic,I-,particle,FIGAERO-LTOF-CIMS,Chao Yan,Beijing urban (BUCT),atmosphere,urban,BUCT long-term,"Daellenbach et al., 2024, Nat. Geosci.",peakList_figaero_check_particle_winter_summer_v7.db
C9H7O8,-,243.01464,organic,I-,particle,FIGAERO-LTOF-CIMS,Chao Yan,Beijing urban (BUCT),atmosphere,urban,BUCT long-term,"Daellenbach et al., 2024, Nat. Geosci.",peakList_figaero_check_particle_winter_summer_v7.db
C9H10IO5,-,324.95784,organic,I-,particle,FIGAERO-LTOF-CIMS,Chao Yan,Beijing urban (BUCT),atmosphere,urban,BUCT long-term,"Daellenbach et al., 2024, Nat. Geosci.",peakList_figaero_check_particle_winter_summer_v7.db
C9H10IO,-,260.97819,organic,I-,particle,FIGAERO-LTOF-CIMS,Chao Yan,Beijing urban (BUCT),atmosphere,urban,BUCT long-term,"Daellenbach et al., 2024, Nat. Geosci.",peakList_figaero_check_particle_winter_summer_v7.db
C9H10IO6,-,340.95276,organic,I-,particle,FIGAERO-LTOF-CIMS,Chao Yan,Beijing urban (BUCT),atmosphere,urban,BUCT long-term,"Daellenbach et al., 2024, Nat. Geosci.",peakList_figaero_check_particle_winter_summer_v7.db
C9H10IO7,-,356.94767,organic,I-,particle,FIGAERO-LTOF-CIMS,Chao Yan,Beijing urban (BUCT),atmosphere,urban,BUCT long-term,"Daellenbach et al., 2024, Nat. Geosci.",peakList_figaero_check_particle_winter_summer_v7.db
C9H10O8,-,246.03812,organic,I-,particle,FIGAERO-LTOF-CIMS,Chao Yan,Beijing urban (BUCT),atmosphere,urban,BUCT long-term,"Daellenbach et al., 2024, Nat. Geosci.",peakList_figaero_check_particle_winter_summer_v7.db
C9H10O5,-,198.05337,organic,I-,particle,FIGAERO-LTOF-CIMS,Chao Yan,Beijing urban (BUCT),atmosphere,urban,BUCT long-term,"Daellenbach et al., 2024, Nat. Geosci.",peakList_figaero_check_particle_winter_summer_v7.db
C9H10O6,-,214.04829,organic,I-,particle,FIGAERO-LTOF-CIMS,Chao Yan,Beijing urban (BUCT),atmosphere,urban,BUCT long-term,"Daellenbach et al., 2024, Nat. Geosci.",peakList_figaero_check_particle_winter_summer_v7.db
C9H10O7,-,230.04320,organic,I-,particle,FIGAERO-LTOF-CIMS,Chao Yan,Beijing urban (BUCT),atmosphere,urban,BUCT long-term,"Daellenbach et al., 2024, Nat. Geosci.",peakList_figaero_check_particle_winter_summer_v7.db
C9H9O,-,133.06589,organic,I-,particle,FIGAERO-LTOF-CIMS,Chao Yan,Beijing urban (BUCT),atmosphere,urban,BUCT long-term,"Daellenbach et al., 2024, Nat. Geosci.",peakList_figaero_check_particle_winter_summer_v7.db
C9H9O2,-,149.06080,organic,I-,particle,FIGAERO-LTOF-CIMS,Chao Yan,Beijing urban (BUCT),atmosphere,urban,BUCT long-term,"Daellenbach et al., 2024, Nat. Geosci.",peakList_figaero_check_particle_winter_summer_v7.db
C9H9O3,-,165.05572,organic,I-,particle,FIGAERO-LTOF-CIMS,Chao Yan,Beijing urban (BUCT),atmosphere,urban,BUCT long-term,"Daellenbach et al., 2024, Nat. Geosci.",peakList_figaero_check_particle_winter_summer_v7.db
C9H9O4,-,181.05063,organic,I-,particle,FIGAERO-LTOF-CIMS,Chao Yan,Beijing urban (BUCT),atmosphere,urban,BUCT long-term,"Daellenbach et al., 2024, Nat. Geosci.",peakList_figaero_check_particle_winter_summer_v7.db
C9H9O5,-,197.04555,organic,I-,particle,FIGAERO-LTOF-CIMS,Chao Yan,Beijing urban (BUCT),atmosphere,urban,BUCT long-term,"Daellenbach et al., 2024, Nat. Geosci.",peakList_figaero_check_particle_winter_summer_v7.db
C9H9O6,-,213.04046,organic,I-,particle,FIGAERO-LTOF-CIMS,Chao Yan,Beijing urban (BUCT),atmosphere,urban,BUCT long-term,"Daellenbach et al., 2024, Nat. Geosci.",peakList_figaero_check_particle_winter_summer_v7.db
C9H9O7,-,229.03538,organic,I-,particle,FIGAERO-LTOF-CIMS,Chao Yan,Beijing urban (BUCT),atmosphere,urban,BUCT long-term,"Daellenbach et al., 2024, Nat. Geosci.",peakList_figaero_check_particle_winter_summer_v7.db
C9H9O8,-,245.03029,organic,I-,particle,FIGAERO-LTOF-CIMS,Chao Yan,Beijing urban (BUCT),atmosphere,urban,BUCT long-term,"Daellenbach et al., 2024, Nat. Geosci.",peakList_figaero_check_particle_winter_summer_v7.db
C9H12IO8,-,374.95824,organic,I-,particle,FIGAERO-LTOF-CIMS,Chao Yan,Beijing urban (BUCT),atmosphere,urban,BUCT long-term,"Daellenbach et al., 2024, Nat. Geosci.",peakList_figaero_check_particle_winter_summer_v7.db
C9H12O5,-,200.06902,organic,I-,particle,FIGAERO-LTOF-CIMS,Chao Yan,Beijing urban (BUCT),atmosphere,urban,BUCT long-term,"Daellenbach et al., 2024, Nat. Geosci.",peakList_figaero_check_particle_winter_summer_v7.db
C9H12O6,-,216.06394,organic,I-,particle,FIGAERO-LTOF-CIMS,Chao Yan,Beijing urban (BUCT),atmosphere,urban,BUCT long-term,"Daellenbach et al., 2024, Nat. Geosci.",peakList_figaero_check_particle_winter_summer_v7.db
C9H12O7,-,232.05885,organic,I-,particle,FIGAERO-LTOF-CIMS,Chao Yan,Beijing urban (BUCT),atmosphere,urban,BUCT long-term,"Daellenbach et al., 2024, Nat. Geosci.",peakList_figaero_check_particle_winter_summer_v7.db
C9H12IO,-,262.99384,organic,I-,particle,FIGAERO-LTOF-CIMS,Chao Yan,Beijing urban (BUCT),atmosphere,urban,BUCT long-term,"Daellenbach et al., 2024, Nat. Geosci.",peakList_figaero_check_particle_winter_summer_v7.db
C9H11O,-,135.08154,organic,I-,particle,FIGAERO-LTOF-CIMS,Chao Yan,Beijing urban (BUCT),atmosphere,urban,BUCT long-term,"Daellenbach et al., 2024, Nat. Geosci.",peakList_figaero_check_particle_winter_summer_v7.db
C9H11O2,-,151.07645,organic,I-,particle,FIGAERO-LTOF-CIMS,Chao Yan,Beijing urban (BUCT),atmosphere,urban,BUCT long-term,"Daellenbach et al., 2024, Nat. Geosci.",peakList_figaero_check_particle_winter_summer_v7.db
C9H11O3,-,167.07137,organic,I-,particle,FIGAERO-LTOF-CIMS,Chao Yan,Beijing urban (BUCT),atmosphere,urban,BUCT long-term,"Daellenbach et al., 2024, Nat. Geosci.",peakList_figaero_check_particle_winter_summer_v7.db
C9H11O6,-,215.05611,organic,I-,particle,FIGAERO-LTOF-CIMS,Chao Yan,Beijing urban (BUCT),atmosphere,urban,BUCT long-term,"Daellenbach et al., 2024, Nat. Geosci.",peakList_figaero_check_particle_winter_summer_v7.db
C9H11O7,-,231.05103,organic,I-,particle,FIGAERO-LTOF-CIMS,Chao Yan,Beijing urban (BUCT),atmosphere,urban,BUCT long-term,"Daellenbach et al., 2024, Nat. Geosci.",peakList_figaero_check_particle_winter_summer_v7.db
C9H11O8,-,247.04594,organic,I-,particle,FIGAERO-LTOF-CIMS,Chao Yan,Beijing urban (BUCT),atmosphere,urban,BUCT long-term,"Daellenbach et al., 2024, Nat. Geosci.",peakList_figaero_check_particle_winter_summer_v7.db
C9H14IO,-,265.00949,organic,I-,particle,FIGAERO-LTOF-CIMS,Chao Yan,Beijing urban (BUCT),atmosphere,urban,BUCT long-term,"Daellenbach et al., 2024, Nat. Geosci.",peakList_figaero_check_particle_winter_summer_v7.db
C9H14IO7,-,360.97897,organic,I-,particle,FIGAERO-LTOF-CIMS,Chao Yan,Beijing urban (BUCT),atmosphere,urban,BUCT long-term,"Daellenbach et al., 2024, Nat. Geosci.",peakList_figaero_check_particle_winter_summer_v7.db
C9H14O3,-,170.09484,organic,I-,particle,FIGAERO-LTOF-CIMS,Chao Yan,Beijing urban (BUCT),atmosphere,urban,BUCT long-term,"Daellenbach et al., 2024, Nat. Geosci.",peakList_figaero_check_particle_winter_summer_v7.db
C9H14O4,-,186.08976,organic,I-,particle,FIGAERO-LTOF-CIMS,Chao Yan,Beijing urban (BUCT),atmosphere,urban,BUCT long-term,"Daellenbach et al., 2024, Nat. Geosci.",peakList_figaero_check_particle_winter_summer_v7.db
C9H14O5,-,202.08467,organic,I-,particle,FIGAERO-LTOF-CIMS,Chao Yan,Beijing urban (BUCT),atmosphere,urban,BUCT long-term,"Daellenbach et al., 2024, Nat. Geosci.",peakList_figaero_check_particle_winter_summer_v7.db
C9H14O6,-,218.07959,organic,I-,particle,FIGAERO-LTOF-CIMS,Chao Yan,Beijing urban (BUCT),atmosphere,urban,BUCT long-term,"Daellenbach et al., 2024, Nat. Geosci.",peakList_figaero_check_particle_winter_summer_v7.db
C9H14O7,-,234.07450,organic,I-,particle,FIGAERO-LTOF-CIMS,Chao Yan,Beijing urban (BUCT),atmosphere,urban,BUCT long-term,"Daellenbach et al., 2024, Nat. Geosci.",peakList_figaero_check_particle_winter_summer_v7.db
C9H13O,-,137.09719,organic,I-,particle,FIGAERO-LTOF-CIMS,Chao Yan,Beijing urban (BUCT),atmosphere,urban,BUCT long-term,"Daellenbach et al., 2024, Nat. Geosci.",peakList_figaero_check_particle_winter_summer_v7.db
C9H13O2,-,153.09210,organic,I-,particle,FIGAERO-LTOF-CIMS,Chao Yan,Beijing urban (BUCT),atmosphere,urban,BUCT long-term,"Daellenbach et al., 2024, Nat. Geosci.",peakList_figaero_check_particle_winter_summer_v7.db
C9H13O4,-,185.08193,organic,I-,particle,FIGAERO-LTOF-CIMS,Chao Yan,Beijing urban (BUCT),atmosphere,urban,BUCT long-term,"Daellenbach et al., 2024, Nat. Geosci.",peakList_figaero_check_particle_winter_summer_v7.db
C9H13O6,-,217.07176,organic,I-,particle,FIGAERO-LTOF-CIMS,Chao Yan,Beijing urban (BUCT),atmosphere,urban,BUCT long-term,"Daellenbach et al., 2024, Nat. Geosci.",peakList_figaero_check_particle_winter_summer_v7.db
C9H13O5,-,201.07685,organic,I-,particle,FIGAERO-LTOF-CIMS,Chao Yan,Beijing urban (BUCT),atmosphere,urban,BUCT long-term,"Daellenbach et al., 2024, Nat. Geosci.",peakList_figaero_check_particle_winter_summer_v7.db
C9H13O7,-,233.06668,organic,I-,particle,FIGAERO-LTOF-CIMS,Chao Yan,Beijing urban (BUCT),atmosphere,urban,BUCT long-term,"Daellenbach et al., 2024, Nat. Geosci.",peakList_figaero_check_particle_winter_summer_v7.db
C9H13O8,-,249.06159,organic,I-,particle,FIGAERO-LTOF-CIMS,Chao Yan,Beijing urban (BUCT),atmosphere,urban,BUCT long-term,"Daellenbach et al., 2024, Nat. Geosci.",peakList_figaero_check_particle_winter_summer_v7.db
C9H16IO,-,267.02514,organic,I-,particle,FIGAERO-LTOF-CIMS,Chao Yan,Beijing urban (BUCT),atmosphere,urban,BUCT long-term,"Daellenbach et al., 2024, Nat. Geosci.",peakList_figaero_check_particle_winter_summer_v7.db
C9H16IO6,-,346.99971,organic,I-,particle,FIGAERO-LTOF-CIMS,Chao Yan,Beijing urban (BUCT),atmosphere,urban,BUCT long-term,"Daellenbach et al., 2024, Nat. Geosci.",peakList_figaero_check_particle_winter_summer_v7.db
C9H16IO7,-,362.99462,organic,I-,particle,FIGAERO-LTOF-CIMS,Chao Yan,Beijing urban (BUCT),atmosphere,urban,BUCT long-term,"Daellenbach et al., 2024, Nat. Geosci.",peakList_figaero_check_particle_winter_summer_v7.db
C9H16O5,-,204.10032,organic,I-,particle,FIGAERO-LTOF-CIMS,Chao Yan,Beijing urban (BUCT),atmosphere,urban,BUCT long-term,"Daellenbach et al., 2024, Nat. Geosci.",peakList_figaero_check_particle_winter_summer_v7.db
C9H16O6,-,220.09524,organic,I-,particle,FIGAERO-LTOF-CIMS,Chao Yan,Beijing urban (BUCT),atmosphere,urban,BUCT long-term,"Daellenbach et al., 2024, Nat. Geosci.",peakList_figaero_check_particle_winter_summer_v7.db
C9H16O7,-,236.09015,organic,I-,particle,FIGAERO-LTOF-CIMS,Chao Yan,Beijing urban (BUCT),atmosphere,urban,BUCT long-term,"Daellenbach et al., 2024, Nat. Geosci.",peakList_figaero_check_particle_winter_summer_v7.db
C9H15O4,-,187.09758,organic,I-,particle,FIGAERO-LTOF-CIMS,Chao Yan,Beijing urban (BUCT),atmosphere,urban,BUCT long-term,"Daellenbach et al., 2024, Nat. Geosci.",peakList_figaero_check_particle_winter_summer_v7.db
C9H15O6,-,219.08741,organic,I-,particle,FIGAERO-LTOF-CIMS,Chao Yan,Beijing urban (BUCT),atmosphere,urban,BUCT long-term,"Daellenbach et al., 2024, Nat. Geosci.",peakList_figaero_check_particle_winter_summer_v7.db
C9H15O7,-,235.08233,organic,I-,particle,FIGAERO-LTOF-CIMS,Chao Yan,Beijing urban (BUCT),atmosphere,urban,BUCT long-term,"Daellenbach et al., 2024, Nat. Geosci.",peakList_figaero_check_particle_winter_summer_v7.db
C10H16NO2,-,182.11865,organic,I-,particle,FIGAERO-LTOF-CIMS,Chao Yan,Beijing urban (BUCT),atmosphere,urban,BUCT long-term,"Daellenbach et al., 2024, Nat. Geosci.",peakList_figaero_check_particle_winter_summer_v7.db
C10H18NO4,-,216.12413,organic,I-,particle,FIGAERO-LTOF-CIMS,Chao Yan,Beijing urban (BUCT),atmosphere,urban,BUCT long-term,"Daellenbach et al., 2024, Nat. Geosci.",peakList_figaero_check_particle_winter_summer_v7.db
C10H18NO5,-,232.11905,organic,I-,particle,FIGAERO-LTOF-CIMS,Chao Yan,Beijing urban (BUCT),atmosphere,urban,BUCT long-term,"Daellenbach et al., 2024, Nat. Geosci.",peakList_figaero_check_particle_winter_summer_v7.db
C10H18NO7,-,264.10888,organic,I-,particle,FIGAERO-LTOF-CIMS,Chao Yan,Beijing urban (BUCT),atmosphere,urban,BUCT long-term,"Daellenbach et al., 2024, Nat. Geosci.",peakList_figaero_check_particle_winter_summer_v7.db
C10H18NO8,-,280.10379,organic,I-,particle,FIGAERO-LTOF-CIMS,Chao Yan,Beijing urban (BUCT),atmosphere,urban,BUCT long-term,"Daellenbach et al., 2024, Nat. Geosci.",peakList_figaero_check_particle_winter_summer_v7.db
C10H18NO9,-,296.09870,organic,I-,particle,FIGAERO-LTOF-CIMS,Chao Yan,Beijing urban (BUCT),atmosphere,urban,BUCT long-term,"Daellenbach et al., 2024, Nat. Geosci.",peakList_figaero_check_particle_winter_summer_v7.db
C10H21INO7,-,394.03682,organic,I-,particle,FIGAERO-LTOF-CIMS,Chao Yan,Beijing urban (BUCT),atmosphere,urban,BUCT long-term,"Daellenbach et al., 2024, Nat. Geosci.",peakList_figaero_check_particle_winter_summer_v7.db
C10H21INO6,-,378.04191,organic,I-,particle,FIGAERO-LTOF-CIMS,Chao Yan,Beijing urban (BUCT),atmosphere,urban,BUCT long-term,"Daellenbach et al., 2024, Nat. Geosci.",peakList_figaero_check_particle_winter_summer_v7.db
C10H20NO3,-,202.14487,organic,I-,particle,FIGAERO-LTOF-CIMS,Chao Yan,Beijing urban (BUCT),atmosphere,urban,BUCT long-term,"Daellenbach et al., 2024, Nat. Geosci.",peakList_figaero_check_particle_winter_summer_v7.db
C10H20NO4,-,218.13978,organic,I-,particle,FIGAERO-LTOF-CIMS,Chao Yan,Beijing urban (BUCT),atmosphere,urban,BUCT long-term,"Daellenbach et al., 2024, Nat. Geosci.",peakList_figaero_check_particle_winter_summer_v7.db
C10H20NO6,-,250.12961,organic,I-,particle,FIGAERO-LTOF-CIMS,Chao Yan,Beijing urban (BUCT),atmosphere,urban,BUCT long-term,"Daellenbach et al., 2024, Nat. Geosci.",peakList_figaero_check_particle_winter_summer_v7.db
C10H20NO7,-,266.12453,organic,I-,particle,FIGAERO-LTOF-CIMS,Chao Yan,Beijing urban (BUCT),atmosphere,urban,BUCT long-term,"Daellenbach et al., 2024, Nat. Geosci.",peakList_figaero_check_particle_winter_summer_v7.db
CHN2O5,-,120.98909,organic,I-,particle,FIGAERO-LTOF-CIMS,Chao Yan,Beijing urban (BUCT),atmosphere,urban,BUCT long-term,"Daellenbach et al., 2024, Nat. Geosci.",peakList_figaero_check_particle_winter_summer_v7.db
CH3N2O6,-,138.99966,organic,I-,particle,FIGAERO-LTOF-CIMS,Chao Yan,Beijing urban (BUCT),atmosphere,urban,BUCT long-term,"Daellenbach et al., 2024, Nat. Geosci.",peakList_figaero_check_particle_winter_summer_v7.db
CH3N2O4,-,107.00983,organic,I-,particle,FIGAERO-LTOF-CIMS,Chao Yan,Beijing urban (BUCT),atmosphere,urban,BUCT long-term,"Daellenbach et al., 2024, Nat. Geosci.",peakList_figaero_check_particle_winter_summer_v7.db
C2H2N2O6,-,149.99183,organic,I-,particle,FIGAERO-LTOF-CIMS,Chao Yan,Beijing urban (BUCT),atmosphere,urban,BUCT long-term,"Daellenbach et al., 2024, Nat. Geosci.",peakList_figaero_check_particle_winter_summer_v7.db
C2H2N2O5,-,133.99692,organic,I-,particle,FIGAERO-LTOF-CIMS,Chao Yan,Beijing urban (BUCT),atmosphere,urban,BUCT long-term,"Daellenbach et al., 2024, Nat. Geosci.",peakList_figaero_check_particle_winter_summer_v7.db
