formula,reagent,detection,instrument,phase,environment,setting,biome,reference,doi,note
C10H14O7,NO3-,adduct,CI-APi-TOF,gas,boreal forest,atmosphere,forest,"Yan et al., 2016, ACP",10.5194/acp-16-12715-2016,Nighttime type-1 fingerprint molecule (O3 + monoterpene oxidation) | as written: C10H14O7 | source: Table 1
C10H15O8,NO3-,adduct,CI-APi-TOF,gas,boreal forest,atmosphere,forest,"Yan et al., 2016, ACP",10.5194/acp-16-12715-2016,Nighttime type-1 fingerprint molecule; RO2 radical (Eq. 10) | as written: C10H15O8 | source: Table 1 + main-text Eq. 10
C10H14O9,NO3-,adduct,CI-APi-TOF,gas,boreal forest,atmosphere,forest,"Yan et al., 2016, ACP",10.5194/acp-16-12715-2016,Nighttime type-1 fingerprint molecule | as written: C10H14O9 | source: Table 1
C10H15O10,NO3-,adduct,CI-APi-TOF,gas,boreal forest,atmosphere,forest,"Yan et al., 2016, ACP",10.5194/acp-16-12715-2016,Nighttime type-1 fingerprint molecule; RO2 radical (Eq. 10) | as written: C10H15O10 | source: Table 1 + main-text Eq. 10
C20H32O11,NO3-,adduct,CI-APi-TOF,gas,boreal forest,atmosphere,forest,"Yan et al., 2016, ACP",10.5194/acp-16-12715-2016,Nighttime type-1 fingerprint molecule (dimer) | as written: C20H32O11 | source: Table 1
C20H31NO11,NO3-,adduct,CI-APi-TOF,gas,boreal forest,atmosphere,forest,"Yan et al., 2016, ACP",10.5194/acp-16-12715-2016,"Nighttime type-2 fingerprint molecule (dimer with one N) | as written: C20H31O8NO3, 523 Th | source: Table 1 + main text"
C20H31NO13,NO3-,adduct,CI-APi-TOF,gas,boreal forest,atmosphere,forest,"Yan et al., 2016, ACP",10.5194/acp-16-12715-2016,"Nighttime type-2 fingerprint molecule (dimer with one N, Eq. 12) | as written: C20H31O10NO3, 555 Th | source: Table 1 + main text"
C20H32N2O12,NO3-,adduct,CI-APi-TOF,gas,boreal forest,atmosphere,forest,"Yan et al., 2016, ACP",10.5194/acp-16-12715-2016,"Nighttime type-2 fingerprint molecule (dimer with two N, Eq. 13) | as written: C20H32O6(NO3)2, 554 Th | source: Table 1 + main text"
C10H15NO9,NO3-,adduct,CI-APi-TOF,gas,boreal forest,atmosphere,forest,"Yan et al., 2016, ACP",10.5194/acp-16-12715-2016,"Daytime type-1 fingerprint molecule; C10H15O8 + NO (Eq. 14) | as written: C10H15O6NO3, 355 Th | source: Table 1 + main text"
C10H15NO11,NO3-,adduct,CI-APi-TOF,gas,boreal forest,atmosphere,forest,"Yan et al., 2016, ACP",10.5194/acp-16-12715-2016,"Daytime type-1 fingerprint molecule; C10H15O10 + NO (Eq. 15) | as written: C10H15O8NO3, 387 Th | source: Table 1 + main text"
C10H15NO8,NO3-,adduct,CI-APi-TOF,gas,boreal forest,atmosphere,forest,"Yan et al., 2016, ACP",10.5194/acp-16-12715-2016,"Daytime type-2 fingerprint molecule; the single strongest organic nitrate at this site | as written: C10H15O5NO3, 339 Th | source: Table 1 + main text"
C5H6O7,NO3-,adduct,CI-APi-TOF,gas,boreal forest,atmosphere,forest,"Yan et al., 2016, ACP",10.5194/acp-16-12715-2016,Daytime type-2 fingerprint molecule | as written: C5H6O7 | source: Table 1
C3H5NO6,NO3-,adduct,CI-APi-TOF,gas,boreal forest,atmosphere,forest,"Yan et al., 2016, ACP",10.5194/acp-16-12715-2016,"Daytime type-3 fingerprint molecule (small organic nitrate) | as written: C3H5O3NO3, 213 Th | source: Table 1 + main text"
C4H5NO7,NO3-,adduct,CI-APi-TOF,gas,boreal forest,atmosphere,forest,"Yan et al., 2016, ACP",10.5194/acp-16-12715-2016,"Daytime type-3 fingerprint molecule (small organic nitrate) | as written: C4H5O4NO3, 241 Th | source: Table 1 + main text"
C5H7NO7,NO3-,adduct,CI-APi-TOF,gas,boreal forest,atmosphere,forest,"Yan et al., 2016, ACP",10.5194/acp-16-12715-2016,"Daytime type-3 fingerprint molecule (small organic nitrate) | as written: C5H7O4NO3, 255 Th | source: Table 1 + main text"
C6H9NO7,NO3-,adduct,CI-APi-TOF,gas,boreal forest,atmosphere,forest,"Yan et al., 2016, ACP",10.5194/acp-16-12715-2016,"Daytime type-3 fingerprint molecule (small organic nitrate) | as written: C6H9O4NO3, 269 Th | source: Table 1 + main text"
C7H9NO7,NO3-,adduct,CI-APi-TOF,gas,boreal forest,atmosphere,forest,"Yan et al., 2016, ACP",10.5194/acp-16-12715-2016,"Daytime type-3 fingerprint molecule (small organic nitrate) | as written: C7H9O4NO3, 281 Th | source: Table 1 + main text"
C6H5NO3,NO3-,adduct,CI-APi-TOF,gas,boreal forest,atmosphere,forest,"Yan et al., 2016, ACP",10.5194/acp-16-12715-2016,"Transport-factor fingerprint molecule; nitrophenol | as written: C6H5NO3, 201 Th | source: Table 1 + main text"
C10H15NO12,NO3-,adduct,CI-APi-TOF,gas,boreal forest,atmosphere,forest,"Yan et al., 2016, ACP",10.5194/acp-16-12715-2016,"Prominent daytime type-1 peak | as written: C10H15O9NO3, 403 Th | source: main text"
C10H15NO13,NO3-,adduct,CI-APi-TOF,gas,boreal forest,atmosphere,forest,"Yan et al., 2016, ACP",10.5194/acp-16-12715-2016,"Prominent daytime type-1 peak | as written: C10H15O10NO3, 419 Th | source: main text"
C10H14O11,NO3-,adduct,CI-APi-TOF,gas,boreal forest,atmosphere,forest,"Yan et al., 2016, ACP",10.5194/acp-16-12715-2016,"O3+monoterpene factor peak; compared against the Ehn 2014 reference spectrum | as written: C10H14O11, 372 Th | source: main text"
C10H15O12,NO3-,adduct,CI-APi-TOF,gas,boreal forest,atmosphere,forest,"Yan et al., 2016, ACP",10.5194/acp-16-12715-2016,"O3+monoterpene factor peak; compared against the Ehn 2014 reference spectrum; RO2 radical | as written: C10H15O12, 389 Th | source: main text"
C10H14O7,NO3-,adduct,CI-APi-TOF,gas,chamber,chamber,,"Quéléver et al., 2019, ACP",10.5194/acp-19-7609-2019,Typical HOM product of α-pinene ozonolysis
C10H14O9,NO3-,adduct,CI-APi-TOF,gas,chamber,chamber,,"Quéléver et al., 2019, ACP",10.5194/acp-19-7609-2019,Typical HOM product of α-pinene ozonolysis
C10H14O11,NO3-,adduct,CI-APi-TOF,gas,chamber,chamber,,"Quéléver et al., 2019, ACP",10.5194/acp-19-7609-2019,Typical HOM product of α-pinene ozonolysis
C10H16O7,NO3-,adduct,CI-APi-TOF,gas,chamber,chamber,,"Quéléver et al., 2019, ACP",10.5194/acp-19-7609-2019,Representative HOM monomer used for the condensation-sink calculation
C19H28O12,NO3-,adduct,CI-APi-TOF,gas,chamber,chamber,,"Quéléver et al., 2019, ACP",10.5194/acp-19-7609-2019,Representative HOM dimer used for the condensation-sink calculation
C6H8O7,NO3-,adduct,nitrate CIMS,gas,chamber,chamber,,"Räty et al., 2021, ACP",10.5194/acp-21-7357-2021,Main HOM monomer from cyclohexene ozonolysis; signal decreases on NO addition
C6H8O9,NO3-,adduct,nitrate CIMS,gas,chamber,chamber,,"Räty et al., 2021, ACP",10.5194/acp-21-7357-2021,Largest HOM monomer signal; increases on NO addition
C12H20O9,NO3-,adduct,nitrate CIMS,gas,chamber,chamber,,"Räty et al., 2021, ACP",10.5194/acp-21-7357-2021,Largest dimer product; drops sharply on NO addition
C6H9O8,NO3-,adduct,nitrate CIMS,gas,chamber,chamber,,"Räty et al., 2021, ACP",10.5194/acp-21-7357-2021,Highly oxygenated RO2 radical; precursor of C12H20O9 and C6H9NO9
C6H11O3,NO3-,adduct,nitrate CIMS,gas,chamber,chamber,,"Räty et al., 2021, ACP",10.5194/acp-21-7357-2021,Primary RO2 radical from OH oxidation of cyclohexene
C6H9NO9,NO3-,adduct,nitrate CIMS,gas,chamber,chamber,,"Räty et al., 2021, ACP",10.5194/acp-21-7357-2021,Most abundant nitrate product under high NOx (C6H9O8 + NO)
C12H19NO11,NO3-,adduct,nitrate CIMS,gas,chamber,chamber,,"Räty et al., 2021, ACP",10.5194/acp-21-7357-2021,The most abundant nitrogen-containing dimer
C6H9O5,NO3-,adduct,nitrate CIMS,gas,chamber,chamber,,"Räty et al., 2021, ACP",10.5194/acp-21-7357-2021,Product whose relative change falls outside the colour axis in Fig. 3 (FitFactor ≥ 0.7)
C6H9O9,NO3-,adduct,nitrate CIMS,gas,chamber,chamber,,"Räty et al., 2021, ACP",10.5194/acp-21-7357-2021,Product whose relative change falls outside the colour axis in Fig. 3 (FitFactor ≥ 0.7)
C11H18O11,NO3-,adduct,nitrate CIMS,gas,chamber,chamber,,"Räty et al., 2021, ACP",10.5194/acp-21-7357-2021,Product whose relative change falls outside the colour axis in Fig. 3 (FitFactor ≥ 0.7)
C6H10O8,NO3-,adduct,nitrate CIMS,gas,chamber,chamber,,"Räty et al., 2021, ACP",10.5194/acp-21-7357-2021,Fig. 5; the least volatile / most readily condensing of the three C6H10Ox species
C20H31NO10,NO3-,adduct,CI-APi-TOF,gas,boreal forest,atmosphere,forest,"Yan et al., 2016, ACP",10.5194/acp-16-12715-2016,"Nighttime type-2 dimer | series-expanded: C20H31OjNO3 (j=7–15), index 7 | source: Fig. 9 legend + main text"
C20H31NO12,NO3-,adduct,CI-APi-TOF,gas,boreal forest,atmosphere,forest,"Yan et al., 2016, ACP",10.5194/acp-16-12715-2016,"Nighttime type-2 dimer | series-expanded: C20H31OjNO3 (j=7–15), index 9 | source: Fig. 9 legend + main text"
C20H31NO14,NO3-,adduct,CI-APi-TOF,gas,boreal forest,atmosphere,forest,"Yan et al., 2016, ACP",10.5194/acp-16-12715-2016,"Nighttime type-2 dimer | series-expanded: C20H31OjNO3 (j=7–15), index 11 | source: Fig. 9 legend + main text"
C20H31NO15,NO3-,adduct,CI-APi-TOF,gas,boreal forest,atmosphere,forest,"Yan et al., 2016, ACP",10.5194/acp-16-12715-2016,"Nighttime type-2 dimer | series-expanded: C20H31OjNO3 (j=7–15), index 12 | source: Fig. 9 legend + main text"
C20H31NO16,NO3-,adduct,CI-APi-TOF,gas,boreal forest,atmosphere,forest,"Yan et al., 2016, ACP",10.5194/acp-16-12715-2016,"Nighttime type-2 dimer | series-expanded: C20H31OjNO3 (j=7–15), index 13 | source: Fig. 9 legend + main text"
C20H31NO17,NO3-,adduct,CI-APi-TOF,gas,boreal forest,atmosphere,forest,"Yan et al., 2016, ACP",10.5194/acp-16-12715-2016,"Nighttime type-2 dimer | series-expanded: C20H31OjNO3 (j=7–15), index 14 | source: Fig. 9 legend + main text"
C20H31NO18,NO3-,adduct,CI-APi-TOF,gas,boreal forest,atmosphere,forest,"Yan et al., 2016, ACP",10.5194/acp-16-12715-2016,"Nighttime type-2 dimer | series-expanded: C20H31OjNO3 (j=7–15), index 15 | source: Fig. 9 legend + main text"
C20H32N2O10,NO3-,adduct,CI-APi-TOF,gas,boreal forest,atmosphere,forest,"Yan et al., 2016, ACP",10.5194/acp-16-12715-2016,"Nighttime type-2 dimer | series-expanded: C20H32Ok(NO3)2 (k=4–11), index 4 | source: Fig. 9 legend + main text"
C20H32N2O11,NO3-,adduct,CI-APi-TOF,gas,boreal forest,atmosphere,forest,"Yan et al., 2016, ACP",10.5194/acp-16-12715-2016,"Nighttime type-2 dimer | series-expanded: C20H32Ok(NO3)2 (k=4–11), index 5 | source: Fig. 9 legend + main text"
C20H32N2O13,NO3-,adduct,CI-APi-TOF,gas,boreal forest,atmosphere,forest,"Yan et al., 2016, ACP",10.5194/acp-16-12715-2016,"Nighttime type-2 dimer | series-expanded: C20H32Ok(NO3)2 (k=4–11), index 7 | source: Fig. 9 legend + main text"
C20H32N2O14,NO3-,adduct,CI-APi-TOF,gas,boreal forest,atmosphere,forest,"Yan et al., 2016, ACP",10.5194/acp-16-12715-2016,"Nighttime type-2 dimer | series-expanded: C20H32Ok(NO3)2 (k=4–11), index 8 | source: Fig. 9 legend + main text"
C20H32N2O15,NO3-,adduct,CI-APi-TOF,gas,boreal forest,atmosphere,forest,"Yan et al., 2016, ACP",10.5194/acp-16-12715-2016,"Nighttime type-2 dimer | series-expanded: C20H32Ok(NO3)2 (k=4–11), index 9 | source: Fig. 9 legend + main text"
C20H32N2O16,NO3-,adduct,CI-APi-TOF,gas,boreal forest,atmosphere,forest,"Yan et al., 2016, ACP",10.5194/acp-16-12715-2016,"Nighttime type-2 dimer | series-expanded: C20H32Ok(NO3)2 (k=4–11), index 10 | source: Fig. 9 legend + main text"
C20H32N2O17,NO3-,adduct,CI-APi-TOF,gas,boreal forest,atmosphere,forest,"Yan et al., 2016, ACP",10.5194/acp-16-12715-2016,"Nighttime type-2 dimer | series-expanded: C20H32Ok(NO3)2 (k=4–11), index 11 | source: Fig. 9 legend + main text"
C19H29NO9,NO3-,adduct,CI-APi-TOF,gas,boreal forest,atmosphere,forest,"Yan et al., 2016, ACP",10.5194/acp-16-12715-2016,"Nighttime type-2 dimer | series-expanded: C19H29OlNO3 (l=6–13), index 6 | source: Fig. 9 legend + main text"
C19H29NO10,NO3-,adduct,CI-APi-TOF,gas,boreal forest,atmosphere,forest,"Yan et al., 2016, ACP",10.5194/acp-16-12715-2016,"Nighttime type-2 dimer | series-expanded: C19H29OlNO3 (l=6–13), index 7 | source: Fig. 9 legend + main text"
C19H29NO11,NO3-,adduct,CI-APi-TOF,gas,boreal forest,atmosphere,forest,"Yan et al., 2016, ACP",10.5194/acp-16-12715-2016,"Nighttime type-2 dimer | series-expanded: C19H29OlNO3 (l=6–13), index 8 | source: Fig. 9 legend + main text"
C19H29NO12,NO3-,adduct,CI-APi-TOF,gas,boreal forest,atmosphere,forest,"Yan et al., 2016, ACP",10.5194/acp-16-12715-2016,"Nighttime type-2 dimer | series-expanded: C19H29OlNO3 (l=6–13), index 9 | source: Fig. 9 legend + main text"
C19H29NO13,NO3-,adduct,CI-APi-TOF,gas,boreal forest,atmosphere,forest,"Yan et al., 2016, ACP",10.5194/acp-16-12715-2016,"Nighttime type-2 dimer | series-expanded: C19H29OlNO3 (l=6–13), index 10 | source: Fig. 9 legend + main text"
C19H29NO14,NO3-,adduct,CI-APi-TOF,gas,boreal forest,atmosphere,forest,"Yan et al., 2016, ACP",10.5194/acp-16-12715-2016,"Nighttime type-2 dimer | series-expanded: C19H29OlNO3 (l=6–13), index 11 | source: Fig. 9 legend + main text"
C19H29NO15,NO3-,adduct,CI-APi-TOF,gas,boreal forest,atmosphere,forest,"Yan et al., 2016, ACP",10.5194/acp-16-12715-2016,"Nighttime type-2 dimer | series-expanded: C19H29OlNO3 (l=6–13), index 12 | source: Fig. 9 legend + main text"
C19H29NO16,NO3-,adduct,CI-APi-TOF,gas,boreal forest,atmosphere,forest,"Yan et al., 2016, ACP",10.5194/acp-16-12715-2016,"Nighttime type-2 dimer | series-expanded: C19H29OlNO3 (l=6–13), index 13 | source: Fig. 9 legend + main text"
C19H31NO11,NO3-,adduct,CI-APi-TOF,gas,boreal forest,atmosphere,forest,"Yan et al., 2016, ACP",10.5194/acp-16-12715-2016,"Nighttime type-2 dimer | series-expanded: C19H31OmNO3 (m=8–11), index 8 | source: Fig. 9 legend + main text"
C19H31NO12,NO3-,adduct,CI-APi-TOF,gas,boreal forest,atmosphere,forest,"Yan et al., 2016, ACP",10.5194/acp-16-12715-2016,"Nighttime type-2 dimer | series-expanded: C19H31OmNO3 (m=8–11), index 9 | source: Fig. 9 legend + main text"
C19H31NO13,NO3-,adduct,CI-APi-TOF,gas,boreal forest,atmosphere,forest,"Yan et al., 2016, ACP",10.5194/acp-16-12715-2016,"Nighttime type-2 dimer | series-expanded: C19H31OmNO3 (m=8–11), index 10 | source: Fig. 9 legend + main text"
C19H31NO14,NO3-,adduct,CI-APi-TOF,gas,boreal forest,atmosphere,forest,"Yan et al., 2016, ACP",10.5194/acp-16-12715-2016,"Nighttime type-2 dimer | series-expanded: C19H31OmNO3 (m=8–11), index 11 | source: Fig. 9 legend + main text"
C18H29NO11,NO3-,adduct,CI-APi-TOF,gas,boreal forest,atmosphere,forest,"Yan et al., 2016, ACP",10.5194/acp-16-12715-2016,"Nighttime type-2 dimer | series-expanded: C18H29OnNO3 (n=8–11), index 8 | source: Fig. 9 legend + main text"
C18H29NO12,NO3-,adduct,CI-APi-TOF,gas,boreal forest,atmosphere,forest,"Yan et al., 2016, ACP",10.5194/acp-16-12715-2016,"Nighttime type-2 dimer | series-expanded: C18H29OnNO3 (n=8–11), index 9 | source: Fig. 9 legend + main text"
C18H29NO13,NO3-,adduct,CI-APi-TOF,gas,boreal forest,atmosphere,forest,"Yan et al., 2016, ACP",10.5194/acp-16-12715-2016,"Nighttime type-2 dimer | series-expanded: C18H29OnNO3 (n=8–11), index 10 | source: Fig. 9 legend + main text"
C18H29NO14,NO3-,adduct,CI-APi-TOF,gas,boreal forest,atmosphere,forest,"Yan et al., 2016, ACP",10.5194/acp-16-12715-2016,"Nighttime type-2 dimer | series-expanded: C18H29OnNO3 (n=8–11), index 11 | source: Fig. 9 legend + main text"
C10H14O6,NO3-,adduct,CI-APi-TOF,gas,boreal forest,atmosphere,forest,"Yan et al., 2016, ACP",10.5194/acp-16-12715-2016,Major peak of the O3+monoterpene factor | range-expanded: C10H14–16O6–13 (Cartesian product of three index ranges; may include combinations never measured) | source: main text
C10H14O8,NO3-,adduct,CI-APi-TOF,gas,boreal forest,atmosphere,forest,"Yan et al., 2016, ACP",10.5194/acp-16-12715-2016,Major peak of the O3+monoterpene factor | range-expanded: C10H14–16O6–13 (Cartesian product of three index ranges; may include combinations never measured) | source: main text
C10H14O10,NO3-,adduct,CI-APi-TOF,gas,boreal forest,atmosphere,forest,"Yan et al., 2016, ACP",10.5194/acp-16-12715-2016,Major peak of the O3+monoterpene factor | range-expanded: C10H14–16O6–13 (Cartesian product of three index ranges; may include combinations never measured) | source: main text
C10H14O12,NO3-,adduct,CI-APi-TOF,gas,boreal forest,atmosphere,forest,"Yan et al., 2016, ACP",10.5194/acp-16-12715-2016,Major peak of the O3+monoterpene factor | range-expanded: C10H14–16O6–13 (Cartesian product of three index ranges; may include combinations never measured) | source: main text
C10H14O13,NO3-,adduct,CI-APi-TOF,gas,boreal forest,atmosphere,forest,"Yan et al., 2016, ACP",10.5194/acp-16-12715-2016,Major peak of the O3+monoterpene factor | range-expanded: C10H14–16O6–13 (Cartesian product of three index ranges; may include combinations never measured) | source: main text
C10H15O6,NO3-,adduct,CI-APi-TOF,gas,boreal forest,atmosphere,forest,"Yan et al., 2016, ACP",10.5194/acp-16-12715-2016,Major peak of the O3+monoterpene factor | range-expanded: C10H14–16O6–13 (Cartesian product of three index ranges; may include combinations never measured) | source: main text
C10H15O7,NO3-,adduct,CI-APi-TOF,gas,boreal forest,atmosphere,forest,"Yan et al., 2016, ACP",10.5194/acp-16-12715-2016,Major peak of the O3+monoterpene factor | range-expanded: C10H14–16O6–13 (Cartesian product of three index ranges; may include combinations never measured) | source: main text
C10H15O9,NO3-,adduct,CI-APi-TOF,gas,boreal forest,atmosphere,forest,"Yan et al., 2016, ACP",10.5194/acp-16-12715-2016,Major peak of the O3+monoterpene factor | range-expanded: C10H14–16O6–13 (Cartesian product of three index ranges; may include combinations never measured) | source: main text
C10H15O11,NO3-,adduct,CI-APi-TOF,gas,boreal forest,atmosphere,forest,"Yan et al., 2016, ACP",10.5194/acp-16-12715-2016,Major peak of the O3+monoterpene factor | range-expanded: C10H14–16O6–13 (Cartesian product of three index ranges; may include combinations never measured) | source: main text
C10H15O13,NO3-,adduct,CI-APi-TOF,gas,boreal forest,atmosphere,forest,"Yan et al., 2016, ACP",10.5194/acp-16-12715-2016,Major peak of the O3+monoterpene factor | range-expanded: C10H14–16O6–13 (Cartesian product of three index ranges; may include combinations never measured) | source: main text
C10H16O6,NO3-,adduct,CI-APi-TOF,gas,boreal forest,atmosphere,forest,"Yan et al., 2016, ACP",10.5194/acp-16-12715-2016,Major peak of the O3+monoterpene factor | range-expanded: C10H14–16O6–13 (Cartesian product of three index ranges; may include combinations never measured) | source: main text
C10H16O7,NO3-,adduct,CI-APi-TOF,gas,boreal forest,atmosphere,forest,"Yan et al., 2016, ACP",10.5194/acp-16-12715-2016,Major peak of the O3+monoterpene factor | range-expanded: C10H14–16O6–13 (Cartesian product of three index ranges; may include combinations never measured) | source: main text
C10H16O8,NO3-,adduct,CI-APi-TOF,gas,boreal forest,atmosphere,forest,"Yan et al., 2016, ACP",10.5194/acp-16-12715-2016,Major peak of the O3+monoterpene factor | range-expanded: C10H14–16O6–13 (Cartesian product of three index ranges; may include combinations never measured) | source: main text
C10H16O9,NO3-,adduct,CI-APi-TOF,gas,boreal forest,atmosphere,forest,"Yan et al., 2016, ACP",10.5194/acp-16-12715-2016,Major peak of the O3+monoterpene factor | range-expanded: C10H14–16O6–13 (Cartesian product of three index ranges; may include combinations never measured) | source: main text
C10H16O10,NO3-,adduct,CI-APi-TOF,gas,boreal forest,atmosphere,forest,"Yan et al., 2016, ACP",10.5194/acp-16-12715-2016,Major peak of the O3+monoterpene factor | range-expanded: C10H14–16O6–13 (Cartesian product of three index ranges; may include combinations never measured) | source: main text
C10H16O11,NO3-,adduct,CI-APi-TOF,gas,boreal forest,atmosphere,forest,"Yan et al., 2016, ACP",10.5194/acp-16-12715-2016,Major peak of the O3+monoterpene factor | range-expanded: C10H14–16O6–13 (Cartesian product of three index ranges; may include combinations never measured) | source: main text
C10H16O12,NO3-,adduct,CI-APi-TOF,gas,boreal forest,atmosphere,forest,"Yan et al., 2016, ACP",10.5194/acp-16-12715-2016,Major peak of the O3+monoterpene factor | range-expanded: C10H14–16O6–13 (Cartesian product of three index ranges; may include combinations never measured) | source: main text
C10H16O13,NO3-,adduct,CI-APi-TOF,gas,boreal forest,atmosphere,forest,"Yan et al., 2016, ACP",10.5194/acp-16-12715-2016,Major peak of the O3+monoterpene factor | range-expanded: C10H14–16O6–13 (Cartesian product of three index ranges; may include combinations never measured) | source: main text
C19H28O10,NO3-,adduct,CI-APi-TOF,gas,boreal forest,atmosphere,forest,"Yan et al., 2016, ACP",10.5194/acp-16-12715-2016,Major peak of the O3+monoterpene factor | range-expanded: C19–20H28–32O10–18 (Cartesian product of three index ranges; may include combinations never measured) | source: main text
C19H28O11,NO3-,adduct,CI-APi-TOF,gas,boreal forest,atmosphere,forest,"Yan et al., 2016, ACP",10.5194/acp-16-12715-2016,Major peak of the O3+monoterpene factor | range-expanded: C19–20H28–32O10–18 (Cartesian product of three index ranges; may include combinations never measured) | source: main text
C19H28O12,NO3-,adduct,CI-APi-TOF,gas,boreal forest,atmosphere,forest,"Yan et al., 2016, ACP",10.5194/acp-16-12715-2016,Major peak of the O3+monoterpene factor | range-expanded: C19–20H28–32O10–18 (Cartesian product of three index ranges; may include combinations never measured) | source: main text
C19H28O13,NO3-,adduct,CI-APi-TOF,gas,boreal forest,atmosphere,forest,"Yan et al., 2016, ACP",10.5194/acp-16-12715-2016,Major peak of the O3+monoterpene factor | range-expanded: C19–20H28–32O10–18 (Cartesian product of three index ranges; may include combinations never measured) | source: main text
C19H28O14,NO3-,adduct,CI-APi-TOF,gas,boreal forest,atmosphere,forest,"Yan et al., 2016, ACP",10.5194/acp-16-12715-2016,Major peak of the O3+monoterpene factor | range-expanded: C19–20H28–32O10–18 (Cartesian product of three index ranges; may include combinations never measured) | source: main text
C19H28O15,NO3-,adduct,CI-APi-TOF,gas,boreal forest,atmosphere,forest,"Yan et al., 2016, ACP",10.5194/acp-16-12715-2016,Major peak of the O3+monoterpene factor | range-expanded: C19–20H28–32O10–18 (Cartesian product of three index ranges; may include combinations never measured) | source: main text
C19H28O16,NO3-,adduct,CI-APi-TOF,gas,boreal forest,atmosphere,forest,"Yan et al., 2016, ACP",10.5194/acp-16-12715-2016,Major peak of the O3+monoterpene factor | range-expanded: C19–20H28–32O10–18 (Cartesian product of three index ranges; may include combinations never measured) | source: main text
C19H28O17,NO3-,adduct,CI-APi-TOF,gas,boreal forest,atmosphere,forest,"Yan et al., 2016, ACP",10.5194/acp-16-12715-2016,Major peak of the O3+monoterpene factor | range-expanded: C19–20H28–32O10–18 (Cartesian product of three index ranges; may include combinations never measured) | source: main text
C19H28O18,NO3-,adduct,CI-APi-TOF,gas,boreal forest,atmosphere,forest,"Yan et al., 2016, ACP",10.5194/acp-16-12715-2016,Major peak of the O3+monoterpene factor | range-expanded: C19–20H28–32O10–18 (Cartesian product of three index ranges; may include combinations never measured) | source: main text
C19H30O10,NO3-,adduct,CI-APi-TOF,gas,boreal forest,atmosphere,forest,"Yan et al., 2016, ACP",10.5194/acp-16-12715-2016,Major peak of the O3+monoterpene factor | range-expanded: C19–20H28–32O10–18 (Cartesian product of three index ranges; may include combinations never measured) | source: main text
C19H30O11,NO3-,adduct,CI-APi-TOF,gas,boreal forest,atmosphere,forest,"Yan et al., 2016, ACP",10.5194/acp-16-12715-2016,Major peak of the O3+monoterpene factor | range-expanded: C19–20H28–32O10–18 (Cartesian product of three index ranges; may include combinations never measured) | source: main text
C19H30O12,NO3-,adduct,CI-APi-TOF,gas,boreal forest,atmosphere,forest,"Yan et al., 2016, ACP",10.5194/acp-16-12715-2016,Major peak of the O3+monoterpene factor | range-expanded: C19–20H28–32O10–18 (Cartesian product of three index ranges; may include combinations never measured) | source: main text
C19H30O13,NO3-,adduct,CI-APi-TOF,gas,boreal forest,atmosphere,forest,"Yan et al., 2016, ACP",10.5194/acp-16-12715-2016,Major peak of the O3+monoterpene factor | range-expanded: C19–20H28–32O10–18 (Cartesian product of three index ranges; may include combinations never measured) | source: main text
C19H30O14,NO3-,adduct,CI-APi-TOF,gas,boreal forest,atmosphere,forest,"Yan et al., 2016, ACP",10.5194/acp-16-12715-2016,Major peak of the O3+monoterpene factor | range-expanded: C19–20H28–32O10–18 (Cartesian product of three index ranges; may include combinations never measured) | source: main text
C19H30O15,NO3-,adduct,CI-APi-TOF,gas,boreal forest,atmosphere,forest,"Yan et al., 2016, ACP",10.5194/acp-16-12715-2016,Major peak of the O3+monoterpene factor | range-expanded: C19–20H28–32O10–18 (Cartesian product of three index ranges; may include combinations never measured) | source: main text
C19H30O16,NO3-,adduct,CI-APi-TOF,gas,boreal forest,atmosphere,forest,"Yan et al., 2016, ACP",10.5194/acp-16-12715-2016,Major peak of the O3+monoterpene factor | range-expanded: C19–20H28–32O10–18 (Cartesian product of three index ranges; may include combinations never measured) | source: main text
C19H30O17,NO3-,adduct,CI-APi-TOF,gas,boreal forest,atmosphere,forest,"Yan et al., 2016, ACP",10.5194/acp-16-12715-2016,Major peak of the O3+monoterpene factor | range-expanded: C19–20H28–32O10–18 (Cartesian product of three index ranges; may include combinations never measured) | source: main text
C19H30O18,NO3-,adduct,CI-APi-TOF,gas,boreal forest,atmosphere,forest,"Yan et al., 2016, ACP",10.5194/acp-16-12715-2016,Major peak of the O3+monoterpene factor | range-expanded: C19–20H28–32O10–18 (Cartesian product of three index ranges; may include combinations never measured) | source: main text
C19H32O10,NO3-,adduct,CI-APi-TOF,gas,boreal forest,atmosphere,forest,"Yan et al., 2016, ACP",10.5194/acp-16-12715-2016,Major peak of the O3+monoterpene factor | range-expanded: C19–20H28–32O10–18 (Cartesian product of three index ranges; may include combinations never measured) | source: main text
C19H32O11,NO3-,adduct,CI-APi-TOF,gas,boreal forest,atmosphere,forest,"Yan et al., 2016, ACP",10.5194/acp-16-12715-2016,Major peak of the O3+monoterpene factor | range-expanded: C19–20H28–32O10–18 (Cartesian product of three index ranges; may include combinations never measured) | source: main text
C19H32O12,NO3-,adduct,CI-APi-TOF,gas,boreal forest,atmosphere,forest,"Yan et al., 2016, ACP",10.5194/acp-16-12715-2016,Major peak of the O3+monoterpene factor | range-expanded: C19–20H28–32O10–18 (Cartesian product of three index ranges; may include combinations never measured) | source: main text
C19H32O13,NO3-,adduct,CI-APi-TOF,gas,boreal forest,atmosphere,forest,"Yan et al., 2016, ACP",10.5194/acp-16-12715-2016,Major peak of the O3+monoterpene factor | range-expanded: C19–20H28–32O10–18 (Cartesian product of three index ranges; may include combinations never measured) | source: main text
C19H32O14,NO3-,adduct,CI-APi-TOF,gas,boreal forest,atmosphere,forest,"Yan et al., 2016, ACP",10.5194/acp-16-12715-2016,Major peak of the O3+monoterpene factor | range-expanded: C19–20H28–32O10–18 (Cartesian product of three index ranges; may include combinations never measured) | source: main text
C19H32O15,NO3-,adduct,CI-APi-TOF,gas,boreal forest,atmosphere,forest,"Yan et al., 2016, ACP",10.5194/acp-16-12715-2016,Major peak of the O3+monoterpene factor | range-expanded: C19–20H28–32O10–18 (Cartesian product of three index ranges; may include combinations never measured) | source: main text
C19H32O16,NO3-,adduct,CI-APi-TOF,gas,boreal forest,atmosphere,forest,"Yan et al., 2016, ACP",10.5194/acp-16-12715-2016,Major peak of the O3+monoterpene factor | range-expanded: C19–20H28–32O10–18 (Cartesian product of three index ranges; may include combinations never measured) | source: main text
C19H32O17,NO3-,adduct,CI-APi-TOF,gas,boreal forest,atmosphere,forest,"Yan et al., 2016, ACP",10.5194/acp-16-12715-2016,Major peak of the O3+monoterpene factor | range-expanded: C19–20H28–32O10–18 (Cartesian product of three index ranges; may include combinations never measured) | source: main text
C19H32O18,NO3-,adduct,CI-APi-TOF,gas,boreal forest,atmosphere,forest,"Yan et al., 2016, ACP",10.5194/acp-16-12715-2016,Major peak of the O3+monoterpene factor | range-expanded: C19–20H28–32O10–18 (Cartesian product of three index ranges; may include combinations never measured) | source: main text
C20H28O10,NO3-,adduct,CI-APi-TOF,gas,boreal forest,atmosphere,forest,"Yan et al., 2016, ACP",10.5194/acp-16-12715-2016,Major peak of the O3+monoterpene factor | range-expanded: C19–20H28–32O10–18 (Cartesian product of three index ranges; may include combinations never measured) | source: main text
C20H28O11,NO3-,adduct,CI-APi-TOF,gas,boreal forest,atmosphere,forest,"Yan et al., 2016, ACP",10.5194/acp-16-12715-2016,Major peak of the O3+monoterpene factor | range-expanded: C19–20H28–32O10–18 (Cartesian product of three index ranges; may include combinations never measured) | source: main text
C20H28O12,NO3-,adduct,CI-APi-TOF,gas,boreal forest,atmosphere,forest,"Yan et al., 2016, ACP",10.5194/acp-16-12715-2016,Major peak of the O3+monoterpene factor | range-expanded: C19–20H28–32O10–18 (Cartesian product of three index ranges; may include combinations never measured) | source: main text
C20H28O13,NO3-,adduct,CI-APi-TOF,gas,boreal forest,atmosphere,forest,"Yan et al., 2016, ACP",10.5194/acp-16-12715-2016,Major peak of the O3+monoterpene factor | range-expanded: C19–20H28–32O10–18 (Cartesian product of three index ranges; may include combinations never measured) | source: main text
C20H28O14,NO3-,adduct,CI-APi-TOF,gas,boreal forest,atmosphere,forest,"Yan et al., 2016, ACP",10.5194/acp-16-12715-2016,Major peak of the O3+monoterpene factor | range-expanded: C19–20H28–32O10–18 (Cartesian product of three index ranges; may include combinations never measured) | source: main text
C20H28O15,NO3-,adduct,CI-APi-TOF,gas,boreal forest,atmosphere,forest,"Yan et al., 2016, ACP",10.5194/acp-16-12715-2016,Major peak of the O3+monoterpene factor | range-expanded: C19–20H28–32O10–18 (Cartesian product of three index ranges; may include combinations never measured) | source: main text
C20H28O16,NO3-,adduct,CI-APi-TOF,gas,boreal forest,atmosphere,forest,"Yan et al., 2016, ACP",10.5194/acp-16-12715-2016,Major peak of the O3+monoterpene factor | range-expanded: C19–20H28–32O10–18 (Cartesian product of three index ranges; may include combinations never measured) | source: main text
C20H28O17,NO3-,adduct,CI-APi-TOF,gas,boreal forest,atmosphere,forest,"Yan et al., 2016, ACP",10.5194/acp-16-12715-2016,Major peak of the O3+monoterpene factor | range-expanded: C19–20H28–32O10–18 (Cartesian product of three index ranges; may include combinations never measured) | source: main text
C20H28O18,NO3-,adduct,CI-APi-TOF,gas,boreal forest,atmosphere,forest,"Yan et al., 2016, ACP",10.5194/acp-16-12715-2016,Major peak of the O3+monoterpene factor | range-expanded: C19–20H28–32O10–18 (Cartesian product of three index ranges; may include combinations never measured) | source: main text
C20H30O10,NO3-,adduct,CI-APi-TOF,gas,boreal forest,atmosphere,forest,"Yan et al., 2016, ACP",10.5194/acp-16-12715-2016,Major peak of the O3+monoterpene factor | range-expanded: C19–20H28–32O10–18 (Cartesian product of three index ranges; may include combinations never measured) | source: main text
C20H30O11,NO3-,adduct,CI-APi-TOF,gas,boreal forest,atmosphere,forest,"Yan et al., 2016, ACP",10.5194/acp-16-12715-2016,Major peak of the O3+monoterpene factor | range-expanded: C19–20H28–32O10–18 (Cartesian product of three index ranges; may include combinations never measured) | source: main text
C20H30O12,NO3-,adduct,CI-APi-TOF,gas,boreal forest,atmosphere,forest,"Yan et al., 2016, ACP",10.5194/acp-16-12715-2016,Major peak of the O3+monoterpene factor | range-expanded: C19–20H28–32O10–18 (Cartesian product of three index ranges; may include combinations never measured) | source: main text
C20H30O13,NO3-,adduct,CI-APi-TOF,gas,boreal forest,atmosphere,forest,"Yan et al., 2016, ACP",10.5194/acp-16-12715-2016,Major peak of the O3+monoterpene factor | range-expanded: C19–20H28–32O10–18 (Cartesian product of three index ranges; may include combinations never measured) | source: main text
C20H30O14,NO3-,adduct,CI-APi-TOF,gas,boreal forest,atmosphere,forest,"Yan et al., 2016, ACP",10.5194/acp-16-12715-2016,Major peak of the O3+monoterpene factor | range-expanded: C19–20H28–32O10–18 (Cartesian product of three index ranges; may include combinations never measured) | source: main text
C20H30O15,NO3-,adduct,CI-APi-TOF,gas,boreal forest,atmosphere,forest,"Yan et al., 2016, ACP",10.5194/acp-16-12715-2016,Major peak of the O3+monoterpene factor | range-expanded: C19–20H28–32O10–18 (Cartesian product of three index ranges; may include combinations never measured) | source: main text
C20H30O16,NO3-,adduct,CI-APi-TOF,gas,boreal forest,atmosphere,forest,"Yan et al., 2016, ACP",10.5194/acp-16-12715-2016,Major peak of the O3+monoterpene factor | range-expanded: C19–20H28–32O10–18 (Cartesian product of three index ranges; may include combinations never measured) | source: main text
C20H30O17,NO3-,adduct,CI-APi-TOF,gas,boreal forest,atmosphere,forest,"Yan et al., 2016, ACP",10.5194/acp-16-12715-2016,Major peak of the O3+monoterpene factor | range-expanded: C19–20H28–32O10–18 (Cartesian product of three index ranges; may include combinations never measured) | source: main text
C20H30O18,NO3-,adduct,CI-APi-TOF,gas,boreal forest,atmosphere,forest,"Yan et al., 2016, ACP",10.5194/acp-16-12715-2016,Major peak of the O3+monoterpene factor | range-expanded: C19–20H28–32O10–18 (Cartesian product of three index ranges; may include combinations never measured) | source: main text
C20H32O10,NO3-,adduct,CI-APi-TOF,gas,boreal forest,atmosphere,forest,"Yan et al., 2016, ACP",10.5194/acp-16-12715-2016,Major peak of the O3+monoterpene factor | range-expanded: C19–20H28–32O10–18 (Cartesian product of three index ranges; may include combinations never measured) | source: main text
C20H32O12,NO3-,adduct,CI-APi-TOF,gas,boreal forest,atmosphere,forest,"Yan et al., 2016, ACP",10.5194/acp-16-12715-2016,Major peak of the O3+monoterpene factor | range-expanded: C19–20H28–32O10–18 (Cartesian product of three index ranges; may include combinations never measured) | source: main text
C20H32O13,NO3-,adduct,CI-APi-TOF,gas,boreal forest,atmosphere,forest,"Yan et al., 2016, ACP",10.5194/acp-16-12715-2016,Major peak of the O3+monoterpene factor | range-expanded: C19–20H28–32O10–18 (Cartesian product of three index ranges; may include combinations never measured) | source: main text
C20H32O14,NO3-,adduct,CI-APi-TOF,gas,boreal forest,atmosphere,forest,"Yan et al., 2016, ACP",10.5194/acp-16-12715-2016,Major peak of the O3+monoterpene factor | range-expanded: C19–20H28–32O10–18 (Cartesian product of three index ranges; may include combinations never measured) | source: main text
C20H32O15,NO3-,adduct,CI-APi-TOF,gas,boreal forest,atmosphere,forest,"Yan et al., 2016, ACP",10.5194/acp-16-12715-2016,Major peak of the O3+monoterpene factor | range-expanded: C19–20H28–32O10–18 (Cartesian product of three index ranges; may include combinations never measured) | source: main text
C20H32O16,NO3-,adduct,CI-APi-TOF,gas,boreal forest,atmosphere,forest,"Yan et al., 2016, ACP",10.5194/acp-16-12715-2016,Major peak of the O3+monoterpene factor | range-expanded: C19–20H28–32O10–18 (Cartesian product of three index ranges; may include combinations never measured) | source: main text
C20H32O17,NO3-,adduct,CI-APi-TOF,gas,boreal forest,atmosphere,forest,"Yan et al., 2016, ACP",10.5194/acp-16-12715-2016,Major peak of the O3+monoterpene factor | range-expanded: C19–20H28–32O10–18 (Cartesian product of three index ranges; may include combinations never measured) | source: main text
C20H32O18,NO3-,adduct,CI-APi-TOF,gas,boreal forest,atmosphere,forest,"Yan et al., 2016, ACP",10.5194/acp-16-12715-2016,Major peak of the O3+monoterpene factor | range-expanded: C19–20H28–32O10–18 (Cartesian product of three index ranges; may include combinations never measured) | source: main text
C5H6O7,NO3-,adduct,nitrate CI-APi-TOF,gas,chamber,chamber,,"Riva et al., 2019, AMT",10.5194/amt-12-2403-2019,One of the two main exceptions to the poor vocus vs amine/nitrate correlation (178.011 Da) | multi-reagent-ion comparison
C5H6O7,C4H12N+,adduct,amine CI-APi-TOF,gas,chamber,chamber,,"Riva et al., 2019, AMT",10.5194/amt-12-2403-2019,As above; also detected with the butylamine reagent ion (178.011 Da) | multi-reagent-ion comparison
C5H6O7,H3O+,prot,Vocus PTR-TOF,gas,chamber,chamber,,"Riva et al., 2019, AMT",10.5194/amt-12-2403-2019,As above; also detected by the Vocus (178.011 Da) | multi-reagent-ion comparison
C7H9NO8,NO3-,adduct,nitrate CI-APi-TOF,gas,chamber,chamber,,"Riva et al., 2019, AMT",10.5194/amt-12-2403-2019,"Correlation nearly identical across nitrate, vocus and iodide (235.033 Da) | multi-reagent-ion comparison"
C7H9NO8,H3O+,prot,Vocus PTR-TOF,gas,chamber,chamber,,"Riva et al., 2019, AMT",10.5194/amt-12-2403-2019,As above (235.033 Da) | multi-reagent-ion comparison
C7H9NO8,I-,adduct,iodide ToF-CIMS,gas,chamber,chamber,,"Riva et al., 2019, AMT",10.5194/amt-12-2403-2019,As above (235.033 Da) | multi-reagent-ion comparison
C10H16O8,NO3-,adduct,nitrate CI-APi-TOF,gas,chamber,chamber,,"Riva et al., 2019, AMT",10.5194/amt-12-2403-2019,α-pinene ozonolysis HOM monomer; tracer signal shown alongside NO in the figure
C10H30O5Si5,H3O+,prot,Vocus PTR-TOF,gas,chamber,chamber,,"Riva et al., 2019, AMT",10.5194/amt-12-2403-2019,Decamethylcyclopentasiloxane (D5); evidence that the Vocus still transmits below 400 Th | common siloxane interference
C10H14O5,NO3-,adduct,nitrate CI-APi-TOF,gas,chamber,chamber,,"Molteni et al., 2019, ACS Earth Space Chem",10.1021/acsearthspacechem.9b00035,"Closed-shell C10 monomer; Table 2 RHO:RO2 pair, rate constants fitted to measured data"
C10H14O6,NO3-,adduct,nitrate CI-APi-TOF,gas,chamber,chamber,,"Molteni et al., 2019, ACS Earth Space Chem",10.1021/acsearthspacechem.9b00035,"Closed-shell C10 monomer; Table 2 RHO:RO2 pair, rate constants fitted to measured data"
C10H14O7,NO3-,adduct,nitrate CI-APi-TOF,gas,chamber,chamber,,"Molteni et al., 2019, ACS Earth Space Chem",10.1021/acsearthspacechem.9b00035,"Closed-shell C10 monomer; Table 2 RHO:RO2 pair, rate constants fitted to measured data"
C10H14O8,NO3-,adduct,nitrate CI-APi-TOF,gas,chamber,chamber,,"Molteni et al., 2019, ACS Earth Space Chem",10.1021/acsearthspacechem.9b00035,"Closed-shell C10 monomer; Table 2 RHO:RO2 pair, rate constants fitted to measured data"
C10H14O9,NO3-,adduct,nitrate CI-APi-TOF,gas,chamber,chamber,,"Molteni et al., 2019, ACS Earth Space Chem",10.1021/acsearthspacechem.9b00035,"Closed-shell C10 monomer; Table 2 RHO:RO2 pair, rate constants fitted to measured data"
C10H14O10,NO3-,adduct,nitrate CI-APi-TOF,gas,chamber,chamber,,"Molteni et al., 2019, ACS Earth Space Chem",10.1021/acsearthspacechem.9b00035,"Closed-shell C10 monomer; Table 2 RHO:RO2 pair, rate constants fitted to measured data"
C10H14O11,NO3-,adduct,nitrate CI-APi-TOF,gas,chamber,chamber,,"Molteni et al., 2019, ACS Earth Space Chem",10.1021/acsearthspacechem.9b00035,"Closed-shell C10 monomer; Table 2 RHO:RO2 pair, rate constants fitted to measured data"
C10H16O5,NO3-,adduct,nitrate CI-APi-TOF,gas,chamber,chamber,,"Molteni et al., 2019, ACS Earth Space Chem",10.1021/acsearthspacechem.9b00035,Closed-shell C10 monomer (OH addition channel); Table 2
C10H16O7,NO3-,adduct,nitrate CI-APi-TOF,gas,chamber,chamber,,"Molteni et al., 2019, ACS Earth Space Chem",10.1021/acsearthspacechem.9b00035,Closed-shell C10 monomer (OH addition channel); Table 2
C10H16O9,NO3-,adduct,nitrate CI-APi-TOF,gas,chamber,chamber,,"Molteni et al., 2019, ACS Earth Space Chem",10.1021/acsearthspacechem.9b00035,Closed-shell C10 monomer (OH addition channel); Table 2
C10H16O11,NO3-,adduct,nitrate CI-APi-TOF,gas,chamber,chamber,,"Molteni et al., 2019, ACS Earth Space Chem",10.1021/acsearthspacechem.9b00035,Closed-shell C10 monomer (OH addition channel); Table 2
C10H15O6,NO3-,adduct,nitrate CI-APi-TOF,gas,chamber,chamber,,"Molteni et al., 2019, ACS Earth Space Chem",10.1021/acsearthspacechem.9b00035,C10 RO2 peroxy radical; Table 2 RHO:RO2 pair
C10H15O7,NO3-,adduct,nitrate CI-APi-TOF,gas,chamber,chamber,,"Molteni et al., 2019, ACS Earth Space Chem",10.1021/acsearthspacechem.9b00035,C10 RO2 peroxy radical; Table 2 RHO:RO2 pair
C10H15O8,NO3-,adduct,nitrate CI-APi-TOF,gas,chamber,chamber,,"Molteni et al., 2019, ACS Earth Space Chem",10.1021/acsearthspacechem.9b00035,C10 RO2 peroxy radical; Table 2 RHO:RO2 pair
C10H15O9,NO3-,adduct,nitrate CI-APi-TOF,gas,chamber,chamber,,"Molteni et al., 2019, ACS Earth Space Chem",10.1021/acsearthspacechem.9b00035,C10 RO2 peroxy radical; Table 2 RHO:RO2 pair
C10H15O10,NO3-,adduct,nitrate CI-APi-TOF,gas,chamber,chamber,,"Molteni et al., 2019, ACS Earth Space Chem",10.1021/acsearthspacechem.9b00035,C10 RO2 peroxy radical; Table 2 RHO:RO2 pair
C10H15O11,NO3-,adduct,nitrate CI-APi-TOF,gas,chamber,chamber,,"Molteni et al., 2019, ACS Earth Space Chem",10.1021/acsearthspacechem.9b00035,C10 RO2 peroxy radical; Table 2 RHO:RO2 pair
C10H15O12,NO3-,adduct,nitrate CI-APi-TOF,gas,chamber,chamber,,"Molteni et al., 2019, ACS Earth Space Chem",10.1021/acsearthspacechem.9b00035,C10 RO2 peroxy radical; Table 2 RHO:RO2 pair
C20H30O14,NO3-,adduct,nitrate CI-APi-TOF,gas,chamber,chamber,,"Molteni et al., 2019, ACS Earth Space Chem",10.1021/acsearthspacechem.9b00035,C20 dimer; kdimer given in Table 2
C20H30O15,NO3-,adduct,nitrate CI-APi-TOF,gas,chamber,chamber,,"Molteni et al., 2019, ACS Earth Space Chem",10.1021/acsearthspacechem.9b00035,C20 dimer; kdimer given in Table 2
C20H30O16,NO3-,adduct,nitrate CI-APi-TOF,gas,chamber,chamber,,"Molteni et al., 2019, ACS Earth Space Chem",10.1021/acsearthspacechem.9b00035,C20 dimer; kdimer given in Table 2
C20H30O17,NO3-,adduct,nitrate CI-APi-TOF,gas,chamber,chamber,,"Molteni et al., 2019, ACS Earth Space Chem",10.1021/acsearthspacechem.9b00035,C20 dimer; kdimer given in Table 2
C20H30O18,NO3-,adduct,nitrate CI-APi-TOF,gas,chamber,chamber,,"Molteni et al., 2019, ACS Earth Space Chem",10.1021/acsearthspacechem.9b00035,C20 dimer; kdimer given in Table 2
C20H30O8,NO3-,adduct,nitrate CI-APi-TOF,gas,chamber,chamber,,"Molteni et al., 2019, ACS Earth Space Chem",10.1021/acsearthspacechem.9b00035,C20 dimer; trend vs reacted AP discussed in the main text
C20H30O10,NO3-,adduct,nitrate CI-APi-TOF,gas,chamber,chamber,,"Molteni et al., 2019, ACS Earth Space Chem",10.1021/acsearthspacechem.9b00035,C20 dimer; trend vs reacted AP discussed in the main text
C20H30O12,NO3-,adduct,nitrate CI-APi-TOF,gas,chamber,chamber,,"Molteni et al., 2019, ACS Earth Space Chem",10.1021/acsearthspacechem.9b00035,C20 dimer; trend vs reacted AP discussed in the main text
C10H14O7,NO3-,adduct,nitrate CI-APi-TOF,gas,,,,"Bianchi et al., 2019, Chem. Rev.",10.1021/acs.chemrev.8b00395,"**Historical misassignment corrected**: originally reported as the ion C10H14NO10⁻, actually C10H14O7·NO3⁻(the study that coined the term HOM) | review"
C10H15NO8,NO3-,adduct,nitrate CI-APi-TOF,gas,boreal forest,atmosphere,forest,"Bianchi et al., 2019, Chem. Rev.",10.1021/acs.chemrev.8b00395,"Major ambient organic nitrate, 339 Th, daytime maximum | written in the review as C10H15O8N | same molecule as Yan 2016's C10H15O5NO3"
C10H15NO9,NO3-,adduct,nitrate CI-APi-TOF,gas,boreal forest,atmosphere,forest,"Bianchi et al., 2019, Chem. Rev.",10.1021/acs.chemrev.8b00395,"Major ambient organic nitrate, 355 Th, daytime maximum | written in the review as C10H15O9N | same molecule as Yan 2016's C10H15O6NO3"
C15H22O9,NO3-,adduct,nitrate CI-APi-TOF,gas,chamber,chamber,,"Bianchi et al., 2019, Chem. Rev.",10.1021/acs.chemrev.8b00395,"Cyclohexene (C6H10) + mesitylene (C9H12) cross-precursor dimer | review, citing Berndt et al. 2015"
C15H22O11,NO3-,adduct,nitrate CI-APi-TOF,gas,chamber,chamber,,"Bianchi et al., 2019, Chem. Rev.",10.1021/acs.chemrev.8b00395,"As above, cross-precursor dimer | review, citing Berndt et al. 2015"
C15H24O9,NO3-,adduct,nitrate CI-APi-TOF,gas,boreal forest,atmosphere,forest,"Bianchi et al., 2019, Chem. Rev.",10.1021/acs.chemrev.8b00395,"Putative sesquiterpene HOM at SMEAR II, seen in both charged and neutral measurements | review"
C15H24O7,NO3-,adduct,nitrate CI-APi-TOF,gas,boreal forest,atmosphere,forest,"Bianchi et al., 2019, Chem. Rev.",10.1021/acs.chemrev.8b00395,"Putative sesquiterpene HOM at SMEAR II, seen in both charged and neutral measurements | review"
C20H30O16,NO3-,adduct,nitrate CI-APi-TOF,gas,chamber,chamber,,"Bianchi et al., 2019, Chem. Rev.",10.1021/acs.chemrev.8b00395,Example of a low-volatility dimer from RO2+R′O2 | review
C6H10O5,I-,adduct,FIGAERO-I-CIMS,gas/particle,urban,atmosphere,urban,"Ye et al., 2021, ACP",10.5194/acp-21-8455-2021,"Levoglucosan / mannosan / galactosan; biomass burning or cooking | Table 1, ion C6H10O5I-, 288.96 Th"
C6H12O5,I-,adduct,FIGAERO-I-CIMS,gas/particle,urban,atmosphere,urban,"Ye et al., 2021, ACP",10.5194/acp-21-8455-2021,"Fucose; biomass burning | Table 1, ion C6H12O5I-, 290.97 Th"
C6H5NO3,I-,adduct,FIGAERO-I-CIMS,gas/particle,urban,atmosphere,urban,"Ye et al., 2021, ACP",10.5194/acp-21-8455-2021,"Nitrophenols; direct emission and aromatics+OH under NOx | Table 1, ion C6H5NO3I-, 265.93 Th"
C6H5NO4,I-,adduct,FIGAERO-I-CIMS,gas/particle,urban,atmosphere,urban,"Ye et al., 2021, ACP",10.5194/acp-21-8455-2021,"Nitrobenzenediols | Table 1, ion C6H5NO4I-, 281.93 Th"
C6H4N2O5,I-,adduct,FIGAERO-I-CIMS,gas/particle,urban,atmosphere,urban,"Ye et al., 2021, ACP",10.5194/acp-21-8455-2021,"Dinitrophenols | Table 1, ion C6H4N2O5I-, 310.92 Th"
C7H7NO3,I-,adduct,FIGAERO-I-CIMS,gas/particle,urban,atmosphere,urban,"Ye et al., 2021, ACP",10.5194/acp-21-8455-2021,"Methyl nitrophenols | Table 1, ion C7H7NO3I-, 279.95 Th"
C7H7NO4,I-,adduct,FIGAERO-I-CIMS,gas/particle,urban,atmosphere,urban,"Ye et al., 2021, ACP",10.5194/acp-21-8455-2021,"Methyl nitrobenzenediols | Table 1, ion C7H7NO4I-, 295.94 Th"
C7H6O4,I-,adduct,FIGAERO-I-CIMS,gas/particle,urban,atmosphere,urban,"Ye et al., 2021, ACP",10.5194/acp-21-8455-2021,"Dihydroxy methyl benzoquinone; aromatics+OH | Table 1, ion C7H6O4I-, 280.93 Th"
C7H8O4,I-,adduct,FIGAERO-I-CIMS,gas/particle,urban,atmosphere,urban,"Ye et al., 2021, ACP",10.5194/acp-21-8455-2021,"Tetrahydroxy toluene; aromatics+OH | Table 1, ion C7H8O4I-, 282.95 Th"
C7H8O5,I-,adduct,FIGAERO-I-CIMS,gas/particle,urban,atmosphere,urban,"Ye et al., 2021, ACP",10.5194/acp-21-8455-2021,"Pentahydroxy toluene / C9 aromatic fragment | Table 1, ion C7H8O5I-, 298.94 Th"
CH2O2,I-,adduct,FIGAERO-I-CIMS,gas/particle,urban,atmosphere,urban,"Ye et al., 2021, ACP",10.5194/acp-21-8455-2021,"Formic acid | Table 1, ion CH2O2I-, 172.91 Th"
C2H4O2,I-,adduct,FIGAERO-I-CIMS,gas/particle,urban,atmosphere,urban,"Ye et al., 2021, ACP",10.5194/acp-21-8455-2021,"Acetic acid | Table 1, ion C2H4O2I-, 186.93 Th"
C5H10O2,I-,adduct,FIGAERO-I-CIMS,gas/particle,urban,atmosphere,urban,"Ye et al., 2021, ACP",10.5194/acp-21-8455-2021,"Pentanoic acid; traffic and secondary | Table 1, ion C5H10O2I-, 228.97 Th"
C2H4O3,I-,adduct,FIGAERO-I-CIMS,gas/particle,urban,atmosphere,urban,"Ye et al., 2021, ACP",10.5194/acp-21-8455-2021,"Glycolic acid | Table 1, ion C2H4O3I-, 202.92 Th"
C3H4O3,I-,adduct,FIGAERO-I-CIMS,gas/particle,urban,atmosphere,urban,"Ye et al., 2021, ACP",10.5194/acp-21-8455-2021,"Pyruvic acid | Table 1, ion C3H4O3I-, 214.92 Th"
C2H2O4,I-,adduct,FIGAERO-I-CIMS,gas/particle,urban,atmosphere,urban,"Ye et al., 2021, ACP",10.5194/acp-21-8455-2021,"Oxalic acid | Table 1, ion C2H2O4I-, 216.90 Th"
C3H4O4,I-,adduct,FIGAERO-I-CIMS,gas/particle,urban,atmosphere,urban,"Ye et al., 2021, ACP",10.5194/acp-21-8455-2021,"Malonic acid / hydroxypyruvic acid | Table 1, ion C3H4O4I-, 230.92 Th"
C4H4O4,I-,adduct,FIGAERO-I-CIMS,gas/particle,urban,atmosphere,urban,"Ye et al., 2021, ACP",10.5194/acp-21-8455-2021,"Maleic / fumaric acid; aromatics oxidation | Table 1, ion C4H4O4I-, 242.92 Th"
C5H6O4,I-,adduct,FIGAERO-I-CIMS,gas/particle,urban,atmosphere,urban,"Ye et al., 2021, ACP",10.5194/acp-21-8455-2021,"Unsaturated dicarboxylic acid; aromatics oxidation | Table 1, ion C5H6O4I-, 256.93 Th"
C5H8O4,I-,adduct,FIGAERO-I-CIMS,gas/particle,urban,atmosphere,urban,"Ye et al., 2021, ACP",10.5194/acp-21-8455-2021,"VOC photooxidation product | Table 1, ion C5H8O4I-, 258.95 Th"
C6H10O4,I-,adduct,FIGAERO-I-CIMS,gas/particle,urban,atmosphere,urban,"Ye et al., 2021, ACP",10.5194/acp-21-8455-2021,"VOC photooxidation product | Table 1, ion C6H10O4I-, 272.96 Th"
C4H8O4,I-,adduct,FIGAERO-I-CIMS,gas/particle,urban,atmosphere,urban,"Ye et al., 2021, ACP",10.5194/acp-21-8455-2021,"2-methylglyceric acid; isoprene SOA under high NOx | Table 1, ion C4H8O4I-, 246.95 Th"
C5H9NO4,I-,adduct,FIGAERO-I-CIMS,gas/particle,urban,atmosphere,urban,"Ye et al., 2021, ACP",10.5194/acp-21-8455-2021,"IHN isoprene hydroxy nitrates | Table 1, ion C5H9NO4I-, 273.96 Th"
C4H7NO5,I-,adduct,FIGAERO-I-CIMS,gas/particle,urban,atmosphere,urban,"Ye et al., 2021, ACP",10.5194/acp-21-8455-2021,"MVKN / MACRN, second-generation isoprene nitrate | Table 1, ion C4H7NO5I-, 275.94 Th"
C5H9NO5,I-,adduct,FIGAERO-I-CIMS,gas/particle,urban,atmosphere,urban,"Ye et al., 2021, ACP",10.5194/acp-21-8455-2021,"C5 nitrooxy hydroperoxide / hydroxyepoxide / dihydroxy nitrate | Table 1, ion C5H9NO5I-, 289.95 Th"
C8H12O4,I-,adduct,FIGAERO-I-CIMS,gas/particle,urban,atmosphere,urban,"Ye et al., 2021, ACP",10.5194/acp-21-8455-2021,"Norpinic / terpenylic acid; monoterpene oxidation | Table 1, ion C8H12O4I-, 298.98 Th"
C9H14O4,I-,adduct,FIGAERO-I-CIMS,gas/particle,urban,atmosphere,urban,"Ye et al., 2021, ACP",10.5194/acp-21-8455-2021,"Pinic / homoterpenylic / caric acid | Table 1, ion C9H14O4I-, 312.99 Th"
C10H16O3,I-,adduct,FIGAERO-I-CIMS,gas/particle,urban,atmosphere,urban,"Ye et al., 2021, ACP",10.5194/acp-21-8455-2021,"Pinonic / caronic acid | Table 1, ion C10H16O3I-, 311.02 Th"
C8H13NO6,I-,adduct,FIGAERO-I-CIMS,gas/particle,urban,atmosphere,urban,"Ye et al., 2021, ACP",10.5194/acp-21-8455-2021,"Monoterpene organic nitrate | Table 1, ion C8H13NO6I-, 345.98 Th"
C8H11NO7,I-,adduct,FIGAERO-I-CIMS,gas/particle,urban,atmosphere,urban,"Ye et al., 2021, ACP",10.5194/acp-21-8455-2021,"Monoterpene organic nitrate | Table 1, ion C8H11NO7I-, 359.96 Th"
C10H15NO6,I-,adduct,FIGAERO-I-CIMS,gas/particle,urban,atmosphere,urban,"Ye et al., 2021, ACP",10.5194/acp-21-8455-2021,"Monoterpene organic nitrate / PAN from pinonaldehyde | Table 1, ion C10H15NO6I-, 372.00 Th"
CH4O3S,I-,deprot,FIGAERO-I-CIMS,gas/particle,urban,atmosphere,urban,"Ye et al., 2021, ACP",10.5194/acp-21-8455-2021,"Methanesulfonic acid, from DMS oxidation | Table 1, ion CH3SO3-, 94.98 Th (deprotonated, not an iodide adduct)"
C2H4O6S,I-,deprot,FIGAERO-I-CIMS,gas/particle,urban,atmosphere,urban,"Ye et al., 2021, ACP",10.5194/acp-21-8455-2021,"Glycolic acid sulfate; aqueous reaction of glycolic acid with H2SO4 | Table 1, ion C2H3SO6-, 154.96 Th (deprotonated)"
C10H15NO7,NO3-,adduct,nitrate CI-APi-TOF,gas,chamber,chamber,,"Guo et al., 2022, ACP",10.5194/acp-22-11323-2022,"series-expanded: C10H15NOx | 1N-C10 monomer, carbonyl termination | main text p.11333"
C10H15NO8,NO3-,adduct,nitrate CI-APi-TOF,gas,chamber,chamber,,"Guo et al., 2022, ACP",10.5194/acp-22-11323-2022,"series-expanded: C10H15NOx | 1N-C10 monomer, carbonyl termination | main text p.11333"
C10H15NO9,NO3-,adduct,nitrate CI-APi-TOF,gas,chamber,chamber,,"Guo et al., 2022, ACP",10.5194/acp-22-11323-2022,"series-expanded: C10H15NOx | 1N-C10 monomer, carbonyl termination | main text p.11333"
C10H15NO10,NO3-,adduct,nitrate CI-APi-TOF,gas,chamber,chamber,,"Guo et al., 2022, ACP",10.5194/acp-22-11323-2022,"series-expanded: C10H15NOx | 1N-C10 monomer, carbonyl termination | main text p.11333"
C10H15NO11,NO3-,adduct,nitrate CI-APi-TOF,gas,chamber,chamber,,"Guo et al., 2022, ACP",10.5194/acp-22-11323-2022,"series-expanded: C10H15NOx | 1N-C10 monomer, carbonyl termination | main text p.11333"
C10H15NO12,NO3-,adduct,nitrate CI-APi-TOF,gas,chamber,chamber,,"Guo et al., 2022, ACP",10.5194/acp-22-11323-2022,"series-expanded: C10H15NOx | 1N-C10 monomer, carbonyl termination | main text p.11333"
C10H15NO13,NO3-,adduct,nitrate CI-APi-TOF,gas,chamber,chamber,,"Guo et al., 2022, ACP",10.5194/acp-22-11323-2022,"series-expanded: C10H15NOx | 1N-C10 monomer, carbonyl termination | main text p.11333"
C10H17NO9,NO3-,adduct,nitrate CI-APi-TOF,gas,chamber,chamber,,"Guo et al., 2022, ACP",10.5194/acp-22-11323-2022,"series-expanded: C10H17NOx | 1N-C10 monomer, hydroxy/hydroperoxy termination | main text p.11333"
C10H17NO10,NO3-,adduct,nitrate CI-APi-TOF,gas,chamber,chamber,,"Guo et al., 2022, ACP",10.5194/acp-22-11323-2022,"series-expanded: C10H17NOx | 1N-C10 monomer, hydroxy/hydroperoxy termination | main text p.11333"
C10H17NO11,NO3-,adduct,nitrate CI-APi-TOF,gas,chamber,chamber,,"Guo et al., 2022, ACP",10.5194/acp-22-11323-2022,"series-expanded: C10H17NOx | 1N-C10 monomer, hydroxy/hydroperoxy termination | main text p.11333"
C10H17NO12,NO3-,adduct,nitrate CI-APi-TOF,gas,chamber,chamber,,"Guo et al., 2022, ACP",10.5194/acp-22-11323-2022,"series-expanded: C10H17NOx | 1N-C10 monomer, hydroxy/hydroperoxy termination | main text p.11333"
C10H17NO13,NO3-,adduct,nitrate CI-APi-TOF,gas,chamber,chamber,,"Guo et al., 2022, ACP",10.5194/acp-22-11323-2022,"series-expanded: C10H17NOx | 1N-C10 monomer, hydroxy/hydroperoxy termination | main text p.11333"
C10H17NO14,NO3-,adduct,nitrate CI-APi-TOF,gas,chamber,chamber,,"Guo et al., 2022, ACP",10.5194/acp-22-11323-2022,"series-expanded: C10H17NOx | 1N-C10 monomer, hydroxy/hydroperoxy termination | main text p.11333"
C10H16NO6,NO3-,adduct,nitrate CI-APi-TOF,gas,chamber,chamber,,"Guo et al., 2022, ACP",10.5194/acp-22-11323-2022,series-expanded: C10H16NOx | 1N-C10 peroxy radical RO2 | main text p.11333 | peroxy radical
C10H16NO7,NO3-,adduct,nitrate CI-APi-TOF,gas,chamber,chamber,,"Guo et al., 2022, ACP",10.5194/acp-22-11323-2022,series-expanded: C10H16NOx | 1N-C10 peroxy radical RO2 | main text p.11333 | peroxy radical
C10H16NO8,NO3-,adduct,nitrate CI-APi-TOF,gas,chamber,chamber,,"Guo et al., 2022, ACP",10.5194/acp-22-11323-2022,series-expanded: C10H16NOx | 1N-C10 peroxy radical RO2 | main text p.11333 | peroxy radical
C10H16NO9,NO3-,adduct,nitrate CI-APi-TOF,gas,chamber,chamber,,"Guo et al., 2022, ACP",10.5194/acp-22-11323-2022,series-expanded: C10H16NOx | 1N-C10 peroxy radical RO2 | main text p.11333 | peroxy radical
C10H16NO10,NO3-,adduct,nitrate CI-APi-TOF,gas,chamber,chamber,,"Guo et al., 2022, ACP",10.5194/acp-22-11323-2022,series-expanded: C10H16NOx | 1N-C10 peroxy radical RO2 | main text p.11333 | peroxy radical
C10H16NO11,NO3-,adduct,nitrate CI-APi-TOF,gas,chamber,chamber,,"Guo et al., 2022, ACP",10.5194/acp-22-11323-2022,series-expanded: C10H16NOx | 1N-C10 peroxy radical RO2 | main text p.11333 | peroxy radical
C10H16NO12,NO3-,adduct,nitrate CI-APi-TOF,gas,chamber,chamber,,"Guo et al., 2022, ACP",10.5194/acp-22-11323-2022,series-expanded: C10H16NOx | 1N-C10 peroxy radical RO2 | main text p.11333 | peroxy radical
C10H16NO13,NO3-,adduct,nitrate CI-APi-TOF,gas,chamber,chamber,,"Guo et al., 2022, ACP",10.5194/acp-22-11323-2022,series-expanded: C10H16NOx | 1N-C10 peroxy radical RO2 | main text p.11333 | peroxy radical
C10H16NO14,NO3-,adduct,nitrate CI-APi-TOF,gas,chamber,chamber,,"Guo et al., 2022, ACP",10.5194/acp-22-11323-2022,series-expanded: C10H16NOx | 1N-C10 peroxy radical RO2 | main text p.11333 | peroxy radical
C10H14O7,NO3-,adduct,nitrate CI-APi-TOF,gas,chamber,chamber,,"Guo et al., 2022, ACP",10.5194/acp-22-11323-2022,series-expanded: C10H14Ox | N-free C10 HOM monomer | main text p.11334
C10H14O8,NO3-,adduct,nitrate CI-APi-TOF,gas,chamber,chamber,,"Guo et al., 2022, ACP",10.5194/acp-22-11323-2022,series-expanded: C10H14Ox | N-free C10 HOM monomer | main text p.11334
C10H14O9,NO3-,adduct,nitrate CI-APi-TOF,gas,chamber,chamber,,"Guo et al., 2022, ACP",10.5194/acp-22-11323-2022,series-expanded: C10H14Ox | N-free C10 HOM monomer | main text p.11334
C10H14O10,NO3-,adduct,nitrate CI-APi-TOF,gas,chamber,chamber,,"Guo et al., 2022, ACP",10.5194/acp-22-11323-2022,series-expanded: C10H14Ox | N-free C10 HOM monomer | main text p.11334
C10H14O11,NO3-,adduct,nitrate CI-APi-TOF,gas,chamber,chamber,,"Guo et al., 2022, ACP",10.5194/acp-22-11323-2022,series-expanded: C10H14Ox | N-free C10 HOM monomer | main text p.11334
C10H14O12,NO3-,adduct,nitrate CI-APi-TOF,gas,chamber,chamber,,"Guo et al., 2022, ACP",10.5194/acp-22-11323-2022,series-expanded: C10H14Ox | N-free C10 HOM monomer | main text p.11334
C10H15N2O9,NO3-,adduct,nitrate CI-APi-TOF,gas,chamber,chamber,,"Guo et al., 2022, ACP",10.5194/acp-22-11323-2022,series-expanded: C10H15N2Ox | 2N-C10 peroxy radical | main text p.11333 | peroxy radical
C10H15N2O10,NO3-,adduct,nitrate CI-APi-TOF,gas,chamber,chamber,,"Guo et al., 2022, ACP",10.5194/acp-22-11323-2022,series-expanded: C10H15N2Ox | 2N-C10 peroxy radical | main text p.11333 | peroxy radical
C10H15N2O11,NO3-,adduct,nitrate CI-APi-TOF,gas,chamber,chamber,,"Guo et al., 2022, ACP",10.5194/acp-22-11323-2022,series-expanded: C10H15N2Ox | 2N-C10 peroxy radical | main text p.11333 | peroxy radical
C10H15N2O12,NO3-,adduct,nitrate CI-APi-TOF,gas,chamber,chamber,,"Guo et al., 2022, ACP",10.5194/acp-22-11323-2022,series-expanded: C10H15N2Ox | 2N-C10 peroxy radical | main text p.11333 | peroxy radical
C9H15NO7,NO3-,adduct,nitrate CI-APi-TOF,gas,chamber,chamber,,"Guo et al., 2022, ACP",10.5194/acp-22-11323-2022,"series-expanded: C9H15NOx | C9 monomer, one C lost | main text p.11335"
C9H15NO8,NO3-,adduct,nitrate CI-APi-TOF,gas,chamber,chamber,,"Guo et al., 2022, ACP",10.5194/acp-22-11323-2022,"series-expanded: C9H15NOx | C9 monomer, one C lost | main text p.11335"
C9H15NO9,NO3-,adduct,nitrate CI-APi-TOF,gas,chamber,chamber,,"Guo et al., 2022, ACP",10.5194/acp-22-11323-2022,"series-expanded: C9H15NOx | C9 monomer, one C lost | main text p.11335"
C9H15NO10,NO3-,adduct,nitrate CI-APi-TOF,gas,chamber,chamber,,"Guo et al., 2022, ACP",10.5194/acp-22-11323-2022,"series-expanded: C9H15NOx | C9 monomer, one C lost | main text p.11335"
C9H15NO11,NO3-,adduct,nitrate CI-APi-TOF,gas,chamber,chamber,,"Guo et al., 2022, ACP",10.5194/acp-22-11323-2022,"series-expanded: C9H15NOx | C9 monomer, one C lost | main text p.11335"
C9H15NO12,NO3-,adduct,nitrate CI-APi-TOF,gas,chamber,chamber,,"Guo et al., 2022, ACP",10.5194/acp-22-11323-2022,"series-expanded: C9H15NOx | C9 monomer, one C lost | main text p.11335"
C9H15NO13,NO3-,adduct,nitrate CI-APi-TOF,gas,chamber,chamber,,"Guo et al., 2022, ACP",10.5194/acp-22-11323-2022,"series-expanded: C9H15NOx | C9 monomer, one C lost | main text p.11335"
C9H13NO8,NO3-,adduct,nitrate CI-APi-TOF,gas,chamber,chamber,,"Guo et al., 2022, ACP",10.5194/acp-22-11323-2022,series-expanded: C9H13NOx | C9 monomer | main text p.11335
C9H13NO9,NO3-,adduct,nitrate CI-APi-TOF,gas,chamber,chamber,,"Guo et al., 2022, ACP",10.5194/acp-22-11323-2022,series-expanded: C9H13NOx | C9 monomer | main text p.11335
C9H13NO10,NO3-,adduct,nitrate CI-APi-TOF,gas,chamber,chamber,,"Guo et al., 2022, ACP",10.5194/acp-22-11323-2022,series-expanded: C9H13NOx | C9 monomer | main text p.11335
C9H13NO11,NO3-,adduct,nitrate CI-APi-TOF,gas,chamber,chamber,,"Guo et al., 2022, ACP",10.5194/acp-22-11323-2022,series-expanded: C9H13NOx | C9 monomer | main text p.11335
C9H13NO12,NO3-,adduct,nitrate CI-APi-TOF,gas,chamber,chamber,,"Guo et al., 2022, ACP",10.5194/acp-22-11323-2022,series-expanded: C9H13NOx | C9 monomer | main text p.11335
C9H13NO13,NO3-,adduct,nitrate CI-APi-TOF,gas,chamber,chamber,,"Guo et al., 2022, ACP",10.5194/acp-22-11323-2022,series-expanded: C9H13NOx | C9 monomer | main text p.11335
C9H13NO14,NO3-,adduct,nitrate CI-APi-TOF,gas,chamber,chamber,,"Guo et al., 2022, ACP",10.5194/acp-22-11323-2022,series-expanded: C9H13NOx | C9 monomer | main text p.11335
C8H11NO6,NO3-,adduct,nitrate CI-APi-TOF,gas,chamber,chamber,,"Guo et al., 2022, ACP",10.5194/acp-22-11323-2022,"series-expanded: C8H11NOx | C8 monomer (x=6,7,9-13; x=8 not reported) | main text p.11335"
C8H11NO7,NO3-,adduct,nitrate CI-APi-TOF,gas,chamber,chamber,,"Guo et al., 2022, ACP",10.5194/acp-22-11323-2022,"series-expanded: C8H11NOx | C8 monomer (x=6,7,9-13; x=8 not reported) | main text p.11335"
C8H11NO9,NO3-,adduct,nitrate CI-APi-TOF,gas,chamber,chamber,,"Guo et al., 2022, ACP",10.5194/acp-22-11323-2022,"series-expanded: C8H11NOx | C8 monomer (x=6,7,9-13; x=8 not reported) | main text p.11335"
C8H11NO10,NO3-,adduct,nitrate CI-APi-TOF,gas,chamber,chamber,,"Guo et al., 2022, ACP",10.5194/acp-22-11323-2022,"series-expanded: C8H11NOx | C8 monomer (x=6,7,9-13; x=8 not reported) | main text p.11335"
C8H11NO11,NO3-,adduct,nitrate CI-APi-TOF,gas,chamber,chamber,,"Guo et al., 2022, ACP",10.5194/acp-22-11323-2022,"series-expanded: C8H11NOx | C8 monomer (x=6,7,9-13; x=8 not reported) | main text p.11335"
C8H11NO12,NO3-,adduct,nitrate CI-APi-TOF,gas,chamber,chamber,,"Guo et al., 2022, ACP",10.5194/acp-22-11323-2022,"series-expanded: C8H11NOx | C8 monomer (x=6,7,9-13; x=8 not reported) | main text p.11335"
C8H11NO13,NO3-,adduct,nitrate CI-APi-TOF,gas,chamber,chamber,,"Guo et al., 2022, ACP",10.5194/acp-22-11323-2022,"series-expanded: C8H11NOx | C8 monomer (x=6,7,9-13; x=8 not reported) | main text p.11335"
C7H9NO6,NO3-,adduct,nitrate CI-APi-TOF,gas,chamber,chamber,,"Guo et al., 2022, ACP",10.5194/acp-22-11323-2022,series-expanded: C7H9NOx | C7 monomer | main text p.11335
C7H9NO7,NO3-,adduct,nitrate CI-APi-TOF,gas,chamber,chamber,,"Guo et al., 2022, ACP",10.5194/acp-22-11323-2022,series-expanded: C7H9NOx | C7 monomer | main text p.11335
C7H9NO8,NO3-,adduct,nitrate CI-APi-TOF,gas,chamber,chamber,,"Guo et al., 2022, ACP",10.5194/acp-22-11323-2022,series-expanded: C7H9NOx | C7 monomer | main text p.11335
C7H9NO9,NO3-,adduct,nitrate CI-APi-TOF,gas,chamber,chamber,,"Guo et al., 2022, ACP",10.5194/acp-22-11323-2022,series-expanded: C7H9NOx | C7 monomer | main text p.11335
C7H9NO10,NO3-,adduct,nitrate CI-APi-TOF,gas,chamber,chamber,,"Guo et al., 2022, ACP",10.5194/acp-22-11323-2022,series-expanded: C7H9NOx | C7 monomer | main text p.11335
C7H9NO11,NO3-,adduct,nitrate CI-APi-TOF,gas,chamber,chamber,,"Guo et al., 2022, ACP",10.5194/acp-22-11323-2022,series-expanded: C7H9NOx | C7 monomer | main text p.11335
C7H9NO12,NO3-,adduct,nitrate CI-APi-TOF,gas,chamber,chamber,,"Guo et al., 2022, ACP",10.5194/acp-22-11323-2022,series-expanded: C7H9NOx | C7 monomer | main text p.11335
C7H9NO13,NO3-,adduct,nitrate CI-APi-TOF,gas,chamber,chamber,,"Guo et al., 2022, ACP",10.5194/acp-22-11323-2022,series-expanded: C7H9NOx | C7 monomer | main text p.11335
C20H32N2O9,NO3-,adduct,nitrate CI-APi-TOF,gas,chamber,chamber,,"Guo et al., 2022, ACP",10.5194/acp-22-11323-2022,"series-expanded: C20H32N2Ox | 2N-C20 dimer, RO2+RO2 accretion | main text p.11336 + Table 2"
C20H32N2O10,NO3-,adduct,nitrate CI-APi-TOF,gas,chamber,chamber,,"Guo et al., 2022, ACP",10.5194/acp-22-11323-2022,"series-expanded: C20H32N2Ox | 2N-C20 dimer, RO2+RO2 accretion | main text p.11336 + Table 2"
C20H32N2O11,NO3-,adduct,nitrate CI-APi-TOF,gas,chamber,chamber,,"Guo et al., 2022, ACP",10.5194/acp-22-11323-2022,"series-expanded: C20H32N2Ox | 2N-C20 dimer, RO2+RO2 accretion | main text p.11336 + Table 2"
C20H32N2O12,NO3-,adduct,nitrate CI-APi-TOF,gas,chamber,chamber,,"Guo et al., 2022, ACP",10.5194/acp-22-11323-2022,"series-expanded: C20H32N2Ox | 2N-C20 dimer, RO2+RO2 accretion | main text p.11336 + Table 2"
C20H32N2O13,NO3-,adduct,nitrate CI-APi-TOF,gas,chamber,chamber,,"Guo et al., 2022, ACP",10.5194/acp-22-11323-2022,"series-expanded: C20H32N2Ox | 2N-C20 dimer, RO2+RO2 accretion | main text p.11336 + Table 2"
C20H32N2O14,NO3-,adduct,nitrate CI-APi-TOF,gas,chamber,chamber,,"Guo et al., 2022, ACP",10.5194/acp-22-11323-2022,"series-expanded: C20H32N2Ox | 2N-C20 dimer, RO2+RO2 accretion | main text p.11336 + Table 2"
C20H32N2O15,NO3-,adduct,nitrate CI-APi-TOF,gas,chamber,chamber,,"Guo et al., 2022, ACP",10.5194/acp-22-11323-2022,"series-expanded: C20H32N2Ox | 2N-C20 dimer, RO2+RO2 accretion | main text p.11336 + Table 2"
C20H32N2O16,NO3-,adduct,nitrate CI-APi-TOF,gas,chamber,chamber,,"Guo et al., 2022, ACP",10.5194/acp-22-11323-2022,"series-expanded: C20H32N2Ox | 2N-C20 dimer, RO2+RO2 accretion | main text p.11336 + Table 2"
C20H32N2O17,NO3-,adduct,nitrate CI-APi-TOF,gas,chamber,chamber,,"Guo et al., 2022, ACP",10.5194/acp-22-11323-2022,"series-expanded: C20H32N2Ox | 2N-C20 dimer, RO2+RO2 accretion | main text p.11336 + Table 2"
C20H32N2O18,NO3-,adduct,nitrate CI-APi-TOF,gas,chamber,chamber,,"Guo et al., 2022, ACP",10.5194/acp-22-11323-2022,"series-expanded: C20H32N2Ox | 2N-C20 dimer, RO2+RO2 accretion | main text p.11336 + Table 2"
C20H32N2O19,NO3-,adduct,nitrate CI-APi-TOF,gas,chamber,chamber,,"Guo et al., 2022, ACP",10.5194/acp-22-11323-2022,"series-expanded: C20H32N2Ox | 2N-C20 dimer, RO2+RO2 accretion | main text p.11336 + Table 2"
C20H32N2O20,NO3-,adduct,nitrate CI-APi-TOF,gas,chamber,chamber,,"Guo et al., 2022, ACP",10.5194/acp-22-11323-2022,"series-expanded: C20H32N2Ox | 2N-C20 dimer, RO2+RO2 accretion | main text p.11336 + Table 2"
C20H33N3O12,NO3-,adduct,nitrate CI-APi-TOF,gas,chamber,chamber,,"Guo et al., 2022, ACP",10.5194/acp-22-11323-2022,series-expanded: C20H33N3Ox | 3N-C20 dimer | main text p.11336 + Table 2
C20H33N3O13,NO3-,adduct,nitrate CI-APi-TOF,gas,chamber,chamber,,"Guo et al., 2022, ACP",10.5194/acp-22-11323-2022,series-expanded: C20H33N3Ox | 3N-C20 dimer | main text p.11336 + Table 2
C20H33N3O14,NO3-,adduct,nitrate CI-APi-TOF,gas,chamber,chamber,,"Guo et al., 2022, ACP",10.5194/acp-22-11323-2022,series-expanded: C20H33N3Ox | 3N-C20 dimer | main text p.11336 + Table 2
C20H33N3O15,NO3-,adduct,nitrate CI-APi-TOF,gas,chamber,chamber,,"Guo et al., 2022, ACP",10.5194/acp-22-11323-2022,series-expanded: C20H33N3Ox | 3N-C20 dimer | main text p.11336 + Table 2
C20H33N3O16,NO3-,adduct,nitrate CI-APi-TOF,gas,chamber,chamber,,"Guo et al., 2022, ACP",10.5194/acp-22-11323-2022,series-expanded: C20H33N3Ox | 3N-C20 dimer | main text p.11336 + Table 2
C20H33N3O17,NO3-,adduct,nitrate CI-APi-TOF,gas,chamber,chamber,,"Guo et al., 2022, ACP",10.5194/acp-22-11323-2022,series-expanded: C20H33N3Ox | 3N-C20 dimer | main text p.11336 + Table 2
C20H33N3O18,NO3-,adduct,nitrate CI-APi-TOF,gas,chamber,chamber,,"Guo et al., 2022, ACP",10.5194/acp-22-11323-2022,series-expanded: C20H33N3Ox | 3N-C20 dimer | main text p.11336 + Table 2
C20H33N3O19,NO3-,adduct,nitrate CI-APi-TOF,gas,chamber,chamber,,"Guo et al., 2022, ACP",10.5194/acp-22-11323-2022,series-expanded: C20H33N3Ox | 3N-C20 dimer | main text p.11336 + Table 2
C20H33N3O20,NO3-,adduct,nitrate CI-APi-TOF,gas,chamber,chamber,,"Guo et al., 2022, ACP",10.5194/acp-22-11323-2022,series-expanded: C20H33N3Ox | 3N-C20 dimer | main text p.11336 + Table 2
C20H31NO10,NO3-,adduct,nitrate CI-APi-TOF,gas,chamber,chamber,,"Guo et al., 2022, ACP",10.5194/acp-22-11323-2022,"series-expanded: C20H31NOx | 1N-C20 dimer, also partly from limonene+O3 | main text p.11336 + Table 2"
C20H31NO11,NO3-,adduct,nitrate CI-APi-TOF,gas,chamber,chamber,,"Guo et al., 2022, ACP",10.5194/acp-22-11323-2022,"series-expanded: C20H31NOx | 1N-C20 dimer, also partly from limonene+O3 | main text p.11336 + Table 2"
C20H31NO12,NO3-,adduct,nitrate CI-APi-TOF,gas,chamber,chamber,,"Guo et al., 2022, ACP",10.5194/acp-22-11323-2022,"series-expanded: C20H31NOx | 1N-C20 dimer, also partly from limonene+O3 | main text p.11336 + Table 2"
C20H31NO13,NO3-,adduct,nitrate CI-APi-TOF,gas,chamber,chamber,,"Guo et al., 2022, ACP",10.5194/acp-22-11323-2022,"series-expanded: C20H31NOx | 1N-C20 dimer, also partly from limonene+O3 | main text p.11336 + Table 2"
C20H31NO14,NO3-,adduct,nitrate CI-APi-TOF,gas,chamber,chamber,,"Guo et al., 2022, ACP",10.5194/acp-22-11323-2022,"series-expanded: C20H31NOx | 1N-C20 dimer, also partly from limonene+O3 | main text p.11336 + Table 2"
C20H31NO15,NO3-,adduct,nitrate CI-APi-TOF,gas,chamber,chamber,,"Guo et al., 2022, ACP",10.5194/acp-22-11323-2022,"series-expanded: C20H31NOx | 1N-C20 dimer, also partly from limonene+O3 | main text p.11336 + Table 2"
C20H31N3O14,NO3-,adduct,nitrate CI-APi-TOF,gas,chamber,chamber,,"Guo et al., 2022, ACP",10.5194/acp-22-11323-2022,series-expanded: C20H31N3Ox | 3N-C20 dimer | main text p.11336 + Table 2
C20H31N3O15,NO3-,adduct,nitrate CI-APi-TOF,gas,chamber,chamber,,"Guo et al., 2022, ACP",10.5194/acp-22-11323-2022,series-expanded: C20H31N3Ox | 3N-C20 dimer | main text p.11336 + Table 2
C20H31N3O16,NO3-,adduct,nitrate CI-APi-TOF,gas,chamber,chamber,,"Guo et al., 2022, ACP",10.5194/acp-22-11323-2022,series-expanded: C20H31N3Ox | 3N-C20 dimer | main text p.11336 + Table 2
C20H31N3O17,NO3-,adduct,nitrate CI-APi-TOF,gas,chamber,chamber,,"Guo et al., 2022, ACP",10.5194/acp-22-11323-2022,series-expanded: C20H31N3Ox | 3N-C20 dimer | main text p.11336 + Table 2
C20H31N3O18,NO3-,adduct,nitrate CI-APi-TOF,gas,chamber,chamber,,"Guo et al., 2022, ACP",10.5194/acp-22-11323-2022,series-expanded: C20H31N3Ox | 3N-C20 dimer | main text p.11336 + Table 2
C20H31N3O19,NO3-,adduct,nitrate CI-APi-TOF,gas,chamber,chamber,,"Guo et al., 2022, ACP",10.5194/acp-22-11323-2022,series-expanded: C20H31N3Ox | 3N-C20 dimer | main text p.11336 + Table 2
C20H31N3O20,NO3-,adduct,nitrate CI-APi-TOF,gas,chamber,chamber,,"Guo et al., 2022, ACP",10.5194/acp-22-11323-2022,series-expanded: C20H31N3Ox | 3N-C20 dimer | main text p.11336 + Table 2
C20H34N4O15,NO3-,adduct,nitrate CI-APi-TOF,gas,chamber,chamber,,"Guo et al., 2022, ACP",10.5194/acp-22-11323-2022,series-expanded: C20H34N4Ox | 4N-C20 dimer | main text p.11336 + Table 2
C20H34N4O16,NO3-,adduct,nitrate CI-APi-TOF,gas,chamber,chamber,,"Guo et al., 2022, ACP",10.5194/acp-22-11323-2022,series-expanded: C20H34N4Ox | 4N-C20 dimer | main text p.11336 + Table 2
C20H34N4O17,NO3-,adduct,nitrate CI-APi-TOF,gas,chamber,chamber,,"Guo et al., 2022, ACP",10.5194/acp-22-11323-2022,series-expanded: C20H34N4Ox | 4N-C20 dimer | main text p.11336 + Table 2
C20H34N4O18,NO3-,adduct,nitrate CI-APi-TOF,gas,chamber,chamber,,"Guo et al., 2022, ACP",10.5194/acp-22-11323-2022,series-expanded: C20H34N4Ox | 4N-C20 dimer | main text p.11336 + Table 2
C20H34N4O19,NO3-,adduct,nitrate CI-APi-TOF,gas,chamber,chamber,,"Guo et al., 2022, ACP",10.5194/acp-22-11323-2022,series-expanded: C20H34N4Ox | 4N-C20 dimer | main text p.11336 + Table 2
C20H34N4O20,NO3-,adduct,nitrate CI-APi-TOF,gas,chamber,chamber,,"Guo et al., 2022, ACP",10.5194/acp-22-11323-2022,series-expanded: C20H34N4Ox | 4N-C20 dimer | main text p.11336 + Table 2
C19H30N2O10,NO3-,adduct,nitrate CI-APi-TOF,gas,chamber,chamber,,"Guo et al., 2022, ACP",10.5194/acp-22-11323-2022,series-expanded: C19H30N2Ox | 2N-C19 dimer | main text p.11336 + Table 2
C19H30N2O11,NO3-,adduct,nitrate CI-APi-TOF,gas,chamber,chamber,,"Guo et al., 2022, ACP",10.5194/acp-22-11323-2022,series-expanded: C19H30N2Ox | 2N-C19 dimer | main text p.11336 + Table 2
C19H30N2O12,NO3-,adduct,nitrate CI-APi-TOF,gas,chamber,chamber,,"Guo et al., 2022, ACP",10.5194/acp-22-11323-2022,series-expanded: C19H30N2Ox | 2N-C19 dimer | main text p.11336 + Table 2
C19H30N2O13,NO3-,adduct,nitrate CI-APi-TOF,gas,chamber,chamber,,"Guo et al., 2022, ACP",10.5194/acp-22-11323-2022,series-expanded: C19H30N2Ox | 2N-C19 dimer | main text p.11336 + Table 2
C19H30N2O14,NO3-,adduct,nitrate CI-APi-TOF,gas,chamber,chamber,,"Guo et al., 2022, ACP",10.5194/acp-22-11323-2022,series-expanded: C19H30N2Ox | 2N-C19 dimer | main text p.11336 + Table 2
C19H30N2O15,NO3-,adduct,nitrate CI-APi-TOF,gas,chamber,chamber,,"Guo et al., 2022, ACP",10.5194/acp-22-11323-2022,series-expanded: C19H30N2Ox | 2N-C19 dimer | main text p.11336 + Table 2
C19H30N2O16,NO3-,adduct,nitrate CI-APi-TOF,gas,chamber,chamber,,"Guo et al., 2022, ACP",10.5194/acp-22-11323-2022,series-expanded: C19H30N2Ox | 2N-C19 dimer | main text p.11336 + Table 2
C19H30N2O17,NO3-,adduct,nitrate CI-APi-TOF,gas,chamber,chamber,,"Guo et al., 2022, ACP",10.5194/acp-22-11323-2022,series-expanded: C19H30N2Ox | 2N-C19 dimer | main text p.11336 + Table 2
C19H30N2O18,NO3-,adduct,nitrate CI-APi-TOF,gas,chamber,chamber,,"Guo et al., 2022, ACP",10.5194/acp-22-11323-2022,series-expanded: C19H30N2Ox | 2N-C19 dimer | main text p.11336 + Table 2
C20H32N3O16,NO3-,adduct,nitrate CI-APi-TOF,gas,chamber,chamber,,"Guo et al., 2022, ACP",10.5194/acp-22-11323-2022,series-expanded: C20H32N3Ox | C20 dimer-derived peroxy radical | main text p.11337 | peroxy radical
C20H32N3O17,NO3-,adduct,nitrate CI-APi-TOF,gas,chamber,chamber,,"Guo et al., 2022, ACP",10.5194/acp-22-11323-2022,series-expanded: C20H32N3Ox | C20 dimer-derived peroxy radical | main text p.11337 | peroxy radical
C20H32N3O18,NO3-,adduct,nitrate CI-APi-TOF,gas,chamber,chamber,,"Guo et al., 2022, ACP",10.5194/acp-22-11323-2022,series-expanded: C20H32N3Ox | C20 dimer-derived peroxy radical | main text p.11337 | peroxy radical
C20H32N3O19,NO3-,adduct,nitrate CI-APi-TOF,gas,chamber,chamber,,"Guo et al., 2022, ACP",10.5194/acp-22-11323-2022,series-expanded: C20H32N3Ox | C20 dimer-derived peroxy radical | main text p.11337 | peroxy radical
C20H31N2O13,NO3-,adduct,nitrate CI-APi-TOF,gas,chamber,chamber,,"Guo et al., 2022, ACP",10.5194/acp-22-11323-2022,series-expanded: C20H31N2Ox | C20 dimer-derived peroxy radical | main text p.11337 | peroxy radical
C20H31N2O14,NO3-,adduct,nitrate CI-APi-TOF,gas,chamber,chamber,,"Guo et al., 2022, ACP",10.5194/acp-22-11323-2022,series-expanded: C20H31N2Ox | C20 dimer-derived peroxy radical | main text p.11337 | peroxy radical
C20H31N2O15,NO3-,adduct,nitrate CI-APi-TOF,gas,chamber,chamber,,"Guo et al., 2022, ACP",10.5194/acp-22-11323-2022,series-expanded: C20H31N2Ox | C20 dimer-derived peroxy radical | main text p.11337 | peroxy radical
C20H31N2O16,NO3-,adduct,nitrate CI-APi-TOF,gas,chamber,chamber,,"Guo et al., 2022, ACP",10.5194/acp-22-11323-2022,series-expanded: C20H31N2Ox | C20 dimer-derived peroxy radical | main text p.11337 | peroxy radical
C3H4O5,NO3-,adduct,"nitrate CI-APi-TOF (NO3--TOF-CIMS), oxidation flow reactor",gas,chamber,chamber,,"Cheng et al., 2024, ACP",10.5194/acp-24-2099-2024,"Detected in 6 precursor systems: benzene 9.2%, naphthalene 8.9%, 1-methylnaphthalene 4.1%, toluene 2.4%, m-xylene 0.4%, 1,3,5-trimethylbenzene 0.2% | Tables S2-S7 peak list, 181.99 Th"
C4H4O5,NO3-,adduct,"nitrate CI-APi-TOF (NO3--TOF-CIMS), oxidation flow reactor",gas,chamber,chamber,,"Cheng et al., 2024, ACP",10.5194/acp-24-2099-2024,"Detected in 6 precursor systems: benzene 14.3%, naphthalene 9.3%, toluene 5.9%, 1-methylnaphthalene 2.7%, m-xylene 0.7%, 1,3,5-trimethylbenzene 0.7% | Tables S2-S7 peak list, 193.99 Th"
C4H4O6,NO3-,adduct,"nitrate CI-APi-TOF (NO3--TOF-CIMS), oxidation flow reactor",gas,chamber,chamber,,"Cheng et al., 2024, ACP",10.5194/acp-24-2099-2024,"Detected in 4 precursor systems: benzene 2.6%, naphthalene 2.3%, m-xylene 0.3%, 1,3,5-trimethylbenzene 0.3% | Tables S2-S7 peak list, 209.99 Th"
C4H6O5,NO3-,adduct,"nitrate CI-APi-TOF (NO3--TOF-CIMS), oxidation flow reactor",gas,chamber,chamber,,"Cheng et al., 2024, ACP",10.5194/acp-24-2099-2024,"Detected in 4 precursor systems: toluene 9.5%, benzene 2.1%, naphthalene 1.7%, 1-methylnaphthalene 0.4% | Tables S2-S7 peak list, 196.01 Th"
C4H6O6,NO3-,adduct,"nitrate CI-APi-TOF (NO3--TOF-CIMS), oxidation flow reactor",gas,chamber,chamber,,"Cheng et al., 2024, ACP",10.5194/acp-24-2099-2024,"Detected in 3 precursor systems: 1-methylnaphthalene 0.6%, 1,3,5-trimethylbenzene 0.5%, m-xylene 0.3% | Tables S2-S7 peak list, 212.00 Th"
C5H4O5,NO3-,adduct,"nitrate CI-APi-TOF (NO3--TOF-CIMS), oxidation flow reactor",gas,chamber,chamber,,"Cheng et al., 2024, ACP",10.5194/acp-24-2099-2024,"Detected in 6 precursor systems: benzene 6.6%, naphthalene 3.7%, toluene 3.5%, 1-methylnaphthalene 0.8%, m-xylene 0.2%, 1,3,5-trimethylbenzene 0.1% | Tables S2-S7 peak list, 205.99 Th"
C5H4O6,NO3-,adduct,"nitrate CI-APi-TOF (NO3--TOF-CIMS), oxidation flow reactor",gas,chamber,chamber,,"Cheng et al., 2024, ACP",10.5194/acp-24-2099-2024,"Detected in 5 precursor systems: benzene 7.8%, toluene 7.2%, 1-methylnaphthalene 4.0%, naphthalene 2.5%, 1,3,5-trimethylbenzene 0.5% | Tables S2-S7 peak list, 221.99 Th"
C5H6O5,NO3-,adduct,"nitrate CI-APi-TOF (NO3--TOF-CIMS), oxidation flow reactor",gas,chamber,chamber,,"Cheng et al., 2024, ACP",10.5194/acp-24-2099-2024,"Detected in 6 precursor systems: toluene 5.7%, benzene 1.5%, m-xylene 1.5%, naphthalene 1.0%, 1-methylnaphthalene 1.0%, 1,3,5-trimethylbenzene 0.6% | Tables S2-S7 peak list, 208.01 Th"
C5H6O6,NO3-,adduct,"nitrate CI-APi-TOF (NO3--TOF-CIMS), oxidation flow reactor",gas,chamber,chamber,,"Cheng et al., 2024, ACP",10.5194/acp-24-2099-2024,"Detected in 3 precursor systems: 1-methylnaphthalene 3.0%, m-xylene 2.5%, 1,3,5-trimethylbenzene 0.8% | Tables S2-S7 peak list, 224.00 Th"
C5H6O7,NO3-,adduct,"nitrate CI-APi-TOF (NO3--TOF-CIMS), oxidation flow reactor",gas,chamber,chamber,,"Cheng et al., 2024, ACP",10.5194/acp-24-2099-2024,"Detected in 1 precursor system: 1-methylnaphthalene 1.2% | Tables S2-S7 peak list, 240.00 Th"
C5H8O5,NO3-,adduct,"nitrate CI-APi-TOF (NO3--TOF-CIMS), oxidation flow reactor",gas,chamber,chamber,,"Cheng et al., 2024, ACP",10.5194/acp-24-2099-2024,"Detected in 2 precursor systems: m-xylene 0.1%, 1,3,5-trimethylbenzene 0.1% | Tables S2-S7 peak list, 210.03 Th"
C5H8O6,NO3-,adduct,"nitrate CI-APi-TOF (NO3--TOF-CIMS), oxidation flow reactor",gas,chamber,chamber,,"Cheng et al., 2024, ACP",10.5194/acp-24-2099-2024,"Detected in 1 precursor system: naphthalene 5.6% | Tables S2-S7 peak list, 226.02 Th"
C6H5O6,NO3-,adduct,"nitrate CI-APi-TOF (NO3--TOF-CIMS), oxidation flow reactor",gas,chamber,chamber,,"Cheng et al., 2024, ACP",10.5194/acp-24-2099-2024,"Detected in 1 precursor system: benzene 0.6% | Tables S2-S7 peak list, 235.00 Th | peroxy radical (RO2)"
C6H5O7,NO3-,adduct,"nitrate CI-APi-TOF (NO3--TOF-CIMS), oxidation flow reactor",gas,chamber,chamber,,"Cheng et al., 2024, ACP",10.5194/acp-24-2099-2024,"Detected in 1 precursor system: benzene 1.0% | Tables S2-S7 peak list, 250.99 Th | peroxy radical (RO2)"
C6H5O8,NO3-,adduct,"nitrate CI-APi-TOF (NO3--TOF-CIMS), oxidation flow reactor",gas,chamber,chamber,,"Cheng et al., 2024, ACP",10.5194/acp-24-2099-2024,"Detected in 1 precursor system: benzene 0.3% | Tables S2-S7 peak list, 266.99 Th | peroxy radical (RO2)"
C6H5O9,NO3-,adduct,"nitrate CI-APi-TOF (NO3--TOF-CIMS), oxidation flow reactor",gas,chamber,chamber,,"Cheng et al., 2024, ACP",10.5194/acp-24-2099-2024,"Detected in 1 precursor system: benzene 0.3% | Tables S2-S7 peak list, 282.98 Th | peroxy radical (RO2)"
C6H5O10,NO3-,adduct,"nitrate CI-APi-TOF (NO3--TOF-CIMS), oxidation flow reactor",gas,chamber,chamber,,"Cheng et al., 2024, ACP",10.5194/acp-24-2099-2024,"Detected in 1 precursor system: benzene 0.1% | Tables S2-S7 peak list, 298.98 Th | peroxy radical (RO2)"
C6H6O5,NO3-,adduct,"nitrate CI-APi-TOF (NO3--TOF-CIMS), oxidation flow reactor",gas,chamber,chamber,,"Cheng et al., 2024, ACP",10.5194/acp-24-2099-2024,"Detected in 3 precursor systems: benzene 3.0%, naphthalene 1.0%, 1,3,5-trimethylbenzene 0.3% | Tables S2-S7 peak list, 220.01 Th"
C6H6O6,NO3-,adduct,"nitrate CI-APi-TOF (NO3--TOF-CIMS), oxidation flow reactor",gas,chamber,chamber,,"Cheng et al., 2024, ACP",10.5194/acp-24-2099-2024,"Detected in 3 precursor systems: benzene 3.1%, 1-methylnaphthalene 1.9%, 1,3,5-trimethylbenzene 0.9% | Tables S2-S7 peak list, 236.00 Th"
C6H6O7,NO3-,adduct,"nitrate CI-APi-TOF (NO3--TOF-CIMS), oxidation flow reactor",gas,chamber,chamber,,"Cheng et al., 2024, ACP",10.5194/acp-24-2099-2024,"Detected in 2 precursor systems: benzene 2.9%, 1-methylnaphthalene 2.8% | Tables S2-S7 peak list, 252.00 Th"
C6H6O8,NO3-,adduct,"nitrate CI-APi-TOF (NO3--TOF-CIMS), oxidation flow reactor",gas,chamber,chamber,,"Cheng et al., 2024, ACP",10.5194/acp-24-2099-2024,"Detected in 1 precursor system: benzene 1.3% | Tables S2-S7 peak list, 267.99 Th"
C6H6O9,NO3-,adduct,"nitrate CI-APi-TOF (NO3--TOF-CIMS), oxidation flow reactor",gas,chamber,chamber,,"Cheng et al., 2024, ACP",10.5194/acp-24-2099-2024,"Detected in 1 precursor system: benzene 0.6% | Tables S2-S7 peak list, 283.99 Th"
C6H6O10,NO3-,adduct,"nitrate CI-APi-TOF (NO3--TOF-CIMS), oxidation flow reactor",gas,chamber,chamber,,"Cheng et al., 2024, ACP",10.5194/acp-24-2099-2024,"Detected in 1 precursor system: benzene 0.3% | Tables S2-S7 peak list, 299.98 Th"
C6H7O5,NO3-,adduct,"nitrate CI-APi-TOF (NO3--TOF-CIMS), oxidation flow reactor",gas,chamber,chamber,,"Cheng et al., 2024, ACP",10.5194/acp-24-2099-2024,"Detected in 1 precursor system: benzene 0.1% | Tables S2-S7 peak list, 221.02 Th | peroxy radical (RO2)"
C6H7O6,NO3-,adduct,"nitrate CI-APi-TOF (NO3--TOF-CIMS), oxidation flow reactor",gas,chamber,chamber,,"Cheng et al., 2024, ACP",10.5194/acp-24-2099-2024,"Detected in 1 precursor system: benzene 0.2% | Tables S2-S7 peak list, 237.01 Th | peroxy radical (RO2)"
C6H7O7,NO3-,adduct,"nitrate CI-APi-TOF (NO3--TOF-CIMS), oxidation flow reactor",gas,chamber,chamber,,"Cheng et al., 2024, ACP",10.5194/acp-24-2099-2024,"Detected in 1 precursor system: benzene 0.4% | Tables S2-S7 peak list, 253.01 Th | peroxy radical (RO2)"
C6H7O8,NO3-,adduct,"nitrate CI-APi-TOF (NO3--TOF-CIMS), oxidation flow reactor",gas,chamber,chamber,,"Cheng et al., 2024, ACP",10.5194/acp-24-2099-2024,"Detected in 1 precursor system: benzene 0.2% | Tables S2-S7 peak list, 269.00 Th | peroxy radical (RO2)"
C6H7O9,NO3-,adduct,"nitrate CI-APi-TOF (NO3--TOF-CIMS), oxidation flow reactor",gas,chamber,chamber,,"Cheng et al., 2024, ACP",10.5194/acp-24-2099-2024,"Detected in 1 precursor system: benzene 0.9% | Tables S2-S7 peak list, 285.00 Th | peroxy radical (RO2)"
C6H7O10,NO3-,adduct,"nitrate CI-APi-TOF (NO3--TOF-CIMS), oxidation flow reactor",gas,chamber,chamber,,"Cheng et al., 2024, ACP",10.5194/acp-24-2099-2024,"Detected in 1 precursor system: benzene 0.6% | Tables S2-S7 peak list, 300.99 Th | peroxy radical (RO2)"
C6H8O5,NO3-,adduct,"nitrate CI-APi-TOF (NO3--TOF-CIMS), oxidation flow reactor",gas,chamber,chamber,,"Cheng et al., 2024, ACP",10.5194/acp-24-2099-2024,"Detected in 1 precursor system: benzene 0.4% | Tables S2-S7 peak list, 222.03 Th"
C6H8O6,NO3-,adduct,"nitrate CI-APi-TOF (NO3--TOF-CIMS), oxidation flow reactor",gas,chamber,chamber,,"Cheng et al., 2024, ACP",10.5194/acp-24-2099-2024,"Detected in 2 precursor systems: benzene 1.8%, 1,3,5-trimethylbenzene 0.9% | Tables S2-S7 peak list, 238.02 Th"
C6H8O7,NO3-,adduct,"nitrate CI-APi-TOF (NO3--TOF-CIMS), oxidation flow reactor",gas,chamber,chamber,,"Cheng et al., 2024, ACP",10.5194/acp-24-2099-2024,"Detected in 1 precursor system: benzene 2.4% | Tables S2-S7 peak list, 254.02 Th"
C6H8O8,NO3-,adduct,"nitrate CI-APi-TOF (NO3--TOF-CIMS), oxidation flow reactor",gas,chamber,chamber,,"Cheng et al., 2024, ACP",10.5194/acp-24-2099-2024,"Detected in 1 precursor system: benzene 1.9% | Tables S2-S7 peak list, 270.01 Th"
C6H8O9,NO3-,adduct,"nitrate CI-APi-TOF (NO3--TOF-CIMS), oxidation flow reactor",gas,chamber,chamber,,"Cheng et al., 2024, ACP",10.5194/acp-24-2099-2024,"Detected in 1 precursor system: benzene 1.1% | Tables S2-S7 peak list, 286.01 Th"
C6H8O10,NO3-,adduct,"nitrate CI-APi-TOF (NO3--TOF-CIMS), oxidation flow reactor",gas,chamber,chamber,,"Cheng et al., 2024, ACP",10.5194/acp-24-2099-2024,"Detected in 1 precursor system: benzene 0.5% | Tables S2-S7 peak list, 302.00 Th"
C6H9O7,NO3-,adduct,"nitrate CI-APi-TOF (NO3--TOF-CIMS), oxidation flow reactor",gas,chamber,chamber,,"Cheng et al., 2024, ACP",10.5194/acp-24-2099-2024,"Detected in 1 precursor system: benzene 0.1% | Tables S2-S7 peak list, 255.02 Th | peroxy radical (RO2)"
C6H9O8,NO3-,adduct,"nitrate CI-APi-TOF (NO3--TOF-CIMS), oxidation flow reactor",gas,chamber,chamber,,"Cheng et al., 2024, ACP",10.5194/acp-24-2099-2024,"Detected in 1 precursor system: benzene 0.1% | Tables S2-S7 peak list, 271.02 Th | peroxy radical (RO2)"
C6H9O9,NO3-,adduct,"nitrate CI-APi-TOF (NO3--TOF-CIMS), oxidation flow reactor",gas,chamber,chamber,,"Cheng et al., 2024, ACP",10.5194/acp-24-2099-2024,"Detected in 1 precursor system: benzene 0.3% | Tables S2-S7 peak list, 287.01 Th | peroxy radical (RO2)"
C6H10O5,NO3-,adduct,"nitrate CI-APi-TOF (NO3--TOF-CIMS), oxidation flow reactor",gas,chamber,chamber,,"Cheng et al., 2024, ACP",10.5194/acp-24-2099-2024,"Detected in 1 precursor system: benzene 0.8% | Tables S2-S7 peak list, 224.04 Th"
C6H10O6,NO3-,adduct,"nitrate CI-APi-TOF (NO3--TOF-CIMS), oxidation flow reactor",gas,chamber,chamber,,"Cheng et al., 2024, ACP",10.5194/acp-24-2099-2024,"Detected in 1 precursor system: benzene 0.2% | Tables S2-S7 peak list, 240.04 Th"
C6H10O7,NO3-,adduct,"nitrate CI-APi-TOF (NO3--TOF-CIMS), oxidation flow reactor",gas,chamber,chamber,,"Cheng et al., 2024, ACP",10.5194/acp-24-2099-2024,"Detected in 1 precursor system: benzene 0.5% | Tables S2-S7 peak list, 256.03 Th"
C6H10O8,NO3-,adduct,"nitrate CI-APi-TOF (NO3--TOF-CIMS), oxidation flow reactor",gas,chamber,chamber,,"Cheng et al., 2024, ACP",10.5194/acp-24-2099-2024,"Detected in 1 precursor system: benzene 0.9% | Tables S2-S7 peak list, 272.03 Th"
C6H10O9,NO3-,adduct,"nitrate CI-APi-TOF (NO3--TOF-CIMS), oxidation flow reactor",gas,chamber,chamber,,"Cheng et al., 2024, ACP",10.5194/acp-24-2099-2024,"Detected in 1 precursor system: benzene 0.4% | Tables S2-S7 peak list, 288.02 Th"
C6H10O10,NO3-,adduct,"nitrate CI-APi-TOF (NO3--TOF-CIMS), oxidation flow reactor",gas,chamber,chamber,,"Cheng et al., 2024, ACP",10.5194/acp-24-2099-2024,"Detected in 1 precursor system: benzene 0.2% | Tables S2-S7 peak list, 304.02 Th"
C7H6O6,NO3-,adduct,"nitrate CI-APi-TOF (NO3--TOF-CIMS), oxidation flow reactor",gas,chamber,chamber,,"Cheng et al., 2024, ACP",10.5194/acp-24-2099-2024,"Detected in 1 precursor system: naphthalene 0.6% | Tables S2-S7 peak list, 248.00 Th"
C7H7O6,NO3-,adduct,"nitrate CI-APi-TOF (NO3--TOF-CIMS), oxidation flow reactor",gas,chamber,chamber,,"Cheng et al., 2024, ACP",10.5194/acp-24-2099-2024,"Detected in 1 precursor system: toluene 0.2% | Tables S2-S7 peak list, 249.01 Th | peroxy radical (RO2)"
C7H7O7,NO3-,adduct,"nitrate CI-APi-TOF (NO3--TOF-CIMS), oxidation flow reactor",gas,chamber,chamber,,"Cheng et al., 2024, ACP",10.5194/acp-24-2099-2024,"Detected in 1 precursor system: toluene 0.2% | Tables S2-S7 peak list, 265.01 Th | peroxy radical (RO2)"
C7H7O8,NO3-,adduct,"nitrate CI-APi-TOF (NO3--TOF-CIMS), oxidation flow reactor",gas,chamber,chamber,,"Cheng et al., 2024, ACP",10.5194/acp-24-2099-2024,"Detected in 1 precursor system: toluene 0.2% | Tables S2-S7 peak list, 281.00 Th | peroxy radical (RO2)"
C7H8O5,NO3-,adduct,"nitrate CI-APi-TOF (NO3--TOF-CIMS), oxidation flow reactor",gas,chamber,chamber,,"Cheng et al., 2024, ACP",10.5194/acp-24-2099-2024,"Detected in 1 precursor system: toluene 1.3% | Tables S2-S7 peak list, 234.03 Th"
C7H8O6,NO3-,adduct,"nitrate CI-APi-TOF (NO3--TOF-CIMS), oxidation flow reactor",gas,chamber,chamber,,"Cheng et al., 2024, ACP",10.5194/acp-24-2099-2024,"Detected in 1 precursor system: toluene 3.8% | Tables S2-S7 peak list, 250.02 Th"
C7H8O7,NO3-,adduct,"nitrate CI-APi-TOF (NO3--TOF-CIMS), oxidation flow reactor",gas,chamber,chamber,,"Cheng et al., 2024, ACP",10.5194/acp-24-2099-2024,"Detected in 2 precursor systems: toluene 2.6%, 1,3,5-trimethylbenzene 0.7% | Tables S2-S7 peak list, 266.02 Th"
C7H8O8,NO3-,adduct,"nitrate CI-APi-TOF (NO3--TOF-CIMS), oxidation flow reactor",gas,chamber,chamber,,"Cheng et al., 2024, ACP",10.5194/acp-24-2099-2024,"Detected in 1 precursor system: toluene 1.6% | Tables S2-S7 peak list, 282.01 Th"
C7H8O9,NO3-,adduct,"nitrate CI-APi-TOF (NO3--TOF-CIMS), oxidation flow reactor",gas,chamber,chamber,,"Cheng et al., 2024, ACP",10.5194/acp-24-2099-2024,"Detected in 1 precursor system: toluene 0.4% | Tables S2-S7 peak list, 298.01 Th"
C7H8O10,NO3-,adduct,"nitrate CI-APi-TOF (NO3--TOF-CIMS), oxidation flow reactor",gas,chamber,chamber,,"Cheng et al., 2024, ACP",10.5194/acp-24-2099-2024,"Detected in 1 precursor system: toluene 0.3% | Tables S2-S7 peak list, 314.00 Th"
C7H9O5,NO3-,adduct,"nitrate CI-APi-TOF (NO3--TOF-CIMS), oxidation flow reactor",gas,chamber,chamber,,"Cheng et al., 2024, ACP",10.5194/acp-24-2099-2024,"Detected in 1 precursor system: toluene 0.1% | Tables S2-S7 peak list, 235.03 Th | peroxy radical (RO2)"
C7H9O6,NO3-,adduct,"nitrate CI-APi-TOF (NO3--TOF-CIMS), oxidation flow reactor",gas,chamber,chamber,,"Cheng et al., 2024, ACP",10.5194/acp-24-2099-2024,"Detected in 1 precursor system: toluene 0.2% | Tables S2-S7 peak list, 251.03 Th | peroxy radical (RO2)"
C7H9O7,NO3-,adduct,"nitrate CI-APi-TOF (NO3--TOF-CIMS), oxidation flow reactor",gas,chamber,chamber,,"Cheng et al., 2024, ACP",10.5194/acp-24-2099-2024,"Detected in 1 precursor system: toluene 0.5% | Tables S2-S7 peak list, 267.02 Th | peroxy radical (RO2)"
C7H9O8,NO3-,adduct,"nitrate CI-APi-TOF (NO3--TOF-CIMS), oxidation flow reactor",gas,chamber,chamber,,"Cheng et al., 2024, ACP",10.5194/acp-24-2099-2024,"Detected in 1 precursor system: toluene 0.1% | Tables S2-S7 peak list, 283.02 Th | peroxy radical (RO2)"
C7H9O9,NO3-,adduct,"nitrate CI-APi-TOF (NO3--TOF-CIMS), oxidation flow reactor",gas,chamber,chamber,,"Cheng et al., 2024, ACP",10.5194/acp-24-2099-2024,"Detected in 1 precursor system: toluene 1.0% | Tables S2-S7 peak list, 299.01 Th | peroxy radical (RO2)"
C7H9O10,NO3-,adduct,"nitrate CI-APi-TOF (NO3--TOF-CIMS), oxidation flow reactor",gas,chamber,chamber,,"Cheng et al., 2024, ACP",10.5194/acp-24-2099-2024,"Detected in 1 precursor system: toluene 0.4% | Tables S2-S7 peak list, 315.01 Th | peroxy radical (RO2)"
C7H10O5,NO3-,adduct,"nitrate CI-APi-TOF (NO3--TOF-CIMS), oxidation flow reactor",gas,chamber,chamber,,"Cheng et al., 2024, ACP",10.5194/acp-24-2099-2024,"Detected in 1 precursor system: toluene 0.6% | Tables S2-S7 peak list, 236.04 Th"
C7H10O6,NO3-,adduct,"nitrate CI-APi-TOF (NO3--TOF-CIMS), oxidation flow reactor",gas,chamber,chamber,,"Cheng et al., 2024, ACP",10.5194/acp-24-2099-2024,"Detected in 2 precursor systems: toluene 2.1%, 1,3,5-trimethylbenzene 0.8% | Tables S2-S7 peak list, 252.04 Th"
C7H10O7,NO3-,adduct,"nitrate CI-APi-TOF (NO3--TOF-CIMS), oxidation flow reactor",gas,chamber,chamber,,"Cheng et al., 2024, ACP",10.5194/acp-24-2099-2024,"Detected in 1 precursor system: toluene 3.0% | Tables S2-S7 peak list, 268.03 Th"
C7H10O8,NO3-,adduct,"nitrate CI-APi-TOF (NO3--TOF-CIMS), oxidation flow reactor",gas,chamber,chamber,,"Cheng et al., 2024, ACP",10.5194/acp-24-2099-2024,"Detected in 1 precursor system: toluene 2.0% | Tables S2-S7 peak list, 284.03 Th"
C7H10O9,NO3-,adduct,"nitrate CI-APi-TOF (NO3--TOF-CIMS), oxidation flow reactor",gas,chamber,chamber,,"Cheng et al., 2024, ACP",10.5194/acp-24-2099-2024,"Detected in 1 precursor system: toluene 1.3% | Tables S2-S7 peak list, 300.02 Th"
C7H10O10,NO3-,adduct,"nitrate CI-APi-TOF (NO3--TOF-CIMS), oxidation flow reactor",gas,chamber,chamber,,"Cheng et al., 2024, ACP",10.5194/acp-24-2099-2024,"Detected in 1 precursor system: toluene 0.4% | Tables S2-S7 peak list, 316.02 Th"
C7H11O7,NO3-,adduct,"nitrate CI-APi-TOF (NO3--TOF-CIMS), oxidation flow reactor",gas,chamber,chamber,,"Cheng et al., 2024, ACP",10.5194/acp-24-2099-2024,"Detected in 1 precursor system: toluene 0.1% | Tables S2-S7 peak list, 269.04 Th | peroxy radical (RO2)"
C7H11O8,NO3-,adduct,"nitrate CI-APi-TOF (NO3--TOF-CIMS), oxidation flow reactor",gas,chamber,chamber,,"Cheng et al., 2024, ACP",10.5194/acp-24-2099-2024,"Detected in 1 precursor system: toluene 0.2% | Tables S2-S7 peak list, 285.03 Th | peroxy radical (RO2)"
C7H11O9,NO3-,adduct,"nitrate CI-APi-TOF (NO3--TOF-CIMS), oxidation flow reactor",gas,chamber,chamber,,"Cheng et al., 2024, ACP",10.5194/acp-24-2099-2024,"Detected in 1 precursor system: toluene 0.2% | Tables S2-S7 peak list, 301.03 Th | peroxy radical (RO2)"
C7H12O6,NO3-,adduct,"nitrate CI-APi-TOF (NO3--TOF-CIMS), oxidation flow reactor",gas,chamber,chamber,,"Cheng et al., 2024, ACP",10.5194/acp-24-2099-2024,"Detected in 1 precursor system: toluene 0.1% | Tables S2-S7 peak list, 254.05 Th"
C7H12O7,NO3-,adduct,"nitrate CI-APi-TOF (NO3--TOF-CIMS), oxidation flow reactor",gas,chamber,chamber,,"Cheng et al., 2024, ACP",10.5194/acp-24-2099-2024,"Detected in 1 precursor system: toluene 0.7% | Tables S2-S7 peak list, 270.05 Th"
C7H12O8,NO3-,adduct,"nitrate CI-APi-TOF (NO3--TOF-CIMS), oxidation flow reactor",gas,chamber,chamber,,"Cheng et al., 2024, ACP",10.5194/acp-24-2099-2024,"Detected in 1 precursor system: toluene 1.0% | Tables S2-S7 peak list, 286.04 Th"
C7H12O9,NO3-,adduct,"nitrate CI-APi-TOF (NO3--TOF-CIMS), oxidation flow reactor",gas,chamber,chamber,,"Cheng et al., 2024, ACP",10.5194/acp-24-2099-2024,"Detected in 1 precursor system: toluene 0.4% | Tables S2-S7 peak list, 302.04 Th"
C7H12O10,NO3-,adduct,"nitrate CI-APi-TOF (NO3--TOF-CIMS), oxidation flow reactor",gas,chamber,chamber,,"Cheng et al., 2024, ACP",10.5194/acp-24-2099-2024,"Detected in 1 precursor system: toluene 0.2% | Tables S2-S7 peak list, 318.03 Th"
C8H8O6,NO3-,adduct,"nitrate CI-APi-TOF (NO3--TOF-CIMS), oxidation flow reactor",gas,chamber,chamber,,"Cheng et al., 2024, ACP",10.5194/acp-24-2099-2024,"Detected in 1 precursor system: m-xylene 0.5% | Tables S2-S7 peak list, 262.02 Th"
C8H8O7,NO3-,adduct,"nitrate CI-APi-TOF (NO3--TOF-CIMS), oxidation flow reactor",gas,chamber,chamber,,"Cheng et al., 2024, ACP",10.5194/acp-24-2099-2024,"Detected in 1 precursor system: m-xylene 1.6% | Tables S2-S7 peak list, 278.02 Th"
C8H8O8,NO3-,adduct,"nitrate CI-APi-TOF (NO3--TOF-CIMS), oxidation flow reactor",gas,chamber,chamber,,"Cheng et al., 2024, ACP",10.5194/acp-24-2099-2024,"Detected in 1 precursor system: m-xylene 0.6% | Tables S2-S7 peak list, 294.01 Th"
C8H9O7,NO3-,adduct,"nitrate CI-APi-TOF (NO3--TOF-CIMS), oxidation flow reactor",gas,chamber,chamber,,"Cheng et al., 2024, ACP",10.5194/acp-24-2099-2024,"Detected in 1 precursor system: m-xylene 0.1% | Tables S2-S7 peak list, 279.02 Th | peroxy radical (RO2)"
C8H9O8,NO3-,adduct,"nitrate CI-APi-TOF (NO3--TOF-CIMS), oxidation flow reactor",gas,chamber,chamber,,"Cheng et al., 2024, ACP",10.5194/acp-24-2099-2024,"Detected in 1 precursor system: m-xylene 0.1% | Tables S2-S7 peak list, 295.02 Th | peroxy radical (RO2)"
C8H9O10,NO3-,adduct,"nitrate CI-APi-TOF (NO3--TOF-CIMS), oxidation flow reactor",gas,chamber,chamber,,"Cheng et al., 2024, ACP",10.5194/acp-24-2099-2024,"Detected in 1 precursor system: m-xylene 0.1% | Tables S2-S7 peak list, 327.01 Th | peroxy radical (RO2)"
C8H10O5,NO3-,adduct,"nitrate CI-APi-TOF (NO3--TOF-CIMS), oxidation flow reactor",gas,chamber,chamber,,"Cheng et al., 2024, ACP",10.5194/acp-24-2099-2024,"Detected in 1 precursor system: m-xylene 0.06% | Tables S2-S7 peak list, 248.04 Th"
C8H10O6,NO3-,adduct,"nitrate CI-APi-TOF (NO3--TOF-CIMS), oxidation flow reactor",gas,chamber,chamber,,"Cheng et al., 2024, ACP",10.5194/acp-24-2099-2024,"Detected in 2 precursor systems: m-xylene 2.3%, 1,3,5-trimethylbenzene 1.5% | Tables S2-S7 peak list, 264.04 Th"
C8H10O7,NO3-,adduct,"nitrate CI-APi-TOF (NO3--TOF-CIMS), oxidation flow reactor",gas,chamber,chamber,,"Cheng et al., 2024, ACP",10.5194/acp-24-2099-2024,"Detected in 2 precursor systems: m-xylene 8.6%, 1,3,5-trimethylbenzene 3.1% | Tables S2-S7 peak list, 280.03 Th"
C8H10O8,NO3-,adduct,"nitrate CI-APi-TOF (NO3--TOF-CIMS), oxidation flow reactor",gas,chamber,chamber,,"Cheng et al., 2024, ACP",10.5194/acp-24-2099-2024,"Detected in 1 precursor system: m-xylene 6.4% | Tables S2-S7 peak list, 296.03 Th"
C8H10O9,NO3-,adduct,"nitrate CI-APi-TOF (NO3--TOF-CIMS), oxidation flow reactor",gas,chamber,chamber,,"Cheng et al., 2024, ACP",10.5194/acp-24-2099-2024,"Detected in 1 precursor system: m-xylene 2.6% | Tables S2-S7 peak list, 312.02 Th"
C8H10O10,NO3-,adduct,"nitrate CI-APi-TOF (NO3--TOF-CIMS), oxidation flow reactor",gas,chamber,chamber,,"Cheng et al., 2024, ACP",10.5194/acp-24-2099-2024,"Detected in 1 precursor system: m-xylene 0.5% | Tables S2-S7 peak list, 328.02 Th"
C8H11O5,NO3-,adduct,"nitrate CI-APi-TOF (NO3--TOF-CIMS), oxidation flow reactor",gas,chamber,chamber,,"Cheng et al., 2024, ACP",10.5194/acp-24-2099-2024,"Detected in 1 precursor system: m-xylene 0.05% | Tables S2-S7 peak list, 249.05 Th | peroxy radical (RO2)"
C8H11O6,NO3-,adduct,"nitrate CI-APi-TOF (NO3--TOF-CIMS), oxidation flow reactor",gas,chamber,chamber,,"Cheng et al., 2024, ACP",10.5194/acp-24-2099-2024,"Detected in 1 precursor system: m-xylene 0.7% | Tables S2-S7 peak list, 265.04 Th | peroxy radical (RO2)"
C8H11O7,NO3-,adduct,"nitrate CI-APi-TOF (NO3--TOF-CIMS), oxidation flow reactor",gas,chamber,chamber,,"Cheng et al., 2024, ACP",10.5194/acp-24-2099-2024,"Detected in 1 precursor system: m-xylene 0.9% | Tables S2-S7 peak list, 281.04 Th | peroxy radical (RO2)"
C8H11O8,NO3-,adduct,"nitrate CI-APi-TOF (NO3--TOF-CIMS), oxidation flow reactor",gas,chamber,chamber,,"Cheng et al., 2024, ACP",10.5194/acp-24-2099-2024,"Detected in 1 precursor system: m-xylene 0.9% | Tables S2-S7 peak list, 297.03 Th | peroxy radical (RO2)"
C8H11O9,NO3-,adduct,"nitrate CI-APi-TOF (NO3--TOF-CIMS), oxidation flow reactor",gas,chamber,chamber,,"Cheng et al., 2024, ACP",10.5194/acp-24-2099-2024,"Detected in 1 precursor system: m-xylene 1.0% | Tables S2-S7 peak list, 313.03 Th | peroxy radical (RO2)"
C8H11O10,NO3-,adduct,"nitrate CI-APi-TOF (NO3--TOF-CIMS), oxidation flow reactor",gas,chamber,chamber,,"Cheng et al., 2024, ACP",10.5194/acp-24-2099-2024,"Detected in 1 precursor system: m-xylene 0.1% | Tables S2-S7 peak list, 329.02 Th | peroxy radical (RO2)"
C8H12O5,NO3-,adduct,"nitrate CI-APi-TOF (NO3--TOF-CIMS), oxidation flow reactor",gas,chamber,chamber,,"Cheng et al., 2024, ACP",10.5194/acp-24-2099-2024,"Detected in 1 precursor system: m-xylene 0.2% | Tables S2-S7 peak list, 250.06 Th"
C8H12O6,NO3-,adduct,"nitrate CI-APi-TOF (NO3--TOF-CIMS), oxidation flow reactor",gas,chamber,chamber,,"Cheng et al., 2024, ACP",10.5194/acp-24-2099-2024,"Detected in 1 precursor system: m-xylene 1.5% | Tables S2-S7 peak list, 266.05 Th"
C8H12O7,NO3-,adduct,"nitrate CI-APi-TOF (NO3--TOF-CIMS), oxidation flow reactor",gas,chamber,chamber,,"Cheng et al., 2024, ACP",10.5194/acp-24-2099-2024,"Detected in 2 precursor systems: m-xylene 4.4%, 1,3,5-trimethylbenzene 1.8% | Tables S2-S7 peak list, 282.05 Th"
C8H12O8,NO3-,adduct,"nitrate CI-APi-TOF (NO3--TOF-CIMS), oxidation flow reactor",gas,chamber,chamber,,"Cheng et al., 2024, ACP",10.5194/acp-24-2099-2024,"Detected in 1 precursor system: m-xylene 4.6% | Tables S2-S7 peak list, 298.04 Th"
C8H12O9,NO3-,adduct,"nitrate CI-APi-TOF (NO3--TOF-CIMS), oxidation flow reactor",gas,chamber,chamber,,"Cheng et al., 2024, ACP",10.5194/acp-24-2099-2024,"Detected in 1 precursor system: m-xylene 4.4% | Tables S2-S7 peak list, 314.04 Th"
C8H12O10,NO3-,adduct,"nitrate CI-APi-TOF (NO3--TOF-CIMS), oxidation flow reactor",gas,chamber,chamber,,"Cheng et al., 2024, ACP",10.5194/acp-24-2099-2024,"Detected in 1 precursor system: m-xylene 1.0% | Tables S2-S7 peak list, 330.03 Th"
C8H13O6,NO3-,adduct,"nitrate CI-APi-TOF (NO3--TOF-CIMS), oxidation flow reactor",gas,chamber,chamber,,"Cheng et al., 2024, ACP",10.5194/acp-24-2099-2024,"Detected in 1 precursor system: m-xylene 0.1% | Tables S2-S7 peak list, 267.06 Th | peroxy radical (RO2)"
C8H13O7,NO3-,adduct,"nitrate CI-APi-TOF (NO3--TOF-CIMS), oxidation flow reactor",gas,chamber,chamber,,"Cheng et al., 2024, ACP",10.5194/acp-24-2099-2024,"Detected in 1 precursor system: m-xylene 0.4% | Tables S2-S7 peak list, 283.05 Th | peroxy radical (RO2)"
C8H13O8,NO3-,adduct,"nitrate CI-APi-TOF (NO3--TOF-CIMS), oxidation flow reactor",gas,chamber,chamber,,"Cheng et al., 2024, ACP",10.5194/acp-24-2099-2024,"Detected in 1 precursor system: m-xylene 0.9% | Tables S2-S7 peak list, 299.05 Th | peroxy radical (RO2)"
C8H13O9,NO3-,adduct,"nitrate CI-APi-TOF (NO3--TOF-CIMS), oxidation flow reactor",gas,chamber,chamber,,"Cheng et al., 2024, ACP",10.5194/acp-24-2099-2024,"Detected in 1 precursor system: m-xylene 0.6% | Tables S2-S7 peak list, 315.04 Th | peroxy radical (RO2)"
C8H13O10,NO3-,adduct,"nitrate CI-APi-TOF (NO3--TOF-CIMS), oxidation flow reactor",gas,chamber,chamber,,"Cheng et al., 2024, ACP",10.5194/acp-24-2099-2024,"Detected in 1 precursor system: m-xylene 0.5% | Tables S2-S7 peak list, 331.04 Th | peroxy radical (RO2)"
C8H14O6,NO3-,adduct,"nitrate CI-APi-TOF (NO3--TOF-CIMS), oxidation flow reactor",gas,chamber,chamber,,"Cheng et al., 2024, ACP",10.5194/acp-24-2099-2024,"Detected in 1 precursor system: m-xylene 0.2% | Tables S2-S7 peak list, 268.07 Th"
C8H14O7,NO3-,adduct,"nitrate CI-APi-TOF (NO3--TOF-CIMS), oxidation flow reactor",gas,chamber,chamber,,"Cheng et al., 2024, ACP",10.5194/acp-24-2099-2024,"Detected in 1 precursor system: m-xylene 1.8% | Tables S2-S7 peak list, 284.06 Th"
C8H14O8,NO3-,adduct,"nitrate CI-APi-TOF (NO3--TOF-CIMS), oxidation flow reactor",gas,chamber,chamber,,"Cheng et al., 2024, ACP",10.5194/acp-24-2099-2024,"Detected in 1 precursor system: m-xylene 3.5% | Tables S2-S7 peak list, 300.06 Th"
C8H14O9,NO3-,adduct,"nitrate CI-APi-TOF (NO3--TOF-CIMS), oxidation flow reactor",gas,chamber,chamber,,"Cheng et al., 2024, ACP",10.5194/acp-24-2099-2024,"Detected in 1 precursor system: m-xylene 2.3% | Tables S2-S7 peak list, 316.05 Th"
C8H14O10,NO3-,adduct,"nitrate CI-APi-TOF (NO3--TOF-CIMS), oxidation flow reactor",gas,chamber,chamber,,"Cheng et al., 2024, ACP",10.5194/acp-24-2099-2024,"Detected in 1 precursor system: m-xylene 0.6% | Tables S2-S7 peak list, 332.05 Th"
C9H8O7,NO3-,adduct,"nitrate CI-APi-TOF (NO3--TOF-CIMS), oxidation flow reactor",gas,chamber,chamber,,"Cheng et al., 2024, ACP",10.5194/acp-24-2099-2024,"Detected in 1 precursor system: naphthalene 2.1% | Tables S2-S7 peak list, 290.02 Th"
C9H10O7,NO3-,adduct,"nitrate CI-APi-TOF (NO3--TOF-CIMS), oxidation flow reactor",gas,chamber,chamber,,"Cheng et al., 2024, ACP",10.5194/acp-24-2099-2024,"Detected in 1 precursor system: 1,3,5-trimethylbenzene 0.7% | Tables S2-S7 peak list, 292.03 Th"
C9H10O8,NO3-,adduct,"nitrate CI-APi-TOF (NO3--TOF-CIMS), oxidation flow reactor",gas,chamber,chamber,,"Cheng et al., 2024, ACP",10.5194/acp-24-2099-2024,"Detected in 1 precursor system: 1,3,5-trimethylbenzene 0.5% | Tables S2-S7 peak list, 308.03 Th"
C9H10O9,NO3-,adduct,"nitrate CI-APi-TOF (NO3--TOF-CIMS), oxidation flow reactor",gas,chamber,chamber,,"Cheng et al., 2024, ACP",10.5194/acp-24-2099-2024,"Detected in 1 precursor system: 1,3,5-trimethylbenzene 0.6% | Tables S2-S7 peak list, 324.02 Th"
C9H10O10,NO3-,adduct,"nitrate CI-APi-TOF (NO3--TOF-CIMS), oxidation flow reactor",gas,chamber,chamber,,"Cheng et al., 2024, ACP",10.5194/acp-24-2099-2024,"Detected in 1 precursor system: 1,3,5-trimethylbenzene 0.1% | Tables S2-S7 peak list, 340.02 Th"
C9H12O5,NO3-,adduct,"nitrate CI-APi-TOF (NO3--TOF-CIMS), oxidation flow reactor",gas,chamber,chamber,,"Cheng et al., 2024, ACP",10.5194/acp-24-2099-2024,"Detected in 1 precursor system: 1,3,5-trimethylbenzene 0.2% | Tables S2-S7 peak list, 262.06 Th"
C9H12O6,NO3-,adduct,"nitrate CI-APi-TOF (NO3--TOF-CIMS), oxidation flow reactor",gas,chamber,chamber,,"Cheng et al., 2024, ACP",10.5194/acp-24-2099-2024,"Detected in 1 precursor system: 1,3,5-trimethylbenzene 2.7% | Tables S2-S7 peak list, 278.05 Th"
C9H12O7,NO3-,adduct,"nitrate CI-APi-TOF (NO3--TOF-CIMS), oxidation flow reactor",gas,chamber,chamber,,"Cheng et al., 2024, ACP",10.5194/acp-24-2099-2024,"Detected in 1 precursor system: 1,3,5-trimethylbenzene 4.4% | Tables S2-S7 peak list, 294.05 Th"
C9H12O8,NO3-,adduct,"nitrate CI-APi-TOF (NO3--TOF-CIMS), oxidation flow reactor",gas,chamber,chamber,,"Cheng et al., 2024, ACP",10.5194/acp-24-2099-2024,"Detected in 1 precursor system: 1,3,5-trimethylbenzene 6.0% | Tables S2-S7 peak list, 310.04 Th"
C9H12O9,NO3-,adduct,"nitrate CI-APi-TOF (NO3--TOF-CIMS), oxidation flow reactor",gas,chamber,chamber,,"Cheng et al., 2024, ACP",10.5194/acp-24-2099-2024,"Detected in 1 precursor system: 1,3,5-trimethylbenzene 2.3% | Tables S2-S7 peak list, 326.04 Th"
C9H12O10,NO3-,adduct,"nitrate CI-APi-TOF (NO3--TOF-CIMS), oxidation flow reactor",gas,chamber,chamber,,"Cheng et al., 2024, ACP",10.5194/acp-24-2099-2024,"Detected in 1 precursor system: 1,3,5-trimethylbenzene 0.9% | Tables S2-S7 peak list, 342.03 Th"
C9H13O5,NO3-,adduct,"nitrate CI-APi-TOF (NO3--TOF-CIMS), oxidation flow reactor",gas,chamber,chamber,,"Cheng et al., 2024, ACP",10.5194/acp-24-2099-2024,"Detected in 1 precursor system: 1,3,5-trimethylbenzene 0.1% | Tables S2-S7 peak list, 263.06 Th | peroxy radical (RO2)"
C9H13O7,NO3-,adduct,"nitrate CI-APi-TOF (NO3--TOF-CIMS), oxidation flow reactor",gas,chamber,chamber,,"Cheng et al., 2024, ACP",10.5194/acp-24-2099-2024,"Detected in 1 precursor system: 1,3,5-trimethylbenzene 0.13% | Tables S2-S7 peak list, 295.05 Th | peroxy radical (RO2)"
C9H13O8,NO3-,adduct,"nitrate CI-APi-TOF (NO3--TOF-CIMS), oxidation flow reactor",gas,chamber,chamber,,"Cheng et al., 2024, ACP",10.5194/acp-24-2099-2024,"Detected in 1 precursor system: 1,3,5-trimethylbenzene 0.3% | Tables S2-S7 peak list, 311.05 Th | peroxy radical (RO2)"
C9H13O9,NO3-,adduct,"nitrate CI-APi-TOF (NO3--TOF-CIMS), oxidation flow reactor",gas,chamber,chamber,,"Cheng et al., 2024, ACP",10.5194/acp-24-2099-2024,"Detected in 1 precursor system: 1,3,5-trimethylbenzene 0.4% | Tables S2-S7 peak list, 327.04 Th | peroxy radical (RO2)"
C9H13O10,NO3-,adduct,"nitrate CI-APi-TOF (NO3--TOF-CIMS), oxidation flow reactor",gas,chamber,chamber,,"Cheng et al., 2024, ACP",10.5194/acp-24-2099-2024,"Detected in 1 precursor system: 1,3,5-trimethylbenzene 0.7% | Tables S2-S7 peak list, 343.04 Th | peroxy radical (RO2)"
C9H14O6,NO3-,adduct,"nitrate CI-APi-TOF (NO3--TOF-CIMS), oxidation flow reactor",gas,chamber,chamber,,"Cheng et al., 2024, ACP",10.5194/acp-24-2099-2024,"Detected in 1 precursor system: 1,3,5-trimethylbenzene 1.4% | Tables S2-S7 peak list, 280.07 Th"
C9H14O7,NO3-,adduct,"nitrate CI-APi-TOF (NO3--TOF-CIMS), oxidation flow reactor",gas,chamber,chamber,,"Cheng et al., 2024, ACP",10.5194/acp-24-2099-2024,"Detected in 1 precursor system: 1,3,5-trimethylbenzene 17.5% | Tables S2-S7 peak list, 296.06 Th"
C9H14O8,NO3-,adduct,"nitrate CI-APi-TOF (NO3--TOF-CIMS), oxidation flow reactor",gas,chamber,chamber,,"Cheng et al., 2024, ACP",10.5194/acp-24-2099-2024,"Detected in 1 precursor system: 1,3,5-trimethylbenzene 4.3% | Tables S2-S7 peak list, 312.06 Th"
C9H14O9,NO3-,adduct,"nitrate CI-APi-TOF (NO3--TOF-CIMS), oxidation flow reactor",gas,chamber,chamber,,"Cheng et al., 2024, ACP",10.5194/acp-24-2099-2024,"Detected in 1 precursor system: 1,3,5-trimethylbenzene 4.1% | Tables S2-S7 peak list, 328.05 Th"
C9H14O10,NO3-,adduct,"nitrate CI-APi-TOF (NO3--TOF-CIMS), oxidation flow reactor",gas,chamber,chamber,,"Cheng et al., 2024, ACP",10.5194/acp-24-2099-2024,"Detected in 1 precursor system: 1,3,5-trimethylbenzene 1.4% | Tables S2-S7 peak list, 344.05 Th"
C9H15O7,NO3-,adduct,"nitrate CI-APi-TOF (NO3--TOF-CIMS), oxidation flow reactor",gas,chamber,chamber,,"Cheng et al., 2024, ACP",10.5194/acp-24-2099-2024,"Detected in 1 precursor system: 1,3,5-trimethylbenzene 1.6% | Tables S2-S7 peak list, 297.07 Th | peroxy radical (RO2)"
C9H15O8,NO3-,adduct,"nitrate CI-APi-TOF (NO3--TOF-CIMS), oxidation flow reactor",gas,chamber,chamber,,"Cheng et al., 2024, ACP",10.5194/acp-24-2099-2024,"Detected in 1 precursor system: 1,3,5-trimethylbenzene 0.5% | Tables S2-S7 peak list, 313.07 Th | peroxy radical (RO2)"
C9H15O9,NO3-,adduct,"nitrate CI-APi-TOF (NO3--TOF-CIMS), oxidation flow reactor",gas,chamber,chamber,,"Cheng et al., 2024, ACP",10.5194/acp-24-2099-2024,"Detected in 1 precursor system: 1,3,5-trimethylbenzene 0.4% | Tables S2-S7 peak list, 329.06 Th | peroxy radical (RO2)"
C9H15O10,NO3-,adduct,"nitrate CI-APi-TOF (NO3--TOF-CIMS), oxidation flow reactor",gas,chamber,chamber,,"Cheng et al., 2024, ACP",10.5194/acp-24-2099-2024,"Detected in 1 precursor system: 1,3,5-trimethylbenzene 0.5% | Tables S2-S7 peak list, 345.05 Th | peroxy radical (RO2)"
C9H16O6,NO3-,adduct,"nitrate CI-APi-TOF (NO3--TOF-CIMS), oxidation flow reactor",gas,chamber,chamber,,"Cheng et al., 2024, ACP",10.5194/acp-24-2099-2024,"Detected in 1 precursor system: 1,3,5-trimethylbenzene 0.2% | Tables S2-S7 peak list, 282.08 Th"
C9H16O7,NO3-,adduct,"nitrate CI-APi-TOF (NO3--TOF-CIMS), oxidation flow reactor",gas,chamber,chamber,,"Cheng et al., 2024, ACP",10.5194/acp-24-2099-2024,"Detected in 1 precursor system: 1,3,5-trimethylbenzene 3.4% | Tables S2-S7 peak list, 298.08 Th"
C9H16O8,NO3-,adduct,"nitrate CI-APi-TOF (NO3--TOF-CIMS), oxidation flow reactor",gas,chamber,chamber,,"Cheng et al., 2024, ACP",10.5194/acp-24-2099-2024,"Detected in 1 precursor system: 1,3,5-trimethylbenzene 3.7% | Tables S2-S7 peak list, 314.07 Th"
C9H16O9,NO3-,adduct,"nitrate CI-APi-TOF (NO3--TOF-CIMS), oxidation flow reactor",gas,chamber,chamber,,"Cheng et al., 2024, ACP",10.5194/acp-24-2099-2024,"Detected in 1 precursor system: 1,3,5-trimethylbenzene 2.8% | Tables S2-S7 peak list, 330.07 Th"
C9H16O10,NO3-,adduct,"nitrate CI-APi-TOF (NO3--TOF-CIMS), oxidation flow reactor",gas,chamber,chamber,,"Cheng et al., 2024, ACP",10.5194/acp-24-2099-2024,"Detected in 1 precursor system: 1,3,5-trimethylbenzene 0.8% | Tables S2-S7 peak list, 346.06 Th"
C10H6O5,NO3-,adduct,"nitrate CI-APi-TOF (NO3--TOF-CIMS), oxidation flow reactor",gas,chamber,chamber,,"Cheng et al., 2024, ACP",10.5194/acp-24-2099-2024,"Detected in 1 precursor system: naphthalene 0.6% | Tables S2-S7 peak list, 268.01 Th"
C10H6O6,NO3-,adduct,"nitrate CI-APi-TOF (NO3--TOF-CIMS), oxidation flow reactor",gas,chamber,chamber,,"Cheng et al., 2024, ACP",10.5194/acp-24-2099-2024,"Detected in 1 precursor system: naphthalene 0.5% | Tables S2-S7 peak list, 284.00 Th"
C10H6O7,NO3-,adduct,"nitrate CI-APi-TOF (NO3--TOF-CIMS), oxidation flow reactor",gas,chamber,chamber,,"Cheng et al., 2024, ACP",10.5194/acp-24-2099-2024,"Detected in 1 precursor system: naphthalene 0.1% | Tables S2-S7 peak list, 300.00 Th"
C10H6O8,NO3-,adduct,"nitrate CI-APi-TOF (NO3--TOF-CIMS), oxidation flow reactor",gas,chamber,chamber,,"Cheng et al., 2024, ACP",10.5194/acp-24-2099-2024,"Detected in 1 precursor system: naphthalene 0.1% | Tables S2-S7 peak list, 315.99 Th"
C10H6O9,NO3-,adduct,"nitrate CI-APi-TOF (NO3--TOF-CIMS), oxidation flow reactor",gas,chamber,chamber,,"Cheng et al., 2024, ACP",10.5194/acp-24-2099-2024,"Detected in 1 precursor system: naphthalene 0.1% | Tables S2-S7 peak list, 331.99 Th"
C10H7O5,NO3-,adduct,"nitrate CI-APi-TOF (NO3--TOF-CIMS), oxidation flow reactor",gas,chamber,chamber,,"Cheng et al., 2024, ACP",10.5194/acp-24-2099-2024,"Detected in 1 precursor system: naphthalene 0.2% | Tables S2-S7 peak list, 269.02 Th | peroxy radical (RO2)"
C10H7O6,NO3-,adduct,"nitrate CI-APi-TOF (NO3--TOF-CIMS), oxidation flow reactor",gas,chamber,chamber,,"Cheng et al., 2024, ACP",10.5194/acp-24-2099-2024,"Detected in 1 precursor system: naphthalene 0.1% | Tables S2-S7 peak list, 285.01 Th | peroxy radical (RO2)"
C10H7O7,NO3-,adduct,"nitrate CI-APi-TOF (NO3--TOF-CIMS), oxidation flow reactor",gas,chamber,chamber,,"Cheng et al., 2024, ACP",10.5194/acp-24-2099-2024,"Detected in 1 precursor system: naphthalene 0.3% | Tables S2-S7 peak list, 301.01 Th | peroxy radical (RO2)"
C10H7O8,NO3-,adduct,"nitrate CI-APi-TOF (NO3--TOF-CIMS), oxidation flow reactor",gas,chamber,chamber,,"Cheng et al., 2024, ACP",10.5194/acp-24-2099-2024,"Detected in 1 precursor system: naphthalene 0.3% | Tables S2-S7 peak list, 317.00 Th | peroxy radical (RO2)"
C10H7O9,NO3-,adduct,"nitrate CI-APi-TOF (NO3--TOF-CIMS), oxidation flow reactor",gas,chamber,chamber,,"Cheng et al., 2024, ACP",10.5194/acp-24-2099-2024,"Detected in 1 precursor system: naphthalene 0.1% | Tables S2-S7 peak list, 333.00 Th | peroxy radical (RO2)"
C10H7O10,NO3-,adduct,"nitrate CI-APi-TOF (NO3--TOF-CIMS), oxidation flow reactor",gas,chamber,chamber,,"Cheng et al., 2024, ACP",10.5194/acp-24-2099-2024,"Detected in 1 precursor system: naphthalene 0.4% | Tables S2-S7 peak list, 348.99 Th | peroxy radical (RO2)"
C10H7O11,NO3-,adduct,"nitrate CI-APi-TOF (NO3--TOF-CIMS), oxidation flow reactor",gas,chamber,chamber,,"Cheng et al., 2024, ACP",10.5194/acp-24-2099-2024,"Detected in 1 precursor system: naphthalene 0.2% | Tables S2-S7 peak list, 364.99 Th | peroxy radical (RO2)"
C10H7O12,NO3-,adduct,"nitrate CI-APi-TOF (NO3--TOF-CIMS), oxidation flow reactor",gas,chamber,chamber,,"Cheng et al., 2024, ACP",10.5194/acp-24-2099-2024,"Detected in 1 precursor system: naphthalene 0.1% | Tables S2-S7 peak list, 380.98 Th | peroxy radical (RO2)"
C10H8O5,NO3-,adduct,"nitrate CI-APi-TOF (NO3--TOF-CIMS), oxidation flow reactor",gas,chamber,chamber,,"Cheng et al., 2024, ACP",10.5194/acp-24-2099-2024,"Detected in 1 precursor system: naphthalene 2.8% | Tables S2-S7 peak list, 270.03 Th"
C10H8O6,NO3-,adduct,"nitrate CI-APi-TOF (NO3--TOF-CIMS), oxidation flow reactor",gas,chamber,chamber,,"Cheng et al., 2024, ACP",10.5194/acp-24-2099-2024,"Detected in 1 precursor system: naphthalene 2.9% | Tables S2-S7 peak list, 286.02 Th"
C10H8O7,NO3-,adduct,"nitrate CI-APi-TOF (NO3--TOF-CIMS), oxidation flow reactor",gas,chamber,chamber,,"Cheng et al., 2024, ACP",10.5194/acp-24-2099-2024,"Detected in 1 precursor system: naphthalene 1.8% | Tables S2-S7 peak list, 302.02 Th"
C10H8O8,NO3-,adduct,"nitrate CI-APi-TOF (NO3--TOF-CIMS), oxidation flow reactor",gas,chamber,chamber,,"Cheng et al., 2024, ACP",10.5194/acp-24-2099-2024,"Detected in 1 precursor system: naphthalene 0.5% | Tables S2-S7 peak list, 318.01 Th"
C10H8O9,NO3-,adduct,"nitrate CI-APi-TOF (NO3--TOF-CIMS), oxidation flow reactor",gas,chamber,chamber,,"Cheng et al., 2024, ACP",10.5194/acp-24-2099-2024,"Detected in 1 precursor system: naphthalene 0.4% | Tables S2-S7 peak list, 334.01 Th"
C10H8O10,NO3-,adduct,"nitrate CI-APi-TOF (NO3--TOF-CIMS), oxidation flow reactor",gas,chamber,chamber,,"Cheng et al., 2024, ACP",10.5194/acp-24-2099-2024,"Detected in 1 precursor system: naphthalene 0.2% | Tables S2-S7 peak list, 350.00 Th"
C10H8O11,NO3-,adduct,"nitrate CI-APi-TOF (NO3--TOF-CIMS), oxidation flow reactor",gas,chamber,chamber,,"Cheng et al., 2024, ACP",10.5194/acp-24-2099-2024,"Detected in 1 precursor system: naphthalene 0.2% | Tables S2-S7 peak list, 366.00 Th"
C10H8O12,NO3-,adduct,"nitrate CI-APi-TOF (NO3--TOF-CIMS), oxidation flow reactor",gas,chamber,chamber,,"Cheng et al., 2024, ACP",10.5194/acp-24-2099-2024,"Detected in 1 precursor system: naphthalene 0.1% | Tables S2-S7 peak list, 381.99 Th"
C10H9O5,NO3-,adduct,"nitrate CI-APi-TOF (NO3--TOF-CIMS), oxidation flow reactor",gas,chamber,chamber,,"Cheng et al., 2024, ACP",10.5194/acp-24-2099-2024,"Detected in 1 precursor system: naphthalene 0.4% | Tables S2-S7 peak list, 271.03 Th | peroxy radical (RO2)"
C10H9O6,NO3-,adduct,"nitrate CI-APi-TOF (NO3--TOF-CIMS), oxidation flow reactor",gas,chamber,chamber,,"Cheng et al., 2024, ACP",10.5194/acp-24-2099-2024,"Detected in 1 precursor system: naphthalene 0.3% | Tables S2-S7 peak list, 287.03 Th | peroxy radical (RO2)"
C10H9O7,NO3-,adduct,"nitrate CI-APi-TOF (NO3--TOF-CIMS), oxidation flow reactor",gas,chamber,chamber,,"Cheng et al., 2024, ACP",10.5194/acp-24-2099-2024,"Detected in 1 precursor system: naphthalene 1.0% | Tables S2-S7 peak list, 303.02 Th | peroxy radical (RO2)"
C10H9O8,NO3-,adduct,"nitrate CI-APi-TOF (NO3--TOF-CIMS), oxidation flow reactor",gas,chamber,chamber,,"Cheng et al., 2024, ACP",10.5194/acp-24-2099-2024,"Detected in 1 precursor system: naphthalene 1.1% | Tables S2-S7 peak list, 319.02 Th | peroxy radical (RO2)"
C10H9O9,NO3-,adduct,"nitrate CI-APi-TOF (NO3--TOF-CIMS), oxidation flow reactor",gas,chamber,chamber,,"Cheng et al., 2024, ACP",10.5194/acp-24-2099-2024,"Detected in 1 precursor system: naphthalene 0.3% | Tables S2-S7 peak list, 335.01 Th | peroxy radical (RO2)"
C10H9O10,NO3-,adduct,"nitrate CI-APi-TOF (NO3--TOF-CIMS), oxidation flow reactor",gas,chamber,chamber,,"Cheng et al., 2024, ACP",10.5194/acp-24-2099-2024,"Detected in 1 precursor system: naphthalene 0.5% | Tables S2-S7 peak list, 351.01 Th | peroxy radical (RO2)"
C10H9O11,NO3-,adduct,"nitrate CI-APi-TOF (NO3--TOF-CIMS), oxidation flow reactor",gas,chamber,chamber,,"Cheng et al., 2024, ACP",10.5194/acp-24-2099-2024,"Detected in 1 precursor system: naphthalene 0.2% | Tables S2-S7 peak list, 367.00 Th | peroxy radical (RO2)"
C10H9O12,NO3-,adduct,"nitrate CI-APi-TOF (NO3--TOF-CIMS), oxidation flow reactor",gas,chamber,chamber,,"Cheng et al., 2024, ACP",10.5194/acp-24-2099-2024,"Detected in 1 precursor system: naphthalene 0.1% | Tables S2-S7 peak list, 383.00 Th | peroxy radical (RO2)"
C10H10O5,NO3-,adduct,"nitrate CI-APi-TOF (NO3--TOF-CIMS), oxidation flow reactor",gas,chamber,chamber,,"Cheng et al., 2024, ACP",10.5194/acp-24-2099-2024,"Detected in 1 precursor system: naphthalene 0.5% | Tables S2-S7 peak list, 272.04 Th"
C10H10O6,NO3-,adduct,"nitrate CI-APi-TOF (NO3--TOF-CIMS), oxidation flow reactor",gas,chamber,chamber,,"Cheng et al., 2024, ACP",10.5194/acp-24-2099-2024,"Detected in 1 precursor system: naphthalene 0.9% | Tables S2-S7 peak list, 288.04 Th"
C10H10O7,NO3-,adduct,"nitrate CI-APi-TOF (NO3--TOF-CIMS), oxidation flow reactor",gas,chamber,chamber,,"Cheng et al., 2024, ACP",10.5194/acp-24-2099-2024,"Detected in 1 precursor system: naphthalene 1.0% | Tables S2-S7 peak list, 304.03 Th"
C10H10O8,NO3-,adduct,"nitrate CI-APi-TOF (NO3--TOF-CIMS), oxidation flow reactor",gas,chamber,chamber,,"Cheng et al., 2024, ACP",10.5194/acp-24-2099-2024,"Detected in 1 precursor system: naphthalene 1.0% | Tables S2-S7 peak list, 320.03 Th"
C10H10O9,NO3-,adduct,"nitrate CI-APi-TOF (NO3--TOF-CIMS), oxidation flow reactor",gas,chamber,chamber,,"Cheng et al., 2024, ACP",10.5194/acp-24-2099-2024,"Detected in 2 precursor systems: naphthalene 0.6%, toluene 0.1% | Tables S2-S7 peak list, 336.02 Th"
C10H10O10,NO3-,adduct,"nitrate CI-APi-TOF (NO3--TOF-CIMS), oxidation flow reactor",gas,chamber,chamber,,"Cheng et al., 2024, ACP",10.5194/acp-24-2099-2024,"Detected in 1 precursor system: naphthalene 0.7% | Tables S2-S7 peak list, 352.02 Th"
C10H10O11,NO3-,adduct,"nitrate CI-APi-TOF (NO3--TOF-CIMS), oxidation flow reactor",gas,chamber,chamber,,"Cheng et al., 2024, ACP",10.5194/acp-24-2099-2024,"Detected in 1 precursor system: naphthalene 0.4% | Tables S2-S7 peak list, 368.01 Th"
C10H10O12,NO3-,adduct,"nitrate CI-APi-TOF (NO3--TOF-CIMS), oxidation flow reactor",gas,chamber,chamber,,"Cheng et al., 2024, ACP",10.5194/acp-24-2099-2024,"Detected in 2 precursor systems: naphthalene 0.2%, benzene 0.1% | Tables S2-S7 peak list, 384.01 Th"
C10H11O5,NO3-,adduct,"nitrate CI-APi-TOF (NO3--TOF-CIMS), oxidation flow reactor",gas,chamber,chamber,,"Cheng et al., 2024, ACP",10.5194/acp-24-2099-2024,"Detected in 1 precursor system: naphthalene 0.1% | Tables S2-S7 peak list, 273.05 Th | peroxy radical (RO2)"
C10H11O6,NO3-,adduct,"nitrate CI-APi-TOF (NO3--TOF-CIMS), oxidation flow reactor",gas,chamber,chamber,,"Cheng et al., 2024, ACP",10.5194/acp-24-2099-2024,"Detected in 1 precursor system: naphthalene 0.5% | Tables S2-S7 peak list, 289.04 Th | peroxy radical (RO2)"
C10H11O7,NO3-,adduct,"nitrate CI-APi-TOF (NO3--TOF-CIMS), oxidation flow reactor",gas,chamber,chamber,,"Cheng et al., 2024, ACP",10.5194/acp-24-2099-2024,"Detected in 1 precursor system: naphthalene 0.3% | Tables S2-S7 peak list, 305.04 Th | peroxy radical (RO2)"
C10H11O8,NO3-,adduct,"nitrate CI-APi-TOF (NO3--TOF-CIMS), oxidation flow reactor",gas,chamber,chamber,,"Cheng et al., 2024, ACP",10.5194/acp-24-2099-2024,"Detected in 1 precursor system: naphthalene 0.3% | Tables S2-S7 peak list, 321.03 Th | peroxy radical (RO2)"
C10H11O9,NO3-,adduct,"nitrate CI-APi-TOF (NO3--TOF-CIMS), oxidation flow reactor",gas,chamber,chamber,,"Cheng et al., 2024, ACP",10.5194/acp-24-2099-2024,"Detected in 1 precursor system: naphthalene 0.3% | Tables S2-S7 peak list, 337.03 Th | peroxy radical (RO2)"
C10H11O10,NO3-,adduct,"nitrate CI-APi-TOF (NO3--TOF-CIMS), oxidation flow reactor",gas,chamber,chamber,,"Cheng et al., 2024, ACP",10.5194/acp-24-2099-2024,"Detected in 1 precursor system: naphthalene 0.4% | Tables S2-S7 peak list, 353.02 Th | peroxy radical (RO2)"
C10H11O11,NO3-,adduct,"nitrate CI-APi-TOF (NO3--TOF-CIMS), oxidation flow reactor",gas,chamber,chamber,,"Cheng et al., 2024, ACP",10.5194/acp-24-2099-2024,"Detected in 1 precursor system: naphthalene 0.2% | Tables S2-S7 peak list, 369.02 Th | peroxy radical (RO2)"
C10H11O12,NO3-,adduct,"nitrate CI-APi-TOF (NO3--TOF-CIMS), oxidation flow reactor",gas,chamber,chamber,,"Cheng et al., 2024, ACP",10.5194/acp-24-2099-2024,"Detected in 1 precursor system: naphthalene 0.2% | Tables S2-S7 peak list, 385.01 Th | peroxy radical (RO2)"
C10H12O5,NO3-,adduct,"nitrate CI-APi-TOF (NO3--TOF-CIMS), oxidation flow reactor",gas,chamber,chamber,,"Cheng et al., 2024, ACP",10.5194/acp-24-2099-2024,"Detected in 1 precursor system: naphthalene 0.2% | Tables S2-S7 peak list, 274.06 Th"
C10H12O6,NO3-,adduct,"nitrate CI-APi-TOF (NO3--TOF-CIMS), oxidation flow reactor",gas,chamber,chamber,,"Cheng et al., 2024, ACP",10.5194/acp-24-2099-2024,"Detected in 1 precursor system: naphthalene 0.3% | Tables S2-S7 peak list, 290.05 Th"
C10H12O7,NO3-,adduct,"nitrate CI-APi-TOF (NO3--TOF-CIMS), oxidation flow reactor",gas,chamber,chamber,,"Cheng et al., 2024, ACP",10.5194/acp-24-2099-2024,"Detected in 1 precursor system: naphthalene 0.2% | Tables S2-S7 peak list, 306.05 Th"
C10H12O8,NO3-,adduct,"nitrate CI-APi-TOF (NO3--TOF-CIMS), oxidation flow reactor",gas,chamber,chamber,,"Cheng et al., 2024, ACP",10.5194/acp-24-2099-2024,"Detected in 1 precursor system: naphthalene 0.3% | Tables S2-S7 peak list, 322.04 Th"
C10H12O9,NO3-,adduct,"nitrate CI-APi-TOF (NO3--TOF-CIMS), oxidation flow reactor",gas,chamber,chamber,,"Cheng et al., 2024, ACP",10.5194/acp-24-2099-2024,"Detected in 1 precursor system: naphthalene 0.5% | Tables S2-S7 peak list, 338.04 Th"
C10H12O10,NO3-,adduct,"nitrate CI-APi-TOF (NO3--TOF-CIMS), oxidation flow reactor",gas,chamber,chamber,,"Cheng et al., 2024, ACP",10.5194/acp-24-2099-2024,"Detected in 1 precursor system: naphthalene 0.6% | Tables S2-S7 peak list, 354.03 Th"
C10H12O11,NO3-,adduct,"nitrate CI-APi-TOF (NO3--TOF-CIMS), oxidation flow reactor",gas,chamber,chamber,,"Cheng et al., 2024, ACP",10.5194/acp-24-2099-2024,"Detected in 1 precursor system: naphthalene 0.6% | Tables S2-S7 peak list, 370.03 Th"
C10H12O12,NO3-,adduct,"nitrate CI-APi-TOF (NO3--TOF-CIMS), oxidation flow reactor",gas,chamber,chamber,,"Cheng et al., 2024, ACP",10.5194/acp-24-2099-2024,"Detected in 2 precursor systems: naphthalene 0.4%, benzene 0.04% | Tables S2-S7 peak list, 386.02 Th"
C10H13O5,NO3-,adduct,"nitrate CI-APi-TOF (NO3--TOF-CIMS), oxidation flow reactor",gas,chamber,chamber,,"Cheng et al., 2024, ACP",10.5194/acp-24-2099-2024,"Detected in 1 precursor system: naphthalene 0.1% | Tables S2-S7 peak list, 275.06 Th | peroxy radical (RO2)"
C10H13O6,NO3-,adduct,"nitrate CI-APi-TOF (NO3--TOF-CIMS), oxidation flow reactor",gas,chamber,chamber,,"Cheng et al., 2024, ACP",10.5194/acp-24-2099-2024,"Detected in 1 precursor system: naphthalene 0.2% | Tables S2-S7 peak list, 291.06 Th | peroxy radical (RO2)"
C10H13O7,NO3-,adduct,"nitrate CI-APi-TOF (NO3--TOF-CIMS), oxidation flow reactor",gas,chamber,chamber,,"Cheng et al., 2024, ACP",10.5194/acp-24-2099-2024,"Detected in 1 precursor system: naphthalene 0.1% | Tables S2-S7 peak list, 307.05 Th | peroxy radical (RO2)"
C10H13O8,NO3-,adduct,"nitrate CI-APi-TOF (NO3--TOF-CIMS), oxidation flow reactor",gas,chamber,chamber,,"Cheng et al., 2024, ACP",10.5194/acp-24-2099-2024,"Detected in 1 precursor system: naphthalene 0.1% | Tables S2-S7 peak list, 323.05 Th | peroxy radical (RO2)"
C10H13O9,NO3-,adduct,"nitrate CI-APi-TOF (NO3--TOF-CIMS), oxidation flow reactor",gas,chamber,chamber,,"Cheng et al., 2024, ACP",10.5194/acp-24-2099-2024,"Detected in 1 precursor system: naphthalene 0.1% | Tables S2-S7 peak list, 339.04 Th | peroxy radical (RO2)"
C10H13O11,NO3-,adduct,"nitrate CI-APi-TOF (NO3--TOF-CIMS), oxidation flow reactor",gas,chamber,chamber,,"Cheng et al., 2024, ACP",10.5194/acp-24-2099-2024,"Detected in 1 precursor system: naphthalene 0.2% | Tables S2-S7 peak list, 371.03 Th | peroxy radical (RO2)"
C10H13O12,NO3-,adduct,"nitrate CI-APi-TOF (NO3--TOF-CIMS), oxidation flow reactor",gas,chamber,chamber,,"Cheng et al., 2024, ACP",10.5194/acp-24-2099-2024,"Detected in 1 precursor system: naphthalene 0.1% | Tables S2-S7 peak list, 387.03 Th | peroxy radical (RO2)"
C10H14O6,NO3-,adduct,"nitrate CI-APi-TOF (NO3--TOF-CIMS), oxidation flow reactor",gas,chamber,chamber,,"Cheng et al., 2024, ACP",10.5194/acp-24-2099-2024,"Detected in 1 precursor system: naphthalene 0.1% | Tables S2-S7 peak list, 292.07 Th"
C10H14O7,NO3-,adduct,"nitrate CI-APi-TOF (NO3--TOF-CIMS), oxidation flow reactor",gas,chamber,chamber,,"Cheng et al., 2024, ACP",10.5194/acp-24-2099-2024,"Detected in 1 precursor system: naphthalene 0.1% | Tables S2-S7 peak list, 308.06 Th"
C10H14O8,NO3-,adduct,"nitrate CI-APi-TOF (NO3--TOF-CIMS), oxidation flow reactor",gas,chamber,chamber,,"Cheng et al., 2024, ACP",10.5194/acp-24-2099-2024,"Detected in 1 precursor system: naphthalene 0.1% | Tables S2-S7 peak list, 324.06 Th"
C10H14O9,NO3-,adduct,"nitrate CI-APi-TOF (NO3--TOF-CIMS), oxidation flow reactor",gas,chamber,chamber,,"Cheng et al., 2024, ACP",10.5194/acp-24-2099-2024,"Detected in 1 precursor system: naphthalene 0.1% | Tables S2-S7 peak list, 340.05 Th"
C10H14O11,NO3-,adduct,"nitrate CI-APi-TOF (NO3--TOF-CIMS), oxidation flow reactor",gas,chamber,chamber,,"Cheng et al., 2024, ACP",10.5194/acp-24-2099-2024,"Detected in 1 precursor system: naphthalene 0.3% | Tables S2-S7 peak list, 372.04 Th"
C10H14O12,NO3-,adduct,"nitrate CI-APi-TOF (NO3--TOF-CIMS), oxidation flow reactor",gas,chamber,chamber,,"Cheng et al., 2024, ACP",10.5194/acp-24-2099-2024,"Detected in 1 precursor system: naphthalene 0.2% | Tables S2-S7 peak list, 388.04 Th"
C11H8O6,NO3-,adduct,"nitrate CI-APi-TOF (NO3--TOF-CIMS), oxidation flow reactor",gas,chamber,chamber,,"Cheng et al., 2024, ACP",10.5194/acp-24-2099-2024,"Detected in 1 precursor system: 1-methylnaphthalene 0.7% | Tables S2-S7 peak list, 298.02 Th"
C11H8O7,NO3-,adduct,"nitrate CI-APi-TOF (NO3--TOF-CIMS), oxidation flow reactor",gas,chamber,chamber,,"Cheng et al., 2024, ACP",10.5194/acp-24-2099-2024,"Detected in 1 precursor system: 1-methylnaphthalene 0.4% | Tables S2-S7 peak list, 314.02 Th"
C11H8O8,NO3-,adduct,"nitrate CI-APi-TOF (NO3--TOF-CIMS), oxidation flow reactor",gas,chamber,chamber,,"Cheng et al., 2024, ACP",10.5194/acp-24-2099-2024,"Detected in 1 precursor system: 1-methylnaphthalene 0.4% | Tables S2-S7 peak list, 330.01 Th"
C11H8O9,NO3-,adduct,"nitrate CI-APi-TOF (NO3--TOF-CIMS), oxidation flow reactor",gas,chamber,chamber,,"Cheng et al., 2024, ACP",10.5194/acp-24-2099-2024,"Detected in 1 precursor system: 1-methylnaphthalene 0.3% | Tables S2-S7 peak list, 346.01 Th"
C11H8O10,NO3-,adduct,"nitrate CI-APi-TOF (NO3--TOF-CIMS), oxidation flow reactor",gas,chamber,chamber,,"Cheng et al., 2024, ACP",10.5194/acp-24-2099-2024,"Detected in 1 precursor system: 1-methylnaphthalene 0.4% | Tables S2-S7 peak list, 362.00 Th"
C11H9O6,NO3-,adduct,"nitrate CI-APi-TOF (NO3--TOF-CIMS), oxidation flow reactor",gas,chamber,chamber,,"Cheng et al., 2024, ACP",10.5194/acp-24-2099-2024,"Detected in 1 precursor system: 1-methylnaphthalene 0.1% | Tables S2-S7 peak list, 299.03 Th | peroxy radical (RO2)"
C11H9O7,NO3-,adduct,"nitrate CI-APi-TOF (NO3--TOF-CIMS), oxidation flow reactor",gas,chamber,chamber,,"Cheng et al., 2024, ACP",10.5194/acp-24-2099-2024,"Detected in 1 precursor system: 1-methylnaphthalene 0.2% | Tables S2-S7 peak list, 315.02 Th | peroxy radical (RO2)"
C11H9O8,NO3-,adduct,"nitrate CI-APi-TOF (NO3--TOF-CIMS), oxidation flow reactor",gas,chamber,chamber,,"Cheng et al., 2024, ACP",10.5194/acp-24-2099-2024,"Detected in 1 precursor system: 1-methylnaphthalene 0.1% | Tables S2-S7 peak list, 331.02 Th | peroxy radical (RO2)"
C11H9O9,NO3-,adduct,"nitrate CI-APi-TOF (NO3--TOF-CIMS), oxidation flow reactor",gas,chamber,chamber,,"Cheng et al., 2024, ACP",10.5194/acp-24-2099-2024,"Detected in 1 precursor system: 1-methylnaphthalene 0.1% | Tables S2-S7 peak list, 347.01 Th | peroxy radical (RO2)"
C11H9O10,NO3-,adduct,"nitrate CI-APi-TOF (NO3--TOF-CIMS), oxidation flow reactor",gas,chamber,chamber,,"Cheng et al., 2024, ACP",10.5194/acp-24-2099-2024,"Detected in 1 precursor system: 1-methylnaphthalene 0.2% | Tables S2-S7 peak list, 363.01 Th | peroxy radical (RO2)"
C11H10O5,NO3-,adduct,"nitrate CI-APi-TOF (NO3--TOF-CIMS), oxidation flow reactor",gas,chamber,chamber,,"Cheng et al., 2024, ACP",10.5194/acp-24-2099-2024,"Detected in 1 precursor system: 1-methylnaphthalene 0.4% | Tables S2-S7 peak list, 284.04 Th"
C11H10O6,NO3-,adduct,"nitrate CI-APi-TOF (NO3--TOF-CIMS), oxidation flow reactor",gas,chamber,chamber,,"Cheng et al., 2024, ACP",10.5194/acp-24-2099-2024,"Detected in 1 precursor system: 1-methylnaphthalene 0.7% | Tables S2-S7 peak list, 300.04 Th"
C11H10O7,NO3-,adduct,"nitrate CI-APi-TOF (NO3--TOF-CIMS), oxidation flow reactor",gas,chamber,chamber,,"Cheng et al., 2024, ACP",10.5194/acp-24-2099-2024,"Detected in 1 precursor system: 1-methylnaphthalene 0.6% | Tables S2-S7 peak list, 316.03 Th"
C11H10O8,NO3-,adduct,"nitrate CI-APi-TOF (NO3--TOF-CIMS), oxidation flow reactor",gas,chamber,chamber,,"Cheng et al., 2024, ACP",10.5194/acp-24-2099-2024,"Detected in 1 precursor system: 1-methylnaphthalene 0.8% | Tables S2-S7 peak list, 332.03 Th"
C11H10O9,NO3-,adduct,"nitrate CI-APi-TOF (NO3--TOF-CIMS), oxidation flow reactor",gas,chamber,chamber,,"Cheng et al., 2024, ACP",10.5194/acp-24-2099-2024,"Detected in 1 precursor system: 1-methylnaphthalene 0.9% | Tables S2-S7 peak list, 348.02 Th"
C11H10O10,NO3-,adduct,"nitrate CI-APi-TOF (NO3--TOF-CIMS), oxidation flow reactor",gas,chamber,chamber,,"Cheng et al., 2024, ACP",10.5194/acp-24-2099-2024,"Detected in 1 precursor system: 1-methylnaphthalene 1.0% | Tables S2-S7 peak list, 364.02 Th"
C11H10O11,NO3-,adduct,"nitrate CI-APi-TOF (NO3--TOF-CIMS), oxidation flow reactor",gas,chamber,chamber,,"Cheng et al., 2024, ACP",10.5194/acp-24-2099-2024,"Detected in 1 precursor system: 1-methylnaphthalene 0.8% | Tables S2-S7 peak list, 380.01 Th"
C11H10O12,NO3-,adduct,"nitrate CI-APi-TOF (NO3--TOF-CIMS), oxidation flow reactor",gas,chamber,chamber,,"Cheng et al., 2024, ACP",10.5194/acp-24-2099-2024,"Detected in 1 precursor system: 1-methylnaphthalene 0.4% | Tables S2-S7 peak list, 396.01 Th"
C11H10O13,NO3-,adduct,"nitrate CI-APi-TOF (NO3--TOF-CIMS), oxidation flow reactor",gas,chamber,chamber,,"Cheng et al., 2024, ACP",10.5194/acp-24-2099-2024,"Detected in 1 precursor system: 1-methylnaphthalene 0.2% | Tables S2-S7 peak list, 412.00 Th"
C11H10O14,NO3-,adduct,"nitrate CI-APi-TOF (NO3--TOF-CIMS), oxidation flow reactor",gas,chamber,chamber,,"Cheng et al., 2024, ACP",10.5194/acp-24-2099-2024,"Detected in 1 precursor system: 1-methylnaphthalene 0.1% | Tables S2-S7 peak list, 428.00 Th"
C11H11O6,NO3-,adduct,"nitrate CI-APi-TOF (NO3--TOF-CIMS), oxidation flow reactor",gas,chamber,chamber,,"Cheng et al., 2024, ACP",10.5194/acp-24-2099-2024,"Detected in 1 precursor system: 1-methylnaphthalene 0.1% | Tables S2-S7 peak list, 301.04 Th | peroxy radical (RO2)"
C11H11O7,NO3-,adduct,"nitrate CI-APi-TOF (NO3--TOF-CIMS), oxidation flow reactor",gas,chamber,chamber,,"Cheng et al., 2024, ACP",10.5194/acp-24-2099-2024,"Detected in 1 precursor system: 1-methylnaphthalene 0.1% | Tables S2-S7 peak list, 317.04 Th | peroxy radical (RO2)"
C11H11O8,NO3-,adduct,"nitrate CI-APi-TOF (NO3--TOF-CIMS), oxidation flow reactor",gas,chamber,chamber,,"Cheng et al., 2024, ACP",10.5194/acp-24-2099-2024,"Detected in 1 precursor system: 1-methylnaphthalene 0.2% | Tables S2-S7 peak list, 333.03 Th | peroxy radical (RO2)"
C11H11O9,NO3-,adduct,"nitrate CI-APi-TOF (NO3--TOF-CIMS), oxidation flow reactor",gas,chamber,chamber,,"Cheng et al., 2024, ACP",10.5194/acp-24-2099-2024,"Detected in 1 precursor system: 1-methylnaphthalene 0.1% | Tables S2-S7 peak list, 349.03 Th | peroxy radical (RO2)"
C11H11O10,NO3-,adduct,"nitrate CI-APi-TOF (NO3--TOF-CIMS), oxidation flow reactor",gas,chamber,chamber,,"Cheng et al., 2024, ACP",10.5194/acp-24-2099-2024,"Detected in 1 precursor system: 1-methylnaphthalene 0.1% | Tables S2-S7 peak list, 365.02 Th | peroxy radical (RO2)"
C11H11O11,NO3-,adduct,"nitrate CI-APi-TOF (NO3--TOF-CIMS), oxidation flow reactor",gas,chamber,chamber,,"Cheng et al., 2024, ACP",10.5194/acp-24-2099-2024,"Detected in 1 precursor system: 1-methylnaphthalene 0.1% | Tables S2-S7 peak list, 381.02 Th | peroxy radical (RO2)"
C11H11O12,NO3-,adduct,"nitrate CI-APi-TOF (NO3--TOF-CIMS), oxidation flow reactor",gas,chamber,chamber,,"Cheng et al., 2024, ACP",10.5194/acp-24-2099-2024,"Detected in 1 precursor system: 1-methylnaphthalene 0.2% | Tables S2-S7 peak list, 397.01 Th | peroxy radical (RO2)"
C11H11O13,NO3-,adduct,"nitrate CI-APi-TOF (NO3--TOF-CIMS), oxidation flow reactor",gas,chamber,chamber,,"Cheng et al., 2024, ACP",10.5194/acp-24-2099-2024,"Detected in 1 precursor system: 1-methylnaphthalene 0.1% | Tables S2-S7 peak list, 413.01 Th | peroxy radical (RO2)"
C11H12O5,NO3-,adduct,"nitrate CI-APi-TOF (NO3--TOF-CIMS), oxidation flow reactor",gas,chamber,chamber,,"Cheng et al., 2024, ACP",10.5194/acp-24-2099-2024,"Detected in 1 precursor system: 1-methylnaphthalene 0.1% | Tables S2-S7 peak list, 286.06 Th"
C11H12O6,NO3-,adduct,"nitrate CI-APi-TOF (NO3--TOF-CIMS), oxidation flow reactor",gas,chamber,chamber,,"Cheng et al., 2024, ACP",10.5194/acp-24-2099-2024,"Detected in 1 precursor system: 1-methylnaphthalene 0.2% | Tables S2-S7 peak list, 302.05 Th"
C11H12O7,NO3-,adduct,"nitrate CI-APi-TOF (NO3--TOF-CIMS), oxidation flow reactor",gas,chamber,chamber,,"Cheng et al., 2024, ACP",10.5194/acp-24-2099-2024,"Detected in 1 precursor system: 1-methylnaphthalene 0.4% | Tables S2-S7 peak list, 318.05 Th"
C11H12O8,NO3-,adduct,"nitrate CI-APi-TOF (NO3--TOF-CIMS), oxidation flow reactor",gas,chamber,chamber,,"Cheng et al., 2024, ACP",10.5194/acp-24-2099-2024,"Detected in 1 precursor system: 1-methylnaphthalene 1.0% | Tables S2-S7 peak list, 334.04 Th"
C11H12O9,NO3-,adduct,"nitrate CI-APi-TOF (NO3--TOF-CIMS), oxidation flow reactor",gas,chamber,chamber,,"Cheng et al., 2024, ACP",10.5194/acp-24-2099-2024,"Detected in 1 precursor system: 1-methylnaphthalene 1.6% | Tables S2-S7 peak list, 350.04 Th"
C11H12O10,NO3-,adduct,"nitrate CI-APi-TOF (NO3--TOF-CIMS), oxidation flow reactor",gas,chamber,chamber,,"Cheng et al., 2024, ACP",10.5194/acp-24-2099-2024,"Detected in 1 precursor system: 1-methylnaphthalene 2.1% | Tables S2-S7 peak list, 366.03 Th"
C11H12O11,NO3-,adduct,"nitrate CI-APi-TOF (NO3--TOF-CIMS), oxidation flow reactor",gas,chamber,chamber,,"Cheng et al., 2024, ACP",10.5194/acp-24-2099-2024,"Detected in 1 precursor system: 1-methylnaphthalene 1.8% | Tables S2-S7 peak list, 382.03 Th"
C11H12O12,NO3-,adduct,"nitrate CI-APi-TOF (NO3--TOF-CIMS), oxidation flow reactor",gas,chamber,chamber,,"Cheng et al., 2024, ACP",10.5194/acp-24-2099-2024,"Detected in 1 precursor system: 1-methylnaphthalene 1.3% | Tables S2-S7 peak list, 398.02 Th"
C11H12O13,NO3-,adduct,"nitrate CI-APi-TOF (NO3--TOF-CIMS), oxidation flow reactor",gas,chamber,chamber,,"Cheng et al., 2024, ACP",10.5194/acp-24-2099-2024,"Detected in 1 precursor system: 1-methylnaphthalene 0.6% | Tables S2-S7 peak list, 414.02 Th"
C11H12O14,NO3-,adduct,"nitrate CI-APi-TOF (NO3--TOF-CIMS), oxidation flow reactor",gas,chamber,chamber,,"Cheng et al., 2024, ACP",10.5194/acp-24-2099-2024,"Detected in 1 precursor system: 1-methylnaphthalene 0.3% | Tables S2-S7 peak list, 430.01 Th"
C11H13O8,NO3-,adduct,"nitrate CI-APi-TOF (NO3--TOF-CIMS), oxidation flow reactor",gas,chamber,chamber,,"Cheng et al., 2024, ACP",10.5194/acp-24-2099-2024,"Detected in 1 precursor system: 1-methylnaphthalene 0.1% | Tables S2-S7 peak list, 335.05 Th | peroxy radical (RO2)"
C11H13O9,NO3-,adduct,"nitrate CI-APi-TOF (NO3--TOF-CIMS), oxidation flow reactor",gas,chamber,chamber,,"Cheng et al., 2024, ACP",10.5194/acp-24-2099-2024,"Detected in 1 precursor system: 1-methylnaphthalene 0.2% | Tables S2-S7 peak list, 351.04 Th | peroxy radical (RO2)"
C11H13O10,NO3-,adduct,"nitrate CI-APi-TOF (NO3--TOF-CIMS), oxidation flow reactor",gas,chamber,chamber,,"Cheng et al., 2024, ACP",10.5194/acp-24-2099-2024,"Detected in 1 precursor system: 1-methylnaphthalene 0.2% | Tables S2-S7 peak list, 367.04 Th | peroxy radical (RO2)"
C11H13O11,NO3-,adduct,"nitrate CI-APi-TOF (NO3--TOF-CIMS), oxidation flow reactor",gas,chamber,chamber,,"Cheng et al., 2024, ACP",10.5194/acp-24-2099-2024,"Detected in 1 precursor system: 1-methylnaphthalene 0.2% | Tables S2-S7 peak list, 383.03 Th | peroxy radical (RO2)"
C11H13O12,NO3-,adduct,"nitrate CI-APi-TOF (NO3--TOF-CIMS), oxidation flow reactor",gas,chamber,chamber,,"Cheng et al., 2024, ACP",10.5194/acp-24-2099-2024,"Detected in 1 precursor system: 1-methylnaphthalene 0.2% | Tables S2-S7 peak list, 399.03 Th | peroxy radical (RO2)"
C11H13O13,NO3-,adduct,"nitrate CI-APi-TOF (NO3--TOF-CIMS), oxidation flow reactor",gas,chamber,chamber,,"Cheng et al., 2024, ACP",10.5194/acp-24-2099-2024,"Detected in 1 precursor system: 1-methylnaphthalene 0.2% | Tables S2-S7 peak list, 415.02 Th | peroxy radical (RO2)"
C11H13O14,NO3-,adduct,"nitrate CI-APi-TOF (NO3--TOF-CIMS), oxidation flow reactor",gas,chamber,chamber,,"Cheng et al., 2024, ACP",10.5194/acp-24-2099-2024,"Detected in 1 precursor system: 1-methylnaphthalene 0.1% | Tables S2-S7 peak list, 431.02 Th | peroxy radical (RO2)"
C11H14O7,NO3-,adduct,"nitrate CI-APi-TOF (NO3--TOF-CIMS), oxidation flow reactor",gas,chamber,chamber,,"Cheng et al., 2024, ACP",10.5194/acp-24-2099-2024,"Detected in 1 precursor system: 1-methylnaphthalene 0.2% | Tables S2-S7 peak list, 320.06 Th"
C11H14O8,NO3-,adduct,"nitrate CI-APi-TOF (NO3--TOF-CIMS), oxidation flow reactor",gas,chamber,chamber,,"Cheng et al., 2024, ACP",10.5194/acp-24-2099-2024,"Detected in 2 precursor systems: 1-methylnaphthalene 0.5%, m-xylene 0.07% | Tables S2-S7 peak list, 336.06 Th"
C11H14O9,NO3-,adduct,"nitrate CI-APi-TOF (NO3--TOF-CIMS), oxidation flow reactor",gas,chamber,chamber,,"Cheng et al., 2024, ACP",10.5194/acp-24-2099-2024,"Detected in 2 precursor systems: 1-methylnaphthalene 1.1%, benzene 0.04% | Tables S2-S7 peak list, 352.05 Th"
C11H14O10,NO3-,adduct,"nitrate CI-APi-TOF (NO3--TOF-CIMS), oxidation flow reactor",gas,chamber,chamber,,"Cheng et al., 2024, ACP",10.5194/acp-24-2099-2024,"Detected in 1 precursor system: 1-methylnaphthalene 1.9% | Tables S2-S7 peak list, 368.05 Th"
C11H14O11,NO3-,adduct,"nitrate CI-APi-TOF (NO3--TOF-CIMS), oxidation flow reactor",gas,chamber,chamber,,"Cheng et al., 2024, ACP",10.5194/acp-24-2099-2024,"Detected in 1 precursor system: 1-methylnaphthalene 1.8% | Tables S2-S7 peak list, 384.04 Th"
C11H14O12,NO3-,adduct,"nitrate CI-APi-TOF (NO3--TOF-CIMS), oxidation flow reactor",gas,chamber,chamber,,"Cheng et al., 2024, ACP",10.5194/acp-24-2099-2024,"Detected in 1 precursor system: 1-methylnaphthalene 1.3% | Tables S2-S7 peak list, 400.04 Th"
C11H14O13,NO3-,adduct,"nitrate CI-APi-TOF (NO3--TOF-CIMS), oxidation flow reactor",gas,chamber,chamber,,"Cheng et al., 2024, ACP",10.5194/acp-24-2099-2024,"Detected in 2 precursor systems: 1-methylnaphthalene 0.7%, naphthalene 0.02% | Tables S2-S7 peak list, 416.03 Th"
C11H14O14,NO3-,adduct,"nitrate CI-APi-TOF (NO3--TOF-CIMS), oxidation flow reactor",gas,chamber,chamber,,"Cheng et al., 2024, ACP",10.5194/acp-24-2099-2024,"Detected in 1 precursor system: 1-methylnaphthalene 0.4% | Tables S2-S7 peak list, 432.03 Th"
C11H16O9,NO3-,adduct,"nitrate CI-APi-TOF (NO3--TOF-CIMS), oxidation flow reactor",gas,chamber,chamber,,"Cheng et al., 2024, ACP",10.5194/acp-24-2099-2024,"Detected in 2 precursor systems: 1-methylnaphthalene 0.2%, 1,3,5-trimethylbenzene 0.05% | Tables S2-S7 peak list, 354.07 Th"
C11H16O10,NO3-,adduct,"nitrate CI-APi-TOF (NO3--TOF-CIMS), oxidation flow reactor",gas,chamber,chamber,,"Cheng et al., 2024, ACP",10.5194/acp-24-2099-2024,"Detected in 1 precursor system: 1-methylnaphthalene 0.5% | Tables S2-S7 peak list, 370.06 Th"
C11H16O11,NO3-,adduct,"nitrate CI-APi-TOF (NO3--TOF-CIMS), oxidation flow reactor",gas,chamber,chamber,,"Cheng et al., 2024, ACP",10.5194/acp-24-2099-2024,"Detected in 1 precursor system: 1-methylnaphthalene 0.7% | Tables S2-S7 peak list, 386.06 Th"
C11H16O12,NO3-,adduct,"nitrate CI-APi-TOF (NO3--TOF-CIMS), oxidation flow reactor",gas,chamber,chamber,,"Cheng et al., 2024, ACP",10.5194/acp-24-2099-2024,"Detected in 1 precursor system: 1-methylnaphthalene 0.6% | Tables S2-S7 peak list, 402.05 Th"
C11H16O13,NO3-,adduct,"nitrate CI-APi-TOF (NO3--TOF-CIMS), oxidation flow reactor",gas,chamber,chamber,,"Cheng et al., 2024, ACP",10.5194/acp-24-2099-2024,"Detected in 1 precursor system: 1-methylnaphthalene 0.4% | Tables S2-S7 peak list, 418.05 Th"
C11H16O14,NO3-,adduct,"nitrate CI-APi-TOF (NO3--TOF-CIMS), oxidation flow reactor",gas,chamber,chamber,,"Cheng et al., 2024, ACP",10.5194/acp-24-2099-2024,"Detected in 1 precursor system: 1-methylnaphthalene 0.2% | Tables S2-S7 peak list, 434.04 Th"
C11H18O8,NO3-,adduct,"nitrate CI-APi-TOF (NO3--TOF-CIMS), oxidation flow reactor",gas,chamber,chamber,,"Cheng et al., 2024, ACP",10.5194/acp-24-2099-2024,"Detected in 1 precursor system: 1,3,5-trimethylbenzene 0.09% | Tables S2-S7 peak list, 340.09 Th"
C12H10O8,NO3-,adduct,"nitrate CI-APi-TOF (NO3--TOF-CIMS), oxidation flow reactor",gas,chamber,chamber,,"Cheng et al., 2024, ACP",10.5194/acp-24-2099-2024,"Detected in 1 precursor system: toluene 0.03% | Tables S2-S7 peak list, 344.03 Th"
C12H10O10,NO3-,adduct,"nitrate CI-APi-TOF (NO3--TOF-CIMS), oxidation flow reactor",gas,chamber,chamber,,"Cheng et al., 2024, ACP",10.5194/acp-24-2099-2024,"Detected in 1 precursor system: benzene 0.13% | Tables S2-S7 peak list, 376.02 Th"
C12H10O11,NO3-,adduct,"nitrate CI-APi-TOF (NO3--TOF-CIMS), oxidation flow reactor",gas,chamber,chamber,,"Cheng et al., 2024, ACP",10.5194/acp-24-2099-2024,"Detected in 1 precursor system: benzene 0.05% | Tables S2-S7 peak list, 392.01 Th"
C12H10O12,NO3-,adduct,"nitrate CI-APi-TOF (NO3--TOF-CIMS), oxidation flow reactor",gas,chamber,chamber,,"Cheng et al., 2024, ACP",10.5194/acp-24-2099-2024,"Detected in 2 precursor systems: benzene 0.15%, 1,3,5-trimethylbenzene 0.12% | Tables S2-S7 peak list, 408.01 Th"
C12H10O13,NO3-,adduct,"nitrate CI-APi-TOF (NO3--TOF-CIMS), oxidation flow reactor",gas,chamber,chamber,,"Cheng et al., 2024, ACP",10.5194/acp-24-2099-2024,"Detected in 1 precursor system: benzene 0.05% | Tables S2-S7 peak list, 424.00 Th"
C12H10O14,NO3-,adduct,"nitrate CI-APi-TOF (NO3--TOF-CIMS), oxidation flow reactor",gas,chamber,chamber,,"Cheng et al., 2024, ACP",10.5194/acp-24-2099-2024,"Detected in 1 precursor system: benzene 0.06% | Tables S2-S7 peak list, 440.00 Th"
C12H12O10,NO3-,adduct,"nitrate CI-APi-TOF (NO3--TOF-CIMS), oxidation flow reactor",gas,chamber,chamber,,"Cheng et al., 2024, ACP",10.5194/acp-24-2099-2024,"Detected in 1 precursor system: benzene 0.13% | Tables S2-S7 peak list, 378.03 Th"
C12H12O11,NO3-,adduct,"nitrate CI-APi-TOF (NO3--TOF-CIMS), oxidation flow reactor",gas,chamber,chamber,,"Cheng et al., 2024, ACP",10.5194/acp-24-2099-2024,"Detected in 1 precursor system: benzene 0.11% | Tables S2-S7 peak list, 394.03 Th"
C12H12O12,NO3-,adduct,"nitrate CI-APi-TOF (NO3--TOF-CIMS), oxidation flow reactor",gas,chamber,chamber,,"Cheng et al., 2024, ACP",10.5194/acp-24-2099-2024,"Detected in 1 precursor system: benzene 0.14% | Tables S2-S7 peak list, 410.02 Th"
C12H12O13,NO3-,adduct,"nitrate CI-APi-TOF (NO3--TOF-CIMS), oxidation flow reactor",gas,chamber,chamber,,"Cheng et al., 2024, ACP",10.5194/acp-24-2099-2024,"Detected in 1 precursor system: benzene 0.17% | Tables S2-S7 peak list, 426.02 Th"
C12H12O14,NO3-,adduct,"nitrate CI-APi-TOF (NO3--TOF-CIMS), oxidation flow reactor",gas,chamber,chamber,,"Cheng et al., 2024, ACP",10.5194/acp-24-2099-2024,"Detected in 1 precursor system: benzene 0.06% | Tables S2-S7 peak list, 442.01 Th"
C12H14O8,NO3-,adduct,"nitrate CI-APi-TOF (NO3--TOF-CIMS), oxidation flow reactor",gas,chamber,chamber,,"Cheng et al., 2024, ACP",10.5194/acp-24-2099-2024,"Detected in 1 precursor system: benzene 0.05% | Tables S2-S7 peak list, 348.06 Th"
C12H14O9,NO3-,adduct,"nitrate CI-APi-TOF (NO3--TOF-CIMS), oxidation flow reactor",gas,chamber,chamber,,"Cheng et al., 2024, ACP",10.5194/acp-24-2099-2024,"Detected in 1 precursor system: benzene 0.07% | Tables S2-S7 peak list, 364.05 Th"
C12H14O10,NO3-,adduct,"nitrate CI-APi-TOF (NO3--TOF-CIMS), oxidation flow reactor",gas,chamber,chamber,,"Cheng et al., 2024, ACP",10.5194/acp-24-2099-2024,"Detected in 1 precursor system: benzene 0.13% | Tables S2-S7 peak list, 380.05 Th"
C12H14O11,NO3-,adduct,"nitrate CI-APi-TOF (NO3--TOF-CIMS), oxidation flow reactor",gas,chamber,chamber,,"Cheng et al., 2024, ACP",10.5194/acp-24-2099-2024,"Detected in 1 precursor system: benzene 0.16% | Tables S2-S7 peak list, 396.04 Th"
C12H14O12,NO3-,adduct,"nitrate CI-APi-TOF (NO3--TOF-CIMS), oxidation flow reactor",gas,chamber,chamber,,"Cheng et al., 2024, ACP",10.5194/acp-24-2099-2024,"Detected in 1 precursor system: benzene 0.15% | Tables S2-S7 peak list, 412.04 Th"
C12H14O13,NO3-,adduct,"nitrate CI-APi-TOF (NO3--TOF-CIMS), oxidation flow reactor",gas,chamber,chamber,,"Cheng et al., 2024, ACP",10.5194/acp-24-2099-2024,"Detected in 1 precursor system: benzene 0.15% | Tables S2-S7 peak list, 428.03 Th"
C12H14O14,NO3-,adduct,"nitrate CI-APi-TOF (NO3--TOF-CIMS), oxidation flow reactor",gas,chamber,chamber,,"Cheng et al., 2024, ACP",10.5194/acp-24-2099-2024,"Detected in 1 precursor system: benzene 0.1% | Tables S2-S7 peak list, 444.03 Th"
C12H16O10,NO3-,adduct,"nitrate CI-APi-TOF (NO3--TOF-CIMS), oxidation flow reactor",gas,chamber,chamber,,"Cheng et al., 2024, ACP",10.5194/acp-24-2099-2024,"Detected in 1 precursor system: benzene 0.06% | Tables S2-S7 peak list, 382.06 Th"
C12H16O11,NO3-,adduct,"nitrate CI-APi-TOF (NO3--TOF-CIMS), oxidation flow reactor",gas,chamber,chamber,,"Cheng et al., 2024, ACP",10.5194/acp-24-2099-2024,"Detected in 1 precursor system: benzene 0.1% | Tables S2-S7 peak list, 398.06 Th"
C12H16O12,NO3-,adduct,"nitrate CI-APi-TOF (NO3--TOF-CIMS), oxidation flow reactor",gas,chamber,chamber,,"Cheng et al., 2024, ACP",10.5194/acp-24-2099-2024,"Detected in 1 precursor system: benzene 0.09% | Tables S2-S7 peak list, 414.05 Th"
C12H16O13,NO3-,adduct,"nitrate CI-APi-TOF (NO3--TOF-CIMS), oxidation flow reactor",gas,chamber,chamber,,"Cheng et al., 2024, ACP",10.5194/acp-24-2099-2024,"Detected in 1 precursor system: benzene 0.09% | Tables S2-S7 peak list, 430.05 Th"
C12H16O14,NO3-,adduct,"nitrate CI-APi-TOF (NO3--TOF-CIMS), oxidation flow reactor",gas,chamber,chamber,,"Cheng et al., 2024, ACP",10.5194/acp-24-2099-2024,"Detected in 1 precursor system: benzene 0.05% | Tables S2-S7 peak list, 446.04 Th"
C12H18O8,NO3-,adduct,"nitrate CI-APi-TOF (NO3--TOF-CIMS), oxidation flow reactor",gas,chamber,chamber,,"Cheng et al., 2024, ACP",10.5194/acp-24-2099-2024,"Detected in 1 precursor system: 1,3,5-trimethylbenzene 0.13% | Tables S2-S7 peak list, 352.09 Th"
C13H10O6,NO3-,adduct,"nitrate CI-APi-TOF (NO3--TOF-CIMS), oxidation flow reactor",gas,chamber,chamber,,"Cheng et al., 2024, ACP",10.5194/acp-24-2099-2024,"Detected in 1 precursor system: m-xylene 0.11% | Tables S2-S7 peak list, 324.04 Th"
C13H10O8,NO3-,adduct,"nitrate CI-APi-TOF (NO3--TOF-CIMS), oxidation flow reactor",gas,chamber,chamber,,"Cheng et al., 2024, ACP",10.5194/acp-24-2099-2024,"Detected in 1 precursor system: m-xylene 0.06% | Tables S2-S7 peak list, 356.03 Th"
C13H12O9,NO3-,adduct,"nitrate CI-APi-TOF (NO3--TOF-CIMS), oxidation flow reactor",gas,chamber,chamber,,"Cheng et al., 2024, ACP",10.5194/acp-24-2099-2024,"Detected in 1 precursor system: toluene 0.02% | Tables S2-S7 peak list, 374.04 Th"
C13H14O10,NO3-,adduct,"nitrate CI-APi-TOF (NO3--TOF-CIMS), oxidation flow reactor",gas,chamber,chamber,,"Cheng et al., 2024, ACP",10.5194/acp-24-2099-2024,"Detected in 1 precursor system: toluene 0.03% | Tables S2-S7 peak list, 392.05 Th"
C13H18O4,NO3-,adduct,"nitrate CI-APi-TOF (NO3--TOF-CIMS), oxidation flow reactor",gas,chamber,chamber,,"Cheng et al., 2024, ACP",10.5194/acp-24-2099-2024,"Detected in 1 precursor system: 1-methylnaphthalene 0.04% | Tables S2-S7 peak list, 300.11 Th"
C14H8O5,NO3-,adduct,"nitrate CI-APi-TOF (NO3--TOF-CIMS), oxidation flow reactor",gas,chamber,chamber,,"Cheng et al., 2024, ACP",10.5194/acp-24-2099-2024,"Detected in 1 precursor system: m-xylene 0.14% | Tables S2-S7 peak list, 318.03 Th"
C14H12O6,NO3-,adduct,"nitrate CI-APi-TOF (NO3--TOF-CIMS), oxidation flow reactor",gas,chamber,chamber,,"Cheng et al., 2024, ACP",10.5194/acp-24-2099-2024,"Detected in 1 precursor system: m-xylene 0.16% | Tables S2-S7 peak list, 338.05 Th"
C14H14O7,NO3-,adduct,"nitrate CI-APi-TOF (NO3--TOF-CIMS), oxidation flow reactor",gas,chamber,chamber,,"Cheng et al., 2024, ACP",10.5194/acp-24-2099-2024,"Detected in 1 precursor system: 1,3,5-trimethylbenzene 0.05% | Tables S2-S7 peak list, 356.06 Th"
C14H14O12,NO3-,adduct,"nitrate CI-APi-TOF (NO3--TOF-CIMS), oxidation flow reactor",gas,chamber,chamber,,"Cheng et al., 2024, ACP",10.5194/acp-24-2099-2024,"Detected in 1 precursor system: naphthalene 0.04% | Tables S2-S7 peak list, 436.04 Th"
C14H16O9,NO3-,adduct,"nitrate CI-APi-TOF (NO3--TOF-CIMS), oxidation flow reactor",gas,chamber,chamber,,"Cheng et al., 2024, ACP",10.5194/acp-24-2099-2024,"Detected in 1 precursor system: toluene 0.04% | Tables S2-S7 peak list, 390.07 Th"
C14H16O10,NO3-,adduct,"nitrate CI-APi-TOF (NO3--TOF-CIMS), oxidation flow reactor",gas,chamber,chamber,,"Cheng et al., 2024, ACP",10.5194/acp-24-2099-2024,"Detected in 1 precursor system: toluene 0.06% | Tables S2-S7 peak list, 406.06 Th"
C14H16O11,NO3-,adduct,"nitrate CI-APi-TOF (NO3--TOF-CIMS), oxidation flow reactor",gas,chamber,chamber,,"Cheng et al., 2024, ACP",10.5194/acp-24-2099-2024,"Detected in 1 precursor system: toluene 0.08% | Tables S2-S7 peak list, 422.06 Th"
C14H16O12,NO3-,adduct,"nitrate CI-APi-TOF (NO3--TOF-CIMS), oxidation flow reactor",gas,chamber,chamber,,"Cheng et al., 2024, ACP",10.5194/acp-24-2099-2024,"Detected in 1 precursor system: toluene 0.07% | Tables S2-S7 peak list, 438.05 Th"
C14H16O13,NO3-,adduct,"nitrate CI-APi-TOF (NO3--TOF-CIMS), oxidation flow reactor",gas,chamber,chamber,,"Cheng et al., 2024, ACP",10.5194/acp-24-2099-2024,"Detected in 1 precursor system: toluene 0.07% | Tables S2-S7 peak list, 454.05 Th"
C14H16O14,NO3-,adduct,"nitrate CI-APi-TOF (NO3--TOF-CIMS), oxidation flow reactor",gas,chamber,chamber,,"Cheng et al., 2024, ACP",10.5194/acp-24-2099-2024,"Detected in 1 precursor system: toluene 0.05% | Tables S2-S7 peak list, 470.04 Th"
C14H18O8,NO3-,adduct,"nitrate CI-APi-TOF (NO3--TOF-CIMS), oxidation flow reactor",gas,chamber,chamber,,"Cheng et al., 2024, ACP",10.5194/acp-24-2099-2024,"Detected in 1 precursor system: toluene 0.03% | Tables S2-S7 peak list, 376.09 Th"
C14H18O9,NO3-,adduct,"nitrate CI-APi-TOF (NO3--TOF-CIMS), oxidation flow reactor",gas,chamber,chamber,,"Cheng et al., 2024, ACP",10.5194/acp-24-2099-2024,"Detected in 1 precursor system: toluene 0.03% | Tables S2-S7 peak list, 392.08 Th"
C14H18O10,NO3-,adduct,"nitrate CI-APi-TOF (NO3--TOF-CIMS), oxidation flow reactor",gas,chamber,chamber,,"Cheng et al., 2024, ACP",10.5194/acp-24-2099-2024,"Detected in 1 precursor system: toluene 0.1% | Tables S2-S7 peak list, 408.08 Th"
C14H18O11,NO3-,adduct,"nitrate CI-APi-TOF (NO3--TOF-CIMS), oxidation flow reactor",gas,chamber,chamber,,"Cheng et al., 2024, ACP",10.5194/acp-24-2099-2024,"Detected in 1 precursor system: toluene 0.08% | Tables S2-S7 peak list, 424.07 Th"
C14H18O12,NO3-,adduct,"nitrate CI-APi-TOF (NO3--TOF-CIMS), oxidation flow reactor",gas,chamber,chamber,,"Cheng et al., 2024, ACP",10.5194/acp-24-2099-2024,"Detected in 1 precursor system: toluene 0.13% | Tables S2-S7 peak list, 440.07 Th"
C14H18O13,NO3-,adduct,"nitrate CI-APi-TOF (NO3--TOF-CIMS), oxidation flow reactor",gas,chamber,chamber,,"Cheng et al., 2024, ACP",10.5194/acp-24-2099-2024,"Detected in 1 precursor system: toluene 0.1% | Tables S2-S7 peak list, 456.06 Th"
C14H18O14,NO3-,adduct,"nitrate CI-APi-TOF (NO3--TOF-CIMS), oxidation flow reactor",gas,chamber,chamber,,"Cheng et al., 2024, ACP",10.5194/acp-24-2099-2024,"Detected in 1 precursor system: toluene 0.07% | Tables S2-S7 peak list, 472.06 Th"
C14H20O9,NO3-,adduct,"nitrate CI-APi-TOF (NO3--TOF-CIMS), oxidation flow reactor",gas,chamber,chamber,,"Cheng et al., 2024, ACP",10.5194/acp-24-2099-2024,"Detected in 1 precursor system: toluene 0.01% | Tables S2-S7 peak list, 394.10 Th"
C14H20O10,NO3-,adduct,"nitrate CI-APi-TOF (NO3--TOF-CIMS), oxidation flow reactor",gas,chamber,chamber,,"Cheng et al., 2024, ACP",10.5194/acp-24-2099-2024,"Detected in 2 precursor systems: m-xylene 0.18%, toluene 0.04% | Tables S2-S7 peak list, 410.09 Th"
C14H20O11,NO3-,adduct,"nitrate CI-APi-TOF (NO3--TOF-CIMS), oxidation flow reactor",gas,chamber,chamber,,"Cheng et al., 2024, ACP",10.5194/acp-24-2099-2024,"Detected in 1 precursor system: toluene 0.11% | Tables S2-S7 peak list, 426.09 Th"
C14H20O12,NO3-,adduct,"nitrate CI-APi-TOF (NO3--TOF-CIMS), oxidation flow reactor",gas,chamber,chamber,,"Cheng et al., 2024, ACP",10.5194/acp-24-2099-2024,"Detected in 1 precursor system: toluene 0.07% | Tables S2-S7 peak list, 442.08 Th"
C14H20O13,NO3-,adduct,"nitrate CI-APi-TOF (NO3--TOF-CIMS), oxidation flow reactor",gas,chamber,chamber,,"Cheng et al., 2024, ACP",10.5194/acp-24-2099-2024,"Detected in 1 precursor system: toluene 0.08% | Tables S2-S7 peak list, 458.08 Th"
C14H20O14,NO3-,adduct,"nitrate CI-APi-TOF (NO3--TOF-CIMS), oxidation flow reactor",gas,chamber,chamber,,"Cheng et al., 2024, ACP",10.5194/acp-24-2099-2024,"Detected in 1 precursor system: toluene 0.05% | Tables S2-S7 peak list, 474.07 Th"
C16H18O7,NO3-,adduct,"nitrate CI-APi-TOF (NO3--TOF-CIMS), oxidation flow reactor",gas,chamber,chamber,,"Cheng et al., 2024, ACP",10.5194/acp-24-2099-2024,"Detected in 1 precursor system: m-xylene 0.11% | Tables S2-S7 peak list, 384.09 Th"
C16H18O8,NO3-,adduct,"nitrate CI-APi-TOF (NO3--TOF-CIMS), oxidation flow reactor",gas,chamber,chamber,,"Cheng et al., 2024, ACP",10.5194/acp-24-2099-2024,"Detected in 1 precursor system: m-xylene 0.1% | Tables S2-S7 peak list, 400.09 Th"
C16H18O9,NO3-,adduct,"nitrate CI-APi-TOF (NO3--TOF-CIMS), oxidation flow reactor",gas,chamber,chamber,,"Cheng et al., 2024, ACP",10.5194/acp-24-2099-2024,"Detected in 1 precursor system: m-xylene 0.08% | Tables S2-S7 peak list, 416.08 Th"
C16H18O10,NO3-,adduct,"nitrate CI-APi-TOF (NO3--TOF-CIMS), oxidation flow reactor",gas,chamber,chamber,,"Cheng et al., 2024, ACP",10.5194/acp-24-2099-2024,"Detected in 1 precursor system: m-xylene 0.08% | Tables S2-S7 peak list, 432.08 Th"
C16H20O9,NO3-,adduct,"nitrate CI-APi-TOF (NO3--TOF-CIMS), oxidation flow reactor",gas,chamber,chamber,,"Cheng et al., 2024, ACP",10.5194/acp-24-2099-2024,"Detected in 1 precursor system: m-xylene 0.06% | Tables S2-S7 peak list, 418.10 Th"
C16H20O10,NO3-,adduct,"nitrate CI-APi-TOF (NO3--TOF-CIMS), oxidation flow reactor",gas,chamber,chamber,,"Cheng et al., 2024, ACP",10.5194/acp-24-2099-2024,"Detected in 1 precursor system: m-xylene 0.14% | Tables S2-S7 peak list, 434.09 Th"
C16H20O11,NO3-,adduct,"nitrate CI-APi-TOF (NO3--TOF-CIMS), oxidation flow reactor",gas,chamber,chamber,,"Cheng et al., 2024, ACP",10.5194/acp-24-2099-2024,"Detected in 1 precursor system: m-xylene 0.26% | Tables S2-S7 peak list, 450.09 Th"
C16H20O12,NO3-,adduct,"nitrate CI-APi-TOF (NO3--TOF-CIMS), oxidation flow reactor",gas,chamber,chamber,,"Cheng et al., 2024, ACP",10.5194/acp-24-2099-2024,"Detected in 1 precursor system: m-xylene 0.33% | Tables S2-S7 peak list, 466.08 Th"
C16H20O13,NO3-,adduct,"nitrate CI-APi-TOF (NO3--TOF-CIMS), oxidation flow reactor",gas,chamber,chamber,,"Cheng et al., 2024, ACP",10.5194/acp-24-2099-2024,"Detected in 1 precursor system: m-xylene 0.3% | Tables S2-S7 peak list, 482.08 Th"
C16H20O14,NO3-,adduct,"nitrate CI-APi-TOF (NO3--TOF-CIMS), oxidation flow reactor",gas,chamber,chamber,,"Cheng et al., 2024, ACP",10.5194/acp-24-2099-2024,"Detected in 1 precursor system: m-xylene 0.19% | Tables S2-S7 peak list, 498.07 Th"
C16H22O9,NO3-,adduct,"nitrate CI-APi-TOF (NO3--TOF-CIMS), oxidation flow reactor",gas,chamber,chamber,,"Cheng et al., 2024, ACP",10.5194/acp-24-2099-2024,"Detected in 1 precursor system: m-xylene 0.11% | Tables S2-S7 peak list, 420.11 Th"
C16H22O10,NO3-,adduct,"nitrate CI-APi-TOF (NO3--TOF-CIMS), oxidation flow reactor",gas,chamber,chamber,,"Cheng et al., 2024, ACP",10.5194/acp-24-2099-2024,"Detected in 1 precursor system: m-xylene 0.3% | Tables S2-S7 peak list, 436.11 Th"
C16H22O11,NO3-,adduct,"nitrate CI-APi-TOF (NO3--TOF-CIMS), oxidation flow reactor",gas,chamber,chamber,,"Cheng et al., 2024, ACP",10.5194/acp-24-2099-2024,"Detected in 1 precursor system: m-xylene 0.37% | Tables S2-S7 peak list, 452.10 Th"
C16H22O12,NO3-,adduct,"nitrate CI-APi-TOF (NO3--TOF-CIMS), oxidation flow reactor",gas,chamber,chamber,,"Cheng et al., 2024, ACP",10.5194/acp-24-2099-2024,"Detected in 1 precursor system: m-xylene 0.54% | Tables S2-S7 peak list, 468.10 Th"
C16H22O13,NO3-,adduct,"nitrate CI-APi-TOF (NO3--TOF-CIMS), oxidation flow reactor",gas,chamber,chamber,,"Cheng et al., 2024, ACP",10.5194/acp-24-2099-2024,"Detected in 1 precursor system: m-xylene 0.46% | Tables S2-S7 peak list, 484.09 Th"
C16H22O14,NO3-,adduct,"nitrate CI-APi-TOF (NO3--TOF-CIMS), oxidation flow reactor",gas,chamber,chamber,,"Cheng et al., 2024, ACP",10.5194/acp-24-2099-2024,"Detected in 1 precursor system: m-xylene 0.32% | Tables S2-S7 peak list, 500.09 Th"
C16H24O10,NO3-,adduct,"nitrate CI-APi-TOF (NO3--TOF-CIMS), oxidation flow reactor",gas,chamber,chamber,,"Cheng et al., 2024, ACP",10.5194/acp-24-2099-2024,"Detected in 1 precursor system: m-xylene 0.28% | Tables S2-S7 peak list, 438.13 Th"
C16H24O11,NO3-,adduct,"nitrate CI-APi-TOF (NO3--TOF-CIMS), oxidation flow reactor",gas,chamber,chamber,,"Cheng et al., 2024, ACP",10.5194/acp-24-2099-2024,"Detected in 1 precursor system: m-xylene 0.48% | Tables S2-S7 peak list, 454.12 Th"
C16H24O12,NO3-,adduct,"nitrate CI-APi-TOF (NO3--TOF-CIMS), oxidation flow reactor",gas,chamber,chamber,,"Cheng et al., 2024, ACP",10.5194/acp-24-2099-2024,"Detected in 1 precursor system: m-xylene 0.47% | Tables S2-S7 peak list, 470.12 Th"
C16H24O13,NO3-,adduct,"nitrate CI-APi-TOF (NO3--TOF-CIMS), oxidation flow reactor",gas,chamber,chamber,,"Cheng et al., 2024, ACP",10.5194/acp-24-2099-2024,"Detected in 1 precursor system: m-xylene 0.47% | Tables S2-S7 peak list, 486.11 Th"
C16H24O14,NO3-,adduct,"nitrate CI-APi-TOF (NO3--TOF-CIMS), oxidation flow reactor",gas,chamber,chamber,,"Cheng et al., 2024, ACP",10.5194/acp-24-2099-2024,"Detected in 1 precursor system: m-xylene 0.27% | Tables S2-S7 peak list, 502.10 Th"
C18H12O12,NO3-,adduct,"nitrate CI-APi-TOF (NO3--TOF-CIMS), oxidation flow reactor",gas,chamber,chamber,,"Cheng et al., 2024, ACP",10.5194/acp-24-2099-2024,"Detected in 1 precursor system: naphthalene 0.02% | Tables S2-S7 peak list, 482.02 Th"
C18H24O10,NO3-,adduct,"nitrate CI-APi-TOF (NO3--TOF-CIMS), oxidation flow reactor",gas,chamber,chamber,,"Cheng et al., 2024, ACP",10.5194/acp-24-2099-2024,"Detected in 1 precursor system: 1,3,5-trimethylbenzene 0.09% | Tables S2-S7 peak list, 462.13 Th"
C18H24O11,NO3-,adduct,"nitrate CI-APi-TOF (NO3--TOF-CIMS), oxidation flow reactor",gas,chamber,chamber,,"Cheng et al., 2024, ACP",10.5194/acp-24-2099-2024,"Detected in 1 precursor system: 1,3,5-trimethylbenzene 0.11% | Tables S2-S7 peak list, 478.12 Th"
C18H24O12,NO3-,adduct,"nitrate CI-APi-TOF (NO3--TOF-CIMS), oxidation flow reactor",gas,chamber,chamber,,"Cheng et al., 2024, ACP",10.5194/acp-24-2099-2024,"Detected in 1 precursor system: 1,3,5-trimethylbenzene 0.23% | Tables S2-S7 peak list, 494.12 Th"
C18H24O13,NO3-,adduct,"nitrate CI-APi-TOF (NO3--TOF-CIMS), oxidation flow reactor",gas,chamber,chamber,,"Cheng et al., 2024, ACP",10.5194/acp-24-2099-2024,"Detected in 1 precursor system: 1,3,5-trimethylbenzene 0.1% | Tables S2-S7 peak list, 510.11 Th"
C18H24O14,NO3-,adduct,"nitrate CI-APi-TOF (NO3--TOF-CIMS), oxidation flow reactor",gas,chamber,chamber,,"Cheng et al., 2024, ACP",10.5194/acp-24-2099-2024,"Detected in 1 precursor system: 1,3,5-trimethylbenzene 0.12% | Tables S2-S7 peak list, 526.10 Th"
C18H26O10,NO3-,adduct,"nitrate CI-APi-TOF (NO3--TOF-CIMS), oxidation flow reactor",gas,chamber,chamber,,"Cheng et al., 2024, ACP",10.5194/acp-24-2099-2024,"Detected in 1 precursor system: 1,3,5-trimethylbenzene 0.19% | Tables S2-S7 peak list, 464.14 Th"
C18H26O11,NO3-,adduct,"nitrate CI-APi-TOF (NO3--TOF-CIMS), oxidation flow reactor",gas,chamber,chamber,,"Cheng et al., 2024, ACP",10.5194/acp-24-2099-2024,"Detected in 1 precursor system: 1,3,5-trimethylbenzene 0.13% | Tables S2-S7 peak list, 480.14 Th"
C18H26O12,NO3-,adduct,"nitrate CI-APi-TOF (NO3--TOF-CIMS), oxidation flow reactor",gas,chamber,chamber,,"Cheng et al., 2024, ACP",10.5194/acp-24-2099-2024,"Detected in 1 precursor system: 1,3,5-trimethylbenzene 0.37% | Tables S2-S7 peak list, 496.13 Th"
C18H26O13,NO3-,adduct,"nitrate CI-APi-TOF (NO3--TOF-CIMS), oxidation flow reactor",gas,chamber,chamber,,"Cheng et al., 2024, ACP",10.5194/acp-24-2099-2024,"Detected in 1 precursor system: 1,3,5-trimethylbenzene 0.23% | Tables S2-S7 peak list, 512.13 Th"
C18H26O14,NO3-,adduct,"nitrate CI-APi-TOF (NO3--TOF-CIMS), oxidation flow reactor",gas,chamber,chamber,,"Cheng et al., 2024, ACP",10.5194/acp-24-2099-2024,"Detected in 1 precursor system: 1,3,5-trimethylbenzene 0.18% | Tables S2-S7 peak list, 528.12 Th"
C18H28O10,NO3-,adduct,"nitrate CI-APi-TOF (NO3--TOF-CIMS), oxidation flow reactor",gas,chamber,chamber,,"Cheng et al., 2024, ACP",10.5194/acp-24-2099-2024,"Detected in 1 precursor system: 1,3,5-trimethylbenzene 0.08% | Tables S2-S7 peak list, 466.16 Th"
C18H28O11,NO3-,adduct,"nitrate CI-APi-TOF (NO3--TOF-CIMS), oxidation flow reactor",gas,chamber,chamber,,"Cheng et al., 2024, ACP",10.5194/acp-24-2099-2024,"Detected in 1 precursor system: 1,3,5-trimethylbenzene 0.16% | Tables S2-S7 peak list, 482.15 Th"
C18H28O12,NO3-,adduct,"nitrate CI-APi-TOF (NO3--TOF-CIMS), oxidation flow reactor",gas,chamber,chamber,,"Cheng et al., 2024, ACP",10.5194/acp-24-2099-2024,"Detected in 1 precursor system: 1,3,5-trimethylbenzene 0.22% | Tables S2-S7 peak list, 498.15 Th"
C18H28O13,NO3-,adduct,"nitrate CI-APi-TOF (NO3--TOF-CIMS), oxidation flow reactor",gas,chamber,chamber,,"Cheng et al., 2024, ACP",10.5194/acp-24-2099-2024,"Detected in 1 precursor system: 1,3,5-trimethylbenzene 0.18% | Tables S2-S7 peak list, 514.14 Th"
C18H28O14,NO3-,adduct,"nitrate CI-APi-TOF (NO3--TOF-CIMS), oxidation flow reactor",gas,chamber,chamber,,"Cheng et al., 2024, ACP",10.5194/acp-24-2099-2024,"Detected in 1 precursor system: 1,3,5-trimethylbenzene 0.17% | Tables S2-S7 peak list, 530.14 Th"
C20H10O5,NO3-,adduct,"nitrate CI-APi-TOF (NO3--TOF-CIMS), oxidation flow reactor",gas,chamber,chamber,,"Cheng et al., 2024, ACP",10.5194/acp-24-2099-2024,"Detected in 1 precursor system: 1-methylnaphthalene 0.02% | Tables S2-S7 peak list, 392.04 Th"
C20H14O8,NO3-,adduct,"nitrate CI-APi-TOF (NO3--TOF-CIMS), oxidation flow reactor",gas,chamber,chamber,,"Cheng et al., 2024, ACP",10.5194/acp-24-2099-2024,"Detected in 1 precursor system: naphthalene 0.01% | Tables S2-S7 peak list, 444.06 Th"
C20H14O10,NO3-,adduct,"nitrate CI-APi-TOF (NO3--TOF-CIMS), oxidation flow reactor",gas,chamber,chamber,,"Cheng et al., 2024, ACP",10.5194/acp-24-2099-2024,"Detected in 1 precursor system: naphthalene 0.02% | Tables S2-S7 peak list, 476.05 Th"
C20H14O11,NO3-,adduct,"nitrate CI-APi-TOF (NO3--TOF-CIMS), oxidation flow reactor",gas,chamber,chamber,,"Cheng et al., 2024, ACP",10.5194/acp-24-2099-2024,"Detected in 1 precursor system: naphthalene 0.02% | Tables S2-S7 peak list, 492.04 Th"
C20H14O12,NO3-,adduct,"nitrate CI-APi-TOF (NO3--TOF-CIMS), oxidation flow reactor",gas,chamber,chamber,,"Cheng et al., 2024, ACP",10.5194/acp-24-2099-2024,"Detected in 1 precursor system: naphthalene 0.02% | Tables S2-S7 peak list, 508.04 Th"
C20H16O8,NO3-,adduct,"nitrate CI-APi-TOF (NO3--TOF-CIMS), oxidation flow reactor",gas,chamber,chamber,,"Cheng et al., 2024, ACP",10.5194/acp-24-2099-2024,"Detected in 1 precursor system: naphthalene 0.02% | Tables S2-S7 peak list, 446.07 Th"
C20H16O9,NO3-,adduct,"nitrate CI-APi-TOF (NO3--TOF-CIMS), oxidation flow reactor",gas,chamber,chamber,,"Cheng et al., 2024, ACP",10.5194/acp-24-2099-2024,"Detected in 1 precursor system: naphthalene 0.03% | Tables S2-S7 peak list, 462.07 Th"
C20H16O10,NO3-,adduct,"nitrate CI-APi-TOF (NO3--TOF-CIMS), oxidation flow reactor",gas,chamber,chamber,,"Cheng et al., 2024, ACP",10.5194/acp-24-2099-2024,"Detected in 1 precursor system: naphthalene 0.03% | Tables S2-S7 peak list, 478.06 Th"
C20H16O11,NO3-,adduct,"nitrate CI-APi-TOF (NO3--TOF-CIMS), oxidation flow reactor",gas,chamber,chamber,,"Cheng et al., 2024, ACP",10.5194/acp-24-2099-2024,"Detected in 1 precursor system: naphthalene 0.03% | Tables S2-S7 peak list, 494.06 Th"
C20H16O12,NO3-,adduct,"nitrate CI-APi-TOF (NO3--TOF-CIMS), oxidation flow reactor",gas,chamber,chamber,,"Cheng et al., 2024, ACP",10.5194/acp-24-2099-2024,"Detected in 1 precursor system: naphthalene 0.01% | Tables S2-S7 peak list, 510.05 Th"
C20H18O9,NO3-,adduct,"nitrate CI-APi-TOF (NO3--TOF-CIMS), oxidation flow reactor",gas,chamber,chamber,,"Cheng et al., 2024, ACP",10.5194/acp-24-2099-2024,"Detected in 1 precursor system: naphthalene 0.01% | Tables S2-S7 peak list, 464.08 Th"
C20H18O10,NO3-,adduct,"nitrate CI-APi-TOF (NO3--TOF-CIMS), oxidation flow reactor",gas,chamber,chamber,,"Cheng et al., 2024, ACP",10.5194/acp-24-2099-2024,"Detected in 1 precursor system: naphthalene 0.02% | Tables S2-S7 peak list, 480.08 Th"
C20H18O11,NO3-,adduct,"nitrate CI-APi-TOF (NO3--TOF-CIMS), oxidation flow reactor",gas,chamber,chamber,,"Cheng et al., 2024, ACP",10.5194/acp-24-2099-2024,"Detected in 1 precursor system: naphthalene 0.03% | Tables S2-S7 peak list, 496.07 Th"
C20H18O12,NO3-,adduct,"nitrate CI-APi-TOF (NO3--TOF-CIMS), oxidation flow reactor",gas,chamber,chamber,,"Cheng et al., 2024, ACP",10.5194/acp-24-2099-2024,"Detected in 1 precursor system: naphthalene 0.02% | Tables S2-S7 peak list, 512.07 Th"
C20H18O14,NO3-,adduct,"nitrate CI-APi-TOF (NO3--TOF-CIMS), oxidation flow reactor",gas,chamber,chamber,,"Cheng et al., 2024, ACP",10.5194/acp-24-2099-2024,"Detected in 1 precursor system: naphthalene 0.02% | Tables S2-S7 peak list, 544.06 Th"
C20H20O11,NO3-,adduct,"nitrate CI-APi-TOF (NO3--TOF-CIMS), oxidation flow reactor",gas,chamber,chamber,,"Cheng et al., 2024, ACP",10.5194/acp-24-2099-2024,"Detected in 1 precursor system: naphthalene 0.02% | Tables S2-S7 peak list, 498.09 Th"
C20H20O12,NO3-,adduct,"nitrate CI-APi-TOF (NO3--TOF-CIMS), oxidation flow reactor",gas,chamber,chamber,,"Cheng et al., 2024, ACP",10.5194/acp-24-2099-2024,"Detected in 1 precursor system: naphthalene 0.03% | Tables S2-S7 peak list, 514.08 Th"
C20H20O13,NO3-,adduct,"nitrate CI-APi-TOF (NO3--TOF-CIMS), oxidation flow reactor",gas,chamber,chamber,,"Cheng et al., 2024, ACP",10.5194/acp-24-2099-2024,"Detected in 1 precursor system: naphthalene 0.01% | Tables S2-S7 peak list, 530.08 Th"
C20H20O14,NO3-,adduct,"nitrate CI-APi-TOF (NO3--TOF-CIMS), oxidation flow reactor",gas,chamber,chamber,,"Cheng et al., 2024, ACP",10.5194/acp-24-2099-2024,"Detected in 1 precursor system: naphthalene 0.03% | Tables S2-S7 peak list, 546.07 Th"
C20H22O12,NO3-,adduct,"nitrate CI-APi-TOF (NO3--TOF-CIMS), oxidation flow reactor",gas,chamber,chamber,,"Cheng et al., 2024, ACP",10.5194/acp-24-2099-2024,"Detected in 1 precursor system: naphthalene 0.01% | Tables S2-S7 peak list, 516.10 Th"
C22H18O9,NO3-,adduct,"nitrate CI-APi-TOF (NO3--TOF-CIMS), oxidation flow reactor",gas,chamber,chamber,,"Cheng et al., 2024, ACP",10.5194/acp-24-2099-2024,"Detected in 1 precursor system: 1-methylnaphthalene 0.02% | Tables S2-S7 peak list, 488.08 Th"
C22H18O10,NO3-,adduct,"nitrate CI-APi-TOF (NO3--TOF-CIMS), oxidation flow reactor",gas,chamber,chamber,,"Cheng et al., 2024, ACP",10.5194/acp-24-2099-2024,"Detected in 1 precursor system: 1-methylnaphthalene 0.02% | Tables S2-S7 peak list, 504.08 Th"
C22H18O11,NO3-,adduct,"nitrate CI-APi-TOF (NO3--TOF-CIMS), oxidation flow reactor",gas,chamber,chamber,,"Cheng et al., 2024, ACP",10.5194/acp-24-2099-2024,"Detected in 1 precursor system: 1-methylnaphthalene 0.04% | Tables S2-S7 peak list, 520.07 Th"
C22H18O13,NO3-,adduct,"nitrate CI-APi-TOF (NO3--TOF-CIMS), oxidation flow reactor",gas,chamber,chamber,,"Cheng et al., 2024, ACP",10.5194/acp-24-2099-2024,"Detected in 1 precursor system: 1-methylnaphthalene 0.03% | Tables S2-S7 peak list, 552.06 Th"
C22H18O14,NO3-,adduct,"nitrate CI-APi-TOF (NO3--TOF-CIMS), oxidation flow reactor",gas,chamber,chamber,,"Cheng et al., 2024, ACP",10.5194/acp-24-2099-2024,"Detected in 1 precursor system: 1-methylnaphthalene 0.01% | Tables S2-S7 peak list, 568.06 Th"
C22H20O10,NO3-,adduct,"nitrate CI-APi-TOF (NO3--TOF-CIMS), oxidation flow reactor",gas,chamber,chamber,,"Cheng et al., 2024, ACP",10.5194/acp-24-2099-2024,"Detected in 1 precursor system: 1-methylnaphthalene 0.02% | Tables S2-S7 peak list, 506.09 Th"
C22H20O11,NO3-,adduct,"nitrate CI-APi-TOF (NO3--TOF-CIMS), oxidation flow reactor",gas,chamber,chamber,,"Cheng et al., 2024, ACP",10.5194/acp-24-2099-2024,"Detected in 1 precursor system: 1-methylnaphthalene 0.03% | Tables S2-S7 peak list, 522.09 Th"
C22H20O12,NO3-,adduct,"nitrate CI-APi-TOF (NO3--TOF-CIMS), oxidation flow reactor",gas,chamber,chamber,,"Cheng et al., 2024, ACP",10.5194/acp-24-2099-2024,"Detected in 1 precursor system: 1-methylnaphthalene 0.04% | Tables S2-S7 peak list, 538.08 Th"
C22H20O13,NO3-,adduct,"nitrate CI-APi-TOF (NO3--TOF-CIMS), oxidation flow reactor",gas,chamber,chamber,,"Cheng et al., 2024, ACP",10.5194/acp-24-2099-2024,"Detected in 1 precursor system: 1-methylnaphthalene 0.03% | Tables S2-S7 peak list, 554.08 Th"
C22H20O14,NO3-,adduct,"nitrate CI-APi-TOF (NO3--TOF-CIMS), oxidation flow reactor",gas,chamber,chamber,,"Cheng et al., 2024, ACP",10.5194/acp-24-2099-2024,"Detected in 1 precursor system: 1-methylnaphthalene 0.06% | Tables S2-S7 peak list, 570.07 Th"
C22H22O9,NO3-,adduct,"nitrate CI-APi-TOF (NO3--TOF-CIMS), oxidation flow reactor",gas,chamber,chamber,,"Cheng et al., 2024, ACP",10.5194/acp-24-2099-2024,"Detected in 1 precursor system: 1-methylnaphthalene 0.02% | Tables S2-S7 peak list, 492.11 Th"
C22H22O10,NO3-,adduct,"nitrate CI-APi-TOF (NO3--TOF-CIMS), oxidation flow reactor",gas,chamber,chamber,,"Cheng et al., 2024, ACP",10.5194/acp-24-2099-2024,"Detected in 1 precursor system: 1-methylnaphthalene 0.02% | Tables S2-S7 peak list, 508.11 Th"
C22H22O11,NO3-,adduct,"nitrate CI-APi-TOF (NO3--TOF-CIMS), oxidation flow reactor",gas,chamber,chamber,,"Cheng et al., 2024, ACP",10.5194/acp-24-2099-2024,"Detected in 1 precursor system: 1-methylnaphthalene 0.04% | Tables S2-S7 peak list, 524.10 Th"
C22H22O12,NO3-,adduct,"nitrate CI-APi-TOF (NO3--TOF-CIMS), oxidation flow reactor",gas,chamber,chamber,,"Cheng et al., 2024, ACP",10.5194/acp-24-2099-2024,"Detected in 1 precursor system: 1-methylnaphthalene 0.05% | Tables S2-S7 peak list, 540.10 Th"
C22H22O13,NO3-,adduct,"nitrate CI-APi-TOF (NO3--TOF-CIMS), oxidation flow reactor",gas,chamber,chamber,,"Cheng et al., 2024, ACP",10.5194/acp-24-2099-2024,"Detected in 1 precursor system: 1-methylnaphthalene 0.04% | Tables S2-S7 peak list, 556.09 Th"
C22H22O14,NO3-,adduct,"nitrate CI-APi-TOF (NO3--TOF-CIMS), oxidation flow reactor",gas,chamber,chamber,,"Cheng et al., 2024, ACP",10.5194/acp-24-2099-2024,"Detected in 1 precursor system: 1-methylnaphthalene 0.05% | Tables S2-S7 peak list, 572.09 Th"
C22H24O10,NO3-,adduct,"nitrate CI-APi-TOF (NO3--TOF-CIMS), oxidation flow reactor",gas,chamber,chamber,,"Cheng et al., 2024, ACP",10.5194/acp-24-2099-2024,"Detected in 1 precursor system: 1-methylnaphthalene 0.02% | Tables S2-S7 peak list, 510.13 Th"
C22H24O11,NO3-,adduct,"nitrate CI-APi-TOF (NO3--TOF-CIMS), oxidation flow reactor",gas,chamber,chamber,,"Cheng et al., 2024, ACP",10.5194/acp-24-2099-2024,"Detected in 1 precursor system: 1-methylnaphthalene 0.02% | Tables S2-S7 peak list, 526.12 Th"
C22H24O12,NO3-,adduct,"nitrate CI-APi-TOF (NO3--TOF-CIMS), oxidation flow reactor",gas,chamber,chamber,,"Cheng et al., 2024, ACP",10.5194/acp-24-2099-2024,"Detected in 1 precursor system: 1-methylnaphthalene 0.04% | Tables S2-S7 peak list, 542.12 Th"
C22H24O13,NO3-,adduct,"nitrate CI-APi-TOF (NO3--TOF-CIMS), oxidation flow reactor",gas,chamber,chamber,,"Cheng et al., 2024, ACP",10.5194/acp-24-2099-2024,"Detected in 1 precursor system: 1-methylnaphthalene 0.04% | Tables S2-S7 peak list, 558.11 Th"
C22H24O14,NO3-,adduct,"nitrate CI-APi-TOF (NO3--TOF-CIMS), oxidation flow reactor",gas,chamber,chamber,,"Cheng et al., 2024, ACP",10.5194/acp-24-2099-2024,"Detected in 1 precursor system: 1-methylnaphthalene 0.04% | Tables S2-S7 peak list, 574.10 Th"
C6H6O4,NO3-,adduct,nitrate CI-APi-TOF,gas,chamber,chamber,,"Garmash et al., 2020, ACP",10.5194/acp-20-515-2020,"Precursor system: benzene, toluene | SI Tables S1-S4 peak list, ion m/z 204.0150 Th"
C6H7O4,NO3-,adduct,nitrate CI-APi-TOF,gas,chamber,chamber,,"Garmash et al., 2020, ACP",10.5194/acp-20-515-2020,"Precursor system: benzene | SI Tables S1-S4 peak list, ion m/z 205.0228 Th"
C6H8O4,NO3-,adduct,nitrate CI-APi-TOF,gas,chamber,chamber,,"Garmash et al., 2020, ACP",10.5194/acp-20-515-2020,"Precursor system: benzene, toluene | SI Tables S1-S4 peak list, ion m/z 206.0306 Th"
C5H6O5,NO3-,adduct,nitrate CI-APi-TOF,gas,chamber,chamber,,"Garmash et al., 2020, ACP",10.5194/acp-20-515-2020,"Precursor system: benzene | SI Tables S1-S4 peak list, ion m/z 208.0099 Th"
C6H6O5,NO3-,adduct,nitrate CI-APi-TOF,gas,chamber,chamber,,"Garmash et al., 2020, ACP",10.5194/acp-20-515-2020,"Precursor system: benzene, toluene | SI Tables S1-S4 peak list, ion m/z 220.0099 Th"
C6H7O5,NO3-,adduct,nitrate CI-APi-TOF,gas,chamber,chamber,,"Garmash et al., 2020, ACP",10.5194/acp-20-515-2020,"Precursor system: benzene | SI Tables S1-S4 peak list, ion m/z 221.0177 Th"
C6H8O5,NO3-,adduct,nitrate CI-APi-TOF,gas,chamber,chamber,,"Garmash et al., 2020, ACP",10.5194/acp-20-515-2020,"Precursor system: benzene, toluene | SI Tables S1-S4 peak list, ion m/z 222.0255 Th"
C5H5O6,NO3-,adduct,nitrate CI-APi-TOF,gas,chamber,chamber,,"Garmash et al., 2020, ACP",10.5194/acp-20-515-2020,"Precursor system: benzene | SI Tables S1-S4 peak list, ion m/z 222.9970 Th"
C5H6O6,NO3-,adduct,nitrate CI-APi-TOF,gas,chamber,chamber,,"Garmash et al., 2020, ACP",10.5194/acp-20-515-2020,"Precursor system: JPAC chamber, benzene, toluene | SI Tables S1-S4 peak list, ion m/z 224.0048 Th"
C5H7O6,NO3-,adduct,nitrate CI-APi-TOF,gas,chamber,chamber,,"Garmash et al., 2020, ACP",10.5194/acp-20-515-2020,"Precursor system: benzene | SI Tables S1-S4 peak list, ion m/z 225.0126 Th"
C6H6O6,NO3-,adduct,nitrate CI-APi-TOF,gas,chamber,chamber,,"Garmash et al., 2020, ACP",10.5194/acp-20-515-2020,"Precursor system: JPAC chamber, benzene, toluene | SI Tables S1-S4 peak list, ion m/z 236.0048 Th | detected both as NO3- adduct and deprotonated"
C6H7O6,NO3-,adduct,nitrate CI-APi-TOF,gas,chamber,chamber,,"Garmash et al., 2020, ACP",10.5194/acp-20-515-2020,"Precursor system: JPAC chamber, benzene | SI Tables S1-S4 peak list, ion m/z 237.0126 Th"
C6H8O6,NO3-,adduct,nitrate CI-APi-TOF,gas,chamber,chamber,,"Garmash et al., 2020, ACP",10.5194/acp-20-515-2020,"Precursor system: benzene, toluene | SI Tables S1-S4 peak list, ion m/z 238.0205 Th"
C5H6O7,NO3-,adduct,nitrate CI-APi-TOF,gas,chamber,chamber,,"Garmash et al., 2020, ACP",10.5194/acp-20-515-2020,"Precursor system: JPAC chamber, benzene, toluene | SI Tables S1-S4 peak list, ion m/z 239.9997 Th"
C5H7O7,NO3-,adduct,nitrate CI-APi-TOF,gas,chamber,chamber,,"Garmash et al., 2020, ACP",10.5194/acp-20-515-2020,"Precursor system: JPAC chamber, benzene, toluene | SI Tables S1-S4 peak list, ion m/z 241.0075 Th"
C5H8O7,NO3-,adduct,nitrate CI-APi-TOF,gas,chamber,chamber,,"Garmash et al., 2020, ACP",10.5194/acp-20-515-2020,"Precursor system: benzene | SI Tables S1-S4 peak list, ion m/z 242.0154 Th"
C6H6O7,NO3-,adduct,nitrate CI-APi-TOF,gas,chamber,chamber,,"Garmash et al., 2020, ACP",10.5194/acp-20-515-2020,"Precursor system: JPAC chamber, benzene, toluene | SI Tables S1-S4 peak list, ion m/z 251.9997 Th"
C6H7O7,NO3-,adduct,nitrate CI-APi-TOF,gas,chamber,chamber,,"Garmash et al., 2020, ACP",10.5194/acp-20-515-2020,"Precursor system: benzene | SI Tables S1-S4 peak list, ion m/z 253.0075 Th"
C6H8O7,NO3-,adduct,nitrate CI-APi-TOF,gas,chamber,chamber,,"Garmash et al., 2020, ACP",10.5194/acp-20-515-2020,"Precursor system: JPAC chamber, benzene, toluene | SI Tables S1-S4 peak list, ion m/z 254.0154 Th"
C5H6O8,NO3-,adduct,nitrate CI-APi-TOF,gas,chamber,chamber,,"Garmash et al., 2020, ACP",10.5194/acp-20-515-2020,"Precursor system: JPAC chamber, benzene, toluene | SI Tables S1-S4 peak list, ion m/z 255.9946 Th"
C5H7O8,NO3-,adduct,nitrate CI-APi-TOF,gas,chamber,chamber,,"Garmash et al., 2020, ACP",10.5194/acp-20-515-2020,"Precursor system: benzene | SI Tables S1-S4 peak list, ion m/z 257.0025 Th"
C6H6O8,NO3-,adduct,nitrate CI-APi-TOF,gas,chamber,chamber,,"Garmash et al., 2020, ACP",10.5194/acp-20-515-2020,"Precursor system: JPAC chamber, benzene, toluene | SI Tables S1-S4 peak list, ion m/z 267.9946 Th | detected both as NO3- adduct and deprotonated"
C6H7O8,NO3-,adduct,nitrate CI-APi-TOF,gas,chamber,chamber,,"Garmash et al., 2020, ACP",10.5194/acp-20-515-2020,"Precursor system: JPAC chamber, benzene | SI Tables S1-S4 peak list, ion m/z 269.0025 Th"
C6H8O8,NO3-,adduct,nitrate CI-APi-TOF,gas,chamber,chamber,,"Garmash et al., 2020, ACP",10.5194/acp-20-515-2020,"Precursor system: JPAC chamber, benzene, toluene | SI Tables S1-S4 peak list, ion m/z 270.0103 Th | detected both as NO3- adduct and deprotonated"
C5H6O9,NO3-,adduct,nitrate CI-APi-TOF,gas,chamber,chamber,,"Garmash et al., 2020, ACP",10.5194/acp-20-515-2020,"Precursor system: benzene | SI Tables S1-S4 peak list, ion m/z 271.9896 Th"
C5H7O9,NO3-,adduct,nitrate CI-APi-TOF,gas,chamber,chamber,,"Garmash et al., 2020, ACP",10.5194/acp-20-515-2020,"Precursor system: benzene | SI Tables S1-S4 peak list, ion m/z 272.9974 Th"
C5H8O9,NO3-,adduct,nitrate CI-APi-TOF,gas,chamber,chamber,,"Garmash et al., 2020, ACP",10.5194/acp-20-515-2020,"Precursor system: benzene | SI Tables S1-S4 peak list, ion m/z 274.0052 Th"
C6H6O9,NO3-,adduct,nitrate CI-APi-TOF,gas,chamber,chamber,,"Garmash et al., 2020, ACP",10.5194/acp-20-515-2020,"Precursor system: JPAC chamber, benzene, toluene | SI Tables S1-S4 peak list, ion m/z 283.9895 Th | detected both as NO3- adduct and deprotonated"
C6H7O9,NO3-,adduct,nitrate CI-APi-TOF,gas,chamber,chamber,,"Garmash et al., 2020, ACP",10.5194/acp-20-515-2020,"Precursor system: JPAC chamber, benzene | SI Tables S1-S4 peak list, ion m/z 284.9974 Th"
C6H8O9,NO3-,adduct,nitrate CI-APi-TOF,gas,chamber,chamber,,"Garmash et al., 2020, ACP",10.5194/acp-20-515-2020,"Precursor system: JPAC chamber, benzene, toluene | SI Tables S1-S4 peak list, ion m/z 286.0052 Th"
C5H8O10,NO3-,adduct,nitrate CI-APi-TOF,gas,chamber,chamber,,"Garmash et al., 2020, ACP",10.5194/acp-20-515-2020,"Precursor system: JPAC chamber, benzene | SI Tables S1-S4 peak list, ion m/z 290.0001 Th"
C6H6O10,NO3-,adduct,nitrate CI-APi-TOF,gas,chamber,chamber,,"Garmash et al., 2020, ACP",10.5194/acp-20-515-2020,"Precursor system: JPAC chamber, benzene | SI Tables S1-S4 peak list, ion m/z 299.9845 Th"
C6H7O10,NO3-,adduct,nitrate CI-APi-TOF,gas,chamber,chamber,,"Garmash et al., 2020, ACP",10.5194/acp-20-515-2020,"Precursor system: benzene | SI Tables S1-S4 peak list, ion m/z 300.9923 Th"
C6H8O10,NO3-,adduct,nitrate CI-APi-TOF,gas,chamber,chamber,,"Garmash et al., 2020, ACP",10.5194/acp-20-515-2020,"Precursor system: JPAC chamber, benzene | SI Tables S1-S4 peak list, ion m/z 302.0001 Th"
C12H12O6,NO3-,adduct,nitrate CI-APi-TOF,gas,chamber,chamber,,"Garmash et al., 2020, ACP",10.5194/acp-20-515-2020,"Precursor system: benzene | SI Tables S1-S4 peak list, ion m/z 314.0518 Th"
C12H14O6,NO3-,adduct,nitrate CI-APi-TOF,gas,chamber,chamber,,"Garmash et al., 2020, ACP",10.5194/acp-20-515-2020,"Precursor system: benzene | SI Tables S1-S4 peak list, ion m/z 316.0674 Th"
C6H7O11,NO3-,adduct,nitrate CI-APi-TOF,gas,chamber,chamber,,"Garmash et al., 2020, ACP",10.5194/acp-20-515-2020,"Precursor system: benzene | SI Tables S1-S4 peak list, ion m/z 316.9872 Th"
C6H8O11,NO3-,adduct,nitrate CI-APi-TOF,gas,chamber,chamber,,"Garmash et al., 2020, ACP",10.5194/acp-20-515-2020,"Precursor system: JPAC chamber, benzene | SI Tables S1-S4 peak list, ion m/z 317.9950 Th"
C12H12O7,NO3-,adduct,nitrate CI-APi-TOF,gas,chamber,chamber,,"Garmash et al., 2020, ACP",10.5194/acp-20-515-2020,"Precursor system: benzene | SI Tables S1-S4 peak list, ion m/z 330.0467 Th"
C6H6O12,NO3-,adduct,nitrate CI-APi-TOF,gas,chamber,chamber,,"Garmash et al., 2020, ACP",10.5194/acp-20-515-2020,"Precursor system: benzene | SI Tables S1-S4 peak list, ion m/z 331.9743 Th"
C6H7O12,NO3-,adduct,nitrate CI-APi-TOF,gas,chamber,chamber,,"Garmash et al., 2020, ACP",10.5194/acp-20-515-2020,"Precursor system: benzene | SI Tables S1-S4 peak list, ion m/z 332.9821 Th"
C6H8O12,NO3-,adduct,nitrate CI-APi-TOF,gas,chamber,chamber,,"Garmash et al., 2020, ACP",10.5194/acp-20-515-2020,"Precursor system: benzene | SI Tables S1-S4 peak list, ion m/z 333.9899 Th"
C12H14O8,NO3-,adduct,nitrate CI-APi-TOF,gas,chamber,chamber,,"Garmash et al., 2020, ACP",10.5194/acp-20-515-2020,"Precursor system: JPAC chamber, benzene, toluene | SI Tables S1-S4 peak list, ion m/z 348.0572 Th"
C6H8O13,NO3-,adduct,nitrate CI-APi-TOF,gas,chamber,chamber,,"Garmash et al., 2020, ACP",10.5194/acp-20-515-2020,"Precursor system: benzene | SI Tables S1-S4 peak list, ion m/z 349.9849 Th"
C11H14O9,NO3-,adduct,nitrate CI-APi-TOF,gas,chamber,chamber,,"Garmash et al., 2020, ACP",10.5194/acp-20-515-2020,"Precursor system: JPAC chamber, benzene, toluene | SI Tables S1-S4 peak list, ion m/z 352.0521 Th"
C10H12O10,NO3-,adduct,nitrate CI-APi-TOF,gas,chamber,chamber,,"Garmash et al., 2020, ACP",10.5194/acp-20-515-2020,"Precursor system: JPAC chamber, benzene, naphthalene | SI Tables S1-S4 peak list, ion m/z 354.0314 Th"
C12H12O9,NO3-,adduct,nitrate CI-APi-TOF,gas,chamber,chamber,,"Garmash et al., 2020, ACP",10.5194/acp-20-515-2020,"Precursor system: JPAC chamber, benzene | SI Tables S1-S4 peak list, ion m/z 362.0365 Th"
C12H14O9,NO3-,adduct,nitrate CI-APi-TOF,gas,chamber,chamber,,"Garmash et al., 2020, ACP",10.5194/acp-20-515-2020,"Precursor system: JPAC chamber, benzene | SI Tables S1-S4 peak list, ion m/z 364.0521 Th"
C11H14O10,NO3-,adduct,nitrate CI-APi-TOF,gas,chamber,chamber,,"Garmash et al., 2020, ACP",10.5194/acp-20-515-2020,"Precursor system: JPAC chamber, benzene, toluene | SI Tables S1-S4 peak list, ion m/z 368.0471 Th"
C12H12O10,NO3-,adduct,nitrate CI-APi-TOF,gas,chamber,chamber,,"Garmash et al., 2020, ACP",10.5194/acp-20-515-2020,"Precursor system: JPAC chamber, benzene | SI Tables S1-S4 peak list, ion m/z 378.0314 Th"
C12H14O10,NO3-,adduct,nitrate CI-APi-TOF,gas,chamber,chamber,,"Garmash et al., 2020, ACP",10.5194/acp-20-515-2020,"Precursor system: JPAC chamber, benzene | SI Tables S1-S4 peak list, ion m/z 380.0471 Th"
C11H14O11,NO3-,adduct,nitrate CI-APi-TOF,gas,chamber,chamber,,"Garmash et al., 2020, ACP",10.5194/acp-20-515-2020,"Precursor system: JPAC chamber, benzene | SI Tables S1-S4 peak list, ion m/z 384.0420 Th"
C12H14O11,NO3-,adduct,nitrate CI-APi-TOF,gas,chamber,chamber,,"Garmash et al., 2020, ACP",10.5194/acp-20-515-2020,"Precursor system: JPAC chamber, benzene | SI Tables S1-S4 peak list, ion m/z 396.0420 Th"
C11H12O12,NO3-,adduct,nitrate CI-APi-TOF,gas,chamber,chamber,,"Garmash et al., 2020, ACP",10.5194/acp-20-515-2020,"Precursor system: benzene | SI Tables S1-S4 peak list, ion m/z 398.0212 Th"
C11H14O12,NO3-,adduct,nitrate CI-APi-TOF,gas,chamber,chamber,,"Garmash et al., 2020, ACP",10.5194/acp-20-515-2020,"Precursor system: JPAC chamber, benzene | SI Tables S1-S4 peak list, ion m/z 400.0369 Th"
C12H12O12,NO3-,adduct,nitrate CI-APi-TOF,gas,chamber,chamber,,"Garmash et al., 2020, ACP",10.5194/acp-20-515-2020,"Precursor system: JPAC chamber, benzene | SI Tables S1-S4 peak list, ion m/z 410.0212 Th"
C12H14O12,NO3-,adduct,nitrate CI-APi-TOF,gas,chamber,chamber,,"Garmash et al., 2020, ACP",10.5194/acp-20-515-2020,"Precursor system: JPAC chamber, benzene | SI Tables S1-S4 peak list, ion m/z 412.0369 Th"
C11H14O13,NO3-,adduct,nitrate CI-APi-TOF,gas,chamber,chamber,,"Garmash et al., 2020, ACP",10.5194/acp-20-515-2020,"Precursor system: JPAC chamber, benzene | SI Tables S1-S4 peak list, ion m/z 416.0318 Th"
C12H14O13,NO3-,adduct,nitrate CI-APi-TOF,gas,chamber,chamber,,"Garmash et al., 2020, ACP",10.5194/acp-20-515-2020,"Precursor system: JPAC chamber, benzene | SI Tables S1-S4 peak list, ion m/z 428.0318 Th"
C12H14O14,NO3-,adduct,nitrate CI-APi-TOF,gas,chamber,chamber,,"Garmash et al., 2020, ACP",10.5194/acp-20-515-2020,"Precursor system: JPAC chamber, benzene | SI Tables S1-S4 peak list, ion m/z 444.0267 Th"
C7H8O2,NO3-,adduct,nitrate CI-APi-TOF,gas,chamber,chamber,,"Garmash et al., 2020, ACP",10.5194/acp-20-515-2020,"Precursor system: toluene | SI Tables S1-S4 peak list, ion m/z 186.0408 Th"
C7H8O3,NO3-,adduct,nitrate CI-APi-TOF,gas,chamber,chamber,,"Garmash et al., 2020, ACP",10.5194/acp-20-515-2020,"Precursor system: toluene | SI Tables S1-S4 peak list, ion m/z 202.0357 Th"
C7H10O3,NO3-,adduct,nitrate CI-APi-TOF,gas,chamber,chamber,,"Garmash et al., 2020, ACP",10.5194/acp-20-515-2020,"Precursor system: toluene | SI Tables S1-S4 peak list, ion m/z 204.0514 Th"
C5H8O5,NO3-,adduct,nitrate CI-APi-TOF,gas,chamber,chamber,,"Garmash et al., 2020, ACP",10.5194/acp-20-515-2020,"Precursor system: toluene | SI Tables S1-S4 peak list, ion m/z 210.0255 Th"
C7H8O4,NO3-,adduct,nitrate CI-APi-TOF,gas,chamber,chamber,,"Garmash et al., 2020, ACP",10.5194/acp-20-515-2020,"Precursor system: toluene | SI Tables S1-S4 peak list, ion m/z 218.0306 Th"
C7H9O4,NO3-,adduct,nitrate CI-APi-TOF,gas,chamber,chamber,,"Garmash et al., 2020, ACP",10.5194/acp-20-515-2020,"Precursor system: toluene | SI Tables S1-S4 peak list, ion m/z 219.0385 Th"
C7H10O4,NO3-,adduct,nitrate CI-APi-TOF,gas,chamber,chamber,,"Garmash et al., 2020, ACP",10.5194/acp-20-515-2020,"Precursor system: toluene | SI Tables S1-S4 peak list, ion m/z 220.0463 Th"
C7H12O4,NO3-,adduct,nitrate CI-APi-TOF,gas,chamber,chamber,,"Garmash et al., 2020, ACP",10.5194/acp-20-515-2020,"Precursor system: toluene | SI Tables S1-S4 peak list, ion m/z 222.0619 Th"
C6H10O5,NO3-,adduct,nitrate CI-APi-TOF,gas,chamber,chamber,,"Garmash et al., 2020, ACP",10.5194/acp-20-515-2020,"Precursor system: toluene | SI Tables S1-S4 peak list, ion m/z 224.0412 Th"
C7H8O5,NO3-,adduct,nitrate CI-APi-TOF,gas,chamber,chamber,,"Garmash et al., 2020, ACP",10.5194/acp-20-515-2020,"Precursor system: toluene | SI Tables S1-S4 peak list, ion m/z 234.0255 Th"
C7H10O5,NO3-,adduct,nitrate CI-APi-TOF,gas,chamber,chamber,,"Garmash et al., 2020, ACP",10.5194/acp-20-515-2020,"Precursor system: toluene | SI Tables S1-S4 peak list, ion m/z 236.0412 Th"
C7H12O5,NO3-,adduct,nitrate CI-APi-TOF,gas,chamber,chamber,,"Garmash et al., 2020, ACP",10.5194/acp-20-515-2020,"Precursor system: toluene | SI Tables S1-S4 peak list, ion m/z 238.0568 Th"
C6H10O6,NO3-,adduct,nitrate CI-APi-TOF,gas,chamber,chamber,,"Garmash et al., 2020, ACP",10.5194/acp-20-515-2020,"Precursor system: toluene | SI Tables S1-S4 peak list, ion m/z 240.0361 Th"
C7H8O6,NO3-,adduct,nitrate CI-APi-TOF,gas,chamber,chamber,,"Garmash et al., 2020, ACP",10.5194/acp-20-515-2020,"Precursor system: toluene | SI Tables S1-S4 peak list, ion m/z 250.0205 Th"
C7H10O6,NO3-,adduct,nitrate CI-APi-TOF,gas,chamber,chamber,,"Garmash et al., 2020, ACP",10.5194/acp-20-515-2020,"Precursor system: toluene | SI Tables S1-S4 peak list, ion m/z 252.0361 Th"
C7H12O6,NO3-,adduct,nitrate CI-APi-TOF,gas,chamber,chamber,,"Garmash et al., 2020, ACP",10.5194/acp-20-515-2020,"Precursor system: toluene | SI Tables S1-S4 peak list, ion m/z 254.0518 Th"
C6H10O7,NO3-,adduct,nitrate CI-APi-TOF,gas,chamber,chamber,,"Garmash et al., 2020, ACP",10.5194/acp-20-515-2020,"Precursor system: toluene | SI Tables S1-S4 peak list, ion m/z 256.0310 Th"
C7H8O7,NO3-,adduct,nitrate CI-APi-TOF,gas,chamber,chamber,,"Garmash et al., 2020, ACP",10.5194/acp-20-515-2020,"Precursor system: toluene | SI Tables S1-S4 peak list, ion m/z 266.0154 Th"
C7H10O7,NO3-,adduct,nitrate CI-APi-TOF,gas,chamber,chamber,,"Garmash et al., 2020, ACP",10.5194/acp-20-515-2020,"Precursor system: toluene | SI Tables S1-S4 peak list, ion m/z 268.0310 Th"
C7H12O7,NO3-,adduct,nitrate CI-APi-TOF,gas,chamber,chamber,,"Garmash et al., 2020, ACP",10.5194/acp-20-515-2020,"Precursor system: toluene | SI Tables S1-S4 peak list, ion m/z 270.0467 Th"
C7H8O8,NO3-,adduct,nitrate CI-APi-TOF,gas,chamber,chamber,,"Garmash et al., 2020, ACP",10.5194/acp-20-515-2020,"Precursor system: toluene | SI Tables S1-S4 peak list, ion m/z 282.0103 Th"
C7H10O8,NO3-,adduct,nitrate CI-APi-TOF,gas,chamber,chamber,,"Garmash et al., 2020, ACP",10.5194/acp-20-515-2020,"Precursor system: toluene | SI Tables S1-S4 peak list, ion m/z 284.0259 Th"
C7H12O8,NO3-,adduct,nitrate CI-APi-TOF,gas,chamber,chamber,,"Garmash et al., 2020, ACP",10.5194/acp-20-515-2020,"Precursor system: toluene | SI Tables S1-S4 peak list, ion m/z 286.0416 Th"
C7H8O9,NO3-,adduct,nitrate CI-APi-TOF,gas,chamber,chamber,,"Garmash et al., 2020, ACP",10.5194/acp-20-515-2020,"Precursor system: toluene | SI Tables S1-S4 peak list, ion m/z 298.0052 Th"
C7H9O9,NO3-,adduct,nitrate CI-APi-TOF,gas,chamber,chamber,,"Garmash et al., 2020, ACP",10.5194/acp-20-515-2020,"Precursor system: toluene | SI Tables S1-S4 peak list, ion m/z 299.0130 Th"
C7H10O9,NO3-,adduct,nitrate CI-APi-TOF,gas,chamber,chamber,,"Garmash et al., 2020, ACP",10.5194/acp-20-515-2020,"Precursor system: toluene | SI Tables S1-S4 peak list, ion m/z 300.0208 Th"
C7H8O10,NO3-,adduct,nitrate CI-APi-TOF,gas,chamber,chamber,,"Garmash et al., 2020, ACP",10.5194/acp-20-515-2020,"Precursor system: toluene | SI Tables S1-S4 peak list, ion m/z 314.0001 Th"
C11H14O7,NO3-,adduct,nitrate CI-APi-TOF,gas,chamber,chamber,,"Garmash et al., 2020, ACP",10.5194/acp-20-515-2020,"Precursor system: toluene | SI Tables S1-S4 peak list, ion m/z 320.0623 Th"
C13H14O6,NO3-,adduct,nitrate CI-APi-TOF,gas,chamber,chamber,,"Garmash et al., 2020, ACP",10.5194/acp-20-515-2020,"Precursor system: toluene | SI Tables S1-S4 peak list, ion m/z 328.0674 Th"
C13H16O6,NO3-,adduct,nitrate CI-APi-TOF,gas,chamber,chamber,,"Garmash et al., 2020, ACP",10.5194/acp-20-515-2020,"Precursor system: toluene | SI Tables S1-S4 peak list, ion m/z 330.0831 Th"
C12H14O7,NO3-,adduct,nitrate CI-APi-TOF,gas,chamber,chamber,,"Garmash et al., 2020, ACP",10.5194/acp-20-515-2020,"Precursor system: toluene | SI Tables S1-S4 peak list, ion m/z 332.0623 Th"
C12H16O7,NO3-,adduct,nitrate CI-APi-TOF,gas,chamber,chamber,,"Garmash et al., 2020, ACP",10.5194/acp-20-515-2020,"Precursor system: toluene | SI Tables S1-S4 peak list, ion m/z 334.0780 Th"
C11H14O8,NO3-,adduct,nitrate CI-APi-TOF,gas,chamber,chamber,,"Garmash et al., 2020, ACP",10.5194/acp-20-515-2020,"Precursor system: toluene | SI Tables S1-S4 peak list, ion m/z 336.0572 Th"
C14H16O6,NO3-,adduct,nitrate CI-APi-TOF,gas,chamber,chamber,,"Garmash et al., 2020, ACP",10.5194/acp-20-515-2020,"Precursor system: toluene | SI Tables S1-S4 peak list, ion m/z 342.0831 Th"
C14H18O6,NO3-,adduct,nitrate CI-APi-TOF,gas,chamber,chamber,,"Garmash et al., 2020, ACP",10.5194/acp-20-515-2020,"Precursor system: toluene | SI Tables S1-S4 peak list, ion m/z 344.0987 Th"
C14H20O6,NO3-,adduct,nitrate CI-APi-TOF,gas,chamber,chamber,,"Garmash et al., 2020, ACP",10.5194/acp-20-515-2020,"Precursor system: toluene | SI Tables S1-S4 peak list, ion m/z 346.1144 Th"
C14H14O7,NO3-,adduct,nitrate CI-APi-TOF,gas,chamber,chamber,,"Garmash et al., 2020, ACP",10.5194/acp-20-515-2020,"Precursor system: toluene | SI Tables S1-S4 peak list, ion m/z 356.0623 Th"
C14H16O7,NO3-,adduct,nitrate CI-APi-TOF,gas,chamber,chamber,,"Garmash et al., 2020, ACP",10.5194/acp-20-515-2020,"Precursor system: toluene | SI Tables S1-S4 peak list, ion m/z 358.0780 Th"
C14H18O7,NO3-,adduct,nitrate CI-APi-TOF,gas,chamber,chamber,,"Garmash et al., 2020, ACP",10.5194/acp-20-515-2020,"Precursor system: toluene | SI Tables S1-S4 peak list, ion m/z 360.0936 Th"
C13H16O8,NO3-,adduct,nitrate CI-APi-TOF,gas,chamber,chamber,,"Garmash et al., 2020, ACP",10.5194/acp-20-515-2020,"Precursor system: toluene | SI Tables S1-S4 peak list, ion m/z 362.0729 Th"
C13H18O8,NO3-,adduct,nitrate CI-APi-TOF,gas,chamber,chamber,,"Garmash et al., 2020, ACP",10.5194/acp-20-515-2020,"Precursor system: toluene | SI Tables S1-S4 peak list, ion m/z 364.0885 Th"
C14H16O8,NO3-,adduct,nitrate CI-APi-TOF,gas,chamber,chamber,,"Garmash et al., 2020, ACP",10.5194/acp-20-515-2020,"Precursor system: toluene | SI Tables S1-S4 peak list, ion m/z 374.0729 Th"
C14H18O8,NO3-,adduct,nitrate CI-APi-TOF,gas,chamber,chamber,,"Garmash et al., 2020, ACP",10.5194/acp-20-515-2020,"Precursor system: toluene | SI Tables S1-S4 peak list, ion m/z 376.0885 Th"
C13H16O9,NO3-,adduct,nitrate CI-APi-TOF,gas,chamber,chamber,,"Garmash et al., 2020, ACP",10.5194/acp-20-515-2020,"Precursor system: toluene | SI Tables S1-S4 peak list, ion m/z 378.0678 Th"
C13H18O9,NO3-,adduct,nitrate CI-APi-TOF,gas,chamber,chamber,,"Garmash et al., 2020, ACP",10.5194/acp-20-515-2020,"Precursor system: toluene | SI Tables S1-S4 peak list, ion m/z 380.0834 Th"
C14H14O9,NO3-,adduct,nitrate CI-APi-TOF,gas,chamber,chamber,,"Garmash et al., 2020, ACP",10.5194/acp-20-515-2020,"Precursor system: toluene | SI Tables S1-S4 peak list, ion m/z 388.0522 Th"
C14H16O9,NO3-,adduct,nitrate CI-APi-TOF,gas,chamber,chamber,,"Garmash et al., 2020, ACP",10.5194/acp-20-515-2020,"Precursor system: toluene | SI Tables S1-S4 peak list, ion m/z 390.0678 Th"
C14H18O9,NO3-,adduct,nitrate CI-APi-TOF,gas,chamber,chamber,,"Garmash et al., 2020, ACP",10.5194/acp-20-515-2020,"Precursor system: toluene | SI Tables S1-S4 peak list, ion m/z 392.0834 Th"
C13H16O10,NO3-,adduct,nitrate CI-APi-TOF,gas,chamber,chamber,,"Garmash et al., 2020, ACP",10.5194/acp-20-515-2020,"Precursor system: toluene | SI Tables S1-S4 peak list, ion m/z 394.0627 Th"
C14H20O9,NO3-,adduct,nitrate CI-APi-TOF,gas,chamber,chamber,,"Garmash et al., 2020, ACP",10.5194/acp-20-515-2020,"Precursor system: toluene | SI Tables S1-S4 peak list, ion m/z 394.0991 Th"
C13H18O10,NO3-,adduct,nitrate CI-APi-TOF,gas,chamber,chamber,,"Garmash et al., 2020, ACP",10.5194/acp-20-515-2020,"Precursor system: toluene | SI Tables S1-S4 peak list, ion m/z 396.0784 Th"
C14H14O10,NO3-,adduct,nitrate CI-APi-TOF,gas,chamber,chamber,,"Garmash et al., 2020, ACP",10.5194/acp-20-515-2020,"Precursor system: toluene | SI Tables S1-S4 peak list, ion m/z 404.0471 Th"
C14H16O10,NO3-,adduct,nitrate CI-APi-TOF,gas,chamber,chamber,,"Garmash et al., 2020, ACP",10.5194/acp-20-515-2020,"Precursor system: toluene | SI Tables S1-S4 peak list, ion m/z 406.0627 Th"
C14H18O10,NO3-,adduct,nitrate CI-APi-TOF,gas,chamber,chamber,,"Garmash et al., 2020, ACP",10.5194/acp-20-515-2020,"Precursor system: toluene | SI Tables S1-S4 peak list, ion m/z 408.0784 Th"
C14H20O10,NO3-,adduct,nitrate CI-APi-TOF,gas,chamber,chamber,,"Garmash et al., 2020, ACP",10.5194/acp-20-515-2020,"Precursor system: toluene | SI Tables S1-S4 peak list, ion m/z 410.0940 Th"
C14H16O11,NO3-,adduct,nitrate CI-APi-TOF,gas,chamber,chamber,,"Garmash et al., 2020, ACP",10.5194/acp-20-515-2020,"Precursor system: toluene | SI Tables S1-S4 peak list, ion m/z 422.0576 Th"
C14H18O11,NO3-,adduct,nitrate CI-APi-TOF,gas,chamber,chamber,,"Garmash et al., 2020, ACP",10.5194/acp-20-515-2020,"Precursor system: toluene | SI Tables S1-S4 peak list, ion m/z 424.0733 Th"
C14H20O11,NO3-,adduct,nitrate CI-APi-TOF,gas,chamber,chamber,,"Garmash et al., 2020, ACP",10.5194/acp-20-515-2020,"Precursor system: toluene | SI Tables S1-S4 peak list, ion m/z 426.0889 Th"
C14H16O12,NO3-,adduct,nitrate CI-APi-TOF,gas,chamber,chamber,,"Garmash et al., 2020, ACP",10.5194/acp-20-515-2020,"Precursor system: toluene | SI Tables S1-S4 peak list, ion m/z 438.0526 Th"
C14H18O12,NO3-,adduct,nitrate CI-APi-TOF,gas,chamber,chamber,,"Garmash et al., 2020, ACP",10.5194/acp-20-515-2020,"Precursor system: toluene | SI Tables S1-S4 peak list, ion m/z 440.0682 Th"
C14H20O12,NO3-,adduct,nitrate CI-APi-TOF,gas,chamber,chamber,,"Garmash et al., 2020, ACP",10.5194/acp-20-515-2020,"Precursor system: toluene | SI Tables S1-S4 peak list, ion m/z 442.0838 Th"
C14H16O13,NO3-,adduct,nitrate CI-APi-TOF,gas,chamber,chamber,,"Garmash et al., 2020, ACP",10.5194/acp-20-515-2020,"Precursor system: toluene | SI Tables S1-S4 peak list, ion m/z 454.0475 Th"
C14H18O13,NO3-,adduct,nitrate CI-APi-TOF,gas,chamber,chamber,,"Garmash et al., 2020, ACP",10.5194/acp-20-515-2020,"Precursor system: toluene | SI Tables S1-S4 peak list, ion m/z 456.0631 Th"
C14H16O14,NO3-,adduct,nitrate CI-APi-TOF,gas,chamber,chamber,,"Garmash et al., 2020, ACP",10.5194/acp-20-515-2020,"Precursor system: toluene | SI Tables S1-S4 peak list, ion m/z 470.0424 Th"
C14H18O14,NO3-,adduct,nitrate CI-APi-TOF,gas,chamber,chamber,,"Garmash et al., 2020, ACP",10.5194/acp-20-515-2020,"Precursor system: toluene | SI Tables S1-S4 peak list, ion m/z 472.0580 Th"
C14H16O15,NO3-,adduct,nitrate CI-APi-TOF,gas,chamber,chamber,,"Garmash et al., 2020, ACP",10.5194/acp-20-515-2020,"Precursor system: toluene | SI Tables S1-S4 peak list, ion m/z 486.0373 Th"
C10H10O4,NO3-,adduct,nitrate CI-APi-TOF,gas,chamber,chamber,,"Garmash et al., 2020, ACP",10.5194/acp-20-515-2020,"Precursor system: naphthalene | SI Tables S1-S4 peak list, ion m/z 256.0463 Th"
C10H8O5,NO3-,adduct,nitrate CI-APi-TOF,gas,chamber,chamber,,"Garmash et al., 2020, ACP",10.5194/acp-20-515-2020,"Precursor system: naphthalene | SI Tables S1-S4 peak list, ion m/z 270.0255 Th"
C10H10O5,NO3-,adduct,nitrate CI-APi-TOF,gas,chamber,chamber,,"Garmash et al., 2020, ACP",10.5194/acp-20-515-2020,"Precursor system: naphthalene | SI Tables S1-S4 peak list, ion m/z 272.0412 Th"
C10H12O5,NO3-,adduct,nitrate CI-APi-TOF,gas,chamber,chamber,,"Garmash et al., 2020, ACP",10.5194/acp-20-515-2020,"Precursor system: naphthalene | SI Tables S1-S4 peak list, ion m/z 274.0569 Th"
C10H8O6,NO3-,adduct,nitrate CI-APi-TOF,gas,chamber,chamber,,"Garmash et al., 2020, ACP",10.5194/acp-20-515-2020,"Precursor system: naphthalene | SI Tables S1-S4 peak list, ion m/z 286.0205 Th"
C10H10O6,NO3-,adduct,nitrate CI-APi-TOF,gas,chamber,chamber,,"Garmash et al., 2020, ACP",10.5194/acp-20-515-2020,"Precursor system: naphthalene | SI Tables S1-S4 peak list, ion m/z 288.0361 Th"
C10H11O6,NO3-,adduct,nitrate CI-APi-TOF,gas,chamber,chamber,,"Garmash et al., 2020, ACP",10.5194/acp-20-515-2020,"Precursor system: naphthalene | SI Tables S1-S4 peak list, ion m/z 289.0439 Th"
C10H12O6,NO3-,adduct,nitrate CI-APi-TOF,gas,chamber,chamber,,"Garmash et al., 2020, ACP",10.5194/acp-20-515-2020,"Precursor system: naphthalene | SI Tables S1-S4 peak list, ion m/z 290.0518 Th"
C10H8O7,NO3-,adduct,nitrate CI-APi-TOF,gas,chamber,chamber,,"Garmash et al., 2020, ACP",10.5194/acp-20-515-2020,"Precursor system: naphthalene | SI Tables S1-S4 peak list, ion m/z 302.0154 Th"
C10H9O7,NO3-,adduct,nitrate CI-APi-TOF,gas,chamber,chamber,,"Garmash et al., 2020, ACP",10.5194/acp-20-515-2020,"Precursor system: naphthalene | SI Tables S1-S4 peak list, ion m/z 303.0232 Th"
C10H10O7,NO3-,adduct,nitrate CI-APi-TOF,gas,chamber,chamber,,"Garmash et al., 2020, ACP",10.5194/acp-20-515-2020,"Precursor system: naphthalene | SI Tables S1-S4 peak list, ion m/z 304.0310 Th"
C10H11O7,NO3-,adduct,nitrate CI-APi-TOF,gas,chamber,chamber,,"Garmash et al., 2020, ACP",10.5194/acp-20-515-2020,"Precursor system: naphthalene | SI Tables S1-S4 peak list, ion m/z 305.0389 Th"
C10H12O7,NO3-,adduct,nitrate CI-APi-TOF,gas,chamber,chamber,,"Garmash et al., 2020, ACP",10.5194/acp-20-515-2020,"Precursor system: naphthalene | SI Tables S1-S4 peak list, ion m/z 306.0467 Th"
C10H14O7,NO3-,adduct,nitrate CI-APi-TOF,gas,chamber,chamber,,"Garmash et al., 2020, ACP",10.5194/acp-20-515-2020,"Precursor system: naphthalene | SI Tables S1-S4 peak list, ion m/z 308.0623 Th"
C10H8O8,NO3-,adduct,nitrate CI-APi-TOF,gas,chamber,chamber,,"Garmash et al., 2020, ACP",10.5194/acp-20-515-2020,"Precursor system: naphthalene | SI Tables S1-S4 peak list, ion m/z 318.0103 Th"
C10H9O8,NO3-,adduct,nitrate CI-APi-TOF,gas,chamber,chamber,,"Garmash et al., 2020, ACP",10.5194/acp-20-515-2020,"Precursor system: naphthalene | SI Tables S1-S4 peak list, ion m/z 319.0181 Th"
C10H10O8,NO3-,adduct,nitrate CI-APi-TOF,gas,chamber,chamber,,"Garmash et al., 2020, ACP",10.5194/acp-20-515-2020,"Precursor system: naphthalene | SI Tables S1-S4 peak list, ion m/z 320.0259 Th"
C10H12O8,NO3-,adduct,nitrate CI-APi-TOF,gas,chamber,chamber,,"Garmash et al., 2020, ACP",10.5194/acp-20-515-2020,"Precursor system: naphthalene | SI Tables S1-S4 peak list, ion m/z 322.0416 Th"
C10H14O8,NO3-,adduct,nitrate CI-APi-TOF,gas,chamber,chamber,,"Garmash et al., 2020, ACP",10.5194/acp-20-515-2020,"Precursor system: naphthalene | SI Tables S1-S4 peak list, ion m/z 324.0572 Th"
C10H15O8,NO3-,adduct,nitrate CI-APi-TOF,gas,chamber,chamber,,"Garmash et al., 2020, ACP",10.5194/acp-20-515-2020,"Precursor system: naphthalene | SI Tables S1-S4 peak list, ion m/z 325.0651 Th"
C10H8O9,NO3-,adduct,nitrate CI-APi-TOF,gas,chamber,chamber,,"Garmash et al., 2020, ACP",10.5194/acp-20-515-2020,"Precursor system: JPAC chamber, naphthalene | SI Tables S1-S4 peak list, ion m/z 334.0052 Th"
C10H9O9,NO3-,adduct,nitrate CI-APi-TOF,gas,chamber,chamber,,"Garmash et al., 2020, ACP",10.5194/acp-20-515-2020,"Precursor system: JPAC chamber, naphthalene | SI Tables S1-S4 peak list, ion m/z 335.0130 Th"
C10H10O9,NO3-,adduct,nitrate CI-APi-TOF,gas,chamber,chamber,,"Garmash et al., 2020, ACP",10.5194/acp-20-515-2020,"Precursor system: JPAC chamber, naphthalene | SI Tables S1-S4 peak list, ion m/z 336.0208 Th"
C10H11O9,NO3-,adduct,nitrate CI-APi-TOF,gas,chamber,chamber,,"Garmash et al., 2020, ACP",10.5194/acp-20-515-2020,"Precursor system: naphthalene | SI Tables S1-S4 peak list, ion m/z 337.0287 Th"
C10H12O9,NO3-,adduct,nitrate CI-APi-TOF,gas,chamber,chamber,,"Garmash et al., 2020, ACP",10.5194/acp-20-515-2020,"Precursor system: naphthalene | SI Tables S1-S4 peak list, ion m/z 338.0365 Th"
C10H13O9,NO3-,adduct,nitrate CI-APi-TOF,gas,chamber,chamber,,"Garmash et al., 2020, ACP",10.5194/acp-20-515-2020,"Precursor system: naphthalene | SI Tables S1-S4 peak list, ion m/z 339.0443 Th"
C10H14O9,NO3-,adduct,nitrate CI-APi-TOF,gas,chamber,chamber,,"Garmash et al., 2020, ACP",10.5194/acp-20-515-2020,"Precursor system: naphthalene | SI Tables S1-S4 peak list, ion m/z 340.0522 Th"
C10H15O9,NO3-,adduct,nitrate CI-APi-TOF,gas,chamber,chamber,,"Garmash et al., 2020, ACP",10.5194/acp-20-515-2020,"Precursor system: naphthalene | SI Tables S1-S4 peak list, ion m/z 341.0600 Th"
C10H10O10,NO3-,adduct,nitrate CI-APi-TOF,gas,chamber,chamber,,"Garmash et al., 2020, ACP",10.5194/acp-20-515-2020,"Precursor system: naphthalene | SI Tables S1-S4 peak list, ion m/z 352.0158 Th"
C10H13O10,NO3-,adduct,nitrate CI-APi-TOF,gas,chamber,chamber,,"Garmash et al., 2020, ACP",10.5194/acp-20-515-2020,"Precursor system: naphthalene | SI Tables S1-S4 peak list, ion m/z 355.0393 Th"
C10H14O10,NO3-,adduct,nitrate CI-APi-TOF,gas,chamber,chamber,,"Garmash et al., 2020, ACP",10.5194/acp-20-515-2020,"Precursor system: naphthalene | SI Tables S1-S4 peak list, ion m/z 356.0471 Th"
C10H15O10,NO3-,adduct,nitrate CI-APi-TOF,gas,chamber,chamber,,"Garmash et al., 2020, ACP",10.5194/acp-20-515-2020,"Precursor system: naphthalene | SI Tables S1-S4 peak list, ion m/z 357.0549 Th"
C10H10O11,NO3-,adduct,nitrate CI-APi-TOF,gas,chamber,chamber,,"Garmash et al., 2020, ACP",10.5194/acp-20-515-2020,"Precursor system: naphthalene | SI Tables S1-S4 peak list, ion m/z 368.0107 Th"
C10H12O11,NO3-,adduct,nitrate CI-APi-TOF,gas,chamber,chamber,,"Garmash et al., 2020, ACP",10.5194/acp-20-515-2020,"Precursor system: JPAC chamber, naphthalene | SI Tables S1-S4 peak list, ion m/z 370.0263 Th"
C10H13O11,NO3-,adduct,nitrate CI-APi-TOF,gas,chamber,chamber,,"Garmash et al., 2020, ACP",10.5194/acp-20-515-2020,"Precursor system: naphthalene | SI Tables S1-S4 peak list, ion m/z 371.0342 Th"
C10H14O11,NO3-,adduct,nitrate CI-APi-TOF,gas,chamber,chamber,,"Garmash et al., 2020, ACP",10.5194/acp-20-515-2020,"Precursor system: naphthalene | SI Tables S1-S4 peak list, ion m/z 372.0420 Th"
C10H15O11,NO3-,adduct,nitrate CI-APi-TOF,gas,chamber,chamber,,"Garmash et al., 2020, ACP",10.5194/acp-20-515-2020,"Precursor system: naphthalene | SI Tables S1-S4 peak list, ion m/z 373.0498 Th"
C20H18O4,NO3-,adduct,nitrate CI-APi-TOF,gas,chamber,chamber,,"Garmash et al., 2020, ACP",10.5194/acp-20-515-2020,"Precursor system: naphthalene | SI Tables S1-S4 peak list, ion m/z 384.1089 Th"
C20H18O5,NO3-,adduct,nitrate CI-APi-TOF,gas,chamber,chamber,,"Garmash et al., 2020, ACP",10.5194/acp-20-515-2020,"Precursor system: naphthalene | SI Tables S1-S4 peak list, ion m/z 400.1038 Th"
C20H16O6,NO3-,adduct,nitrate CI-APi-TOF,gas,chamber,chamber,,"Garmash et al., 2020, ACP",10.5194/acp-20-515-2020,"Precursor system: naphthalene | SI Tables S1-S4 peak list, ion m/z 414.0831 Th"
C20H18O6,NO3-,adduct,nitrate CI-APi-TOF,gas,chamber,chamber,,"Garmash et al., 2020, ACP",10.5194/acp-20-515-2020,"Precursor system: naphthalene | SI Tables S1-S4 peak list, ion m/z 416.0987 Th"
C20H20O6,NO3-,adduct,nitrate CI-APi-TOF,gas,chamber,chamber,,"Garmash et al., 2020, ACP",10.5194/acp-20-515-2020,"Precursor system: naphthalene | SI Tables S1-S4 peak list, ion m/z 418.1144 Th"
C20H16O7,NO3-,adduct,nitrate CI-APi-TOF,gas,chamber,chamber,,"Garmash et al., 2020, ACP",10.5194/acp-20-515-2020,"Precursor system: naphthalene | SI Tables S1-S4 peak list, ion m/z 430.0780 Th"
C20H18O7,NO3-,adduct,nitrate CI-APi-TOF,gas,chamber,chamber,,"Garmash et al., 2020, ACP",10.5194/acp-20-515-2020,"Precursor system: naphthalene | SI Tables S1-S4 peak list, ion m/z 432.0936 Th"
C20H20O7,NO3-,adduct,nitrate CI-APi-TOF,gas,chamber,chamber,,"Garmash et al., 2020, ACP",10.5194/acp-20-515-2020,"Precursor system: naphthalene | SI Tables S1-S4 peak list, ion m/z 434.1093 Th"
C20H16O8,NO3-,adduct,nitrate CI-APi-TOF,gas,chamber,chamber,,"Garmash et al., 2020, ACP",10.5194/acp-20-515-2020,"Precursor system: naphthalene | SI Tables S1-S4 peak list, ion m/z 446.0729 Th"
C20H17O8,NO3-,adduct,nitrate CI-APi-TOF,gas,chamber,chamber,,"Garmash et al., 2020, ACP",10.5194/acp-20-515-2020,"Precursor system: naphthalene | SI Tables S1-S4 peak list, ion m/z 447.0807 Th"
C20H18O8,NO3-,adduct,nitrate CI-APi-TOF,gas,chamber,chamber,,"Garmash et al., 2020, ACP",10.5194/acp-20-515-2020,"Precursor system: naphthalene | SI Tables S1-S4 peak list, ion m/z 448.0885 Th"
C20H20O8,NO3-,adduct,nitrate CI-APi-TOF,gas,chamber,chamber,,"Garmash et al., 2020, ACP",10.5194/acp-20-515-2020,"Precursor system: naphthalene | SI Tables S1-S4 peak list, ion m/z 450.1042 Th"
C20H21O8,NO3-,adduct,nitrate CI-APi-TOF,gas,chamber,chamber,,"Garmash et al., 2020, ACP",10.5194/acp-20-515-2020,"Precursor system: naphthalene | SI Tables S1-S4 peak list, ion m/z 451.1120 Th"
C20H22O8,NO3-,adduct,nitrate CI-APi-TOF,gas,chamber,chamber,,"Garmash et al., 2020, ACP",10.5194/acp-20-515-2020,"Precursor system: naphthalene | SI Tables S1-S4 peak list, ion m/z 452.1198 Th"
C20H16O9,NO3-,adduct,nitrate CI-APi-TOF,gas,chamber,chamber,,"Garmash et al., 2020, ACP",10.5194/acp-20-515-2020,"Precursor system: naphthalene | SI Tables S1-S4 peak list, ion m/z 462.0678 Th"
C20H18O9,NO3-,adduct,nitrate CI-APi-TOF,gas,chamber,chamber,,"Garmash et al., 2020, ACP",10.5194/acp-20-515-2020,"Precursor system: naphthalene | SI Tables S1-S4 peak list, ion m/z 464.0834 Th"
C20H20O9,NO3-,adduct,nitrate CI-APi-TOF,gas,chamber,chamber,,"Garmash et al., 2020, ACP",10.5194/acp-20-515-2020,"Precursor system: naphthalene | SI Tables S1-S4 peak list, ion m/z 466.0991 Th"
C20H22O9,NO3-,adduct,nitrate CI-APi-TOF,gas,chamber,chamber,,"Garmash et al., 2020, ACP",10.5194/acp-20-515-2020,"Precursor system: naphthalene | SI Tables S1-S4 peak list, ion m/z 468.1148 Th"
C20H16O10,NO3-,adduct,nitrate CI-APi-TOF,gas,chamber,chamber,,"Garmash et al., 2020, ACP",10.5194/acp-20-515-2020,"Precursor system: naphthalene | SI Tables S1-S4 peak list, ion m/z 478.0627 Th"
C20H18O10,NO3-,adduct,nitrate CI-APi-TOF,gas,chamber,chamber,,"Garmash et al., 2020, ACP",10.5194/acp-20-515-2020,"Precursor system: naphthalene | SI Tables S1-S4 peak list, ion m/z 480.0784 Th"
C20H20O10,NO3-,adduct,nitrate CI-APi-TOF,gas,chamber,chamber,,"Garmash et al., 2020, ACP",10.5194/acp-20-515-2020,"Precursor system: naphthalene | SI Tables S1-S4 peak list, ion m/z 482.0940 Th"
C20H21O10,NO3-,adduct,nitrate CI-APi-TOF,gas,chamber,chamber,,"Garmash et al., 2020, ACP",10.5194/acp-20-515-2020,"Precursor system: naphthalene | SI Tables S1-S4 peak list, ion m/z 483.1018 Th"
C20H22O10,NO3-,adduct,nitrate CI-APi-TOF,gas,chamber,chamber,,"Garmash et al., 2020, ACP",10.5194/acp-20-515-2020,"Precursor system: naphthalene | SI Tables S1-S4 peak list, ion m/z 484.1097 Th"
C20H23O10,NO3-,adduct,nitrate CI-APi-TOF,gas,chamber,chamber,,"Garmash et al., 2020, ACP",10.5194/acp-20-515-2020,"Precursor system: naphthalene | SI Tables S1-S4 peak list, ion m/z 485.1175 Th"
C20H24O10,NO3-,adduct,nitrate CI-APi-TOF,gas,chamber,chamber,,"Garmash et al., 2020, ACP",10.5194/acp-20-515-2020,"Precursor system: naphthalene | SI Tables S1-S4 peak list, ion m/z 486.1253 Th"
C20H16O11,NO3-,adduct,nitrate CI-APi-TOF,gas,chamber,chamber,,"Garmash et al., 2020, ACP",10.5194/acp-20-515-2020,"Precursor system: naphthalene | SI Tables S1-S4 peak list, ion m/z 494.0576 Th"
C20H18O11,NO3-,adduct,nitrate CI-APi-TOF,gas,chamber,chamber,,"Garmash et al., 2020, ACP",10.5194/acp-20-515-2020,"Precursor system: naphthalene | SI Tables S1-S4 peak list, ion m/z 496.0733 Th"
C20H20O11,NO3-,adduct,nitrate CI-APi-TOF,gas,chamber,chamber,,"Garmash et al., 2020, ACP",10.5194/acp-20-515-2020,"Precursor system: naphthalene | SI Tables S1-S4 peak list, ion m/z 498.0889 Th"
C20H21O11,NO3-,adduct,nitrate CI-APi-TOF,gas,chamber,chamber,,"Garmash et al., 2020, ACP",10.5194/acp-20-515-2020,"Precursor system: naphthalene | SI Tables S1-S4 peak list, ion m/z 499.0967 Th"
C20H22O11,NO3-,adduct,nitrate CI-APi-TOF,gas,chamber,chamber,,"Garmash et al., 2020, ACP",10.5194/acp-20-515-2020,"Precursor system: naphthalene | SI Tables S1-S4 peak list, ion m/z 500.1046 Th"
C20H23O11,NO3-,adduct,nitrate CI-APi-TOF,gas,chamber,chamber,,"Garmash et al., 2020, ACP",10.5194/acp-20-515-2020,"Precursor system: naphthalene | SI Tables S1-S4 peak list, ion m/z 501.1124 Th"
C20H24O11,NO3-,adduct,nitrate CI-APi-TOF,gas,chamber,chamber,,"Garmash et al., 2020, ACP",10.5194/acp-20-515-2020,"Precursor system: naphthalene | SI Tables S1-S4 peak list, ion m/z 502.1202 Th"
C20H18O12,NO3-,adduct,nitrate CI-APi-TOF,gas,chamber,chamber,,"Garmash et al., 2020, ACP",10.5194/acp-20-515-2020,"Precursor system: naphthalene | SI Tables S1-S4 peak list, ion m/z 512.0682 Th"
C20H20O12,NO3-,adduct,nitrate CI-APi-TOF,gas,chamber,chamber,,"Garmash et al., 2020, ACP",10.5194/acp-20-515-2020,"Precursor system: naphthalene | SI Tables S1-S4 peak list, ion m/z 514.0839 Th"
C20H22O12,NO3-,adduct,nitrate CI-APi-TOF,gas,chamber,chamber,,"Garmash et al., 2020, ACP",10.5194/acp-20-515-2020,"Precursor system: naphthalene | SI Tables S1-S4 peak list, ion m/z 516.0995 Th"
C20H23O12,NO3-,adduct,nitrate CI-APi-TOF,gas,chamber,chamber,,"Garmash et al., 2020, ACP",10.5194/acp-20-515-2020,"Precursor system: naphthalene | SI Tables S1-S4 peak list, ion m/z 517.1073 Th"
C20H24O12,NO3-,adduct,nitrate CI-APi-TOF,gas,chamber,chamber,,"Garmash et al., 2020, ACP",10.5194/acp-20-515-2020,"Precursor system: naphthalene | SI Tables S1-S4 peak list, ion m/z 518.1151 Th"
C20H20O13,NO3-,adduct,nitrate CI-APi-TOF,gas,chamber,chamber,,"Garmash et al., 2020, ACP",10.5194/acp-20-515-2020,"Precursor system: naphthalene | SI Tables S1-S4 peak list, ion m/z 530.0787 Th"
C20H22O13,NO3-,adduct,nitrate CI-APi-TOF,gas,chamber,chamber,,"Garmash et al., 2020, ACP",10.5194/acp-20-515-2020,"Precursor system: naphthalene | SI Tables S1-S4 peak list, ion m/z 532.0944 Th"
C20H20O14,NO3-,adduct,nitrate CI-APi-TOF,gas,chamber,chamber,,"Garmash et al., 2020, ACP",10.5194/acp-20-515-2020,"Precursor system: naphthalene | SI Tables S1-S4 peak list, ion m/z 546.0737 Th"
C20H22O14,NO3-,adduct,nitrate CI-APi-TOF,gas,chamber,chamber,,"Garmash et al., 2020, ACP",10.5194/acp-20-515-2020,"Precursor system: naphthalene | SI Tables S1-S4 peak list, ion m/z 548.0893 Th"
C5H8O6,NO3-,deprot,nitrate CI-APi-TOF,gas,chamber,chamber,,"Garmash et al., 2020, ACP",10.5194/acp-20-515-2020,"Precursor system: JPAC chamber | SI Tables S1-S4 peak list, ion m/z 163.0248 Th"
C5H4O6,NO3-,adduct,nitrate CI-APi-TOF,gas,chamber,chamber,,"Garmash et al., 2020, ACP",10.5194/acp-20-515-2020,"Precursor system: JPAC chamber | SI Tables S1-S4 peak list, ion m/z 221.9892 Th"
C6H4O6,NO3-,adduct,nitrate CI-APi-TOF,gas,chamber,chamber,,"Garmash et al., 2020, ACP",10.5194/acp-20-515-2020,"Precursor system: JPAC chamber | SI Tables S1-S4 peak list, ion m/z 233.9892 Th"
C6H4O7,NO3-,adduct,nitrate CI-APi-TOF,gas,chamber,chamber,,"Garmash et al., 2020, ACP",10.5194/acp-20-515-2020,"Precursor system: JPAC chamber | SI Tables S1-S4 peak list, ion m/z 249.9841 Th"
C5H5O8,NO3-,adduct,nitrate CI-APi-TOF,gas,chamber,chamber,,"Garmash et al., 2020, ACP",10.5194/acp-20-515-2020,"Precursor system: JPAC chamber | SI Tables S1-S4 peak list, ion m/z 254.9868 Th"
C6H4O8,NO3-,adduct,nitrate CI-APi-TOF,gas,chamber,chamber,,"Garmash et al., 2020, ACP",10.5194/acp-20-515-2020,"Precursor system: JPAC chamber | SI Tables S1-S4 peak list, ion m/z 265.9790 Th"
C6H5O8,NO3-,adduct,nitrate CI-APi-TOF,gas,chamber,chamber,,"Garmash et al., 2020, ACP",10.5194/acp-20-515-2020,"Precursor system: JPAC chamber | SI Tables S1-S4 peak list, ion m/z 266.9868 Th"
C6H9O9,NO3-,adduct,nitrate CI-APi-TOF,gas,chamber,chamber,,"Garmash et al., 2020, ACP",10.5194/acp-20-515-2020,"Precursor system: JPAC chamber | SI Tables S1-S4 peak list, ion m/z 287.0130 Th"
C6H10O9,NO3-,adduct,nitrate CI-APi-TOF,gas,chamber,chamber,,"Garmash et al., 2020, ACP",10.5194/acp-20-515-2020,"Precursor system: JPAC chamber | SI Tables S1-S4 peak list, ion m/z 288.0208 Th"
C5H7O11,NO3-,adduct,nitrate CI-APi-TOF,gas,chamber,chamber,,"Garmash et al., 2020, ACP",10.5194/acp-20-515-2020,"Precursor system: JPAC chamber | SI Tables S1-S4 peak list, ion m/z 304.9872 Th"
C5H8O11,NO3-,adduct,nitrate CI-APi-TOF,gas,chamber,chamber,,"Garmash et al., 2020, ACP",10.5194/acp-20-515-2020,"Precursor system: JPAC chamber | SI Tables S1-S4 peak list, ion m/z 305.9950 Th"
C6H9O11,NO3-,adduct,nitrate CI-APi-TOF,gas,chamber,chamber,,"Garmash et al., 2020, ACP",10.5194/acp-20-515-2020,"Precursor system: JPAC chamber | SI Tables S1-S4 peak list, ion m/z 319.0029 Th"
C6H10O11,NO3-,adduct,nitrate CI-APi-TOF,gas,chamber,chamber,,"Garmash et al., 2020, ACP",10.5194/acp-20-515-2020,"Precursor system: JPAC chamber | SI Tables S1-S4 peak list, ion m/z 320.0107 Th"
C12H12O8,NO3-,adduct,nitrate CI-APi-TOF,gas,chamber,chamber,,"Garmash et al., 2020, ACP",10.5194/acp-20-515-2020,"Precursor system: JPAC chamber | SI Tables S1-S4 peak list, ion m/z 346.0416 Th"
C12H16O9,NO3-,adduct,nitrate CI-APi-TOF,gas,chamber,chamber,,"Garmash et al., 2020, ACP",10.5194/acp-20-515-2020,"Precursor system: JPAC chamber | SI Tables S1-S4 peak list, ion m/z 366.0678 Th"
C12H16O10,NO3-,adduct,nitrate CI-APi-TOF,gas,chamber,chamber,,"Garmash et al., 2020, ACP",10.5194/acp-20-515-2020,"Precursor system: JPAC chamber | SI Tables S1-S4 peak list, ion m/z 382.0627 Th"
C10H12O12,NO3-,adduct,nitrate CI-APi-TOF,gas,chamber,chamber,,"Garmash et al., 2020, ACP",10.5194/acp-20-515-2020,"Precursor system: JPAC chamber | SI Tables S1-S4 peak list, ion m/z 386.0212 Th"
C12H10O11,NO3-,adduct,nitrate CI-APi-TOF,gas,chamber,chamber,,"Garmash et al., 2020, ACP",10.5194/acp-20-515-2020,"Precursor system: JPAC chamber | SI Tables S1-S4 peak list, ion m/z 392.0107 Th"
C12H12O11,NO3-,adduct,nitrate CI-APi-TOF,gas,chamber,chamber,,"Garmash et al., 2020, ACP",10.5194/acp-20-515-2020,"Precursor system: JPAC chamber | SI Tables S1-S4 peak list, ion m/z 394.0263 Th"
C12H16O11,NO3-,adduct,nitrate CI-APi-TOF,gas,chamber,chamber,,"Garmash et al., 2020, ACP",10.5194/acp-20-515-2020,"Precursor system: JPAC chamber | SI Tables S1-S4 peak list, ion m/z 398.0576 Th"
C12H10O12,NO3-,adduct,nitrate CI-APi-TOF,gas,chamber,chamber,,"Garmash et al., 2020, ACP",10.5194/acp-20-515-2020,"Precursor system: JPAC chamber | SI Tables S1-S4 peak list, ion m/z 408.0056 Th"
C11H12O13,NO3-,adduct,nitrate CI-APi-TOF,gas,chamber,chamber,,"Garmash et al., 2020, ACP",10.5194/acp-20-515-2020,"Precursor system: JPAC chamber | SI Tables S1-S4 peak list, ion m/z 414.0162 Th"
C12H10O13,NO3-,adduct,nitrate CI-APi-TOF,gas,chamber,chamber,,"Garmash et al., 2020, ACP",10.5194/acp-20-515-2020,"Precursor system: JPAC chamber | SI Tables S1-S4 peak list, ion m/z 424.0005 Th"
C12H12O13,NO3-,adduct,nitrate CI-APi-TOF,gas,chamber,chamber,,"Garmash et al., 2020, ACP",10.5194/acp-20-515-2020,"Precursor system: JPAC chamber | SI Tables S1-S4 peak list, ion m/z 426.0162 Th"
C12H16O13,NO3-,adduct,nitrate CI-APi-TOF,gas,chamber,chamber,,"Garmash et al., 2020, ACP",10.5194/acp-20-515-2020,"Precursor system: JPAC chamber | SI Tables S1-S4 peak list, ion m/z 430.0475 Th"
C11H14O14,NO3-,adduct,nitrate CI-APi-TOF,gas,chamber,chamber,,"Garmash et al., 2020, ACP",10.5194/acp-20-515-2020,"Precursor system: JPAC chamber | SI Tables S1-S4 peak list, ion m/z 432.0267 Th"
C12H12O14,NO3-,adduct,nitrate CI-APi-TOF,gas,chamber,chamber,,"Garmash et al., 2020, ACP",10.5194/acp-20-515-2020,"Precursor system: JPAC chamber | SI Tables S1-S4 peak list, ion m/z 442.0111 Th"
C12H16O14,NO3-,adduct,nitrate CI-APi-TOF,gas,chamber,chamber,,"Garmash et al., 2020, ACP",10.5194/acp-20-515-2020,"Precursor system: JPAC chamber | SI Tables S1-S4 peak list, ion m/z 446.0424 Th"
C12H12O15,NO3-,adduct,nitrate CI-APi-TOF,gas,chamber,chamber,,"Garmash et al., 2020, ACP",10.5194/acp-20-515-2020,"Precursor system: JPAC chamber | SI Tables S1-S4 peak list, ion m/z 458.0060 Th"
C12H14O15,NO3-,adduct,nitrate CI-APi-TOF,gas,chamber,chamber,,"Garmash et al., 2020, ACP",10.5194/acp-20-515-2020,"Precursor system: JPAC chamber | SI Tables S1-S4 peak list, ion m/z 460.0216 Th"
C12H16O15,NO3-,adduct,nitrate CI-APi-TOF,gas,chamber,chamber,,"Garmash et al., 2020, ACP",10.5194/acp-20-515-2020,"Precursor system: JPAC chamber | SI Tables S1-S4 peak list, ion m/z 462.0373 Th"
C12H12O16,NO3-,adduct,nitrate CI-APi-TOF,gas,chamber,chamber,,"Garmash et al., 2020, ACP",10.5194/acp-20-515-2020,"Precursor system: JPAC chamber | SI Tables S1-S4 peak list, ion m/z 474.0009 Th"
C12H14O16,NO3-,adduct,nitrate CI-APi-TOF,gas,chamber,chamber,,"Garmash et al., 2020, ACP",10.5194/acp-20-515-2020,"Precursor system: JPAC chamber | SI Tables S1-S4 peak list, ion m/z 476.0166 Th"
C12H16O16,NO3-,adduct,nitrate CI-APi-TOF,gas,chamber,chamber,,"Garmash et al., 2020, ACP",10.5194/acp-20-515-2020,"Precursor system: JPAC chamber | SI Tables S1-S4 peak list, ion m/z 478.0322 Th"
C12H16O17,NO3-,adduct,nitrate CI-APi-TOF,gas,chamber,chamber,,"Garmash et al., 2020, ACP",10.5194/acp-20-515-2020,"Precursor system: JPAC chamber | SI Tables S1-S4 peak list, ion m/z 494.0271 Th"
C12H14O18,NO3-,adduct,nitrate CI-APi-TOF,gas,chamber,chamber,,"Garmash et al., 2020, ACP",10.5194/acp-20-515-2020,"Precursor system: JPAC chamber | SI Tables S1-S4 peak list, ion m/z 508.0064 Th"
C12H16O18,NO3-,adduct,nitrate CI-APi-TOF,gas,chamber,chamber,,"Garmash et al., 2020, ACP",10.5194/acp-20-515-2020,"Precursor system: JPAC chamber | SI Tables S1-S4 peak list, ion m/z 510.0220 Th"
C6H5NO3,NO3-,adduct,nitrate CI-APi-TOF,gas,chamber,chamber,,"Garmash et al., 2020, ACP",10.5194/acp-20-515-2020,"Precursor system: JPAC chamber (N-containing) | SI Tables S1-S4 peak list, ion m/z 201.0153 Th | detected both as NO3- adduct and deprotonated | nitrophenol with NO3"
C6H5NO4,NO3-,adduct,nitrate CI-APi-TOF,gas,chamber,chamber,,"Garmash et al., 2020, ACP",10.5194/acp-20-515-2020,"Precursor system: JPAC chamber (N-containing) | SI Tables S1-S4 peak list, ion m/z 217.0102 Th | detected both as NO3- adduct and deprotonated | nitrocatechol with NO3"
C5H5NO4,NO3-,adduct,nitrate CI-APi-TOF,gas,chamber,chamber,,"Garmash et al., 2020, ACP",10.5194/acp-20-515-2020,"Precursor system: JPAC chamber (N-containing) | SI Tables S1-S4 peak list, ion m/z 205.0102 Th"
C5H5NO5,NO3-,adduct,nitrate CI-APi-TOF,gas,chamber,chamber,,"Garmash et al., 2020, ACP",10.5194/acp-20-515-2020,"Precursor system: JPAC chamber (N-containing) | SI Tables S1-S4 peak list, ion m/z 221.0051 Th"
C3H5NO7,NO3-,adduct,nitrate CI-APi-TOF,gas,chamber,chamber,,"Garmash et al., 2020, ACP",10.5194/acp-20-515-2020,"Precursor system: JPAC chamber (N-containing) | SI Tables S1-S4 peak list, ion m/z 228.9950 Th"
C6H7NO5,NO3-,adduct,nitrate CI-APi-TOF,gas,chamber,chamber,,"Garmash et al., 2020, ACP",10.5194/acp-20-515-2020,"Precursor system: JPAC chamber (N-containing) | SI Tables S1-S4 peak list, ion m/z 235.0208 Th"
C6H5NO6,NO3-,adduct,nitrate CI-APi-TOF,gas,chamber,chamber,,"Garmash et al., 2020, ACP",10.5194/acp-20-515-2020,"Precursor system: JPAC chamber (N-containing) | SI Tables S1-S4 peak list, ion m/z 249.0001 Th"
C6H7NO7,NO3-,adduct,nitrate CI-APi-TOF,gas,chamber,chamber,,"Garmash et al., 2020, ACP",10.5194/acp-20-515-2020,"Precursor system: JPAC chamber (N-containing) | SI Tables S1-S4 peak list, ion m/z 267.0106 Th"
C5H7NO8,NO3-,adduct,nitrate CI-APi-TOF,gas,chamber,chamber,,"Garmash et al., 2020, ACP",10.5194/acp-20-515-2020,"Precursor system: JPAC chamber (N-containing) | SI Tables S1-S4 peak list, ion m/z 271.0055 Th"
C4H5NO9,NO3-,adduct,nitrate CI-APi-TOF,gas,chamber,chamber,,"Garmash et al., 2020, ACP",10.5194/acp-20-515-2020,"Precursor system: JPAC chamber (N-containing) | SI Tables S1-S4 peak list, ion m/z 272.9848 Th"
C4H7NO9,NO3-,adduct,nitrate CI-APi-TOF,gas,chamber,chamber,,"Garmash et al., 2020, ACP",10.5194/acp-20-515-2020,"Precursor system: JPAC chamber (N-containing) | SI Tables S1-S4 peak list, ion m/z 275.0004 Th"
C6H5NO8,NO3-,adduct,nitrate CI-APi-TOF,gas,chamber,chamber,,"Garmash et al., 2020, ACP",10.5194/acp-20-515-2020,"Precursor system: JPAC chamber (N-containing) | SI Tables S1-S4 peak list, ion m/z 280.9899 Th"
C6H7NO8,NO3-,adduct,nitrate CI-APi-TOF,gas,chamber,chamber,,"Garmash et al., 2020, ACP",10.5194/acp-20-515-2020,"Precursor system: JPAC chamber (N-containing) | SI Tables S1-S4 peak list, ion m/z 283.0055 Th"
C5H7NO9,NO3-,adduct,nitrate CI-APi-TOF,gas,chamber,chamber,,"Garmash et al., 2020, ACP",10.5194/acp-20-515-2020,"Precursor system: JPAC chamber (N-containing) | SI Tables S1-S4 peak list, ion m/z 287.0004 Th"
C6H5NO9,NO3-,adduct,nitrate CI-APi-TOF,gas,chamber,chamber,,"Garmash et al., 2020, ACP",10.5194/acp-20-515-2020,"Precursor system: JPAC chamber (N-containing) | SI Tables S1-S4 peak list, ion m/z 296.9848 Th"
C6H7NO9,NO3-,adduct,nitrate CI-APi-TOF,gas,chamber,chamber,,"Garmash et al., 2020, ACP",10.5194/acp-20-515-2020,"Precursor system: JPAC chamber (N-containing) | SI Tables S1-S4 peak list, ion m/z 299.0004 Th"
C5H5NO10,NO3-,adduct,nitrate CI-APi-TOF,gas,chamber,chamber,,"Garmash et al., 2020, ACP",10.5194/acp-20-515-2020,"Precursor system: JPAC chamber (N-containing) | SI Tables S1-S4 peak list, ion m/z 300.9797 Th"
C6H9NO9,NO3-,adduct,nitrate CI-APi-TOF,gas,chamber,chamber,,"Garmash et al., 2020, ACP",10.5194/acp-20-515-2020,"Precursor system: JPAC chamber (N-containing) | SI Tables S1-S4 peak list, ion m/z 301.0161 Th"
C5H7NO10,NO3-,adduct,nitrate CI-APi-TOF,gas,chamber,chamber,,"Garmash et al., 2020, ACP",10.5194/acp-20-515-2020,"Precursor system: JPAC chamber (N-containing) | SI Tables S1-S4 peak list, ion m/z 302.9954 Th"
C6H7NO10,NO3-,adduct,nitrate CI-APi-TOF,gas,chamber,chamber,,"Garmash et al., 2020, ACP",10.5194/acp-20-515-2020,"Precursor system: JPAC chamber (N-containing) | SI Tables S1-S4 peak list, ion m/z 314.9954 Th"
C5H7NO11,NO3-,adduct,nitrate CI-APi-TOF,gas,chamber,chamber,,"Garmash et al., 2020, ACP",10.5194/acp-20-515-2020,"Precursor system: JPAC chamber (N-containing) | SI Tables S1-S4 peak list, ion m/z 318.9903 Th"
C6H5NO11,NO3-,adduct,nitrate CI-APi-TOF,gas,chamber,chamber,,"Garmash et al., 2020, ACP",10.5194/acp-20-515-2020,"Precursor system: JPAC chamber (N-containing) | SI Tables S1-S4 peak list, ion m/z 328.9746 Th"
C6H7NO11,NO3-,adduct,nitrate CI-APi-TOF,gas,chamber,chamber,,"Garmash et al., 2020, ACP",10.5194/acp-20-515-2020,"Precursor system: JPAC chamber (N-containing) | SI Tables S1-S4 peak list, ion m/z 330.9903 Th"
C6H9NO11,NO3-,adduct,nitrate CI-APi-TOF,gas,chamber,chamber,,"Garmash et al., 2020, ACP",10.5194/acp-20-515-2020,"Precursor system: JPAC chamber (N-containing) | SI Tables S1-S4 peak list, ion m/z 333.0059 Th"
C6H7NO12,NO3-,adduct,nitrate CI-APi-TOF,gas,chamber,chamber,,"Garmash et al., 2020, ACP",10.5194/acp-20-515-2020,"Precursor system: JPAC chamber (N-containing) | SI Tables S1-S4 peak list, ion m/z 346.9852 Th"
C6H9NO12,NO3-,adduct,nitrate CI-APi-TOF,gas,chamber,chamber,,"Garmash et al., 2020, ACP",10.5194/acp-20-515-2020,"Precursor system: JPAC chamber (N-containing) | SI Tables S1-S4 peak list, ion m/z 349.0008 Th"
C6H7NO13,NO3-,adduct,nitrate CI-APi-TOF,gas,chamber,chamber,,"Garmash et al., 2020, ACP",10.5194/acp-20-515-2020,"Precursor system: JPAC chamber (N-containing) | SI Tables S1-S4 peak list, ion m/z 362.9801 Th"
C7H10O3,H3O+,prot,Vocus PTR-TOF,gas,chamber,chamber,,"Li et al., 2020, ACP",10.5194/acp-20-1941-2020,"α-pinene ozonolysis oxidation product | series-expanded: C7H10On (n=3-6) | main text p.1949, chamber study"
C7H10O4,H3O+,prot,Vocus PTR-TOF,gas,chamber,chamber,,"Li et al., 2020, ACP",10.5194/acp-20-1941-2020,"α-pinene ozonolysis oxidation product | series-expanded: C7H10On (n=3-6) | main text p.1949, chamber study"
C7H10O5,H3O+,prot,Vocus PTR-TOF,gas,chamber,chamber,,"Li et al., 2020, ACP",10.5194/acp-20-1941-2020,"α-pinene ozonolysis oxidation product | series-expanded: C7H10On (n=3-6) | main text p.1949, chamber study"
C7H10O6,H3O+,prot,Vocus PTR-TOF,gas,chamber,chamber,,"Li et al., 2020, ACP",10.5194/acp-20-1941-2020,"α-pinene ozonolysis oxidation product | series-expanded: C7H10On (n=3-6) | main text p.1949, chamber study"
C7H12O3,H3O+,prot,Vocus PTR-TOF,gas,chamber,chamber,,"Li et al., 2020, ACP",10.5194/acp-20-1941-2020,"α-pinene ozonolysis oxidation product | series-expanded: C7H12On (n=3-6) | main text p.1949, chamber study"
C7H12O4,H3O+,prot,Vocus PTR-TOF,gas,chamber,chamber,,"Li et al., 2020, ACP",10.5194/acp-20-1941-2020,"α-pinene ozonolysis oxidation product | series-expanded: C7H12On (n=3-6) | main text p.1949, chamber study"
C7H12O5,H3O+,prot,Vocus PTR-TOF,gas,chamber,chamber,,"Li et al., 2020, ACP",10.5194/acp-20-1941-2020,"α-pinene ozonolysis oxidation product | series-expanded: C7H12On (n=3-6) | main text p.1949, chamber study"
C7H12O6,H3O+,prot,Vocus PTR-TOF,gas,chamber,chamber,,"Li et al., 2020, ACP",10.5194/acp-20-1941-2020,"α-pinene ozonolysis oxidation product | series-expanded: C7H12On (n=3-6) | main text p.1949, chamber study"
C8H14O3,H3O+,prot,Vocus PTR-TOF,gas,"boreal-type maritime pine forest (Landes, France)",atmosphere,forest,"Li et al., 2020, ACP",10.5194/acp-20-1941-2020,"monoterpene oxidation product | series-expanded: C8H14On (n=1-6) | main text p.1950, Landes forest ｜ α-pinene ozonolysis oxidation product | series-expanded: C8H14On (n=3-6) | main text p.1949, chamber study"
C8H14O4,H3O+,prot,Vocus PTR-TOF,gas,"boreal-type maritime pine forest (Landes, France)",atmosphere,forest,"Li et al., 2020, ACP",10.5194/acp-20-1941-2020,"monoterpene oxidation product | series-expanded: C8H14On (n=1-6) | main text p.1950, Landes forest ｜ α-pinene ozonolysis oxidation product | series-expanded: C8H14On (n=3-6) | main text p.1949, chamber study"
C8H14O5,H3O+,prot,Vocus PTR-TOF,gas,"boreal-type maritime pine forest (Landes, France)",atmosphere,forest,"Li et al., 2020, ACP",10.5194/acp-20-1941-2020,"monoterpene oxidation product | series-expanded: C8H14On (n=1-6) | main text p.1950, Landes forest ｜ α-pinene ozonolysis oxidation product | series-expanded: C8H14On (n=3-6) | main text p.1949, chamber study"
C8H14O6,H3O+,prot,Vocus PTR-TOF,gas,"boreal-type maritime pine forest (Landes, France)",atmosphere,forest,"Li et al., 2020, ACP",10.5194/acp-20-1941-2020,"monoterpene oxidation product | series-expanded: C8H14On (n=1-6) | main text p.1950, Landes forest ｜ α-pinene ozonolysis oxidation product | series-expanded: C8H14On (n=3-6) | main text p.1949, chamber study"
C9H14O,H3O+,prot,Vocus PTR-TOF,gas,"boreal-type maritime pine forest (Landes, France)",atmosphere,forest,"Li et al., 2020, ACP",10.5194/acp-20-1941-2020,"monoterpene oxidation product | series-expanded: C9H14On (n=1-6) | main text p.1950, Landes forest ｜ α-pinene ozonolysis oxidation product | series-expanded: C9H14On (n=1-5) | main text p.1949, chamber study"
C9H14O2,H3O+,prot,Vocus PTR-TOF,gas,"boreal-type maritime pine forest (Landes, France)",atmosphere,forest,"Li et al., 2020, ACP",10.5194/acp-20-1941-2020,"monoterpene oxidation product | series-expanded: C9H14On (n=1-6) | main text p.1950, Landes forest ｜ α-pinene ozonolysis oxidation product | series-expanded: C9H14On (n=1-5) | main text p.1949, chamber study"
C9H14O3,H3O+,prot,Vocus PTR-TOF,gas,"boreal-type maritime pine forest (Landes, France)",atmosphere,forest,"Li et al., 2020, ACP",10.5194/acp-20-1941-2020,"monoterpene oxidation product | series-expanded: C9H14On (n=1-6) | main text p.1950, Landes forest ｜ α-pinene ozonolysis oxidation product | series-expanded: C9H14On (n=1-5) | main text p.1949, chamber study"
C9H14O4,H3O+,prot,Vocus PTR-TOF,gas,"boreal-type maritime pine forest (Landes, France)",atmosphere,forest,"Li et al., 2020, ACP",10.5194/acp-20-1941-2020,"monoterpene oxidation product | series-expanded: C9H14On (n=1-6) | main text p.1950, Landes forest ｜ α-pinene ozonolysis oxidation product | series-expanded: C9H14On (n=1-5) | main text p.1949, chamber study"
C9H14O5,H3O+,prot,Vocus PTR-TOF,gas,"boreal-type maritime pine forest (Landes, France)",atmosphere,forest,"Li et al., 2020, ACP",10.5194/acp-20-1941-2020,"monoterpene oxidation product | series-expanded: C9H14On (n=1-6) | main text p.1950, Landes forest ｜ α-pinene ozonolysis oxidation product | series-expanded: C9H14On (n=1-5) | main text p.1949, chamber study"
C10H14O2,H3O+,prot,Vocus PTR-TOF,gas,"boreal-type maritime pine forest (Landes, France)",atmosphere,forest,"Li et al., 2020, ACP",10.5194/acp-20-1941-2020,"monoterpene oxidation product | series-expanded: C10H14On (n=1-6) | main text p.1950, Landes forest ｜ α-pinene ozonolysis oxidation product | series-expanded: C10H14On (n=2-6) | main text p.1949, chamber study"
C10H14O3,H3O+,prot,Vocus PTR-TOF,gas,"boreal-type maritime pine forest (Landes, France)",atmosphere,forest,"Li et al., 2020, ACP",10.5194/acp-20-1941-2020,"monoterpene oxidation product | series-expanded: C10H14On (n=1-6) | main text p.1950, Landes forest ｜ α-pinene ozonolysis oxidation product | series-expanded: C10H14On (n=2-6) | main text p.1949, chamber study"
C10H14O4,H3O+,prot,Vocus PTR-TOF,gas,"boreal-type maritime pine forest (Landes, France)",atmosphere,forest,"Li et al., 2020, ACP",10.5194/acp-20-1941-2020,"monoterpene oxidation product | series-expanded: C10H14On (n=1-6) | main text p.1950, Landes forest ｜ α-pinene ozonolysis oxidation product | series-expanded: C10H14On (n=2-6) | main text p.1949, chamber study"
C10H14O5,H3O+,prot,Vocus PTR-TOF,gas,"boreal-type maritime pine forest (Landes, France)",atmosphere,forest,"Li et al., 2020, ACP",10.5194/acp-20-1941-2020,"monoterpene oxidation product | series-expanded: C10H14On (n=1-6) | main text p.1950, Landes forest ｜ α-pinene ozonolysis oxidation product | series-expanded: C10H14On (n=2-6) | main text p.1949, chamber study"
C10H14O6,H3O+,prot,Vocus PTR-TOF,gas,"boreal-type maritime pine forest (Landes, France)",atmosphere,forest,"Li et al., 2020, ACP",10.5194/acp-20-1941-2020,"monoterpene oxidation product | series-expanded: C10H14On (n=1-6) | main text p.1950, Landes forest ｜ α-pinene ozonolysis oxidation product | series-expanded: C10H14On (n=2-6) | main text p.1949, chamber study"
C10H16O2,H3O+,prot,Vocus PTR-TOF,gas,"boreal-type maritime pine forest (Landes, France)",atmosphere,forest,"Li et al., 2020, ACP",10.5194/acp-20-1941-2020,"monoterpene oxidation product | series-expanded: C10H16On (n=1-6) | main text p.1950, Landes forest ｜ α-pinene ozonolysis oxidation product | series-expanded: C10H16On (n=2-6) | main text p.1949, chamber study"
C10H16O3,H3O+,prot,Vocus PTR-TOF,gas,"boreal-type maritime pine forest (Landes, France)",atmosphere,forest,"Li et al., 2020, ACP",10.5194/acp-20-1941-2020,"monoterpene oxidation product | series-expanded: C10H16On (n=1-6) | main text p.1950, Landes forest ｜ α-pinene ozonolysis oxidation product | series-expanded: C10H16On (n=2-6) | main text p.1949, chamber study"
C10H16O4,H3O+,prot,Vocus PTR-TOF,gas,"boreal-type maritime pine forest (Landes, France)",atmosphere,forest,"Li et al., 2020, ACP",10.5194/acp-20-1941-2020,"monoterpene oxidation product | series-expanded: C10H16On (n=1-6) | main text p.1950, Landes forest ｜ α-pinene ozonolysis oxidation product | series-expanded: C10H16On (n=2-6) | main text p.1949, chamber study"
C10H16O5,H3O+,prot,Vocus PTR-TOF,gas,"boreal-type maritime pine forest (Landes, France)",atmosphere,forest,"Li et al., 2020, ACP",10.5194/acp-20-1941-2020,"monoterpene oxidation product | series-expanded: C10H16On (n=1-6) | main text p.1950, Landes forest ｜ α-pinene ozonolysis oxidation product | series-expanded: C10H16On (n=2-6) | main text p.1949, chamber study"
C10H16O6,H3O+,prot,Vocus PTR-TOF,gas,"boreal-type maritime pine forest (Landes, France)",atmosphere,forest,"Li et al., 2020, ACP",10.5194/acp-20-1941-2020,"monoterpene oxidation product | series-expanded: C10H16On (n=1-6) | main text p.1950, Landes forest ｜ α-pinene ozonolysis oxidation product | series-expanded: C10H16On (n=2-6) | main text p.1949, chamber study"
C4H6O,H3O+,prot,Vocus PTR-TOF,gas,"boreal-type maritime pine forest (Landes, France)",atmosphere,forest,"Li et al., 2020, ACP",10.5194/acp-20-1941-2020,"isoprene oxidation product | series-expanded: C4H6On (n=1-6) | main text p.1949, Landes forest"
C4H6O2,H3O+,prot,Vocus PTR-TOF,gas,"boreal-type maritime pine forest (Landes, France)",atmosphere,forest,"Li et al., 2020, ACP",10.5194/acp-20-1941-2020,"isoprene oxidation product | series-expanded: C4H6On (n=1-6) | main text p.1949, Landes forest"
C4H6O3,H3O+,prot,Vocus PTR-TOF,gas,"boreal-type maritime pine forest (Landes, France)",atmosphere,forest,"Li et al., 2020, ACP",10.5194/acp-20-1941-2020,"isoprene oxidation product | series-expanded: C4H6On (n=1-6) | main text p.1949, Landes forest"
C4H6O4,H3O+,prot,Vocus PTR-TOF,gas,"boreal-type maritime pine forest (Landes, France)",atmosphere,forest,"Li et al., 2020, ACP",10.5194/acp-20-1941-2020,"isoprene oxidation product | series-expanded: C4H6On (n=1-6) | main text p.1949, Landes forest"
C4H6O5,H3O+,prot,Vocus PTR-TOF,gas,"boreal-type maritime pine forest (Landes, France)",atmosphere,forest,"Li et al., 2020, ACP",10.5194/acp-20-1941-2020,"isoprene oxidation product | series-expanded: C4H6On (n=1-6) | main text p.1949, Landes forest"
C4H6O6,H3O+,prot,Vocus PTR-TOF,gas,"boreal-type maritime pine forest (Landes, France)",atmosphere,forest,"Li et al., 2020, ACP",10.5194/acp-20-1941-2020,"isoprene oxidation product | series-expanded: C4H6On (n=1-6) | main text p.1949, Landes forest"
C4H8O,H3O+,prot,Vocus PTR-TOF,gas,"boreal-type maritime pine forest (Landes, France)",atmosphere,forest,"Li et al., 2020, ACP",10.5194/acp-20-1941-2020,"isoprene oxidation product | series-expanded: C4H8On (n=1-6) | main text p.1949, Landes forest"
C4H8O2,H3O+,prot,Vocus PTR-TOF,gas,"boreal-type maritime pine forest (Landes, France)",atmosphere,forest,"Li et al., 2020, ACP",10.5194/acp-20-1941-2020,"isoprene oxidation product | series-expanded: C4H8On (n=1-6) | main text p.1949, Landes forest"
C4H8O3,H3O+,prot,Vocus PTR-TOF,gas,"boreal-type maritime pine forest (Landes, France)",atmosphere,forest,"Li et al., 2020, ACP",10.5194/acp-20-1941-2020,"isoprene oxidation product | series-expanded: C4H8On (n=1-6) | main text p.1949, Landes forest"
C4H8O4,H3O+,prot,Vocus PTR-TOF,gas,"boreal-type maritime pine forest (Landes, France)",atmosphere,forest,"Li et al., 2020, ACP",10.5194/acp-20-1941-2020,"isoprene oxidation product | series-expanded: C4H8On (n=1-6) | main text p.1949, Landes forest"
C4H8O5,H3O+,prot,Vocus PTR-TOF,gas,"boreal-type maritime pine forest (Landes, France)",atmosphere,forest,"Li et al., 2020, ACP",10.5194/acp-20-1941-2020,"isoprene oxidation product | series-expanded: C4H8On (n=1-6) | main text p.1949, Landes forest"
C4H8O6,H3O+,prot,Vocus PTR-TOF,gas,"boreal-type maritime pine forest (Landes, France)",atmosphere,forest,"Li et al., 2020, ACP",10.5194/acp-20-1941-2020,"isoprene oxidation product | series-expanded: C4H8On (n=1-6) | main text p.1949, Landes forest"
C5H8O,H3O+,prot,Vocus PTR-TOF,gas,"boreal-type maritime pine forest (Landes, France)",atmosphere,forest,"Li et al., 2020, ACP",10.5194/acp-20-1941-2020,"isoprene oxidation product | series-expanded: C5H8On (n=1-6) | main text p.1949, Landes forest"
C5H8O2,H3O+,prot,Vocus PTR-TOF,gas,"boreal-type maritime pine forest (Landes, France)",atmosphere,forest,"Li et al., 2020, ACP",10.5194/acp-20-1941-2020,"isoprene oxidation product | series-expanded: C5H8On (n=1-6) | main text p.1949, Landes forest"
C5H8O3,H3O+,prot,Vocus PTR-TOF,gas,"boreal-type maritime pine forest (Landes, France)",atmosphere,forest,"Li et al., 2020, ACP",10.5194/acp-20-1941-2020,"isoprene oxidation product | series-expanded: C5H8On (n=1-6) | main text p.1949, Landes forest"
C5H8O4,H3O+,prot,Vocus PTR-TOF,gas,"boreal-type maritime pine forest (Landes, France)",atmosphere,forest,"Li et al., 2020, ACP",10.5194/acp-20-1941-2020,"isoprene oxidation product | series-expanded: C5H8On (n=1-6) | main text p.1949, Landes forest"
C5H8O5,H3O+,prot,Vocus PTR-TOF,gas,"boreal-type maritime pine forest (Landes, France)",atmosphere,forest,"Li et al., 2020, ACP",10.5194/acp-20-1941-2020,"isoprene oxidation product | series-expanded: C5H8On (n=1-6) | main text p.1949, Landes forest"
C5H8O6,H3O+,prot,Vocus PTR-TOF,gas,"boreal-type maritime pine forest (Landes, France)",atmosphere,forest,"Li et al., 2020, ACP",10.5194/acp-20-1941-2020,"isoprene oxidation product | series-expanded: C5H8On (n=1-6) | main text p.1949, Landes forest"
C5H10O,H3O+,prot,Vocus PTR-TOF,gas,"boreal-type maritime pine forest (Landes, France)",atmosphere,forest,"Li et al., 2020, ACP",10.5194/acp-20-1941-2020,"isoprene oxidation product | series-expanded: C5H10On (n=1-6) | main text p.1949, Landes forest"
C5H10O2,H3O+,prot,Vocus PTR-TOF,gas,"boreal-type maritime pine forest (Landes, France)",atmosphere,forest,"Li et al., 2020, ACP",10.5194/acp-20-1941-2020,"isoprene oxidation product | series-expanded: C5H10On (n=1-6) | main text p.1949, Landes forest"
C5H10O3,H3O+,prot,Vocus PTR-TOF,gas,"boreal-type maritime pine forest (Landes, France)",atmosphere,forest,"Li et al., 2020, ACP",10.5194/acp-20-1941-2020,"isoprene oxidation product | series-expanded: C5H10On (n=1-6) | main text p.1949, Landes forest"
C5H10O4,H3O+,prot,Vocus PTR-TOF,gas,"boreal-type maritime pine forest (Landes, France)",atmosphere,forest,"Li et al., 2020, ACP",10.5194/acp-20-1941-2020,"isoprene oxidation product | series-expanded: C5H10On (n=1-6) | main text p.1949, Landes forest"
C5H10O5,H3O+,prot,Vocus PTR-TOF,gas,"boreal-type maritime pine forest (Landes, France)",atmosphere,forest,"Li et al., 2020, ACP",10.5194/acp-20-1941-2020,"isoprene oxidation product | series-expanded: C5H10On (n=1-6) | main text p.1949, Landes forest"
C5H10O6,H3O+,prot,Vocus PTR-TOF,gas,"boreal-type maritime pine forest (Landes, France)",atmosphere,forest,"Li et al., 2020, ACP",10.5194/acp-20-1941-2020,"isoprene oxidation product | series-expanded: C5H10On (n=1-6) | main text p.1949, Landes forest"
C5H12O,H3O+,prot,Vocus PTR-TOF,gas,"boreal-type maritime pine forest (Landes, France)",atmosphere,forest,"Li et al., 2020, ACP",10.5194/acp-20-1941-2020,"isoprene oxidation product | series-expanded: C5H12On (n=1-6) | main text p.1949, Landes forest"
C5H12O2,H3O+,prot,Vocus PTR-TOF,gas,"boreal-type maritime pine forest (Landes, France)",atmosphere,forest,"Li et al., 2020, ACP",10.5194/acp-20-1941-2020,"isoprene oxidation product | series-expanded: C5H12On (n=1-6) | main text p.1949, Landes forest"
C5H12O3,H3O+,prot,Vocus PTR-TOF,gas,"boreal-type maritime pine forest (Landes, France)",atmosphere,forest,"Li et al., 2020, ACP",10.5194/acp-20-1941-2020,"isoprene oxidation product | series-expanded: C5H12On (n=1-6) | main text p.1949, Landes forest"
C5H12O4,H3O+,prot,Vocus PTR-TOF,gas,"boreal-type maritime pine forest (Landes, France)",atmosphere,forest,"Li et al., 2020, ACP",10.5194/acp-20-1941-2020,"isoprene oxidation product | series-expanded: C5H12On (n=1-6) | main text p.1949, Landes forest"
C5H12O5,H3O+,prot,Vocus PTR-TOF,gas,"boreal-type maritime pine forest (Landes, France)",atmosphere,forest,"Li et al., 2020, ACP",10.5194/acp-20-1941-2020,"isoprene oxidation product | series-expanded: C5H12On (n=1-6) | main text p.1949, Landes forest"
C5H12O6,H3O+,prot,Vocus PTR-TOF,gas,"boreal-type maritime pine forest (Landes, France)",atmosphere,forest,"Li et al., 2020, ACP",10.5194/acp-20-1941-2020,"isoprene oxidation product | series-expanded: C5H12On (n=1-6) | main text p.1949, Landes forest"
C8H12O,H3O+,prot,Vocus PTR-TOF,gas,"boreal-type maritime pine forest (Landes, France)",atmosphere,forest,"Li et al., 2020, ACP",10.5194/acp-20-1941-2020,"monoterpene oxidation product | series-expanded: C8H12On (n=1-6) | main text p.1950, Landes forest"
C8H12O2,H3O+,prot,Vocus PTR-TOF,gas,"boreal-type maritime pine forest (Landes, France)",atmosphere,forest,"Li et al., 2020, ACP",10.5194/acp-20-1941-2020,"monoterpene oxidation product | series-expanded: C8H12On (n=1-6) | main text p.1950, Landes forest"
C8H12O3,H3O+,prot,Vocus PTR-TOF,gas,"boreal-type maritime pine forest (Landes, France)",atmosphere,forest,"Li et al., 2020, ACP",10.5194/acp-20-1941-2020,"monoterpene oxidation product | series-expanded: C8H12On (n=1-6) | main text p.1950, Landes forest"
C8H12O4,H3O+,prot,Vocus PTR-TOF,gas,"boreal-type maritime pine forest (Landes, France)",atmosphere,forest,"Li et al., 2020, ACP",10.5194/acp-20-1941-2020,"monoterpene oxidation product | series-expanded: C8H12On (n=1-6) | main text p.1950, Landes forest"
C8H12O5,H3O+,prot,Vocus PTR-TOF,gas,"boreal-type maritime pine forest (Landes, France)",atmosphere,forest,"Li et al., 2020, ACP",10.5194/acp-20-1941-2020,"monoterpene oxidation product | series-expanded: C8H12On (n=1-6) | main text p.1950, Landes forest"
C8H12O6,H3O+,prot,Vocus PTR-TOF,gas,"boreal-type maritime pine forest (Landes, France)",atmosphere,forest,"Li et al., 2020, ACP",10.5194/acp-20-1941-2020,"monoterpene oxidation product | series-expanded: C8H12On (n=1-6) | main text p.1950, Landes forest"
C8H14O,H3O+,prot,Vocus PTR-TOF,gas,"boreal-type maritime pine forest (Landes, France)",atmosphere,forest,"Li et al., 2020, ACP",10.5194/acp-20-1941-2020,"monoterpene oxidation product | series-expanded: C8H14On (n=1-6) | main text p.1950, Landes forest"
C8H14O2,H3O+,prot,Vocus PTR-TOF,gas,"boreal-type maritime pine forest (Landes, France)",atmosphere,forest,"Li et al., 2020, ACP",10.5194/acp-20-1941-2020,"monoterpene oxidation product | series-expanded: C8H14On (n=1-6) | main text p.1950, Landes forest"
C9H14O6,H3O+,prot,Vocus PTR-TOF,gas,"boreal-type maritime pine forest (Landes, France)",atmosphere,forest,"Li et al., 2020, ACP",10.5194/acp-20-1941-2020,"monoterpene oxidation product | series-expanded: C9H14On (n=1-6) | main text p.1950, Landes forest"
C10H14O,H3O+,prot,Vocus PTR-TOF,gas,"boreal-type maritime pine forest (Landes, France)",atmosphere,forest,"Li et al., 2020, ACP",10.5194/acp-20-1941-2020,"monoterpene oxidation product | series-expanded: C10H14On (n=1-6) | main text p.1950, Landes forest"
C10H16O,H3O+,prot,Vocus PTR-TOF,gas,"boreal-type maritime pine forest (Landes, France)",atmosphere,forest,"Li et al., 2020, ACP",10.5194/acp-20-1941-2020,"monoterpene oxidation product | series-expanded: C10H16On (n=1-6) | main text p.1950, Landes forest"
C10H18O,H3O+,prot,Vocus PTR-TOF,gas,"boreal-type maritime pine forest (Landes, France)",atmosphere,forest,"Li et al., 2020, ACP",10.5194/acp-20-1941-2020,"monoterpene oxidation product | series-expanded: C10H18On (n=1-6) | main text p.1950, Landes forest"
C10H18O2,H3O+,prot,Vocus PTR-TOF,gas,"boreal-type maritime pine forest (Landes, France)",atmosphere,forest,"Li et al., 2020, ACP",10.5194/acp-20-1941-2020,"monoterpene oxidation product | series-expanded: C10H18On (n=1-6) | main text p.1950, Landes forest"
C10H18O3,H3O+,prot,Vocus PTR-TOF,gas,"boreal-type maritime pine forest (Landes, France)",atmosphere,forest,"Li et al., 2020, ACP",10.5194/acp-20-1941-2020,"monoterpene oxidation product | series-expanded: C10H18On (n=1-6) | main text p.1950, Landes forest"
C10H18O4,H3O+,prot,Vocus PTR-TOF,gas,"boreal-type maritime pine forest (Landes, France)",atmosphere,forest,"Li et al., 2020, ACP",10.5194/acp-20-1941-2020,"monoterpene oxidation product | series-expanded: C10H18On (n=1-6) | main text p.1950, Landes forest"
C10H18O5,H3O+,prot,Vocus PTR-TOF,gas,"boreal-type maritime pine forest (Landes, France)",atmosphere,forest,"Li et al., 2020, ACP",10.5194/acp-20-1941-2020,"monoterpene oxidation product | series-expanded: C10H18On (n=1-6) | main text p.1950, Landes forest"
C10H18O6,H3O+,prot,Vocus PTR-TOF,gas,"boreal-type maritime pine forest (Landes, France)",atmosphere,forest,"Li et al., 2020, ACP",10.5194/acp-20-1941-2020,"monoterpene oxidation product | series-expanded: C10H18On (n=1-6) | main text p.1950, Landes forest"
C14H22O,H3O+,prot,Vocus PTR-TOF,gas,"boreal-type maritime pine forest (Landes, France)",atmosphere,forest,"Li et al., 2020, ACP",10.5194/acp-20-1941-2020,"sesquiterpene oxidation product | series-expanded: C14H22On (n=1-6) | main text p.1950, Landes forest"
C14H22O2,H3O+,prot,Vocus PTR-TOF,gas,"boreal-type maritime pine forest (Landes, France)",atmosphere,forest,"Li et al., 2020, ACP",10.5194/acp-20-1941-2020,"sesquiterpene oxidation product | series-expanded: C14H22On (n=1-6) | main text p.1950, Landes forest"
C14H22O3,H3O+,prot,Vocus PTR-TOF,gas,"boreal-type maritime pine forest (Landes, France)",atmosphere,forest,"Li et al., 2020, ACP",10.5194/acp-20-1941-2020,"sesquiterpene oxidation product | series-expanded: C14H22On (n=1-6) | main text p.1950, Landes forest"
C14H22O4,H3O+,prot,Vocus PTR-TOF,gas,"boreal-type maritime pine forest (Landes, France)",atmosphere,forest,"Li et al., 2020, ACP",10.5194/acp-20-1941-2020,"sesquiterpene oxidation product | series-expanded: C14H22On (n=1-6) | main text p.1950, Landes forest"
C14H22O5,H3O+,prot,Vocus PTR-TOF,gas,"boreal-type maritime pine forest (Landes, France)",atmosphere,forest,"Li et al., 2020, ACP",10.5194/acp-20-1941-2020,"sesquiterpene oxidation product | series-expanded: C14H22On (n=1-6) | main text p.1950, Landes forest"
C14H22O6,H3O+,prot,Vocus PTR-TOF,gas,"boreal-type maritime pine forest (Landes, France)",atmosphere,forest,"Li et al., 2020, ACP",10.5194/acp-20-1941-2020,"sesquiterpene oxidation product | series-expanded: C14H22On (n=1-6) | main text p.1950, Landes forest"
C15H22O,H3O+,prot,Vocus PTR-TOF,gas,"boreal-type maritime pine forest (Landes, France)",atmosphere,forest,"Li et al., 2020, ACP",10.5194/acp-20-1941-2020,"sesquiterpene oxidation product | series-expanded: C15H22On (n=1-6) | main text p.1950, Landes forest"
C15H22O2,H3O+,prot,Vocus PTR-TOF,gas,"boreal-type maritime pine forest (Landes, France)",atmosphere,forest,"Li et al., 2020, ACP",10.5194/acp-20-1941-2020,"sesquiterpene oxidation product | series-expanded: C15H22On (n=1-6) | main text p.1950, Landes forest"
C15H22O3,H3O+,prot,Vocus PTR-TOF,gas,"boreal-type maritime pine forest (Landes, France)",atmosphere,forest,"Li et al., 2020, ACP",10.5194/acp-20-1941-2020,"sesquiterpene oxidation product | series-expanded: C15H22On (n=1-6) | main text p.1950, Landes forest"
C15H22O4,H3O+,prot,Vocus PTR-TOF,gas,"boreal-type maritime pine forest (Landes, France)",atmosphere,forest,"Li et al., 2020, ACP",10.5194/acp-20-1941-2020,"sesquiterpene oxidation product | series-expanded: C15H22On (n=1-6) | main text p.1950, Landes forest"
C15H22O5,H3O+,prot,Vocus PTR-TOF,gas,"boreal-type maritime pine forest (Landes, France)",atmosphere,forest,"Li et al., 2020, ACP",10.5194/acp-20-1941-2020,"sesquiterpene oxidation product | series-expanded: C15H22On (n=1-6) | main text p.1950, Landes forest"
C15H22O6,H3O+,prot,Vocus PTR-TOF,gas,"boreal-type maritime pine forest (Landes, France)",atmosphere,forest,"Li et al., 2020, ACP",10.5194/acp-20-1941-2020,"sesquiterpene oxidation product | series-expanded: C15H22On (n=1-6) | main text p.1950, Landes forest"
C15H24O,H3O+,prot,Vocus PTR-TOF,gas,"boreal-type maritime pine forest (Landes, France)",atmosphere,forest,"Li et al., 2020, ACP",10.5194/acp-20-1941-2020,"sesquiterpene oxidation product | series-expanded: C15H24On (n=1-6) | main text p.1950, Landes forest"
C15H24O2,H3O+,prot,Vocus PTR-TOF,gas,"boreal-type maritime pine forest (Landes, France)",atmosphere,forest,"Li et al., 2020, ACP",10.5194/acp-20-1941-2020,"sesquiterpene oxidation product | series-expanded: C15H24On (n=1-6) | main text p.1950, Landes forest"
C15H24O3,H3O+,prot,Vocus PTR-TOF,gas,"boreal-type maritime pine forest (Landes, France)",atmosphere,forest,"Li et al., 2020, ACP",10.5194/acp-20-1941-2020,"sesquiterpene oxidation product | series-expanded: C15H24On (n=1-6) | main text p.1950, Landes forest"
C15H24O4,H3O+,prot,Vocus PTR-TOF,gas,"boreal-type maritime pine forest (Landes, France)",atmosphere,forest,"Li et al., 2020, ACP",10.5194/acp-20-1941-2020,"sesquiterpene oxidation product | series-expanded: C15H24On (n=1-6) | main text p.1950, Landes forest"
C15H24O5,H3O+,prot,Vocus PTR-TOF,gas,"boreal-type maritime pine forest (Landes, France)",atmosphere,forest,"Li et al., 2020, ACP",10.5194/acp-20-1941-2020,"sesquiterpene oxidation product | series-expanded: C15H24On (n=1-6) | main text p.1950, Landes forest"
C15H24O6,H3O+,prot,Vocus PTR-TOF,gas,"boreal-type maritime pine forest (Landes, France)",atmosphere,forest,"Li et al., 2020, ACP",10.5194/acp-20-1941-2020,"sesquiterpene oxidation product | series-expanded: C15H24On (n=1-6) | main text p.1950, Landes forest"
C5H8,H3O+,prot,Vocus PTR-TOF,gas,"boreal-type maritime pine forest (Landes, France)",atmosphere,forest,"Li et al., 2020, ACP",10.5194/acp-20-1941-2020,"primary isoprene (parent VOC), time series in Fig. 3"
C10H16,H3O+,prot,Vocus PTR-TOF,gas,"boreal-type maritime pine forest (Landes, France)",atmosphere,forest,"Li et al., 2020, ACP",10.5194/acp-20-1941-2020,"primary monoterpene (parent VOC), time series in Fig. 3"
C15H24,H3O+,prot,Vocus PTR-TOF,gas,"boreal-type maritime pine forest (Landes, France)",atmosphere,forest,"Li et al., 2020, ACP",10.5194/acp-20-1941-2020,"primary sesquiterpene (parent VOC), time series in Fig. 3"
C20H32,H3O+,prot,Vocus PTR-TOF,gas,"boreal-type maritime pine forest (Landes, France)",atmosphere,forest,"Li et al., 2020, ACP",10.5194/acp-20-1941-2020,"primary diterpene (parent VOC), time series in Fig. 3"
C5H4O3,I-,adduct,FIGAERO-I-CIMS,gas,chamber; alpha-pinene ozonolysis flow tube (TANGENT),chamber,,"Vasudevan-Geetha et al., 2026, ACS Earth Space Chem.",10.1021/acsearthspacechem.5c00327,alpha-pinene 臭氧解 OOM；仅气相检出 | as written: C5H4O3 | DBE 4，整数 ⇒ 闭壳层 | source: Table S3
C5H4O5,I-,adduct,FIGAERO-I-CIMS,gas/particle,chamber; alpha-pinene ozonolysis flow tube (TANGENT),chamber,,"Vasudevan-Geetha et al., 2026, ACS Earth Space Chem.",10.1021/acsearthspacechem.5c00327,alpha-pinene 臭氧解 OOM；气相+颗粒相均检出 | as written: C5H4O5 | DBE 4，整数 ⇒ 闭壳层 | source: Table S3
C5H6O2,I-,adduct,FIGAERO-I-CIMS,gas,chamber; alpha-pinene ozonolysis flow tube (TANGENT),chamber,,"Vasudevan-Geetha et al., 2026, ACS Earth Space Chem.",10.1021/acsearthspacechem.5c00327,alpha-pinene 臭氧解 OOM；仅气相检出 | as written: C5H6O2 | DBE 3，整数 ⇒ 闭壳层 | 同一分子亦被 UPLC/(-)ESI-Orbitrap MS 在颗粒相检出（独立电离/检测技术互证） | source: Table S3
C5H6O3,I-,adduct,FIGAERO-I-CIMS,gas,chamber; alpha-pinene ozonolysis flow tube (TANGENT),chamber,,"Vasudevan-Geetha et al., 2026, ACS Earth Space Chem.",10.1021/acsearthspacechem.5c00327,alpha-pinene 臭氧解 OOM；仅气相检出 | as written: C5H6O3 | DBE 3，整数 ⇒ 闭壳层 | source: Table S3
C5H6O4,I-,adduct,FIGAERO-I-CIMS,gas/particle,chamber; alpha-pinene ozonolysis flow tube (TANGENT),chamber,,"Vasudevan-Geetha et al., 2026, ACS Earth Space Chem.",10.1021/acsearthspacechem.5c00327,alpha-pinene 臭氧解 OOM；气相+颗粒相均检出 | as written: C5H6O4 | DBE 3，整数 ⇒ 闭壳层 | source: Table S3
C5H6O5,I-,adduct,FIGAERO-I-CIMS,gas/particle,chamber; alpha-pinene ozonolysis flow tube (TANGENT),chamber,,"Vasudevan-Geetha et al., 2026, ACS Earth Space Chem.",10.1021/acsearthspacechem.5c00327,alpha-pinene 臭氧解 OOM；气相+颗粒相均检出 | as written: C5H6O5 | DBE 3，整数 ⇒ 闭壳层 | source: Table S3
C5H6O6,I-,adduct,FIGAERO-I-CIMS,gas/particle,chamber; alpha-pinene ozonolysis flow tube (TANGENT),chamber,,"Vasudevan-Geetha et al., 2026, ACS Earth Space Chem.",10.1021/acsearthspacechem.5c00327,alpha-pinene 臭氧解 OOM；气相+颗粒相均检出 | as written: C5H6O6 | DBE 3，整数 ⇒ 闭壳层 | source: Table S3
C5H6O7,I-,adduct,FIGAERO-I-CIMS,gas,chamber; alpha-pinene ozonolysis flow tube (TANGENT),chamber,,"Vasudevan-Geetha et al., 2026, ACS Earth Space Chem.",10.1021/acsearthspacechem.5c00327,alpha-pinene 臭氧解 OOM；仅气相检出 | as written: C5H6O7 | DBE 3，整数 ⇒ 闭壳层 | source: Table S3
C5H7O5,I-,adduct,FIGAERO-I-CIMS,gas,chamber; alpha-pinene ozonolysis flow tube (TANGENT),chamber,,"Vasudevan-Geetha et al., 2026, ACS Earth Space Chem.",10.1021/acsearthspacechem.5c00327,alpha-pinene 臭氧解 OOM；仅气相检出 | as written: C5H7O5 | DBE 2.5，半整数 ⇒ 开壳层自由基（RO2/RO） | source: Table S3
C5H7O7,I-,adduct,FIGAERO-I-CIMS,gas,chamber; alpha-pinene ozonolysis flow tube (TANGENT),chamber,,"Vasudevan-Geetha et al., 2026, ACS Earth Space Chem.",10.1021/acsearthspacechem.5c00327,alpha-pinene 臭氧解 OOM；仅气相检出 | as written: C5H7O7 | DBE 2.5，半整数 ⇒ 开壳层自由基（RO2/RO） | source: Table S3
C5H8O2,I-,adduct,FIGAERO-I-CIMS,gas/particle,chamber; alpha-pinene ozonolysis flow tube (TANGENT),chamber,,"Vasudevan-Geetha et al., 2026, ACS Earth Space Chem.",10.1021/acsearthspacechem.5c00327,alpha-pinene 臭氧解 OOM；气相+颗粒相均检出 | as written: C5H8O2 | DBE 2，整数 ⇒ 闭壳层 | 同一分子亦被 UPLC/(-)ESI-Orbitrap MS 在颗粒相检出（独立电离/检测技术互证） | source: Table S3
C5H8O3,I-,adduct,FIGAERO-I-CIMS,gas/particle,chamber; alpha-pinene ozonolysis flow tube (TANGENT),chamber,,"Vasudevan-Geetha et al., 2026, ACS Earth Space Chem.",10.1021/acsearthspacechem.5c00327,alpha-pinene 臭氧解 OOM；气相+颗粒相均检出 | as written: C5H8O3 | DBE 2，整数 ⇒ 闭壳层 | 同一分子亦被 UPLC/(-)ESI-Orbitrap MS 在颗粒相检出（独立电离/检测技术互证） | source: Table S3
C5H8O4,I-,adduct,FIGAERO-I-CIMS,gas/particle,chamber; alpha-pinene ozonolysis flow tube (TANGENT),chamber,,"Vasudevan-Geetha et al., 2026, ACS Earth Space Chem.",10.1021/acsearthspacechem.5c00327,alpha-pinene 臭氧解 OOM；气相+颗粒相均检出 | as written: C5H8O4 | DBE 2，整数 ⇒ 闭壳层 | source: Table S3
C5H8O5,I-,adduct,FIGAERO-I-CIMS,gas/particle,chamber; alpha-pinene ozonolysis flow tube (TANGENT),chamber,,"Vasudevan-Geetha et al., 2026, ACS Earth Space Chem.",10.1021/acsearthspacechem.5c00327,alpha-pinene 臭氧解 OOM；气相+颗粒相均检出 | as written: C5H8O5 | DBE 2，整数 ⇒ 闭壳层 | 同一分子亦被 UPLC/(-)ESI-Orbitrap MS 在颗粒相检出（独立电离/检测技术互证）；属正文选出的 77 个颗粒相 OOM，Figure 4e 给出 FIGAERO 热谱图反演的 log C*300K | source: Table S3 + Figure 4e
C5H8O6,I-,adduct,FIGAERO-I-CIMS,gas,chamber; alpha-pinene ozonolysis flow tube (TANGENT),chamber,,"Vasudevan-Geetha et al., 2026, ACS Earth Space Chem.",10.1021/acsearthspacechem.5c00327,alpha-pinene 臭氧解 OOM；仅气相检出 | as written: C5H8O6 | DBE 2，整数 ⇒ 闭壳层 | source: Table S3
C5H8O7,I-,adduct,FIGAERO-I-CIMS,gas/particle,chamber; alpha-pinene ozonolysis flow tube (TANGENT),chamber,,"Vasudevan-Geetha et al., 2026, ACS Earth Space Chem.",10.1021/acsearthspacechem.5c00327,alpha-pinene 臭氧解 OOM；气相+颗粒相均检出 | as written: C5H8O7 | DBE 2，整数 ⇒ 闭壳层 | source: Table S3
C5H8O8,I-,adduct,FIGAERO-I-CIMS,gas,chamber; alpha-pinene ozonolysis flow tube (TANGENT),chamber,,"Vasudevan-Geetha et al., 2026, ACS Earth Space Chem.",10.1021/acsearthspacechem.5c00327,alpha-pinene 臭氧解 OOM；仅气相检出 | as written: C5H8O8 | DBE 2，整数 ⇒ 闭壳层 | source: Table S3
C5H10O3,I-,adduct,FIGAERO-I-CIMS,gas/particle,chamber; alpha-pinene ozonolysis flow tube (TANGENT),chamber,,"Vasudevan-Geetha et al., 2026, ACS Earth Space Chem.",10.1021/acsearthspacechem.5c00327,alpha-pinene 臭氧解 OOM；气相+颗粒相均检出 | as written: C5H10O3 | DBE 1，整数 ⇒ 闭壳层 | source: Table S3
C5H10O4,I-,adduct,FIGAERO-I-CIMS,particle,chamber; alpha-pinene ozonolysis flow tube (TANGENT),chamber,,"Vasudevan-Geetha et al., 2026, ACS Earth Space Chem.",10.1021/acsearthspacechem.5c00327,alpha-pinene 臭氧解 OOM；仅颗粒相检出 | as written: C5H10O4 | DBE 1，整数 ⇒ 闭壳层 | source: Table S3
C5H10O5,I-,adduct,FIGAERO-I-CIMS,gas/particle,chamber; alpha-pinene ozonolysis flow tube (TANGENT),chamber,,"Vasudevan-Geetha et al., 2026, ACS Earth Space Chem.",10.1021/acsearthspacechem.5c00327,alpha-pinene 臭氧解 OOM；气相+颗粒相均检出 | as written: C5H10O5 | DBE 1，整数 ⇒ 闭壳层 | source: Table S3
C5H10O6,I-,adduct,FIGAERO-I-CIMS,gas/particle,chamber; alpha-pinene ozonolysis flow tube (TANGENT),chamber,,"Vasudevan-Geetha et al., 2026, ACS Earth Space Chem.",10.1021/acsearthspacechem.5c00327,alpha-pinene 臭氧解 OOM；气相+颗粒相均检出 | as written: C5H10O6 | DBE 1，整数 ⇒ 闭壳层 | source: Table S3
C5H10O7,I-,adduct,FIGAERO-I-CIMS,gas/particle,chamber; alpha-pinene ozonolysis flow tube (TANGENT),chamber,,"Vasudevan-Geetha et al., 2026, ACS Earth Space Chem.",10.1021/acsearthspacechem.5c00327,alpha-pinene 臭氧解 OOM；气相+颗粒相均检出 | as written: C5H10O7 | DBE 1，整数 ⇒ 闭壳层 | source: Table S3
C5H10O8,I-,adduct,FIGAERO-I-CIMS,gas,chamber; alpha-pinene ozonolysis flow tube (TANGENT),chamber,,"Vasudevan-Geetha et al., 2026, ACS Earth Space Chem.",10.1021/acsearthspacechem.5c00327,alpha-pinene 臭氧解 OOM；仅气相检出 | as written: C5H10O8 | DBE 1，整数 ⇒ 闭壳层 | source: Table S3
C6H6O4,I-,adduct,FIGAERO-I-CIMS,gas/particle,chamber; alpha-pinene ozonolysis flow tube (TANGENT),chamber,,"Vasudevan-Geetha et al., 2026, ACS Earth Space Chem.",10.1021/acsearthspacechem.5c00327,alpha-pinene 臭氧解 OOM；气相+颗粒相均检出 | as written: C6H6O4 | DBE 4，整数 ⇒ 闭壳层 | source: Table S3
C6H6O6,I-,adduct,FIGAERO-I-CIMS,particle,chamber; alpha-pinene ozonolysis flow tube (TANGENT),chamber,,"Vasudevan-Geetha et al., 2026, ACS Earth Space Chem.",10.1021/acsearthspacechem.5c00327,alpha-pinene 臭氧解 OOM；仅颗粒相检出 | as written: C6H6O6 | DBE 4，整数 ⇒ 闭壳层 | source: Table S3
C6H7O2,I-,adduct,FIGAERO-I-CIMS,gas,chamber; alpha-pinene ozonolysis flow tube (TANGENT),chamber,,"Vasudevan-Geetha et al., 2026, ACS Earth Space Chem.",10.1021/acsearthspacechem.5c00327,alpha-pinene 臭氧解 OOM；仅气相检出 | as written: C6H7O2 | DBE 3.5，半整数 ⇒ 开壳层自由基（RO2/RO） | source: Table S3
C6H8O2,I-,adduct,FIGAERO-I-CIMS,gas,chamber; alpha-pinene ozonolysis flow tube (TANGENT),chamber,,"Vasudevan-Geetha et al., 2026, ACS Earth Space Chem.",10.1021/acsearthspacechem.5c00327,alpha-pinene 臭氧解 OOM；仅气相检出 | as written: C6H8O2 | DBE 3，整数 ⇒ 闭壳层 | source: Table S3
C6H8O3,I-,adduct,FIGAERO-I-CIMS,gas/particle,chamber; alpha-pinene ozonolysis flow tube (TANGENT),chamber,,"Vasudevan-Geetha et al., 2026, ACS Earth Space Chem.",10.1021/acsearthspacechem.5c00327,alpha-pinene 臭氧解 OOM；气相+颗粒相均检出 | as written: C6H8O3 | DBE 3，整数 ⇒ 闭壳层 | source: Table S3
C6H8O4,I-,adduct,FIGAERO-I-CIMS,gas/particle,chamber; alpha-pinene ozonolysis flow tube (TANGENT),chamber,,"Vasudevan-Geetha et al., 2026, ACS Earth Space Chem.",10.1021/acsearthspacechem.5c00327,alpha-pinene 臭氧解 OOM；气相+颗粒相均检出 | as written: C6H8O4 | DBE 3，整数 ⇒ 闭壳层 | 同一分子亦被 UPLC/(-)ESI-Orbitrap MS 在颗粒相检出（独立电离/检测技术互证） | source: Table S3
C6H8O5,I-,adduct,FIGAERO-I-CIMS,gas/particle,chamber; alpha-pinene ozonolysis flow tube (TANGENT),chamber,,"Vasudevan-Geetha et al., 2026, ACS Earth Space Chem.",10.1021/acsearthspacechem.5c00327,alpha-pinene 臭氧解 OOM；气相+颗粒相均检出 | as written: C6H8O5 | DBE 3，整数 ⇒ 闭壳层 | source: Table S3
C6H8O6,I-,adduct,FIGAERO-I-CIMS,gas/particle,chamber; alpha-pinene ozonolysis flow tube (TANGENT),chamber,,"Vasudevan-Geetha et al., 2026, ACS Earth Space Chem.",10.1021/acsearthspacechem.5c00327,alpha-pinene 臭氧解 OOM；气相+颗粒相均检出 | as written: C6H8O6 | DBE 3，整数 ⇒ 闭壳层 | source: Table S3
C6H8O7,I-,adduct,FIGAERO-I-CIMS,gas/particle,chamber; alpha-pinene ozonolysis flow tube (TANGENT),chamber,,"Vasudevan-Geetha et al., 2026, ACS Earth Space Chem.",10.1021/acsearthspacechem.5c00327,alpha-pinene 臭氧解 OOM；气相+颗粒相均检出 | as written: C6H8O7 | DBE 3，整数 ⇒ 闭壳层 | source: Table S3
C6H10O2,I-,adduct,FIGAERO-I-CIMS,gas,chamber; alpha-pinene ozonolysis flow tube (TANGENT),chamber,,"Vasudevan-Geetha et al., 2026, ACS Earth Space Chem.",10.1021/acsearthspacechem.5c00327,alpha-pinene 臭氧解 OOM；仅气相检出 | as written: C6H10O2 | DBE 2，整数 ⇒ 闭壳层 | 同一分子亦被 UPLC/(-)ESI-Orbitrap MS 在颗粒相检出（独立电离/检测技术互证） | source: Table S3
C6H10O4,I-,adduct,FIGAERO-I-CIMS,gas/particle,chamber; alpha-pinene ozonolysis flow tube (TANGENT),chamber,,"Vasudevan-Geetha et al., 2026, ACS Earth Space Chem.",10.1021/acsearthspacechem.5c00327,alpha-pinene 臭氧解 OOM；气相+颗粒相均检出 | as written: C6H10O4 | DBE 2，整数 ⇒ 闭壳层 | 同一分子亦被 UPLC/(-)ESI-Orbitrap MS 在颗粒相检出（独立电离/检测技术互证） | source: Table S3
C6H10O5,I-,adduct,FIGAERO-I-CIMS,gas/particle,chamber; alpha-pinene ozonolysis flow tube (TANGENT),chamber,,"Vasudevan-Geetha et al., 2026, ACS Earth Space Chem.",10.1021/acsearthspacechem.5c00327,alpha-pinene 臭氧解 OOM；气相+颗粒相均检出 | as written: C6H10O5 | DBE 2，整数 ⇒ 闭壳层 | source: Table S3
C6H10O6,I-,adduct,FIGAERO-I-CIMS,gas/particle,chamber; alpha-pinene ozonolysis flow tube (TANGENT),chamber,,"Vasudevan-Geetha et al., 2026, ACS Earth Space Chem.",10.1021/acsearthspacechem.5c00327,alpha-pinene 臭氧解 OOM；气相+颗粒相均检出 | as written: C6H10O6 | DBE 2，整数 ⇒ 闭壳层 | source: Table S3
C6H10O7,I-,adduct,FIGAERO-I-CIMS,gas,chamber; alpha-pinene ozonolysis flow tube (TANGENT),chamber,,"Vasudevan-Geetha et al., 2026, ACS Earth Space Chem.",10.1021/acsearthspacechem.5c00327,alpha-pinene 臭氧解 OOM；仅气相检出 | as written: C6H10O7 | DBE 2，整数 ⇒ 闭壳层 | source: Table S3
C6H10O8,I-,adduct,FIGAERO-I-CIMS,gas,chamber; alpha-pinene ozonolysis flow tube (TANGENT),chamber,,"Vasudevan-Geetha et al., 2026, ACS Earth Space Chem.",10.1021/acsearthspacechem.5c00327,alpha-pinene 臭氧解 OOM；仅气相检出 | as written: C6H10O8 | DBE 2，整数 ⇒ 闭壳层 | source: Table S3
C6H11O4,I-,adduct,FIGAERO-I-CIMS,gas,chamber; alpha-pinene ozonolysis flow tube (TANGENT),chamber,,"Vasudevan-Geetha et al., 2026, ACS Earth Space Chem.",10.1021/acsearthspacechem.5c00327,alpha-pinene 臭氧解 OOM；仅气相检出 | as written: C6H11O4 | DBE 1.5，半整数 ⇒ 开壳层自由基（RO2/RO） | source: Table S3
C6H12O4,I-,adduct,FIGAERO-I-CIMS,gas,chamber; alpha-pinene ozonolysis flow tube (TANGENT),chamber,,"Vasudevan-Geetha et al., 2026, ACS Earth Space Chem.",10.1021/acsearthspacechem.5c00327,alpha-pinene 臭氧解 OOM；仅气相检出 | as written: C6H12O4 | DBE 1，整数 ⇒ 闭壳层 | source: Table S3
C6H12O5,I-,adduct,FIGAERO-I-CIMS,gas,chamber; alpha-pinene ozonolysis flow tube (TANGENT),chamber,,"Vasudevan-Geetha et al., 2026, ACS Earth Space Chem.",10.1021/acsearthspacechem.5c00327,alpha-pinene 臭氧解 OOM；仅气相检出 | as written: C6H12O5 | DBE 1，整数 ⇒ 闭壳层 | source: Table S3
C6H12O6,I-,adduct,FIGAERO-I-CIMS,gas,chamber; alpha-pinene ozonolysis flow tube (TANGENT),chamber,,"Vasudevan-Geetha et al., 2026, ACS Earth Space Chem.",10.1021/acsearthspacechem.5c00327,alpha-pinene 臭氧解 OOM；仅气相检出 | as written: C6H12O6 | DBE 1，整数 ⇒ 闭壳层 | source: Table S3
C6H12O8,I-,adduct,FIGAERO-I-CIMS,gas/particle,chamber; alpha-pinene ozonolysis flow tube (TANGENT),chamber,,"Vasudevan-Geetha et al., 2026, ACS Earth Space Chem.",10.1021/acsearthspacechem.5c00327,alpha-pinene 臭氧解 OOM；气相+颗粒相均检出 | as written: C6H12O8 | DBE 1，整数 ⇒ 闭壳层 | source: Table S3
C6H14O8,I-,adduct,FIGAERO-I-CIMS,gas/particle,chamber; alpha-pinene ozonolysis flow tube (TANGENT),chamber,,"Vasudevan-Geetha et al., 2026, ACS Earth Space Chem.",10.1021/acsearthspacechem.5c00327,alpha-pinene 臭氧解 OOM；气相+颗粒相均检出 | as written: C6H14O8 | DBE 0，整数 ⇒ 闭壳层 | source: Table S3
C7H5O3,I-,adduct,FIGAERO-I-CIMS,gas,chamber; alpha-pinene ozonolysis flow tube (TANGENT),chamber,,"Vasudevan-Geetha et al., 2026, ACS Earth Space Chem.",10.1021/acsearthspacechem.5c00327,alpha-pinene 臭氧解 OOM；仅气相检出 | as written: C7H5O3 | DBE 5.5，半整数 ⇒ 开壳层自由基（RO2/RO） | source: Table S3
C7H8O2,I-,adduct,FIGAERO-I-CIMS,gas,chamber; alpha-pinene ozonolysis flow tube (TANGENT),chamber,,"Vasudevan-Geetha et al., 2026, ACS Earth Space Chem.",10.1021/acsearthspacechem.5c00327,alpha-pinene 臭氧解 OOM；仅气相检出 | as written: C7H8O2 | DBE 4，整数 ⇒ 闭壳层 | source: Table S3
C7H8O3,I-,adduct,FIGAERO-I-CIMS,gas,chamber; alpha-pinene ozonolysis flow tube (TANGENT),chamber,,"Vasudevan-Geetha et al., 2026, ACS Earth Space Chem.",10.1021/acsearthspacechem.5c00327,alpha-pinene 臭氧解 OOM；仅气相检出 | as written: C7H8O3 | DBE 4，整数 ⇒ 闭壳层 | 同一分子亦被 UPLC/(-)ESI-Orbitrap MS 在颗粒相检出（独立电离/检测技术互证） | source: Table S3
C7H8O4,I-,adduct,FIGAERO-I-CIMS,gas/particle,chamber; alpha-pinene ozonolysis flow tube (TANGENT),chamber,,"Vasudevan-Geetha et al., 2026, ACS Earth Space Chem.",10.1021/acsearthspacechem.5c00327,alpha-pinene 臭氧解 OOM；气相+颗粒相均检出 | as written: C7H8O4 | DBE 4，整数 ⇒ 闭壳层 | source: Table S3
C7H10O3,I-,adduct,FIGAERO-I-CIMS,gas/particle,chamber; alpha-pinene ozonolysis flow tube (TANGENT),chamber,,"Vasudevan-Geetha et al., 2026, ACS Earth Space Chem.",10.1021/acsearthspacechem.5c00327,alpha-pinene 臭氧解 OOM；气相+颗粒相均检出 | as written: C7H10O3 | DBE 3，整数 ⇒ 闭壳层 | 同一分子亦被 UPLC/(-)ESI-Orbitrap MS 在颗粒相检出（独立电离/检测技术互证） | source: Table S3
C7H10O4,I-,adduct,FIGAERO-I-CIMS,gas/particle,chamber; alpha-pinene ozonolysis flow tube (TANGENT),chamber,,"Vasudevan-Geetha et al., 2026, ACS Earth Space Chem.",10.1021/acsearthspacechem.5c00327,alpha-pinene 臭氧解 OOM；气相+颗粒相均检出 | as written: C7H10O4 | DBE 3，整数 ⇒ 闭壳层 | 同一分子亦被 UPLC/(-)ESI-Orbitrap MS 在颗粒相检出（独立电离/检测技术互证） | source: Table S3
C7H10O5,I-,adduct,FIGAERO-I-CIMS,gas/particle,chamber; alpha-pinene ozonolysis flow tube (TANGENT),chamber,,"Vasudevan-Geetha et al., 2026, ACS Earth Space Chem.",10.1021/acsearthspacechem.5c00327,alpha-pinene 臭氧解 OOM；气相+颗粒相均检出 | as written: C7H10O5 | DBE 3，整数 ⇒ 闭壳层 | 同一分子亦被 UPLC/(-)ESI-Orbitrap MS 在颗粒相检出（独立电离/检测技术互证）；属正文选出的 77 个颗粒相 OOM，Figure 4e 给出 FIGAERO 热谱图反演的 log C*300K | source: Table S3 + Figure 4e
C7H10O6,I-,adduct,FIGAERO-I-CIMS,gas/particle,chamber; alpha-pinene ozonolysis flow tube (TANGENT),chamber,,"Vasudevan-Geetha et al., 2026, ACS Earth Space Chem.",10.1021/acsearthspacechem.5c00327,alpha-pinene 臭氧解 OOM；气相+颗粒相均检出 | as written: C7H10O6 | DBE 3，整数 ⇒ 闭壳层 | 同一分子亦被 UPLC/(-)ESI-Orbitrap MS 在颗粒相检出（独立电离/检测技术互证）；属正文选出的 77 个颗粒相 OOM，Figure 4e 给出 FIGAERO 热谱图反演的 log C*300K | source: Table S3 + Figure 4e
C7H10O7,I-,adduct,FIGAERO-I-CIMS,gas/particle,chamber; alpha-pinene ozonolysis flow tube (TANGENT),chamber,,"Vasudevan-Geetha et al., 2026, ACS Earth Space Chem.",10.1021/acsearthspacechem.5c00327,alpha-pinene 臭氧解 OOM；气相+颗粒相均检出 | as written: C7H10O7 | DBE 3，整数 ⇒ 闭壳层 | source: Table S3
C7H10O8,I-,adduct,FIGAERO-I-CIMS,gas,chamber; alpha-pinene ozonolysis flow tube (TANGENT),chamber,,"Vasudevan-Geetha et al., 2026, ACS Earth Space Chem.",10.1021/acsearthspacechem.5c00327,alpha-pinene 臭氧解 OOM；仅气相检出 | as written: C7H10O8 | DBE 3，整数 ⇒ 闭壳层 | source: Table S3
C7H10O9,I-,adduct,FIGAERO-I-CIMS,gas,chamber; alpha-pinene ozonolysis flow tube (TANGENT),chamber,,"Vasudevan-Geetha et al., 2026, ACS Earth Space Chem.",10.1021/acsearthspacechem.5c00327,alpha-pinene 臭氧解 OOM；仅气相检出 | as written: C7H10O9 | DBE 3，整数 ⇒ 闭壳层 | source: Table S3
C7H11O5,I-,adduct,FIGAERO-I-CIMS,particle,chamber; alpha-pinene ozonolysis flow tube (TANGENT),chamber,,"Vasudevan-Geetha et al., 2026, ACS Earth Space Chem.",10.1021/acsearthspacechem.5c00327,alpha-pinene 臭氧解 OOM；仅颗粒相检出 | as written: C7H11O5 | DBE 2.5，半整数 ⇒ 开壳层自由基（RO2/RO） | source: Table S3
C7H11O6,I-,adduct,FIGAERO-I-CIMS,gas,chamber; alpha-pinene ozonolysis flow tube (TANGENT),chamber,,"Vasudevan-Geetha et al., 2026, ACS Earth Space Chem.",10.1021/acsearthspacechem.5c00327,alpha-pinene 臭氧解 OOM；仅气相检出 | as written: C7H11O6 | DBE 2.5，半整数 ⇒ 开壳层自由基（RO2/RO） | source: Table S3
C7H12O3,I-,adduct,FIGAERO-I-CIMS,gas/particle,chamber; alpha-pinene ozonolysis flow tube (TANGENT),chamber,,"Vasudevan-Geetha et al., 2026, ACS Earth Space Chem.",10.1021/acsearthspacechem.5c00327,alpha-pinene 臭氧解 OOM；气相+颗粒相均检出 | as written: C7H12O3 | DBE 2，整数 ⇒ 闭壳层 | source: Table S3
C7H12O4,I-,adduct,FIGAERO-I-CIMS,gas/particle,chamber; alpha-pinene ozonolysis flow tube (TANGENT),chamber,,"Vasudevan-Geetha et al., 2026, ACS Earth Space Chem.",10.1021/acsearthspacechem.5c00327,alpha-pinene 臭氧解 OOM；气相+颗粒相均检出 | as written: C7H12O4 | DBE 2，整数 ⇒ 闭壳层 | 同一分子亦被 UPLC/(-)ESI-Orbitrap MS 在颗粒相检出（独立电离/检测技术互证）；属正文选出的 77 个颗粒相 OOM，Figure 4e 给出 FIGAERO 热谱图反演的 log C*300K | source: Table S3 + Figure 4e
C7H12O5,I-,adduct,FIGAERO-I-CIMS,gas/particle,chamber; alpha-pinene ozonolysis flow tube (TANGENT),chamber,,"Vasudevan-Geetha et al., 2026, ACS Earth Space Chem.",10.1021/acsearthspacechem.5c00327,alpha-pinene 臭氧解 OOM；气相+颗粒相均检出 | as written: C7H12O5 | DBE 2，整数 ⇒ 闭壳层 | 同一分子亦被 UPLC/(-)ESI-Orbitrap MS 在颗粒相检出（独立电离/检测技术互证）；属正文选出的 77 个颗粒相 OOM，Figure 4e 给出 FIGAERO 热谱图反演的 log C*300K | source: Table S3 + Figure 4e
C7H12O6,I-,adduct,FIGAERO-I-CIMS,gas/particle,chamber; alpha-pinene ozonolysis flow tube (TANGENT),chamber,,"Vasudevan-Geetha et al., 2026, ACS Earth Space Chem.",10.1021/acsearthspacechem.5c00327,alpha-pinene 臭氧解 OOM；气相+颗粒相均检出 | as written: C7H12O6 | DBE 2，整数 ⇒ 闭壳层 | source: Table S3
C7H12O7,I-,adduct,FIGAERO-I-CIMS,gas/particle,chamber; alpha-pinene ozonolysis flow tube (TANGENT),chamber,,"Vasudevan-Geetha et al., 2026, ACS Earth Space Chem.",10.1021/acsearthspacechem.5c00327,alpha-pinene 臭氧解 OOM；气相+颗粒相均检出 | as written: C7H12O7 | DBE 2，整数 ⇒ 闭壳层 | source: Table S3
C7H12O8,I-,adduct,FIGAERO-I-CIMS,gas,chamber; alpha-pinene ozonolysis flow tube (TANGENT),chamber,,"Vasudevan-Geetha et al., 2026, ACS Earth Space Chem.",10.1021/acsearthspacechem.5c00327,alpha-pinene 臭氧解 OOM；仅气相检出 | as written: C7H12O8 | DBE 2，整数 ⇒ 闭壳层 | source: Table S3
C7H12O9,I-,adduct,FIGAERO-I-CIMS,gas,chamber; alpha-pinene ozonolysis flow tube (TANGENT),chamber,,"Vasudevan-Geetha et al., 2026, ACS Earth Space Chem.",10.1021/acsearthspacechem.5c00327,alpha-pinene 臭氧解 OOM；仅气相检出 | as written: C7H12O9 | DBE 2，整数 ⇒ 闭壳层 | source: Table S3
C7H13O5,I-,adduct,FIGAERO-I-CIMS,gas/particle,chamber; alpha-pinene ozonolysis flow tube (TANGENT),chamber,,"Vasudevan-Geetha et al., 2026, ACS Earth Space Chem.",10.1021/acsearthspacechem.5c00327,alpha-pinene 臭氧解 OOM；气相+颗粒相均检出 | as written: C7H13O5 | DBE 1.5，半整数 ⇒ 开壳层自由基（RO2/RO） | source: Table S3
C7H13O8,I-,adduct,FIGAERO-I-CIMS,gas,chamber; alpha-pinene ozonolysis flow tube (TANGENT),chamber,,"Vasudevan-Geetha et al., 2026, ACS Earth Space Chem.",10.1021/acsearthspacechem.5c00327,alpha-pinene 臭氧解 OOM；仅气相检出 | as written: C7H13O8 | DBE 1.5，半整数 ⇒ 开壳层自由基（RO2/RO） | source: Table S3
C7H13O9,I-,adduct,FIGAERO-I-CIMS,particle,chamber; alpha-pinene ozonolysis flow tube (TANGENT),chamber,,"Vasudevan-Geetha et al., 2026, ACS Earth Space Chem.",10.1021/acsearthspacechem.5c00327,alpha-pinene 臭氧解 OOM；仅颗粒相检出 | as written: C7H13O9 | DBE 1.5，半整数 ⇒ 开壳层自由基（RO2/RO） | source: Table S3
C7H14O4,I-,adduct,FIGAERO-I-CIMS,gas/particle,chamber; alpha-pinene ozonolysis flow tube (TANGENT),chamber,,"Vasudevan-Geetha et al., 2026, ACS Earth Space Chem.",10.1021/acsearthspacechem.5c00327,alpha-pinene 臭氧解 OOM；气相+颗粒相均检出 | as written: C7H14O4 | DBE 1，整数 ⇒ 闭壳层 | 同一分子亦被 UPLC/(-)ESI-Orbitrap MS 在颗粒相检出（独立电离/检测技术互证） | source: Table S3
C7H14O5,I-,adduct,FIGAERO-I-CIMS,gas/particle,chamber; alpha-pinene ozonolysis flow tube (TANGENT),chamber,,"Vasudevan-Geetha et al., 2026, ACS Earth Space Chem.",10.1021/acsearthspacechem.5c00327,alpha-pinene 臭氧解 OOM；气相+颗粒相均检出 | as written: C7H14O5 | DBE 1，整数 ⇒ 闭壳层 | source: Table S3
C7H14O6,I-,adduct,FIGAERO-I-CIMS,gas/particle,chamber; alpha-pinene ozonolysis flow tube (TANGENT),chamber,,"Vasudevan-Geetha et al., 2026, ACS Earth Space Chem.",10.1021/acsearthspacechem.5c00327,alpha-pinene 臭氧解 OOM；气相+颗粒相均检出 | as written: C7H14O6 | DBE 1，整数 ⇒ 闭壳层 | source: Table S3
C7H14O7,I-,adduct,FIGAERO-I-CIMS,gas/particle,chamber; alpha-pinene ozonolysis flow tube (TANGENT),chamber,,"Vasudevan-Geetha et al., 2026, ACS Earth Space Chem.",10.1021/acsearthspacechem.5c00327,alpha-pinene 臭氧解 OOM；气相+颗粒相均检出 | as written: C7H14O7 | DBE 1，整数 ⇒ 闭壳层 | source: Table S3
C7H14O8,I-,adduct,FIGAERO-I-CIMS,gas/particle,chamber; alpha-pinene ozonolysis flow tube (TANGENT),chamber,,"Vasudevan-Geetha et al., 2026, ACS Earth Space Chem.",10.1021/acsearthspacechem.5c00327,alpha-pinene 臭氧解 OOM；气相+颗粒相均检出 | as written: C7H14O8 | DBE 1，整数 ⇒ 闭壳层 | source: Table S3
C7H16O7,I-,adduct,FIGAERO-I-CIMS,gas/particle,chamber; alpha-pinene ozonolysis flow tube (TANGENT),chamber,,"Vasudevan-Geetha et al., 2026, ACS Earth Space Chem.",10.1021/acsearthspacechem.5c00327,alpha-pinene 臭氧解 OOM；气相+颗粒相均检出 | as written: C7H16O7 | DBE 0，整数 ⇒ 闭壳层 | source: Table S3
C8H8O3,I-,adduct,FIGAERO-I-CIMS,gas/particle,chamber; alpha-pinene ozonolysis flow tube (TANGENT),chamber,,"Vasudevan-Geetha et al., 2026, ACS Earth Space Chem.",10.1021/acsearthspacechem.5c00327,alpha-pinene 臭氧解 OOM；气相+颗粒相均检出 | as written: C8H8O3 | DBE 5，整数 ⇒ 闭壳层 | source: Table S3
C8H8O4,I-,adduct,FIGAERO-I-CIMS,gas/particle,chamber; alpha-pinene ozonolysis flow tube (TANGENT),chamber,,"Vasudevan-Geetha et al., 2026, ACS Earth Space Chem.",10.1021/acsearthspacechem.5c00327,alpha-pinene 臭氧解 OOM；气相+颗粒相均检出 | as written: C8H8O4 | DBE 5，整数 ⇒ 闭壳层 | source: Table S3
C8H8O9,I-,adduct,FIGAERO-I-CIMS,gas,chamber; alpha-pinene ozonolysis flow tube (TANGENT),chamber,,"Vasudevan-Geetha et al., 2026, ACS Earth Space Chem.",10.1021/acsearthspacechem.5c00327,alpha-pinene 臭氧解 OOM；仅气相检出 | as written: C8H8O9 | DBE 5，整数 ⇒ 闭壳层 | source: Table S3
C8H10O3,I-,adduct,FIGAERO-I-CIMS,gas/particle,chamber; alpha-pinene ozonolysis flow tube (TANGENT),chamber,,"Vasudevan-Geetha et al., 2026, ACS Earth Space Chem.",10.1021/acsearthspacechem.5c00327,alpha-pinene 臭氧解 OOM；气相+颗粒相均检出 | as written: C8H10O3 | DBE 4，整数 ⇒ 闭壳层 | 同一分子亦被 UPLC/(-)ESI-Orbitrap MS 在颗粒相检出（独立电离/检测技术互证） | source: Table S3
C8H10O4,I-,adduct,FIGAERO-I-CIMS,gas/particle,chamber; alpha-pinene ozonolysis flow tube (TANGENT),chamber,,"Vasudevan-Geetha et al., 2026, ACS Earth Space Chem.",10.1021/acsearthspacechem.5c00327,alpha-pinene 臭氧解 OOM；气相+颗粒相均检出 | as written: C8H10O4 | DBE 4，整数 ⇒ 闭壳层 | source: Table S3
C8H10O5,I-,adduct,FIGAERO-I-CIMS,gas,chamber; alpha-pinene ozonolysis flow tube (TANGENT),chamber,,"Vasudevan-Geetha et al., 2026, ACS Earth Space Chem.",10.1021/acsearthspacechem.5c00327,alpha-pinene 臭氧解 OOM；仅气相检出 | as written: C8H10O5 | DBE 4，整数 ⇒ 闭壳层 | 同一分子亦被 UPLC/(-)ESI-Orbitrap MS 在颗粒相检出（独立电离/检测技术互证） | source: Table S3
C8H11O6,I-,adduct,FIGAERO-I-CIMS,gas,chamber; alpha-pinene ozonolysis flow tube (TANGENT),chamber,,"Vasudevan-Geetha et al., 2026, ACS Earth Space Chem.",10.1021/acsearthspacechem.5c00327,alpha-pinene 臭氧解 OOM；仅气相检出 | as written: C8H11O6 | DBE 3.5，半整数 ⇒ 开壳层自由基（RO2/RO） | source: Table S3
C8H12O2,I-,adduct,FIGAERO-I-CIMS,gas,chamber; alpha-pinene ozonolysis flow tube (TANGENT),chamber,,"Vasudevan-Geetha et al., 2026, ACS Earth Space Chem.",10.1021/acsearthspacechem.5c00327,alpha-pinene 臭氧解 OOM；仅气相检出 | as written: C8H12O2 | DBE 3，整数 ⇒ 闭壳层 | source: Table S3
C8H12O3,I-,adduct,FIGAERO-I-CIMS,gas,chamber; alpha-pinene ozonolysis flow tube (TANGENT),chamber,,"Vasudevan-Geetha et al., 2026, ACS Earth Space Chem.",10.1021/acsearthspacechem.5c00327,alpha-pinene 臭氧解 OOM；仅气相检出 | as written: C8H12O3 | DBE 3，整数 ⇒ 闭壳层 | 同一分子亦被 UPLC/(-)ESI-Orbitrap MS 在颗粒相检出（独立电离/检测技术互证） | source: Table S3
C8H12O4,I-,adduct,FIGAERO-I-CIMS,gas/particle,chamber; alpha-pinene ozonolysis flow tube (TANGENT),chamber,,"Vasudevan-Geetha et al., 2026, ACS Earth Space Chem.",10.1021/acsearthspacechem.5c00327,alpha-pinene 臭氧解 OOM；气相+颗粒相均检出 | as written: C8H12O4 | DBE 3，整数 ⇒ 闭壳层 | 同一分子亦被 UPLC/(-)ESI-Orbitrap MS 在颗粒相检出（独立电离/检测技术互证）；属正文选出的 77 个颗粒相 OOM，Figure 4e 给出 FIGAERO 热谱图反演的 log C*300K | source: Table S3 + Figure 4e
C8H12O5,I-,adduct,FIGAERO-I-CIMS,gas/particle,chamber; alpha-pinene ozonolysis flow tube (TANGENT),chamber,,"Vasudevan-Geetha et al., 2026, ACS Earth Space Chem.",10.1021/acsearthspacechem.5c00327,alpha-pinene 臭氧解 OOM；气相+颗粒相均检出 | as written: C8H12O5 | DBE 3，整数 ⇒ 闭壳层 | 同一分子亦被 UPLC/(-)ESI-Orbitrap MS 在颗粒相检出（独立电离/检测技术互证）；属正文选出的 77 个颗粒相 OOM，Figure 4e 给出 FIGAERO 热谱图反演的 log C*300K | source: Table S3 + Figure 4e
C8H12O6,I-,adduct,FIGAERO-I-CIMS,gas/particle,chamber; alpha-pinene ozonolysis flow tube (TANGENT),chamber,,"Vasudevan-Geetha et al., 2026, ACS Earth Space Chem.",10.1021/acsearthspacechem.5c00327,alpha-pinene 臭氧解 OOM；气相+颗粒相均检出 | as written: C8H12O6 | DBE 3，整数 ⇒ 闭壳层 | 同一分子亦被 UPLC/(-)ESI-Orbitrap MS 在颗粒相检出（独立电离/检测技术互证）；属正文选出的 77 个颗粒相 OOM，Figure 4e 给出 FIGAERO 热谱图反演的 log C*300K | source: Table S3 + Figure 4e
C8H12O7,I-,adduct,FIGAERO-I-CIMS,gas/particle,chamber; alpha-pinene ozonolysis flow tube (TANGENT),chamber,,"Vasudevan-Geetha et al., 2026, ACS Earth Space Chem.",10.1021/acsearthspacechem.5c00327,alpha-pinene 臭氧解 OOM；气相+颗粒相均检出 | as written: C8H12O7 | DBE 3，整数 ⇒ 闭壳层 | source: Table S3
C8H12O8,I-,adduct,FIGAERO-I-CIMS,gas/particle,chamber; alpha-pinene ozonolysis flow tube (TANGENT),chamber,,"Vasudevan-Geetha et al., 2026, ACS Earth Space Chem.",10.1021/acsearthspacechem.5c00327,alpha-pinene 臭氧解 OOM；气相+颗粒相均检出 | as written: C8H12O8 | DBE 3，整数 ⇒ 闭壳层 | source: Table S3
C8H12O9,I-,adduct,FIGAERO-I-CIMS,gas,chamber; alpha-pinene ozonolysis flow tube (TANGENT),chamber,,"Vasudevan-Geetha et al., 2026, ACS Earth Space Chem.",10.1021/acsearthspacechem.5c00327,alpha-pinene 臭氧解 OOM；仅气相检出 | as written: C8H12O9 | DBE 3，整数 ⇒ 闭壳层 | source: Table S3
C8H12O10,I-,adduct,FIGAERO-I-CIMS,gas,chamber; alpha-pinene ozonolysis flow tube (TANGENT),chamber,,"Vasudevan-Geetha et al., 2026, ACS Earth Space Chem.",10.1021/acsearthspacechem.5c00327,alpha-pinene 臭氧解 OOM；仅气相检出 | as written: C8H12O10 | DBE 3，整数 ⇒ 闭壳层 | source: Table S3
C8H13O7,I-,adduct,FIGAERO-I-CIMS,gas,chamber; alpha-pinene ozonolysis flow tube (TANGENT),chamber,,"Vasudevan-Geetha et al., 2026, ACS Earth Space Chem.",10.1021/acsearthspacechem.5c00327,alpha-pinene 臭氧解 OOM；仅气相检出 | as written: C8H13O7 | DBE 2.5，半整数 ⇒ 开壳层自由基（RO2/RO） | source: Table S3
C8H14O2,I-,adduct,FIGAERO-I-CIMS,gas,chamber; alpha-pinene ozonolysis flow tube (TANGENT),chamber,,"Vasudevan-Geetha et al., 2026, ACS Earth Space Chem.",10.1021/acsearthspacechem.5c00327,alpha-pinene 臭氧解 OOM；仅气相检出 | as written: C8H14O2 | DBE 2，整数 ⇒ 闭壳层 | 同一分子亦被 UPLC/(-)ESI-Orbitrap MS 在颗粒相检出（独立电离/检测技术互证） | source: Table S3
C8H14O3,I-,adduct,FIGAERO-I-CIMS,gas,chamber; alpha-pinene ozonolysis flow tube (TANGENT),chamber,,"Vasudevan-Geetha et al., 2026, ACS Earth Space Chem.",10.1021/acsearthspacechem.5c00327,alpha-pinene 臭氧解 OOM；仅气相检出 | as written: C8H14O3 | DBE 2，整数 ⇒ 闭壳层 | 同一分子亦被 UPLC/(-)ESI-Orbitrap MS 在颗粒相检出（独立电离/检测技术互证） | source: Table S3
C8H14O4,I-,adduct,FIGAERO-I-CIMS,particle,chamber; alpha-pinene ozonolysis flow tube (TANGENT),chamber,,"Vasudevan-Geetha et al., 2026, ACS Earth Space Chem.",10.1021/acsearthspacechem.5c00327,alpha-pinene 臭氧解 OOM；仅颗粒相检出 | as written: C8H14O4 | DBE 2，整数 ⇒ 闭壳层 | 同一分子亦被 UPLC/(-)ESI-Orbitrap MS 在颗粒相检出（独立电离/检测技术互证）；属正文选出的 77 个颗粒相 OOM，Figure 4e 给出 FIGAERO 热谱图反演的 log C*300K | source: Table S3 + Figure 4e
C8H14O5,I-,adduct,FIGAERO-I-CIMS,gas/particle,chamber; alpha-pinene ozonolysis flow tube (TANGENT),chamber,,"Vasudevan-Geetha et al., 2026, ACS Earth Space Chem.",10.1021/acsearthspacechem.5c00327,alpha-pinene 臭氧解 OOM；气相+颗粒相均检出 | as written: C8H14O5 | DBE 2，整数 ⇒ 闭壳层 | 同一分子亦被 UPLC/(-)ESI-Orbitrap MS 在颗粒相检出（独立电离/检测技术互证）；属正文选出的 77 个颗粒相 OOM，Figure 4e 给出 FIGAERO 热谱图反演的 log C*300K | source: Table S3 + Figure 4e
C8H14O6,I-,adduct,FIGAERO-I-CIMS,gas/particle,chamber; alpha-pinene ozonolysis flow tube (TANGENT),chamber,,"Vasudevan-Geetha et al., 2026, ACS Earth Space Chem.",10.1021/acsearthspacechem.5c00327,alpha-pinene 臭氧解 OOM；气相+颗粒相均检出 | as written: C8H14O6 | DBE 2，整数 ⇒ 闭壳层 | 同一分子亦被 UPLC/(-)ESI-Orbitrap MS 在颗粒相检出（独立电离/检测技术互证）；属正文选出的 77 个颗粒相 OOM，Figure 4e 给出 FIGAERO 热谱图反演的 log C*300K | source: Table S3 + Figure 4e
C8H14O7,I-,adduct,FIGAERO-I-CIMS,gas/particle,chamber; alpha-pinene ozonolysis flow tube (TANGENT),chamber,,"Vasudevan-Geetha et al., 2026, ACS Earth Space Chem.",10.1021/acsearthspacechem.5c00327,alpha-pinene 臭氧解 OOM；气相+颗粒相均检出 | as written: C8H14O7 | DBE 2，整数 ⇒ 闭壳层 | source: Table S3
C8H14O8,I-,adduct,FIGAERO-I-CIMS,gas,chamber; alpha-pinene ozonolysis flow tube (TANGENT),chamber,,"Vasudevan-Geetha et al., 2026, ACS Earth Space Chem.",10.1021/acsearthspacechem.5c00327,alpha-pinene 臭氧解 OOM；仅气相检出 | as written: C8H14O8 | DBE 2，整数 ⇒ 闭壳层 | source: Table S3
C8H14O9,I-,adduct,FIGAERO-I-CIMS,gas/particle,chamber; alpha-pinene ozonolysis flow tube (TANGENT),chamber,,"Vasudevan-Geetha et al., 2026, ACS Earth Space Chem.",10.1021/acsearthspacechem.5c00327,alpha-pinene 臭氧解 OOM；气相+颗粒相均检出 | as written: C8H14O9 | DBE 2，整数 ⇒ 闭壳层 | 同一分子亦被 UPLC/(-)ESI-Orbitrap MS 在颗粒相检出（独立电离/检测技术互证）；属正文选出的 77 个颗粒相 OOM，Figure 4e 给出 FIGAERO 热谱图反演的 log C*300K | source: Table S3 + Figure 4e
C8H16O8,I-,adduct,FIGAERO-I-CIMS,gas,chamber; alpha-pinene ozonolysis flow tube (TANGENT),chamber,,"Vasudevan-Geetha et al., 2026, ACS Earth Space Chem.",10.1021/acsearthspacechem.5c00327,alpha-pinene 臭氧解 OOM；仅气相检出 | as written: C8H16O8 | DBE 1，整数 ⇒ 闭壳层 | source: Table S3
C8H16O9,I-,adduct,FIGAERO-I-CIMS,gas,chamber; alpha-pinene ozonolysis flow tube (TANGENT),chamber,,"Vasudevan-Geetha et al., 2026, ACS Earth Space Chem.",10.1021/acsearthspacechem.5c00327,alpha-pinene 臭氧解 OOM；仅气相检出 | as written: C8H16O9 | DBE 1，整数 ⇒ 闭壳层 | source: Table S3
C8H16O10,I-,adduct,FIGAERO-I-CIMS,gas/particle,chamber; alpha-pinene ozonolysis flow tube (TANGENT),chamber,,"Vasudevan-Geetha et al., 2026, ACS Earth Space Chem.",10.1021/acsearthspacechem.5c00327,alpha-pinene 臭氧解 OOM；气相+颗粒相均检出 | as written: C8H16O10 | DBE 1，整数 ⇒ 闭壳层 | source: Table S3
C8H18O9,I-,adduct,FIGAERO-I-CIMS,gas/particle,chamber; alpha-pinene ozonolysis flow tube (TANGENT),chamber,,"Vasudevan-Geetha et al., 2026, ACS Earth Space Chem.",10.1021/acsearthspacechem.5c00327,alpha-pinene 臭氧解 OOM；气相+颗粒相均检出 | as written: C8H18O9 | DBE 0，整数 ⇒ 闭壳层 | source: Table S3
C8H18O10,I-,adduct,FIGAERO-I-CIMS,gas/particle,chamber; alpha-pinene ozonolysis flow tube (TANGENT),chamber,,"Vasudevan-Geetha et al., 2026, ACS Earth Space Chem.",10.1021/acsearthspacechem.5c00327,alpha-pinene 臭氧解 OOM；气相+颗粒相均检出 | as written: C8H18O10 | DBE 0，整数 ⇒ 闭壳层 | source: Table S3
C9H6O5,I-,adduct,FIGAERO-I-CIMS,gas,chamber; alpha-pinene ozonolysis flow tube (TANGENT),chamber,,"Vasudevan-Geetha et al., 2026, ACS Earth Space Chem.",10.1021/acsearthspacechem.5c00327,alpha-pinene 臭氧解 OOM；仅气相检出 | as written: C9H6O5 | DBE 7，整数 ⇒ 闭壳层 | source: Table S3
C9H10O3,I-,adduct,FIGAERO-I-CIMS,gas,chamber; alpha-pinene ozonolysis flow tube (TANGENT),chamber,,"Vasudevan-Geetha et al., 2026, ACS Earth Space Chem.",10.1021/acsearthspacechem.5c00327,alpha-pinene 臭氧解 OOM；仅气相检出 | as written: C9H10O3 | DBE 5，整数 ⇒ 闭壳层 | source: Table S3
C9H10O5,I-,adduct,FIGAERO-I-CIMS,gas,chamber; alpha-pinene ozonolysis flow tube (TANGENT),chamber,,"Vasudevan-Geetha et al., 2026, ACS Earth Space Chem.",10.1021/acsearthspacechem.5c00327,alpha-pinene 臭氧解 OOM；仅气相检出 | as written: C9H10O5 | DBE 5，整数 ⇒ 闭壳层 | source: Table S3
C9H10O7,I-,adduct,FIGAERO-I-CIMS,gas,chamber; alpha-pinene ozonolysis flow tube (TANGENT),chamber,,"Vasudevan-Geetha et al., 2026, ACS Earth Space Chem.",10.1021/acsearthspacechem.5c00327,alpha-pinene 臭氧解 OOM；仅气相检出 | as written: C9H10O7 | DBE 5，整数 ⇒ 闭壳层 | source: Table S3
C9H10O8,I-,adduct,FIGAERO-I-CIMS,gas,chamber; alpha-pinene ozonolysis flow tube (TANGENT),chamber,,"Vasudevan-Geetha et al., 2026, ACS Earth Space Chem.",10.1021/acsearthspacechem.5c00327,alpha-pinene 臭氧解 OOM；仅气相检出 | as written: C9H10O8 | DBE 5，整数 ⇒ 闭壳层 | source: Table S3
C9H10O9,I-,adduct,FIGAERO-I-CIMS,particle,chamber; alpha-pinene ozonolysis flow tube (TANGENT),chamber,,"Vasudevan-Geetha et al., 2026, ACS Earth Space Chem.",10.1021/acsearthspacechem.5c00327,alpha-pinene 臭氧解 OOM；仅颗粒相检出 | as written: C9H10O9 | DBE 5，整数 ⇒ 闭壳层 | source: Table S3
C9H10O10,I-,adduct,FIGAERO-I-CIMS,gas/particle,chamber; alpha-pinene ozonolysis flow tube (TANGENT),chamber,,"Vasudevan-Geetha et al., 2026, ACS Earth Space Chem.",10.1021/acsearthspacechem.5c00327,alpha-pinene 臭氧解 OOM；气相+颗粒相均检出 | as written: C9H10O10 | DBE 5，整数 ⇒ 闭壳层 | source: Table S3
C9H10O11,I-,adduct,FIGAERO-I-CIMS,gas/particle,chamber; alpha-pinene ozonolysis flow tube (TANGENT),chamber,,"Vasudevan-Geetha et al., 2026, ACS Earth Space Chem.",10.1021/acsearthspacechem.5c00327,alpha-pinene 臭氧解 OOM；气相+颗粒相均检出 | as written: C9H10O11 | DBE 5，整数 ⇒ 闭壳层 | 同一分子亦被 UPLC/(-)ESI-Orbitrap MS 在颗粒相检出（独立电离/检测技术互证） | source: Table S3
C9H11O3,I-,adduct,FIGAERO-I-CIMS,gas,chamber; alpha-pinene ozonolysis flow tube (TANGENT),chamber,,"Vasudevan-Geetha et al., 2026, ACS Earth Space Chem.",10.1021/acsearthspacechem.5c00327,alpha-pinene 臭氧解 OOM；仅气相检出 | as written: C9H11O3 | DBE 4.5，半整数 ⇒ 开壳层自由基（RO2/RO） | source: Table S3
C9H11O6,I-,adduct,FIGAERO-I-CIMS,gas,chamber; alpha-pinene ozonolysis flow tube (TANGENT),chamber,,"Vasudevan-Geetha et al., 2026, ACS Earth Space Chem.",10.1021/acsearthspacechem.5c00327,alpha-pinene 臭氧解 OOM；仅气相检出 | as written: C9H11O6 | DBE 4.5，半整数 ⇒ 开壳层自由基（RO2/RO） | source: Table S3
C9H11O8,I-,adduct,FIGAERO-I-CIMS,gas,chamber; alpha-pinene ozonolysis flow tube (TANGENT),chamber,,"Vasudevan-Geetha et al., 2026, ACS Earth Space Chem.",10.1021/acsearthspacechem.5c00327,alpha-pinene 臭氧解 OOM；仅气相检出 | as written: C9H11O8 | DBE 4.5，半整数 ⇒ 开壳层自由基（RO2/RO） | source: Table S3
C9H11O9,I-,adduct,FIGAERO-I-CIMS,gas,chamber; alpha-pinene ozonolysis flow tube (TANGENT),chamber,,"Vasudevan-Geetha et al., 2026, ACS Earth Space Chem.",10.1021/acsearthspacechem.5c00327,alpha-pinene 臭氧解 OOM；仅气相检出 | as written: C9H11O9 | DBE 4.5，半整数 ⇒ 开壳层自由基（RO2/RO） | source: Table S3
C9H12O3,I-,adduct,FIGAERO-I-CIMS,gas/particle,chamber; alpha-pinene ozonolysis flow tube (TANGENT),chamber,,"Vasudevan-Geetha et al., 2026, ACS Earth Space Chem.",10.1021/acsearthspacechem.5c00327,alpha-pinene 臭氧解 OOM；气相+颗粒相均检出 | as written: C9H12O3 | DBE 4，整数 ⇒ 闭壳层 | source: Table S3
C9H12O4,I-,adduct,FIGAERO-I-CIMS,gas,chamber; alpha-pinene ozonolysis flow tube (TANGENT),chamber,,"Vasudevan-Geetha et al., 2026, ACS Earth Space Chem.",10.1021/acsearthspacechem.5c00327,alpha-pinene 臭氧解 OOM；仅气相检出 | as written: C9H12O4 | DBE 4，整数 ⇒ 闭壳层 | 同一分子亦被 UPLC/(-)ESI-Orbitrap MS 在颗粒相检出（独立电离/检测技术互证） | source: Table S3
C9H12O5,I-,adduct,FIGAERO-I-CIMS,gas,chamber; alpha-pinene ozonolysis flow tube (TANGENT),chamber,,"Vasudevan-Geetha et al., 2026, ACS Earth Space Chem.",10.1021/acsearthspacechem.5c00327,alpha-pinene 臭氧解 OOM；仅气相检出 | as written: C9H12O5 | DBE 4，整数 ⇒ 闭壳层 | source: Table S3
C9H12O6,I-,adduct,FIGAERO-I-CIMS,gas/particle,chamber; alpha-pinene ozonolysis flow tube (TANGENT),chamber,,"Vasudevan-Geetha et al., 2026, ACS Earth Space Chem.",10.1021/acsearthspacechem.5c00327,alpha-pinene 臭氧解 OOM；气相+颗粒相均检出 | as written: C9H12O6 | DBE 4，整数 ⇒ 闭壳层 | 同一分子亦被 UPLC/(-)ESI-Orbitrap MS 在颗粒相检出（独立电离/检测技术互证） | source: Table S3
C9H12O8,I-,adduct,FIGAERO-I-CIMS,gas/particle,chamber; alpha-pinene ozonolysis flow tube (TANGENT),chamber,,"Vasudevan-Geetha et al., 2026, ACS Earth Space Chem.",10.1021/acsearthspacechem.5c00327,alpha-pinene 臭氧解 OOM；气相+颗粒相均检出 | as written: C9H12O8 | DBE 4，整数 ⇒ 闭壳层 | source: Table S3
C9H12O9,I-,adduct,FIGAERO-I-CIMS,gas,chamber; alpha-pinene ozonolysis flow tube (TANGENT),chamber,,"Vasudevan-Geetha et al., 2026, ACS Earth Space Chem.",10.1021/acsearthspacechem.5c00327,alpha-pinene 臭氧解 OOM；仅气相检出 | as written: C9H12O9 | DBE 4，整数 ⇒ 闭壳层 | source: Table S3
C9H13O5,I-,adduct,FIGAERO-I-CIMS,gas,chamber; alpha-pinene ozonolysis flow tube (TANGENT),chamber,,"Vasudevan-Geetha et al., 2026, ACS Earth Space Chem.",10.1021/acsearthspacechem.5c00327,alpha-pinene 臭氧解 OOM；仅气相检出 | as written: C9H13O5 | DBE 3.5，半整数 ⇒ 开壳层自由基（RO2/RO） | source: Table S3
C9H13O6,I-,adduct,FIGAERO-I-CIMS,gas,chamber; alpha-pinene ozonolysis flow tube (TANGENT),chamber,,"Vasudevan-Geetha et al., 2026, ACS Earth Space Chem.",10.1021/acsearthspacechem.5c00327,alpha-pinene 臭氧解 OOM；仅气相检出 | as written: C9H13O6 | DBE 3.5，半整数 ⇒ 开壳层自由基（RO2/RO） | source: Table S3
C9H13O7,I-,adduct,FIGAERO-I-CIMS,gas,chamber; alpha-pinene ozonolysis flow tube (TANGENT),chamber,,"Vasudevan-Geetha et al., 2026, ACS Earth Space Chem.",10.1021/acsearthspacechem.5c00327,alpha-pinene 臭氧解 OOM；仅气相检出 | as written: C9H13O7 | DBE 3.5，半整数 ⇒ 开壳层自由基（RO2/RO） | source: Table S3
C9H14O2,I-,adduct,FIGAERO-I-CIMS,gas,chamber; alpha-pinene ozonolysis flow tube (TANGENT),chamber,,"Vasudevan-Geetha et al., 2026, ACS Earth Space Chem.",10.1021/acsearthspacechem.5c00327,alpha-pinene 臭氧解 OOM；仅气相检出 | as written: C9H14O2 | DBE 3，整数 ⇒ 闭壳层 | 同一分子亦被 UPLC/(-)ESI-Orbitrap MS 在颗粒相检出（独立电离/检测技术互证） | source: Table S3
C9H14O3,I-,adduct,FIGAERO-I-CIMS,gas/particle,chamber; alpha-pinene ozonolysis flow tube (TANGENT),chamber,,"Vasudevan-Geetha et al., 2026, ACS Earth Space Chem.",10.1021/acsearthspacechem.5c00327,alpha-pinene 臭氧解 OOM；气相+颗粒相均检出 | as written: C9H14O3 | DBE 3，整数 ⇒ 闭壳层 | 同一分子亦被 UPLC/(-)ESI-Orbitrap MS 在颗粒相检出（独立电离/检测技术互证） | source: Table S3
C9H14O4,I-,adduct,FIGAERO-I-CIMS,gas/particle,chamber; alpha-pinene ozonolysis flow tube (TANGENT),chamber,,"Vasudevan-Geetha et al., 2026, ACS Earth Space Chem.",10.1021/acsearthspacechem.5c00327,alpha-pinene 臭氧解 OOM；气相+颗粒相均检出 | as written: C9H14O4 | DBE 3，整数 ⇒ 闭壳层 | 同一分子亦被 UPLC/(-)ESI-Orbitrap MS 在颗粒相检出（独立电离/检测技术互证）；属正文选出的 77 个颗粒相 OOM，Figure 4e 给出 FIGAERO 热谱图反演的 log C*300K | source: Table S3 + Figure 4e
C9H14O5,I-,adduct,FIGAERO-I-CIMS,gas/particle,chamber; alpha-pinene ozonolysis flow tube (TANGENT),chamber,,"Vasudevan-Geetha et al., 2026, ACS Earth Space Chem.",10.1021/acsearthspacechem.5c00327,alpha-pinene 臭氧解 OOM；气相+颗粒相均检出 | as written: C9H14O5 | DBE 3，整数 ⇒ 闭壳层 | 同一分子亦被 UPLC/(-)ESI-Orbitrap MS 在颗粒相检出（独立电离/检测技术互证）；属正文选出的 77 个颗粒相 OOM，Figure 4e 给出 FIGAERO 热谱图反演的 log C*300K | source: Table S3 + Figure 4e
C9H14O6,I-,adduct,FIGAERO-I-CIMS,gas/particle,chamber; alpha-pinene ozonolysis flow tube (TANGENT),chamber,,"Vasudevan-Geetha et al., 2026, ACS Earth Space Chem.",10.1021/acsearthspacechem.5c00327,alpha-pinene 臭氧解 OOM；气相+颗粒相均检出 | as written: C9H14O6 | DBE 3，整数 ⇒ 闭壳层 | 同一分子亦被 UPLC/(-)ESI-Orbitrap MS 在颗粒相检出（独立电离/检测技术互证）；属正文选出的 77 个颗粒相 OOM，Figure 4e 给出 FIGAERO 热谱图反演的 log C*300K | source: Table S3 + Figure 4e
C9H14O7,I-,adduct,FIGAERO-I-CIMS,gas/particle,chamber; alpha-pinene ozonolysis flow tube (TANGENT),chamber,,"Vasudevan-Geetha et al., 2026, ACS Earth Space Chem.",10.1021/acsearthspacechem.5c00327,alpha-pinene 臭氧解 OOM；气相+颗粒相均检出 | as written: C9H14O7 | DBE 3，整数 ⇒ 闭壳层 | source: Table S3
C9H14O8,I-,adduct,FIGAERO-I-CIMS,gas,chamber; alpha-pinene ozonolysis flow tube (TANGENT),chamber,,"Vasudevan-Geetha et al., 2026, ACS Earth Space Chem.",10.1021/acsearthspacechem.5c00327,alpha-pinene 臭氧解 OOM；仅气相检出 | as written: C9H14O8 | DBE 3，整数 ⇒ 闭壳层 | source: Table S3
C9H14O9,I-,adduct,FIGAERO-I-CIMS,gas,chamber; alpha-pinene ozonolysis flow tube (TANGENT),chamber,,"Vasudevan-Geetha et al., 2026, ACS Earth Space Chem.",10.1021/acsearthspacechem.5c00327,alpha-pinene 臭氧解 OOM；仅气相检出 | as written: C9H14O9 | DBE 3，整数 ⇒ 闭壳层 | source: Table S3
C9H15O4,I-,adduct,FIGAERO-I-CIMS,gas/particle,chamber; alpha-pinene ozonolysis flow tube (TANGENT),chamber,,"Vasudevan-Geetha et al., 2026, ACS Earth Space Chem.",10.1021/acsearthspacechem.5c00327,alpha-pinene 臭氧解 OOM；气相+颗粒相均检出 | as written: C9H15O4 | DBE 2.5，半整数 ⇒ 开壳层自由基（RO2/RO） | source: Table S3
C9H15O6,I-,adduct,FIGAERO-I-CIMS,gas,chamber; alpha-pinene ozonolysis flow tube (TANGENT),chamber,,"Vasudevan-Geetha et al., 2026, ACS Earth Space Chem.",10.1021/acsearthspacechem.5c00327,alpha-pinene 臭氧解 OOM；仅气相检出 | as written: C9H15O6 | DBE 2.5，半整数 ⇒ 开壳层自由基（RO2/RO） | source: Table S3
C9H15O7,I-,adduct,FIGAERO-I-CIMS,gas,chamber; alpha-pinene ozonolysis flow tube (TANGENT),chamber,,"Vasudevan-Geetha et al., 2026, ACS Earth Space Chem.",10.1021/acsearthspacechem.5c00327,alpha-pinene 臭氧解 OOM；仅气相检出 | as written: C9H15O7 | DBE 2.5，半整数 ⇒ 开壳层自由基（RO2/RO） | source: Table S3
C9H15O8,I-,adduct,FIGAERO-I-CIMS,gas,chamber; alpha-pinene ozonolysis flow tube (TANGENT),chamber,,"Vasudevan-Geetha et al., 2026, ACS Earth Space Chem.",10.1021/acsearthspacechem.5c00327,alpha-pinene 臭氧解 OOM；仅气相检出 | as written: C9H15O8 | DBE 2.5，半整数 ⇒ 开壳层自由基（RO2/RO） | source: Table S3
C9H16O5,I-,adduct,FIGAERO-I-CIMS,gas/particle,chamber; alpha-pinene ozonolysis flow tube (TANGENT),chamber,,"Vasudevan-Geetha et al., 2026, ACS Earth Space Chem.",10.1021/acsearthspacechem.5c00327,alpha-pinene 臭氧解 OOM；气相+颗粒相均检出 | as written: C9H16O5 | DBE 2，整数 ⇒ 闭壳层 | 同一分子亦被 UPLC/(-)ESI-Orbitrap MS 在颗粒相检出（独立电离/检测技术互证）；属正文选出的 77 个颗粒相 OOM，Figure 4e 给出 FIGAERO 热谱图反演的 log C*300K | source: Table S3 + Figure 4e
C9H16O6,I-,adduct,FIGAERO-I-CIMS,gas/particle,chamber; alpha-pinene ozonolysis flow tube (TANGENT),chamber,,"Vasudevan-Geetha et al., 2026, ACS Earth Space Chem.",10.1021/acsearthspacechem.5c00327,alpha-pinene 臭氧解 OOM；气相+颗粒相均检出 | as written: C9H16O6 | DBE 2，整数 ⇒ 闭壳层 | 同一分子亦被 UPLC/(-)ESI-Orbitrap MS 在颗粒相检出（独立电离/检测技术互证）；属正文选出的 77 个颗粒相 OOM，Figure 4e 给出 FIGAERO 热谱图反演的 log C*300K | source: Table S3 + Figure 4e
C9H16O7,I-,adduct,FIGAERO-I-CIMS,gas/particle,chamber; alpha-pinene ozonolysis flow tube (TANGENT),chamber,,"Vasudevan-Geetha et al., 2026, ACS Earth Space Chem.",10.1021/acsearthspacechem.5c00327,alpha-pinene 臭氧解 OOM；气相+颗粒相均检出 | as written: C9H16O7 | DBE 2，整数 ⇒ 闭壳层 | source: Table S3
C9H16O8,I-,adduct,FIGAERO-I-CIMS,gas/particle,chamber; alpha-pinene ozonolysis flow tube (TANGENT),chamber,,"Vasudevan-Geetha et al., 2026, ACS Earth Space Chem.",10.1021/acsearthspacechem.5c00327,alpha-pinene 臭氧解 OOM；气相+颗粒相均检出 | as written: C9H16O8 | DBE 2，整数 ⇒ 闭壳层 | source: Table S3
C9H16O11,I-,adduct,FIGAERO-I-CIMS,gas,chamber; alpha-pinene ozonolysis flow tube (TANGENT),chamber,,"Vasudevan-Geetha et al., 2026, ACS Earth Space Chem.",10.1021/acsearthspacechem.5c00327,alpha-pinene 臭氧解 OOM；仅气相检出 | as written: C9H16O11 | DBE 2，整数 ⇒ 闭壳层 | source: Table S3
C9H18O2,I-,adduct,FIGAERO-I-CIMS,gas,chamber; alpha-pinene ozonolysis flow tube (TANGENT),chamber,,"Vasudevan-Geetha et al., 2026, ACS Earth Space Chem.",10.1021/acsearthspacechem.5c00327,alpha-pinene 臭氧解 OOM；仅气相检出 | as written: C9H18O2 | DBE 1，整数 ⇒ 闭壳层 | source: Table S3
C9H18O10,I-,adduct,FIGAERO-I-CIMS,gas,chamber; alpha-pinene ozonolysis flow tube (TANGENT),chamber,,"Vasudevan-Geetha et al., 2026, ACS Earth Space Chem.",10.1021/acsearthspacechem.5c00327,alpha-pinene 臭氧解 OOM；仅气相检出 | as written: C9H18O10 | DBE 1，整数 ⇒ 闭壳层 | source: Table S3
C9H18O11,I-,adduct,FIGAERO-I-CIMS,gas/particle,chamber; alpha-pinene ozonolysis flow tube (TANGENT),chamber,,"Vasudevan-Geetha et al., 2026, ACS Earth Space Chem.",10.1021/acsearthspacechem.5c00327,alpha-pinene 臭氧解 OOM；气相+颗粒相均检出 | as written: C9H18O11 | DBE 1，整数 ⇒ 闭壳层 | source: Table S3
C9H20O5,I-,adduct,FIGAERO-I-CIMS,gas,chamber; alpha-pinene ozonolysis flow tube (TANGENT),chamber,,"Vasudevan-Geetha et al., 2026, ACS Earth Space Chem.",10.1021/acsearthspacechem.5c00327,alpha-pinene 臭氧解 OOM；仅气相检出 | as written: C9H20O5 | DBE 0，整数 ⇒ 闭壳层 | source: Table S3
C9H20O8,I-,adduct,FIGAERO-I-CIMS,gas/particle,chamber; alpha-pinene ozonolysis flow tube (TANGENT),chamber,,"Vasudevan-Geetha et al., 2026, ACS Earth Space Chem.",10.1021/acsearthspacechem.5c00327,alpha-pinene 臭氧解 OOM；气相+颗粒相均检出 | as written: C9H20O8 | DBE 0，整数 ⇒ 闭壳层 | source: Table S3
C9H20O10,I-,adduct,FIGAERO-I-CIMS,gas/particle,chamber; alpha-pinene ozonolysis flow tube (TANGENT),chamber,,"Vasudevan-Geetha et al., 2026, ACS Earth Space Chem.",10.1021/acsearthspacechem.5c00327,alpha-pinene 臭氧解 OOM；气相+颗粒相均检出 | as written: C9H20O10 | DBE 0，整数 ⇒ 闭壳层 | source: Table S3
C10H10O4,I-,adduct,FIGAERO-I-CIMS,gas/particle,chamber; alpha-pinene ozonolysis flow tube (TANGENT),chamber,,"Vasudevan-Geetha et al., 2026, ACS Earth Space Chem.",10.1021/acsearthspacechem.5c00327,alpha-pinene 臭氧解 OOM；气相+颗粒相均检出 | as written: C10H10O4 | DBE 6，整数 ⇒ 闭壳层 | source: Table S3
C10H11O5,I-,adduct,FIGAERO-I-CIMS,gas,chamber; alpha-pinene ozonolysis flow tube (TANGENT),chamber,,"Vasudevan-Geetha et al., 2026, ACS Earth Space Chem.",10.1021/acsearthspacechem.5c00327,alpha-pinene 臭氧解 OOM；仅气相检出 | as written: C10H11O5 | DBE 5.5，半整数 ⇒ 开壳层自由基（RO2/RO） | source: Table S3
C10H12O4,I-,adduct,FIGAERO-I-CIMS,gas/particle,chamber; alpha-pinene ozonolysis flow tube (TANGENT),chamber,,"Vasudevan-Geetha et al., 2026, ACS Earth Space Chem.",10.1021/acsearthspacechem.5c00327,alpha-pinene 臭氧解 OOM；气相+颗粒相均检出 | as written: C10H12O4 | DBE 5，整数 ⇒ 闭壳层 | source: Table S3
C10H12O5,I-,adduct,FIGAERO-I-CIMS,gas,chamber; alpha-pinene ozonolysis flow tube (TANGENT),chamber,,"Vasudevan-Geetha et al., 2026, ACS Earth Space Chem.",10.1021/acsearthspacechem.5c00327,alpha-pinene 臭氧解 OOM；仅气相检出 | as written: C10H12O5 | DBE 5，整数 ⇒ 闭壳层 | source: Table S3
C10H12O6,I-,adduct,FIGAERO-I-CIMS,gas/particle,chamber; alpha-pinene ozonolysis flow tube (TANGENT),chamber,,"Vasudevan-Geetha et al., 2026, ACS Earth Space Chem.",10.1021/acsearthspacechem.5c00327,alpha-pinene 臭氧解 OOM；气相+颗粒相均检出 | as written: C10H12O6 | DBE 5，整数 ⇒ 闭壳层 | source: Table S3
C10H12O7,I-,adduct,FIGAERO-I-CIMS,gas/particle,chamber; alpha-pinene ozonolysis flow tube (TANGENT),chamber,,"Vasudevan-Geetha et al., 2026, ACS Earth Space Chem.",10.1021/acsearthspacechem.5c00327,alpha-pinene 臭氧解 OOM；气相+颗粒相均检出 | as written: C10H12O7 | DBE 5，整数 ⇒ 闭壳层 | source: Table S3
C10H12O8,I-,adduct,FIGAERO-I-CIMS,gas,chamber; alpha-pinene ozonolysis flow tube (TANGENT),chamber,,"Vasudevan-Geetha et al., 2026, ACS Earth Space Chem.",10.1021/acsearthspacechem.5c00327,alpha-pinene 臭氧解 OOM；仅气相检出 | as written: C10H12O8 | DBE 5，整数 ⇒ 闭壳层 | source: Table S3
C10H12O11,I-,adduct,FIGAERO-I-CIMS,gas/particle,chamber; alpha-pinene ozonolysis flow tube (TANGENT),chamber,,"Vasudevan-Geetha et al., 2026, ACS Earth Space Chem.",10.1021/acsearthspacechem.5c00327,alpha-pinene 臭氧解 OOM；气相+颗粒相均检出 | as written: C10H12O11 | DBE 5，整数 ⇒ 闭壳层 | source: Table S3
C10H13O5,I-,adduct,FIGAERO-I-CIMS,gas/particle,chamber; alpha-pinene ozonolysis flow tube (TANGENT),chamber,,"Vasudevan-Geetha et al., 2026, ACS Earth Space Chem.",10.1021/acsearthspacechem.5c00327,alpha-pinene 臭氧解 OOM；气相+颗粒相均检出 | as written: C10H13O5 | DBE 4.5，半整数 ⇒ 开壳层自由基（RO2/RO） | source: Table S3
C10H13O6,I-,adduct,FIGAERO-I-CIMS,gas,chamber; alpha-pinene ozonolysis flow tube (TANGENT),chamber,,"Vasudevan-Geetha et al., 2026, ACS Earth Space Chem.",10.1021/acsearthspacechem.5c00327,alpha-pinene 臭氧解 OOM；仅气相检出 | as written: C10H13O6 | DBE 4.5，半整数 ⇒ 开壳层自由基（RO2/RO） | source: Table S3
C10H13O7,I-,adduct,FIGAERO-I-CIMS,gas,chamber; alpha-pinene ozonolysis flow tube (TANGENT),chamber,,"Vasudevan-Geetha et al., 2026, ACS Earth Space Chem.",10.1021/acsearthspacechem.5c00327,alpha-pinene 臭氧解 OOM；仅气相检出 | as written: C10H13O7 | DBE 4.5，半整数 ⇒ 开壳层自由基（RO2/RO） | source: Table S3
C10H14O,I-,adduct,FIGAERO-I-CIMS,particle,chamber; alpha-pinene ozonolysis flow tube (TANGENT),chamber,,"Vasudevan-Geetha et al., 2026, ACS Earth Space Chem.",10.1021/acsearthspacechem.5c00327,alpha-pinene 臭氧解 OOM；仅颗粒相检出 | as written: C10H14O | DBE 4，整数 ⇒ 闭壳层 | source: Table S3
C10H14O2,I-,adduct,FIGAERO-I-CIMS,gas/particle,chamber; alpha-pinene ozonolysis flow tube (TANGENT),chamber,,"Vasudevan-Geetha et al., 2026, ACS Earth Space Chem.",10.1021/acsearthspacechem.5c00327,alpha-pinene 臭氧解 OOM；气相+颗粒相均检出 | as written: C10H14O2 | DBE 4，整数 ⇒ 闭壳层 | source: Table S3
C10H14O3,I-,adduct,FIGAERO-I-CIMS,gas/particle,chamber; alpha-pinene ozonolysis flow tube (TANGENT),chamber,,"Vasudevan-Geetha et al., 2026, ACS Earth Space Chem.",10.1021/acsearthspacechem.5c00327,alpha-pinene 臭氧解 OOM；气相+颗粒相均检出 | as written: C10H14O3 | DBE 4，整数 ⇒ 闭壳层 | 同一分子亦被 UPLC/(-)ESI-Orbitrap MS 在颗粒相检出（独立电离/检测技术互证） | source: Table S3
C10H14O4,I-,adduct,FIGAERO-I-CIMS,gas/particle,chamber; alpha-pinene ozonolysis flow tube (TANGENT),chamber,,"Vasudevan-Geetha et al., 2026, ACS Earth Space Chem.",10.1021/acsearthspacechem.5c00327,alpha-pinene 臭氧解 OOM；气相+颗粒相均检出 | as written: C10H14O4 | DBE 4，整数 ⇒ 闭壳层 | 同一分子亦被 UPLC/(-)ESI-Orbitrap MS 在颗粒相检出（独立电离/检测技术互证）；属正文选出的 77 个颗粒相 OOM，Figure 4e 给出 FIGAERO 热谱图反演的 log C*300K | source: Table S3 + Figure 4e
C10H14O5,I-,adduct,FIGAERO-I-CIMS,gas/particle,chamber; alpha-pinene ozonolysis flow tube (TANGENT),chamber,,"Vasudevan-Geetha et al., 2026, ACS Earth Space Chem.",10.1021/acsearthspacechem.5c00327,alpha-pinene 臭氧解 OOM；气相+颗粒相均检出 | as written: C10H14O5 | DBE 4，整数 ⇒ 闭壳层 | 同一分子亦被 UPLC/(-)ESI-Orbitrap MS 在颗粒相检出（独立电离/检测技术互证）；属正文选出的 77 个颗粒相 OOM，Figure 4e 给出 FIGAERO 热谱图反演的 log C*300K | source: Table S3 + Figure 4e
C10H14O6,I-,adduct,FIGAERO-I-CIMS,gas/particle,chamber; alpha-pinene ozonolysis flow tube (TANGENT),chamber,,"Vasudevan-Geetha et al., 2026, ACS Earth Space Chem.",10.1021/acsearthspacechem.5c00327,alpha-pinene 臭氧解 OOM；气相+颗粒相均检出 | as written: C10H14O6 | DBE 4，整数 ⇒ 闭壳层 | 同一分子亦被 UPLC/(-)ESI-Orbitrap MS 在颗粒相检出（独立电离/检测技术互证）；属正文选出的 77 个颗粒相 OOM，Figure 4e 给出 FIGAERO 热谱图反演的 log C*300K | source: Table S3 + Figure 4e
C10H14O7,I-,adduct,FIGAERO-I-CIMS,gas/particle,chamber; alpha-pinene ozonolysis flow tube (TANGENT),chamber,,"Vasudevan-Geetha et al., 2026, ACS Earth Space Chem.",10.1021/acsearthspacechem.5c00327,alpha-pinene 臭氧解 OOM；气相+颗粒相均检出 | as written: C10H14O7 | DBE 4，整数 ⇒ 闭壳层 | source: Table S3
C10H14O8,I-,adduct,FIGAERO-I-CIMS,gas/particle,chamber; alpha-pinene ozonolysis flow tube (TANGENT),chamber,,"Vasudevan-Geetha et al., 2026, ACS Earth Space Chem.",10.1021/acsearthspacechem.5c00327,alpha-pinene 臭氧解 OOM；气相+颗粒相均检出 | as written: C10H14O8 | DBE 4，整数 ⇒ 闭壳层 | source: Table S3
C10H14O9,I-,adduct,FIGAERO-I-CIMS,gas/particle,chamber; alpha-pinene ozonolysis flow tube (TANGENT),chamber,,"Vasudevan-Geetha et al., 2026, ACS Earth Space Chem.",10.1021/acsearthspacechem.5c00327,alpha-pinene 臭氧解 OOM；气相+颗粒相均检出 | as written: C10H14O9 | DBE 4，整数 ⇒ 闭壳层 | source: Table S3
C10H14O10,I-,adduct,FIGAERO-I-CIMS,particle,chamber; alpha-pinene ozonolysis flow tube (TANGENT),chamber,,"Vasudevan-Geetha et al., 2026, ACS Earth Space Chem.",10.1021/acsearthspacechem.5c00327,alpha-pinene 臭氧解 OOM；仅颗粒相检出 | as written: C10H14O10 | DBE 4，整数 ⇒ 闭壳层 | source: Table S3
C10H14O12,I-,adduct,FIGAERO-I-CIMS,gas/particle,chamber; alpha-pinene ozonolysis flow tube (TANGENT),chamber,,"Vasudevan-Geetha et al., 2026, ACS Earth Space Chem.",10.1021/acsearthspacechem.5c00327,alpha-pinene 臭氧解 OOM；气相+颗粒相均检出 | as written: C10H14O12 | DBE 4，整数 ⇒ 闭壳层 | source: Table S3
C10H15O4,I-,adduct,FIGAERO-I-CIMS,gas,chamber; alpha-pinene ozonolysis flow tube (TANGENT),chamber,,"Vasudevan-Geetha et al., 2026, ACS Earth Space Chem.",10.1021/acsearthspacechem.5c00327,alpha-pinene 臭氧解 OOM；仅气相检出 | as written: C10H15O4 | DBE 3.5，半整数 ⇒ 开壳层自由基（RO2/RO） | source: Table S3
C10H15O6,I-,adduct,FIGAERO-I-CIMS,gas,chamber; alpha-pinene ozonolysis flow tube (TANGENT),chamber,,"Vasudevan-Geetha et al., 2026, ACS Earth Space Chem.",10.1021/acsearthspacechem.5c00327,alpha-pinene 臭氧解 OOM；仅气相检出 | as written: C10H15O6 | DBE 3.5，半整数 ⇒ 开壳层自由基（RO2/RO） | source: Table S3
C10H15O7,I-,adduct,FIGAERO-I-CIMS,gas,chamber; alpha-pinene ozonolysis flow tube (TANGENT),chamber,,"Vasudevan-Geetha et al., 2026, ACS Earth Space Chem.",10.1021/acsearthspacechem.5c00327,alpha-pinene 臭氧解 OOM；仅气相检出 | as written: C10H15O7 | DBE 3.5，半整数 ⇒ 开壳层自由基（RO2/RO） | source: Table S3
C10H15O8,I-,adduct,FIGAERO-I-CIMS,gas,chamber; alpha-pinene ozonolysis flow tube (TANGENT),chamber,,"Vasudevan-Geetha et al., 2026, ACS Earth Space Chem.",10.1021/acsearthspacechem.5c00327,alpha-pinene 臭氧解 OOM；仅气相检出 | as written: C10H15O8 | DBE 3.5，半整数 ⇒ 开壳层自由基（RO2/RO） | source: Table S3
C10H16O2,I-,adduct,FIGAERO-I-CIMS,gas,chamber; alpha-pinene ozonolysis flow tube (TANGENT),chamber,,"Vasudevan-Geetha et al., 2026, ACS Earth Space Chem.",10.1021/acsearthspacechem.5c00327,alpha-pinene 臭氧解 OOM；仅气相检出 | as written: C10H16O2 | DBE 3，整数 ⇒ 闭壳层 | source: Table S3
C10H16O3,I-,adduct,FIGAERO-I-CIMS,gas/particle,chamber; alpha-pinene ozonolysis flow tube (TANGENT),chamber,,"Vasudevan-Geetha et al., 2026, ACS Earth Space Chem.",10.1021/acsearthspacechem.5c00327,alpha-pinene 臭氧解 OOM；气相+颗粒相均检出 | as written: C10H16O3 | DBE 3，整数 ⇒ 闭壳层 | 同一分子亦被 UPLC/(-)ESI-Orbitrap MS 在颗粒相检出（独立电离/检测技术互证）；属正文选出的 77 个颗粒相 OOM，Figure 4e 给出 FIGAERO 热谱图反演的 log C*300K | source: Table S3 + Figure 4e
C10H16O4,I-,adduct,FIGAERO-I-CIMS,gas/particle,chamber; alpha-pinene ozonolysis flow tube (TANGENT),chamber,,"Vasudevan-Geetha et al., 2026, ACS Earth Space Chem.",10.1021/acsearthspacechem.5c00327,alpha-pinene 臭氧解 OOM；气相+颗粒相均检出 | as written: C10H16O4 | DBE 3，整数 ⇒ 闭壳层 | 同一分子亦被 UPLC/(-)ESI-Orbitrap MS 在颗粒相检出（独立电离/检测技术互证）；属正文选出的 77 个颗粒相 OOM，Figure 4e 给出 FIGAERO 热谱图反演的 log C*300K | source: Table S3 + Figure 4e
C10H16O5,I-,adduct,FIGAERO-I-CIMS,gas/particle,chamber; alpha-pinene ozonolysis flow tube (TANGENT),chamber,,"Vasudevan-Geetha et al., 2026, ACS Earth Space Chem.",10.1021/acsearthspacechem.5c00327,alpha-pinene 臭氧解 OOM；气相+颗粒相均检出 | as written: C10H16O5 | DBE 3，整数 ⇒ 闭壳层 | 同一分子亦被 UPLC/(-)ESI-Orbitrap MS 在颗粒相检出（独立电离/检测技术互证）；属正文选出的 77 个颗粒相 OOM，Figure 4e 给出 FIGAERO 热谱图反演的 log C*300K | source: Table S3 + Figure 4e
C10H16O6,I-,adduct,FIGAERO-I-CIMS,gas/particle,chamber; alpha-pinene ozonolysis flow tube (TANGENT),chamber,,"Vasudevan-Geetha et al., 2026, ACS Earth Space Chem.",10.1021/acsearthspacechem.5c00327,alpha-pinene 臭氧解 OOM；气相+颗粒相均检出 | as written: C10H16O6 | DBE 3，整数 ⇒ 闭壳层 | 同一分子亦被 UPLC/(-)ESI-Orbitrap MS 在颗粒相检出（独立电离/检测技术互证）；属正文选出的 77 个颗粒相 OOM，Figure 4e 给出 FIGAERO 热谱图反演的 log C*300K | source: Table S3 + Figure 4e
C10H16O7,I-,adduct,FIGAERO-I-CIMS,gas/particle,chamber; alpha-pinene ozonolysis flow tube (TANGENT),chamber,,"Vasudevan-Geetha et al., 2026, ACS Earth Space Chem.",10.1021/acsearthspacechem.5c00327,alpha-pinene 臭氧解 OOM；气相+颗粒相均检出 | as written: C10H16O7 | DBE 3，整数 ⇒ 闭壳层 | 同一分子亦被 UPLC/(-)ESI-Orbitrap MS 在颗粒相检出（独立电离/检测技术互证） | source: Table S3
C10H16O8,I-,adduct,FIGAERO-I-CIMS,gas/particle,chamber; alpha-pinene ozonolysis flow tube (TANGENT),chamber,,"Vasudevan-Geetha et al., 2026, ACS Earth Space Chem.",10.1021/acsearthspacechem.5c00327,alpha-pinene 臭氧解 OOM；气相+颗粒相均检出 | as written: C10H16O8 | DBE 3，整数 ⇒ 闭壳层 | source: Table S3
C10H16O9,I-,adduct,FIGAERO-I-CIMS,gas/particle,chamber; alpha-pinene ozonolysis flow tube (TANGENT),chamber,,"Vasudevan-Geetha et al., 2026, ACS Earth Space Chem.",10.1021/acsearthspacechem.5c00327,alpha-pinene 臭氧解 OOM；气相+颗粒相均检出 | as written: C10H16O9 | DBE 3，整数 ⇒ 闭壳层 | source: Table S3
C10H16O10,I-,adduct,FIGAERO-I-CIMS,gas,chamber; alpha-pinene ozonolysis flow tube (TANGENT),chamber,,"Vasudevan-Geetha et al., 2026, ACS Earth Space Chem.",10.1021/acsearthspacechem.5c00327,alpha-pinene 臭氧解 OOM；仅气相检出 | as written: C10H16O10 | DBE 3，整数 ⇒ 闭壳层 | source: Table S3
C10H17O6,I-,adduct,FIGAERO-I-CIMS,gas,chamber; alpha-pinene ozonolysis flow tube (TANGENT),chamber,,"Vasudevan-Geetha et al., 2026, ACS Earth Space Chem.",10.1021/acsearthspacechem.5c00327,alpha-pinene 臭氧解 OOM；仅气相检出 | as written: C10H17O6 | DBE 2.5，半整数 ⇒ 开壳层自由基（RO2/RO） | source: Table S3
C10H17O7,I-,adduct,FIGAERO-I-CIMS,gas,chamber; alpha-pinene ozonolysis flow tube (TANGENT),chamber,,"Vasudevan-Geetha et al., 2026, ACS Earth Space Chem.",10.1021/acsearthspacechem.5c00327,alpha-pinene 臭氧解 OOM；仅气相检出 | as written: C10H17O7 | DBE 2.5，半整数 ⇒ 开壳层自由基（RO2/RO） | source: Table S3
C10H17O8,I-,adduct,FIGAERO-I-CIMS,gas,chamber; alpha-pinene ozonolysis flow tube (TANGENT),chamber,,"Vasudevan-Geetha et al., 2026, ACS Earth Space Chem.",10.1021/acsearthspacechem.5c00327,alpha-pinene 臭氧解 OOM；仅气相检出 | as written: C10H17O8 | DBE 2.5，半整数 ⇒ 开壳层自由基（RO2/RO） | source: Table S3
C10H18O5,I-,adduct,FIGAERO-I-CIMS,gas/particle,chamber; alpha-pinene ozonolysis flow tube (TANGENT),chamber,,"Vasudevan-Geetha et al., 2026, ACS Earth Space Chem.",10.1021/acsearthspacechem.5c00327,alpha-pinene 臭氧解 OOM；气相+颗粒相均检出 | as written: C10H18O5 | DBE 2，整数 ⇒ 闭壳层 | source: Table S3
C10H18O6,I-,adduct,FIGAERO-I-CIMS,gas/particle,chamber; alpha-pinene ozonolysis flow tube (TANGENT),chamber,,"Vasudevan-Geetha et al., 2026, ACS Earth Space Chem.",10.1021/acsearthspacechem.5c00327,alpha-pinene 臭氧解 OOM；气相+颗粒相均检出 | as written: C10H18O6 | DBE 2，整数 ⇒ 闭壳层 | 同一分子亦被 UPLC/(-)ESI-Orbitrap MS 在颗粒相检出（独立电离/检测技术互证） | source: Table S3
C10H18O7,I-,adduct,FIGAERO-I-CIMS,gas,chamber; alpha-pinene ozonolysis flow tube (TANGENT),chamber,,"Vasudevan-Geetha et al., 2026, ACS Earth Space Chem.",10.1021/acsearthspacechem.5c00327,alpha-pinene 臭氧解 OOM；仅气相检出 | as written: C10H18O7 | DBE 2，整数 ⇒ 闭壳层 | source: Table S3
C10H18O8,I-,adduct,FIGAERO-I-CIMS,gas/particle,chamber; alpha-pinene ozonolysis flow tube (TANGENT),chamber,,"Vasudevan-Geetha et al., 2026, ACS Earth Space Chem.",10.1021/acsearthspacechem.5c00327,alpha-pinene 臭氧解 OOM；气相+颗粒相均检出 | as written: C10H18O8 | DBE 2，整数 ⇒ 闭壳层 | source: Table S3
C10H18O9,I-,adduct,FIGAERO-I-CIMS,gas,chamber; alpha-pinene ozonolysis flow tube (TANGENT),chamber,,"Vasudevan-Geetha et al., 2026, ACS Earth Space Chem.",10.1021/acsearthspacechem.5c00327,alpha-pinene 臭氧解 OOM；仅气相检出 | as written: C10H18O9 | DBE 2，整数 ⇒ 闭壳层 | source: Table S3
C10H18O10,I-,adduct,FIGAERO-I-CIMS,gas/particle,chamber; alpha-pinene ozonolysis flow tube (TANGENT),chamber,,"Vasudevan-Geetha et al., 2026, ACS Earth Space Chem.",10.1021/acsearthspacechem.5c00327,alpha-pinene 臭氧解 OOM；气相+颗粒相均检出 | as written: C10H18O10 | DBE 2，整数 ⇒ 闭壳层 | 同一分子亦被 UPLC/(-)ESI-Orbitrap MS 在颗粒相检出（独立电离/检测技术互证） | source: Table S3
C10H20O6,I-,adduct,FIGAERO-I-CIMS,gas/particle,chamber; alpha-pinene ozonolysis flow tube (TANGENT),chamber,,"Vasudevan-Geetha et al., 2026, ACS Earth Space Chem.",10.1021/acsearthspacechem.5c00327,alpha-pinene 臭氧解 OOM；气相+颗粒相均检出 | as written: C10H20O6 | DBE 1，整数 ⇒ 闭壳层 | source: Table S3
C10H20O8,I-,adduct,FIGAERO-I-CIMS,gas/particle,chamber; alpha-pinene ozonolysis flow tube (TANGENT),chamber,,"Vasudevan-Geetha et al., 2026, ACS Earth Space Chem.",10.1021/acsearthspacechem.5c00327,alpha-pinene 臭氧解 OOM；气相+颗粒相均检出 | as written: C10H20O8 | DBE 1，整数 ⇒ 闭壳层 | source: Table S3
C10H20O9,I-,adduct,FIGAERO-I-CIMS,gas/particle,chamber; alpha-pinene ozonolysis flow tube (TANGENT),chamber,,"Vasudevan-Geetha et al., 2026, ACS Earth Space Chem.",10.1021/acsearthspacechem.5c00327,alpha-pinene 臭氧解 OOM；气相+颗粒相均检出 | as written: C10H20O9 | DBE 1，整数 ⇒ 闭壳层 | source: Table S3
C10H20O10,I-,adduct,FIGAERO-I-CIMS,gas/particle,chamber; alpha-pinene ozonolysis flow tube (TANGENT),chamber,,"Vasudevan-Geetha et al., 2026, ACS Earth Space Chem.",10.1021/acsearthspacechem.5c00327,alpha-pinene 臭氧解 OOM；气相+颗粒相均检出 | as written: C10H20O10 | DBE 1，整数 ⇒ 闭壳层 | source: Table S3
C10H22O4,I-,adduct,FIGAERO-I-CIMS,gas/particle,chamber; alpha-pinene ozonolysis flow tube (TANGENT),chamber,,"Vasudevan-Geetha et al., 2026, ACS Earth Space Chem.",10.1021/acsearthspacechem.5c00327,alpha-pinene 臭氧解 OOM；气相+颗粒相均检出 | as written: C10H22O4 | DBE 0，整数 ⇒ 闭壳层 | source: Table S3
C10H22O6,I-,adduct,FIGAERO-I-CIMS,gas,chamber; alpha-pinene ozonolysis flow tube (TANGENT),chamber,,"Vasudevan-Geetha et al., 2026, ACS Earth Space Chem.",10.1021/acsearthspacechem.5c00327,alpha-pinene 臭氧解 OOM；仅气相检出 | as written: C10H22O6 | DBE 0，整数 ⇒ 闭壳层 | source: Table S3
C10H22O8,I-,adduct,FIGAERO-I-CIMS,gas/particle,chamber; alpha-pinene ozonolysis flow tube (TANGENT),chamber,,"Vasudevan-Geetha et al., 2026, ACS Earth Space Chem.",10.1021/acsearthspacechem.5c00327,alpha-pinene 臭氧解 OOM；气相+颗粒相均检出 | as written: C10H22O8 | DBE 0，整数 ⇒ 闭壳层 | source: Table S3
C11H10O2,I-,adduct,FIGAERO-I-CIMS,gas,chamber; alpha-pinene ozonolysis flow tube (TANGENT),chamber,,"Vasudevan-Geetha et al., 2026, ACS Earth Space Chem.",10.1021/acsearthspacechem.5c00327,alpha-pinene 臭氧解 OOM；仅气相检出 | as written: C11H10O2 | DBE 7，整数 ⇒ 闭壳层 | source: Table S3
C11H12O6,I-,adduct,FIGAERO-I-CIMS,gas/particle,chamber; alpha-pinene ozonolysis flow tube (TANGENT),chamber,,"Vasudevan-Geetha et al., 2026, ACS Earth Space Chem.",10.1021/acsearthspacechem.5c00327,alpha-pinene 臭氧解 OOM；气相+颗粒相均检出 | as written: C11H12O6 | DBE 6，整数 ⇒ 闭壳层 | source: Table S3
C11H12O7,I-,adduct,FIGAERO-I-CIMS,gas/particle,chamber; alpha-pinene ozonolysis flow tube (TANGENT),chamber,,"Vasudevan-Geetha et al., 2026, ACS Earth Space Chem.",10.1021/acsearthspacechem.5c00327,alpha-pinene 臭氧解 OOM；气相+颗粒相均检出 | as written: C11H12O7 | DBE 6，整数 ⇒ 闭壳层 | source: Table S3
C11H12O10,I-,adduct,FIGAERO-I-CIMS,gas,chamber; alpha-pinene ozonolysis flow tube (TANGENT),chamber,,"Vasudevan-Geetha et al., 2026, ACS Earth Space Chem.",10.1021/acsearthspacechem.5c00327,alpha-pinene 臭氧解 OOM；仅气相检出 | as written: C11H12O10 | DBE 6，整数 ⇒ 闭壳层 | source: Table S3
C11H14O2,I-,adduct,FIGAERO-I-CIMS,gas/particle,chamber; alpha-pinene ozonolysis flow tube (TANGENT),chamber,,"Vasudevan-Geetha et al., 2026, ACS Earth Space Chem.",10.1021/acsearthspacechem.5c00327,alpha-pinene 臭氧解 OOM；气相+颗粒相均检出 | as written: C11H14O2 | DBE 5，整数 ⇒ 闭壳层 | source: Table S3
C11H14O3,I-,adduct,FIGAERO-I-CIMS,gas/particle,chamber; alpha-pinene ozonolysis flow tube (TANGENT),chamber,,"Vasudevan-Geetha et al., 2026, ACS Earth Space Chem.",10.1021/acsearthspacechem.5c00327,alpha-pinene 臭氧解 OOM；气相+颗粒相均检出 | as written: C11H14O3 | DBE 5，整数 ⇒ 闭壳层 | 同一分子亦被 UPLC/(-)ESI-Orbitrap MS 在颗粒相检出（独立电离/检测技术互证） | source: Table S3
C11H14O6,I-,adduct,FIGAERO-I-CIMS,gas/particle,chamber; alpha-pinene ozonolysis flow tube (TANGENT),chamber,,"Vasudevan-Geetha et al., 2026, ACS Earth Space Chem.",10.1021/acsearthspacechem.5c00327,alpha-pinene 臭氧解 OOM；气相+颗粒相均检出 | as written: C11H14O6 | DBE 5，整数 ⇒ 闭壳层 | source: Table S3
C11H14O7,I-,adduct,FIGAERO-I-CIMS,gas/particle,chamber; alpha-pinene ozonolysis flow tube (TANGENT),chamber,,"Vasudevan-Geetha et al., 2026, ACS Earth Space Chem.",10.1021/acsearthspacechem.5c00327,alpha-pinene 臭氧解 OOM；气相+颗粒相均检出 | as written: C11H14O7 | DBE 5，整数 ⇒ 闭壳层 | source: Table S3
C11H14O9,I-,adduct,FIGAERO-I-CIMS,gas,chamber; alpha-pinene ozonolysis flow tube (TANGENT),chamber,,"Vasudevan-Geetha et al., 2026, ACS Earth Space Chem.",10.1021/acsearthspacechem.5c00327,alpha-pinene 臭氧解 OOM；仅气相检出 | as written: C11H14O9 | DBE 5，整数 ⇒ 闭壳层 | source: Table S3
C11H14O10,I-,adduct,FIGAERO-I-CIMS,gas/particle,chamber; alpha-pinene ozonolysis flow tube (TANGENT),chamber,,"Vasudevan-Geetha et al., 2026, ACS Earth Space Chem.",10.1021/acsearthspacechem.5c00327,alpha-pinene 臭氧解 OOM；气相+颗粒相均检出 | as written: C11H14O10 | DBE 5，整数 ⇒ 闭壳层 | source: Table S3
C11H16O,I-,adduct,FIGAERO-I-CIMS,gas,chamber; alpha-pinene ozonolysis flow tube (TANGENT),chamber,,"Vasudevan-Geetha et al., 2026, ACS Earth Space Chem.",10.1021/acsearthspacechem.5c00327,alpha-pinene 臭氧解 OOM；仅气相检出 | as written: C11H16O | DBE 4，整数 ⇒ 闭壳层 | source: Table S3
C11H16O6,I-,adduct,FIGAERO-I-CIMS,gas/particle,chamber; alpha-pinene ozonolysis flow tube (TANGENT),chamber,,"Vasudevan-Geetha et al., 2026, ACS Earth Space Chem.",10.1021/acsearthspacechem.5c00327,alpha-pinene 臭氧解 OOM；气相+颗粒相均检出 | as written: C11H16O6 | DBE 4，整数 ⇒ 闭壳层 | 同一分子亦被 UPLC/(-)ESI-Orbitrap MS 在颗粒相检出（独立电离/检测技术互证）；属正文选出的 77 个颗粒相 OOM，Figure 4e 给出 FIGAERO 热谱图反演的 log C*300K | source: Table S3 + Figure 4e
C11H16O7,I-,adduct,FIGAERO-I-CIMS,gas/particle,chamber; alpha-pinene ozonolysis flow tube (TANGENT),chamber,,"Vasudevan-Geetha et al., 2026, ACS Earth Space Chem.",10.1021/acsearthspacechem.5c00327,alpha-pinene 臭氧解 OOM；气相+颗粒相均检出 | as written: C11H16O7 | DBE 4，整数 ⇒ 闭壳层 | source: Table S3
C11H16O8,I-,adduct,FIGAERO-I-CIMS,gas/particle,chamber; alpha-pinene ozonolysis flow tube (TANGENT),chamber,,"Vasudevan-Geetha et al., 2026, ACS Earth Space Chem.",10.1021/acsearthspacechem.5c00327,alpha-pinene 臭氧解 OOM；气相+颗粒相均检出 | as written: C11H16O8 | DBE 4，整数 ⇒ 闭壳层 | source: Table S3
C11H16O9,I-,adduct,FIGAERO-I-CIMS,gas/particle,chamber; alpha-pinene ozonolysis flow tube (TANGENT),chamber,,"Vasudevan-Geetha et al., 2026, ACS Earth Space Chem.",10.1021/acsearthspacechem.5c00327,alpha-pinene 臭氧解 OOM；气相+颗粒相均检出 | as written: C11H16O9 | DBE 4，整数 ⇒ 闭壳层 | source: Table S3
C11H17O4,I-,adduct,FIGAERO-I-CIMS,particle,chamber; alpha-pinene ozonolysis flow tube (TANGENT),chamber,,"Vasudevan-Geetha et al., 2026, ACS Earth Space Chem.",10.1021/acsearthspacechem.5c00327,alpha-pinene 臭氧解 OOM；仅颗粒相检出 | as written: C11H17O4 | DBE 3.5，半整数 ⇒ 开壳层自由基（RO2/RO） | source: Table S3
C11H17O6,I-,adduct,FIGAERO-I-CIMS,gas,chamber; alpha-pinene ozonolysis flow tube (TANGENT),chamber,,"Vasudevan-Geetha et al., 2026, ACS Earth Space Chem.",10.1021/acsearthspacechem.5c00327,alpha-pinene 臭氧解 OOM；仅气相检出 | as written: C11H17O6 | DBE 3.5，半整数 ⇒ 开壳层自由基（RO2/RO） | source: Table S3
C11H17O7,I-,adduct,FIGAERO-I-CIMS,gas,chamber; alpha-pinene ozonolysis flow tube (TANGENT),chamber,,"Vasudevan-Geetha et al., 2026, ACS Earth Space Chem.",10.1021/acsearthspacechem.5c00327,alpha-pinene 臭氧解 OOM；仅气相检出 | as written: C11H17O7 | DBE 3.5，半整数 ⇒ 开壳层自由基（RO2/RO） | source: Table S3
C11H17O8,I-,adduct,FIGAERO-I-CIMS,gas,chamber; alpha-pinene ozonolysis flow tube (TANGENT),chamber,,"Vasudevan-Geetha et al., 2026, ACS Earth Space Chem.",10.1021/acsearthspacechem.5c00327,alpha-pinene 臭氧解 OOM；仅气相检出 | as written: C11H17O8 | DBE 3.5，半整数 ⇒ 开壳层自由基（RO2/RO） | source: Table S3
C11H18O5,I-,adduct,FIGAERO-I-CIMS,gas/particle,chamber; alpha-pinene ozonolysis flow tube (TANGENT),chamber,,"Vasudevan-Geetha et al., 2026, ACS Earth Space Chem.",10.1021/acsearthspacechem.5c00327,alpha-pinene 臭氧解 OOM；气相+颗粒相均检出 | as written: C11H18O5 | DBE 3，整数 ⇒ 闭壳层 | 同一分子亦被 UPLC/(-)ESI-Orbitrap MS 在颗粒相检出（独立电离/检测技术互证） | source: Table S3
C11H18O6,I-,adduct,FIGAERO-I-CIMS,particle,chamber; alpha-pinene ozonolysis flow tube (TANGENT),chamber,,"Vasudevan-Geetha et al., 2026, ACS Earth Space Chem.",10.1021/acsearthspacechem.5c00327,alpha-pinene 臭氧解 OOM；仅颗粒相检出 | as written: C11H18O6 | DBE 3，整数 ⇒ 闭壳层 | source: Table S3
C11H18O7,I-,adduct,FIGAERO-I-CIMS,gas/particle,chamber; alpha-pinene ozonolysis flow tube (TANGENT),chamber,,"Vasudevan-Geetha et al., 2026, ACS Earth Space Chem.",10.1021/acsearthspacechem.5c00327,alpha-pinene 臭氧解 OOM；气相+颗粒相均检出 | as written: C11H18O7 | DBE 3，整数 ⇒ 闭壳层 | 同一分子亦被 UPLC/(-)ESI-Orbitrap MS 在颗粒相检出（独立电离/检测技术互证） | source: Table S3
C11H18O10,I-,adduct,FIGAERO-I-CIMS,gas,chamber; alpha-pinene ozonolysis flow tube (TANGENT),chamber,,"Vasudevan-Geetha et al., 2026, ACS Earth Space Chem.",10.1021/acsearthspacechem.5c00327,alpha-pinene 臭氧解 OOM；仅气相检出 | as written: C11H18O10 | DBE 3，整数 ⇒ 闭壳层 | source: Table S3
C11H19O3,I-,adduct,FIGAERO-I-CIMS,gas,chamber; alpha-pinene ozonolysis flow tube (TANGENT),chamber,,"Vasudevan-Geetha et al., 2026, ACS Earth Space Chem.",10.1021/acsearthspacechem.5c00327,alpha-pinene 臭氧解 OOM；仅气相检出 | as written: C11H19O3 | DBE 2.5，半整数 ⇒ 开壳层自由基（RO2/RO） | source: Table S3
C11H19O7,I-,adduct,FIGAERO-I-CIMS,gas,chamber; alpha-pinene ozonolysis flow tube (TANGENT),chamber,,"Vasudevan-Geetha et al., 2026, ACS Earth Space Chem.",10.1021/acsearthspacechem.5c00327,alpha-pinene 臭氧解 OOM；仅气相检出 | as written: C11H19O7 | DBE 2.5，半整数 ⇒ 开壳层自由基（RO2/RO） | source: Table S3
C11H19O8,I-,adduct,FIGAERO-I-CIMS,gas,chamber; alpha-pinene ozonolysis flow tube (TANGENT),chamber,,"Vasudevan-Geetha et al., 2026, ACS Earth Space Chem.",10.1021/acsearthspacechem.5c00327,alpha-pinene 臭氧解 OOM；仅气相检出 | as written: C11H19O8 | DBE 2.5，半整数 ⇒ 开壳层自由基（RO2/RO） | source: Table S3
C11H20O10,I-,adduct,FIGAERO-I-CIMS,gas,chamber; alpha-pinene ozonolysis flow tube (TANGENT),chamber,,"Vasudevan-Geetha et al., 2026, ACS Earth Space Chem.",10.1021/acsearthspacechem.5c00327,alpha-pinene 臭氧解 OOM；仅气相检出 | as written: C11H20O10 | DBE 2，整数 ⇒ 闭壳层 | source: Table S3
C11H20O11,I-,adduct,FIGAERO-I-CIMS,gas/particle,chamber; alpha-pinene ozonolysis flow tube (TANGENT),chamber,,"Vasudevan-Geetha et al., 2026, ACS Earth Space Chem.",10.1021/acsearthspacechem.5c00327,alpha-pinene 臭氧解 OOM；气相+颗粒相均检出 | as written: C11H20O11 | DBE 2，整数 ⇒ 闭壳层 | source: Table S3
C11H24O3,I-,adduct,FIGAERO-I-CIMS,gas/particle,chamber; alpha-pinene ozonolysis flow tube (TANGENT),chamber,,"Vasudevan-Geetha et al., 2026, ACS Earth Space Chem.",10.1021/acsearthspacechem.5c00327,alpha-pinene 臭氧解 OOM；气相+颗粒相均检出 | as written: C11H24O3 | DBE 0，整数 ⇒ 闭壳层 | source: Table S3
C11H24O6,I-,adduct,FIGAERO-I-CIMS,gas/particle,chamber; alpha-pinene ozonolysis flow tube (TANGENT),chamber,,"Vasudevan-Geetha et al., 2026, ACS Earth Space Chem.",10.1021/acsearthspacechem.5c00327,alpha-pinene 臭氧解 OOM；气相+颗粒相均检出 | as written: C11H24O6 | DBE 0，整数 ⇒ 闭壳层 | source: Table S3
C11H24O7,I-,adduct,FIGAERO-I-CIMS,particle,chamber; alpha-pinene ozonolysis flow tube (TANGENT),chamber,,"Vasudevan-Geetha et al., 2026, ACS Earth Space Chem.",10.1021/acsearthspacechem.5c00327,alpha-pinene 臭氧解 OOM；仅颗粒相检出 | as written: C11H24O7 | DBE 0，整数 ⇒ 闭壳层 | source: Table S3
C11H24O10,I-,adduct,FIGAERO-I-CIMS,gas,chamber; alpha-pinene ozonolysis flow tube (TANGENT),chamber,,"Vasudevan-Geetha et al., 2026, ACS Earth Space Chem.",10.1021/acsearthspacechem.5c00327,alpha-pinene 臭氧解 OOM；仅气相检出 | as written: C11H24O10 | DBE 0，整数 ⇒ 闭壳层 | source: Table S3
C12H8O12,I-,adduct,FIGAERO-I-CIMS,gas/particle,chamber; alpha-pinene ozonolysis flow tube (TANGENT),chamber,,"Vasudevan-Geetha et al., 2026, ACS Earth Space Chem.",10.1021/acsearthspacechem.5c00327,alpha-pinene 臭氧解 OOM；气相+颗粒相均检出 | as written: C12H8O12 | DBE 9，整数 ⇒ 闭壳层 | source: Table S3
C12H10O6,I-,adduct,FIGAERO-I-CIMS,gas,chamber; alpha-pinene ozonolysis flow tube (TANGENT),chamber,,"Vasudevan-Geetha et al., 2026, ACS Earth Space Chem.",10.1021/acsearthspacechem.5c00327,alpha-pinene 臭氧解 OOM；仅气相检出 | as written: C12H10O6 | DBE 8，整数 ⇒ 闭壳层 | source: Table S3
C12H10O8,I-,adduct,FIGAERO-I-CIMS,gas/particle,chamber; alpha-pinene ozonolysis flow tube (TANGENT),chamber,,"Vasudevan-Geetha et al., 2026, ACS Earth Space Chem.",10.1021/acsearthspacechem.5c00327,alpha-pinene 臭氧解 OOM；气相+颗粒相均检出 | as written: C12H10O8 | DBE 8，整数 ⇒ 闭壳层 | source: Table S3
C12H12O5,I-,adduct,FIGAERO-I-CIMS,particle,chamber; alpha-pinene ozonolysis flow tube (TANGENT),chamber,,"Vasudevan-Geetha et al., 2026, ACS Earth Space Chem.",10.1021/acsearthspacechem.5c00327,alpha-pinene 臭氧解 OOM；仅颗粒相检出 | as written: C12H12O5 | DBE 7，整数 ⇒ 闭壳层 | source: Table S3
C12H12O8,I-,adduct,FIGAERO-I-CIMS,gas,chamber; alpha-pinene ozonolysis flow tube (TANGENT),chamber,,"Vasudevan-Geetha et al., 2026, ACS Earth Space Chem.",10.1021/acsearthspacechem.5c00327,alpha-pinene 臭氧解 OOM；仅气相检出 | as written: C12H12O8 | DBE 7，整数 ⇒ 闭壳层 | source: Table S3
C12H14O7,I-,adduct,FIGAERO-I-CIMS,gas/particle,chamber; alpha-pinene ozonolysis flow tube (TANGENT),chamber,,"Vasudevan-Geetha et al., 2026, ACS Earth Space Chem.",10.1021/acsearthspacechem.5c00327,alpha-pinene 臭氧解 OOM；气相+颗粒相均检出 | as written: C12H14O7 | DBE 6，整数 ⇒ 闭壳层 | source: Table S3
C12H16O2,I-,adduct,FIGAERO-I-CIMS,gas,chamber; alpha-pinene ozonolysis flow tube (TANGENT),chamber,,"Vasudevan-Geetha et al., 2026, ACS Earth Space Chem.",10.1021/acsearthspacechem.5c00327,alpha-pinene 臭氧解 OOM；仅气相检出 | as written: C12H16O2 | DBE 5，整数 ⇒ 闭壳层 | source: Table S3
C12H16O6,I-,adduct,FIGAERO-I-CIMS,gas,chamber; alpha-pinene ozonolysis flow tube (TANGENT),chamber,,"Vasudevan-Geetha et al., 2026, ACS Earth Space Chem.",10.1021/acsearthspacechem.5c00327,alpha-pinene 臭氧解 OOM；仅气相检出 | as written: C12H16O6 | DBE 5，整数 ⇒ 闭壳层 | source: Table S3
C12H16O7,I-,adduct,FIGAERO-I-CIMS,gas/particle,chamber; alpha-pinene ozonolysis flow tube (TANGENT),chamber,,"Vasudevan-Geetha et al., 2026, ACS Earth Space Chem.",10.1021/acsearthspacechem.5c00327,alpha-pinene 臭氧解 OOM；气相+颗粒相均检出 | as written: C12H16O7 | DBE 5，整数 ⇒ 闭壳层 | source: Table S3
C12H16O8,I-,adduct,FIGAERO-I-CIMS,gas,chamber; alpha-pinene ozonolysis flow tube (TANGENT),chamber,,"Vasudevan-Geetha et al., 2026, ACS Earth Space Chem.",10.1021/acsearthspacechem.5c00327,alpha-pinene 臭氧解 OOM；仅气相检出 | as written: C12H16O8 | DBE 5，整数 ⇒ 闭壳层 | source: Table S3
C12H16O10,I-,adduct,FIGAERO-I-CIMS,gas,chamber; alpha-pinene ozonolysis flow tube (TANGENT),chamber,,"Vasudevan-Geetha et al., 2026, ACS Earth Space Chem.",10.1021/acsearthspacechem.5c00327,alpha-pinene 臭氧解 OOM；仅气相检出 | as written: C12H16O10 | DBE 5，整数 ⇒ 闭壳层 | source: Table S3
C12H16O11,I-,adduct,FIGAERO-I-CIMS,gas/particle,chamber; alpha-pinene ozonolysis flow tube (TANGENT),chamber,,"Vasudevan-Geetha et al., 2026, ACS Earth Space Chem.",10.1021/acsearthspacechem.5c00327,alpha-pinene 臭氧解 OOM；气相+颗粒相均检出 | as written: C12H16O11 | DBE 5，整数 ⇒ 闭壳层 | source: Table S3
C12H17O7,I-,adduct,FIGAERO-I-CIMS,gas,chamber; alpha-pinene ozonolysis flow tube (TANGENT),chamber,,"Vasudevan-Geetha et al., 2026, ACS Earth Space Chem.",10.1021/acsearthspacechem.5c00327,alpha-pinene 臭氧解 OOM；仅气相检出 | as written: C12H17O7 | DBE 4.5，半整数 ⇒ 开壳层自由基（RO2/RO） | source: Table S3
C12H18O6,I-,adduct,FIGAERO-I-CIMS,gas,chamber; alpha-pinene ozonolysis flow tube (TANGENT),chamber,,"Vasudevan-Geetha et al., 2026, ACS Earth Space Chem.",10.1021/acsearthspacechem.5c00327,alpha-pinene 臭氧解 OOM；仅气相检出 | as written: C12H18O6 | DBE 4，整数 ⇒ 闭壳层 | 同一分子亦被 UPLC/(-)ESI-Orbitrap MS 在颗粒相检出（独立电离/检测技术互证） | source: Table S3
C12H18O7,I-,adduct,FIGAERO-I-CIMS,gas/particle,chamber; alpha-pinene ozonolysis flow tube (TANGENT),chamber,,"Vasudevan-Geetha et al., 2026, ACS Earth Space Chem.",10.1021/acsearthspacechem.5c00327,alpha-pinene 臭氧解 OOM；气相+颗粒相均检出 | as written: C12H18O7 | DBE 4，整数 ⇒ 闭壳层 | source: Table S3
C12H18O8,I-,adduct,FIGAERO-I-CIMS,gas/particle,chamber; alpha-pinene ozonolysis flow tube (TANGENT),chamber,,"Vasudevan-Geetha et al., 2026, ACS Earth Space Chem.",10.1021/acsearthspacechem.5c00327,alpha-pinene 臭氧解 OOM；气相+颗粒相均检出 | as written: C12H18O8 | DBE 4，整数 ⇒ 闭壳层 | source: Table S3
C12H18O9,I-,adduct,FIGAERO-I-CIMS,gas,chamber; alpha-pinene ozonolysis flow tube (TANGENT),chamber,,"Vasudevan-Geetha et al., 2026, ACS Earth Space Chem.",10.1021/acsearthspacechem.5c00327,alpha-pinene 臭氧解 OOM；仅气相检出 | as written: C12H18O9 | DBE 4，整数 ⇒ 闭壳层 | source: Table S3
C12H19O7,I-,adduct,FIGAERO-I-CIMS,gas,chamber; alpha-pinene ozonolysis flow tube (TANGENT),chamber,,"Vasudevan-Geetha et al., 2026, ACS Earth Space Chem.",10.1021/acsearthspacechem.5c00327,alpha-pinene 臭氧解 OOM；仅气相检出 | as written: C12H19O7 | DBE 3.5，半整数 ⇒ 开壳层自由基（RO2/RO） | source: Table S3
C12H20O5,I-,adduct,FIGAERO-I-CIMS,gas/particle,chamber; alpha-pinene ozonolysis flow tube (TANGENT),chamber,,"Vasudevan-Geetha et al., 2026, ACS Earth Space Chem.",10.1021/acsearthspacechem.5c00327,alpha-pinene 臭氧解 OOM；气相+颗粒相均检出 | as written: C12H20O5 | DBE 3，整数 ⇒ 闭壳层 | 同一分子亦被 UPLC/(-)ESI-Orbitrap MS 在颗粒相检出（独立电离/检测技术互证）；属正文选出的 77 个颗粒相 OOM，Figure 4e 给出 FIGAERO 热谱图反演的 log C*300K | source: Table S3 + Figure 4e
C12H20O7,I-,adduct,FIGAERO-I-CIMS,gas,chamber; alpha-pinene ozonolysis flow tube (TANGENT),chamber,,"Vasudevan-Geetha et al., 2026, ACS Earth Space Chem.",10.1021/acsearthspacechem.5c00327,alpha-pinene 臭氧解 OOM；仅气相检出 | as written: C12H20O7 | DBE 3，整数 ⇒ 闭壳层 | source: Table S3
C12H20O8,I-,adduct,FIGAERO-I-CIMS,gas/particle,chamber; alpha-pinene ozonolysis flow tube (TANGENT),chamber,,"Vasudevan-Geetha et al., 2026, ACS Earth Space Chem.",10.1021/acsearthspacechem.5c00327,alpha-pinene 臭氧解 OOM；气相+颗粒相均检出 | as written: C12H20O8 | DBE 3，整数 ⇒ 闭壳层 | source: Table S3
C12H24O5,I-,adduct,FIGAERO-I-CIMS,gas/particle,chamber; alpha-pinene ozonolysis flow tube (TANGENT),chamber,,"Vasudevan-Geetha et al., 2026, ACS Earth Space Chem.",10.1021/acsearthspacechem.5c00327,alpha-pinene 臭氧解 OOM；气相+颗粒相均检出 | as written: C12H24O5 | DBE 1，整数 ⇒ 闭壳层 | source: Table S3
C12H24O6,I-,adduct,FIGAERO-I-CIMS,gas/particle,chamber; alpha-pinene ozonolysis flow tube (TANGENT),chamber,,"Vasudevan-Geetha et al., 2026, ACS Earth Space Chem.",10.1021/acsearthspacechem.5c00327,alpha-pinene 臭氧解 OOM；气相+颗粒相均检出 | as written: C12H24O6 | DBE 1，整数 ⇒ 闭壳层 | source: Table S3
C12H26O6,I-,adduct,FIGAERO-I-CIMS,gas/particle,chamber; alpha-pinene ozonolysis flow tube (TANGENT),chamber,,"Vasudevan-Geetha et al., 2026, ACS Earth Space Chem.",10.1021/acsearthspacechem.5c00327,alpha-pinene 臭氧解 OOM；气相+颗粒相均检出 | as written: C12H26O6 | DBE 0，整数 ⇒ 闭壳层 | source: Table S3
C13H14O5,I-,adduct,FIGAERO-I-CIMS,gas/particle,chamber; alpha-pinene ozonolysis flow tube (TANGENT),chamber,,"Vasudevan-Geetha et al., 2026, ACS Earth Space Chem.",10.1021/acsearthspacechem.5c00327,alpha-pinene 臭氧解 OOM；气相+颗粒相均检出 | as written: C13H14O5 | DBE 7，整数 ⇒ 闭壳层 | source: Table S3
C13H16O6,I-,adduct,FIGAERO-I-CIMS,gas,chamber; alpha-pinene ozonolysis flow tube (TANGENT),chamber,,"Vasudevan-Geetha et al., 2026, ACS Earth Space Chem.",10.1021/acsearthspacechem.5c00327,alpha-pinene 臭氧解 OOM；仅气相检出 | as written: C13H16O6 | DBE 6，整数 ⇒ 闭壳层 | source: Table S3
C13H16O9,I-,adduct,FIGAERO-I-CIMS,gas/particle,chamber; alpha-pinene ozonolysis flow tube (TANGENT),chamber,,"Vasudevan-Geetha et al., 2026, ACS Earth Space Chem.",10.1021/acsearthspacechem.5c00327,alpha-pinene 臭氧解 OOM；气相+颗粒相均检出 | as written: C13H16O9 | DBE 6，整数 ⇒ 闭壳层 | source: Table S3
C13H18O3,I-,adduct,FIGAERO-I-CIMS,gas,chamber; alpha-pinene ozonolysis flow tube (TANGENT),chamber,,"Vasudevan-Geetha et al., 2026, ACS Earth Space Chem.",10.1021/acsearthspacechem.5c00327,alpha-pinene 臭氧解 OOM；仅气相检出 | as written: C13H18O3 | DBE 5，整数 ⇒ 闭壳层 | source: Table S3
C13H18O9,I-,adduct,FIGAERO-I-CIMS,gas/particle,chamber; alpha-pinene ozonolysis flow tube (TANGENT),chamber,,"Vasudevan-Geetha et al., 2026, ACS Earth Space Chem.",10.1021/acsearthspacechem.5c00327,alpha-pinene 臭氧解 OOM；气相+颗粒相均检出 | as written: C13H18O9 | DBE 5，整数 ⇒ 闭壳层 | source: Table S3
C13H20O5,I-,adduct,FIGAERO-I-CIMS,gas,chamber; alpha-pinene ozonolysis flow tube (TANGENT),chamber,,"Vasudevan-Geetha et al., 2026, ACS Earth Space Chem.",10.1021/acsearthspacechem.5c00327,alpha-pinene 臭氧解 OOM；仅气相检出 | as written: C13H20O5 | DBE 4，整数 ⇒ 闭壳层 | source: Table S3
C13H20O6,I-,adduct,FIGAERO-I-CIMS,gas/particle,chamber; alpha-pinene ozonolysis flow tube (TANGENT),chamber,,"Vasudevan-Geetha et al., 2026, ACS Earth Space Chem.",10.1021/acsearthspacechem.5c00327,alpha-pinene 臭氧解 OOM；气相+颗粒相均检出 | as written: C13H20O6 | DBE 4，整数 ⇒ 闭壳层 | 同一分子亦被 UPLC/(-)ESI-Orbitrap MS 在颗粒相检出（独立电离/检测技术互证）；属正文选出的 77 个颗粒相 OOM，Figure 4e 给出 FIGAERO 热谱图反演的 log C*300K | source: Table S3 + Figure 4e
C13H20O7,I-,adduct,FIGAERO-I-CIMS,gas/particle,chamber; alpha-pinene ozonolysis flow tube (TANGENT),chamber,,"Vasudevan-Geetha et al., 2026, ACS Earth Space Chem.",10.1021/acsearthspacechem.5c00327,alpha-pinene 臭氧解 OOM；气相+颗粒相均检出 | as written: C13H20O7 | DBE 4，整数 ⇒ 闭壳层 | 同一分子亦被 UPLC/(-)ESI-Orbitrap MS 在颗粒相检出（独立电离/检测技术互证）；属正文选出的 77 个颗粒相 OOM，Figure 4e 给出 FIGAERO 热谱图反演的 log C*300K | source: Table S3 + Figure 4e
C13H20O8,I-,adduct,FIGAERO-I-CIMS,gas,chamber; alpha-pinene ozonolysis flow tube (TANGENT),chamber,,"Vasudevan-Geetha et al., 2026, ACS Earth Space Chem.",10.1021/acsearthspacechem.5c00327,alpha-pinene 臭氧解 OOM；仅气相检出 | as written: C13H20O8 | DBE 4，整数 ⇒ 闭壳层 | source: Table S3
C13H20O9,I-,adduct,FIGAERO-I-CIMS,particle,chamber; alpha-pinene ozonolysis flow tube (TANGENT),chamber,,"Vasudevan-Geetha et al., 2026, ACS Earth Space Chem.",10.1021/acsearthspacechem.5c00327,alpha-pinene 臭氧解 OOM；仅颗粒相检出 | as written: C13H20O9 | DBE 4，整数 ⇒ 闭壳层 | source: Table S3
C13H22O6,I-,adduct,FIGAERO-I-CIMS,particle,chamber; alpha-pinene ozonolysis flow tube (TANGENT),chamber,,"Vasudevan-Geetha et al., 2026, ACS Earth Space Chem.",10.1021/acsearthspacechem.5c00327,alpha-pinene 臭氧解 OOM；仅颗粒相检出 | as written: C13H22O6 | DBE 3，整数 ⇒ 闭壳层 | source: Table S3
C13H22O7,I-,adduct,FIGAERO-I-CIMS,gas/particle,chamber; alpha-pinene ozonolysis flow tube (TANGENT),chamber,,"Vasudevan-Geetha et al., 2026, ACS Earth Space Chem.",10.1021/acsearthspacechem.5c00327,alpha-pinene 臭氧解 OOM；气相+颗粒相均检出 | as written: C13H22O7 | DBE 3，整数 ⇒ 闭壳层 | source: Table S3
C13H22O8,I-,adduct,FIGAERO-I-CIMS,gas/particle,chamber; alpha-pinene ozonolysis flow tube (TANGENT),chamber,,"Vasudevan-Geetha et al., 2026, ACS Earth Space Chem.",10.1021/acsearthspacechem.5c00327,alpha-pinene 臭氧解 OOM；气相+颗粒相均检出 | as written: C13H22O8 | DBE 3，整数 ⇒ 闭壳层 | source: Table S3
C13H24O5,I-,adduct,FIGAERO-I-CIMS,gas/particle,chamber; alpha-pinene ozonolysis flow tube (TANGENT),chamber,,"Vasudevan-Geetha et al., 2026, ACS Earth Space Chem.",10.1021/acsearthspacechem.5c00327,alpha-pinene 臭氧解 OOM；气相+颗粒相均检出 | as written: C13H24O5 | DBE 2，整数 ⇒ 闭壳层 | source: Table S3
C13H24O14,I-,adduct,FIGAERO-I-CIMS,gas/particle,chamber; alpha-pinene ozonolysis flow tube (TANGENT),chamber,,"Vasudevan-Geetha et al., 2026, ACS Earth Space Chem.",10.1021/acsearthspacechem.5c00327,alpha-pinene 臭氧解 OOM；气相+颗粒相均检出 | as written: C13H24O14 | DBE 2，整数 ⇒ 闭壳层 | source: Table S3
C13H28O8,I-,adduct,FIGAERO-I-CIMS,particle,chamber; alpha-pinene ozonolysis flow tube (TANGENT),chamber,,"Vasudevan-Geetha et al., 2026, ACS Earth Space Chem.",10.1021/acsearthspacechem.5c00327,alpha-pinene 臭氧解 OOM；仅颗粒相检出 | as written: C13H28O8 | DBE 0，整数 ⇒ 闭壳层 | source: Table S3
C14H16O6,I-,adduct,FIGAERO-I-CIMS,gas,chamber; alpha-pinene ozonolysis flow tube (TANGENT),chamber,,"Vasudevan-Geetha et al., 2026, ACS Earth Space Chem.",10.1021/acsearthspacechem.5c00327,alpha-pinene 臭氧解 OOM；仅气相检出 | as written: C14H16O6 | DBE 7，整数 ⇒ 闭壳层 | source: Table S3
C14H18O4,I-,adduct,FIGAERO-I-CIMS,gas/particle,chamber; alpha-pinene ozonolysis flow tube (TANGENT),chamber,,"Vasudevan-Geetha et al., 2026, ACS Earth Space Chem.",10.1021/acsearthspacechem.5c00327,alpha-pinene 臭氧解 OOM；气相+颗粒相均检出 | as written: C14H18O4 | DBE 6，整数 ⇒ 闭壳层 | source: Table S3
C14H20O2,I-,adduct,FIGAERO-I-CIMS,gas/particle,chamber; alpha-pinene ozonolysis flow tube (TANGENT),chamber,,"Vasudevan-Geetha et al., 2026, ACS Earth Space Chem.",10.1021/acsearthspacechem.5c00327,alpha-pinene 臭氧解 OOM；气相+颗粒相均检出 | as written: C14H20O2 | DBE 5，整数 ⇒ 闭壳层 | source: Table S3
C14H20O7,I-,adduct,FIGAERO-I-CIMS,gas/particle,chamber; alpha-pinene ozonolysis flow tube (TANGENT),chamber,,"Vasudevan-Geetha et al., 2026, ACS Earth Space Chem.",10.1021/acsearthspacechem.5c00327,alpha-pinene 臭氧解 OOM；气相+颗粒相均检出 | as written: C14H20O7 | DBE 5，整数 ⇒ 闭壳层 | 同一分子亦被 UPLC/(-)ESI-Orbitrap MS 在颗粒相检出（独立电离/检测技术互证） | source: Table S3
C14H20O8,I-,adduct,FIGAERO-I-CIMS,particle,chamber; alpha-pinene ozonolysis flow tube (TANGENT),chamber,,"Vasudevan-Geetha et al., 2026, ACS Earth Space Chem.",10.1021/acsearthspacechem.5c00327,alpha-pinene 臭氧解 OOM；仅颗粒相检出 | as written: C14H20O8 | DBE 5，整数 ⇒ 闭壳层 | 同一分子亦被 UPLC/(-)ESI-Orbitrap MS 在颗粒相检出（独立电离/检测技术互证）；属正文选出的 77 个颗粒相 OOM，Figure 4e 给出 FIGAERO 热谱图反演的 log C*300K | source: Table S3 + Figure 4e
C14H22O5,I-,adduct,FIGAERO-I-CIMS,gas,chamber; alpha-pinene ozonolysis flow tube (TANGENT),chamber,,"Vasudevan-Geetha et al., 2026, ACS Earth Space Chem.",10.1021/acsearthspacechem.5c00327,alpha-pinene 臭氧解 OOM；仅气相检出 | as written: C14H22O5 | DBE 4，整数 ⇒ 闭壳层 | source: Table S3
C14H22O6,I-,adduct,FIGAERO-I-CIMS,gas/particle,chamber; alpha-pinene ozonolysis flow tube (TANGENT),chamber,,"Vasudevan-Geetha et al., 2026, ACS Earth Space Chem.",10.1021/acsearthspacechem.5c00327,alpha-pinene 臭氧解 OOM；气相+颗粒相均检出 | as written: C14H22O6 | DBE 4，整数 ⇒ 闭壳层 | 同一分子亦被 UPLC/(-)ESI-Orbitrap MS 在颗粒相检出（独立电离/检测技术互证）；属正文选出的 77 个颗粒相 OOM，Figure 4e 给出 FIGAERO 热谱图反演的 log C*300K | source: Table S3 + Figure 4e
C14H22O8,I-,adduct,FIGAERO-I-CIMS,gas/particle,chamber; alpha-pinene ozonolysis flow tube (TANGENT),chamber,,"Vasudevan-Geetha et al., 2026, ACS Earth Space Chem.",10.1021/acsearthspacechem.5c00327,alpha-pinene 臭氧解 OOM；气相+颗粒相均检出 | as written: C14H22O8 | DBE 4，整数 ⇒ 闭壳层 | source: Table S3
C14H22O12,I-,adduct,FIGAERO-I-CIMS,gas/particle,chamber; alpha-pinene ozonolysis flow tube (TANGENT),chamber,,"Vasudevan-Geetha et al., 2026, ACS Earth Space Chem.",10.1021/acsearthspacechem.5c00327,alpha-pinene 臭氧解 OOM；气相+颗粒相均检出 | as written: C14H22O12 | DBE 4，整数 ⇒ 闭壳层 | source: Table S3
C14H24O6,I-,adduct,FIGAERO-I-CIMS,gas/particle,chamber; alpha-pinene ozonolysis flow tube (TANGENT),chamber,,"Vasudevan-Geetha et al., 2026, ACS Earth Space Chem.",10.1021/acsearthspacechem.5c00327,alpha-pinene 臭氧解 OOM；气相+颗粒相均检出 | as written: C14H24O6 | DBE 3，整数 ⇒ 闭壳层 | source: Table S3
C14H24O7,I-,adduct,FIGAERO-I-CIMS,gas/particle,chamber; alpha-pinene ozonolysis flow tube (TANGENT),chamber,,"Vasudevan-Geetha et al., 2026, ACS Earth Space Chem.",10.1021/acsearthspacechem.5c00327,alpha-pinene 臭氧解 OOM；气相+颗粒相均检出 | as written: C14H24O7 | DBE 3，整数 ⇒ 闭壳层 | source: Table S3
C14H24O10,I-,adduct,FIGAERO-I-CIMS,gas/particle,chamber; alpha-pinene ozonolysis flow tube (TANGENT),chamber,,"Vasudevan-Geetha et al., 2026, ACS Earth Space Chem.",10.1021/acsearthspacechem.5c00327,alpha-pinene 臭氧解 OOM；气相+颗粒相均检出 | as written: C14H24O10 | DBE 3，整数 ⇒ 闭壳层 | source: Table S3
C14H24O11,I-,adduct,FIGAERO-I-CIMS,gas,chamber; alpha-pinene ozonolysis flow tube (TANGENT),chamber,,"Vasudevan-Geetha et al., 2026, ACS Earth Space Chem.",10.1021/acsearthspacechem.5c00327,alpha-pinene 臭氧解 OOM；仅气相检出 | as written: C14H24O11 | DBE 3，整数 ⇒ 闭壳层 | source: Table S3
C14H26O6,I-,adduct,FIGAERO-I-CIMS,particle,chamber; alpha-pinene ozonolysis flow tube (TANGENT),chamber,,"Vasudevan-Geetha et al., 2026, ACS Earth Space Chem.",10.1021/acsearthspacechem.5c00327,alpha-pinene 臭氧解 OOM；仅颗粒相检出 | as written: C14H26O6 | DBE 2，整数 ⇒ 闭壳层 | source: Table S3
C14H26O8,I-,adduct,FIGAERO-I-CIMS,particle,chamber; alpha-pinene ozonolysis flow tube (TANGENT),chamber,,"Vasudevan-Geetha et al., 2026, ACS Earth Space Chem.",10.1021/acsearthspacechem.5c00327,alpha-pinene 臭氧解 OOM；仅颗粒相检出 | as written: C14H26O8 | DBE 2，整数 ⇒ 闭壳层 | source: Table S3
C14H26O13,I-,adduct,FIGAERO-I-CIMS,gas/particle,chamber; alpha-pinene ozonolysis flow tube (TANGENT),chamber,,"Vasudevan-Geetha et al., 2026, ACS Earth Space Chem.",10.1021/acsearthspacechem.5c00327,alpha-pinene 臭氧解 OOM；气相+颗粒相均检出 | as written: C14H26O13 | DBE 2，整数 ⇒ 闭壳层 | source: Table S3
C14H28O6,I-,adduct,FIGAERO-I-CIMS,gas/particle,chamber; alpha-pinene ozonolysis flow tube (TANGENT),chamber,,"Vasudevan-Geetha et al., 2026, ACS Earth Space Chem.",10.1021/acsearthspacechem.5c00327,alpha-pinene 臭氧解 OOM；气相+颗粒相均检出 | as written: C14H28O6 | DBE 1，整数 ⇒ 闭壳层 | source: Table S3
C14H28O9,I-,adduct,FIGAERO-I-CIMS,gas,chamber; alpha-pinene ozonolysis flow tube (TANGENT),chamber,,"Vasudevan-Geetha et al., 2026, ACS Earth Space Chem.",10.1021/acsearthspacechem.5c00327,alpha-pinene 臭氧解 OOM；仅气相检出 | as written: C14H28O9 | DBE 1，整数 ⇒ 闭壳层 | source: Table S3
C14H30O5,I-,adduct,FIGAERO-I-CIMS,gas/particle,chamber; alpha-pinene ozonolysis flow tube (TANGENT),chamber,,"Vasudevan-Geetha et al., 2026, ACS Earth Space Chem.",10.1021/acsearthspacechem.5c00327,alpha-pinene 臭氧解 OOM；气相+颗粒相均检出 | as written: C14H30O5 | DBE 0，整数 ⇒ 闭壳层 | source: Table S3
C15H18O2,I-,adduct,FIGAERO-I-CIMS,particle,chamber; alpha-pinene ozonolysis flow tube (TANGENT),chamber,,"Vasudevan-Geetha et al., 2026, ACS Earth Space Chem.",10.1021/acsearthspacechem.5c00327,alpha-pinene 臭氧解 OOM；仅颗粒相检出 | as written: C15H18O2 | DBE 7，整数 ⇒ 闭壳层 | source: Table S3
C15H18O3,I-,adduct,FIGAERO-I-CIMS,gas/particle,chamber; alpha-pinene ozonolysis flow tube (TANGENT),chamber,,"Vasudevan-Geetha et al., 2026, ACS Earth Space Chem.",10.1021/acsearthspacechem.5c00327,alpha-pinene 臭氧解 OOM；气相+颗粒相均检出 | as written: C15H18O3 | DBE 7，整数 ⇒ 闭壳层 | source: Table S3
C15H18O5,I-,adduct,FIGAERO-I-CIMS,gas/particle,chamber; alpha-pinene ozonolysis flow tube (TANGENT),chamber,,"Vasudevan-Geetha et al., 2026, ACS Earth Space Chem.",10.1021/acsearthspacechem.5c00327,alpha-pinene 臭氧解 OOM；气相+颗粒相均检出 | as written: C15H18O5 | DBE 7，整数 ⇒ 闭壳层 | source: Table S3
C15H20O5,I-,adduct,FIGAERO-I-CIMS,particle,chamber; alpha-pinene ozonolysis flow tube (TANGENT),chamber,,"Vasudevan-Geetha et al., 2026, ACS Earth Space Chem.",10.1021/acsearthspacechem.5c00327,alpha-pinene 臭氧解 OOM；仅颗粒相检出 | as written: C15H20O5 | DBE 6，整数 ⇒ 闭壳层 | source: Table S3
C15H20O9,I-,adduct,FIGAERO-I-CIMS,gas/particle,chamber; alpha-pinene ozonolysis flow tube (TANGENT),chamber,,"Vasudevan-Geetha et al., 2026, ACS Earth Space Chem.",10.1021/acsearthspacechem.5c00327,alpha-pinene 臭氧解 OOM；气相+颗粒相均检出 | as written: C15H20O9 | DBE 6，整数 ⇒ 闭壳层 | source: Table S3
C15H20O10,I-,adduct,FIGAERO-I-CIMS,gas/particle,chamber; alpha-pinene ozonolysis flow tube (TANGENT),chamber,,"Vasudevan-Geetha et al., 2026, ACS Earth Space Chem.",10.1021/acsearthspacechem.5c00327,alpha-pinene 臭氧解 OOM；气相+颗粒相均检出 | as written: C15H20O10 | DBE 6，整数 ⇒ 闭壳层 | source: Table S3
C15H22O6,I-,adduct,FIGAERO-I-CIMS,gas/particle,chamber; alpha-pinene ozonolysis flow tube (TANGENT),chamber,,"Vasudevan-Geetha et al., 2026, ACS Earth Space Chem.",10.1021/acsearthspacechem.5c00327,alpha-pinene 臭氧解 OOM；气相+颗粒相均检出 | as written: C15H22O6 | DBE 5，整数 ⇒ 闭壳层 | 同一分子亦被 UPLC/(-)ESI-Orbitrap MS 在颗粒相检出（独立电离/检测技术互证）；属正文选出的 77 个颗粒相 OOM，Figure 4e 给出 FIGAERO 热谱图反演的 log C*300K | source: Table S3 + Figure 4e
C15H22O8,I-,adduct,FIGAERO-I-CIMS,gas/particle,chamber; alpha-pinene ozonolysis flow tube (TANGENT),chamber,,"Vasudevan-Geetha et al., 2026, ACS Earth Space Chem.",10.1021/acsearthspacechem.5c00327,alpha-pinene 臭氧解 OOM；气相+颗粒相均检出 | as written: C15H22O8 | DBE 5，整数 ⇒ 闭壳层 | 同一分子亦被 UPLC/(-)ESI-Orbitrap MS 在颗粒相检出（独立电离/检测技术互证） | source: Table S3
C15H22O9,I-,adduct,FIGAERO-I-CIMS,gas/particle,chamber; alpha-pinene ozonolysis flow tube (TANGENT),chamber,,"Vasudevan-Geetha et al., 2026, ACS Earth Space Chem.",10.1021/acsearthspacechem.5c00327,alpha-pinene 臭氧解 OOM；气相+颗粒相均检出 | as written: C15H22O9 | DBE 5，整数 ⇒ 闭壳层 | source: Table S3
C15H22O10,I-,adduct,FIGAERO-I-CIMS,particle,chamber; alpha-pinene ozonolysis flow tube (TANGENT),chamber,,"Vasudevan-Geetha et al., 2026, ACS Earth Space Chem.",10.1021/acsearthspacechem.5c00327,alpha-pinene 臭氧解 OOM；仅颗粒相检出 | as written: C15H22O10 | DBE 5，整数 ⇒ 闭壳层 | source: Table S3
C15H22O11,I-,adduct,FIGAERO-I-CIMS,gas/particle,chamber; alpha-pinene ozonolysis flow tube (TANGENT),chamber,,"Vasudevan-Geetha et al., 2026, ACS Earth Space Chem.",10.1021/acsearthspacechem.5c00327,alpha-pinene 臭氧解 OOM；气相+颗粒相均检出 | as written: C15H22O11 | DBE 5，整数 ⇒ 闭壳层 | source: Table S3
C15H24O5,I-,adduct,FIGAERO-I-CIMS,gas/particle,chamber; alpha-pinene ozonolysis flow tube (TANGENT),chamber,,"Vasudevan-Geetha et al., 2026, ACS Earth Space Chem.",10.1021/acsearthspacechem.5c00327,alpha-pinene 臭氧解 OOM；气相+颗粒相均检出 | as written: C15H24O5 | DBE 4，整数 ⇒ 闭壳层 | 同一分子亦被 UPLC/(-)ESI-Orbitrap MS 在颗粒相检出（独立电离/检测技术互证）；属正文选出的 77 个颗粒相 OOM，Figure 4e 给出 FIGAERO 热谱图反演的 log C*300K | source: Table S3 + Figure 4e
C15H24O6,I-,adduct,FIGAERO-I-CIMS,gas/particle,chamber; alpha-pinene ozonolysis flow tube (TANGENT),chamber,,"Vasudevan-Geetha et al., 2026, ACS Earth Space Chem.",10.1021/acsearthspacechem.5c00327,alpha-pinene 臭氧解 OOM；气相+颗粒相均检出 | as written: C15H24O6 | DBE 4，整数 ⇒ 闭壳层 | 同一分子亦被 UPLC/(-)ESI-Orbitrap MS 在颗粒相检出（独立电离/检测技术互证）；属正文选出的 77 个颗粒相 OOM，Figure 4e 给出 FIGAERO 热谱图反演的 log C*300K | source: Table S3 + Figure 4e
C15H24O7,I-,adduct,FIGAERO-I-CIMS,particle,chamber; alpha-pinene ozonolysis flow tube (TANGENT),chamber,,"Vasudevan-Geetha et al., 2026, ACS Earth Space Chem.",10.1021/acsearthspacechem.5c00327,alpha-pinene 臭氧解 OOM；仅颗粒相检出 | as written: C15H24O7 | DBE 4，整数 ⇒ 闭壳层 | 同一分子亦被 UPLC/(-)ESI-Orbitrap MS 在颗粒相检出（独立电离/检测技术互证）；属正文选出的 77 个颗粒相 OOM，Figure 4e 给出 FIGAERO 热谱图反演的 log C*300K | source: Table S3 + Figure 4e
C15H24O8,I-,adduct,FIGAERO-I-CIMS,gas/particle,chamber; alpha-pinene ozonolysis flow tube (TANGENT),chamber,,"Vasudevan-Geetha et al., 2026, ACS Earth Space Chem.",10.1021/acsearthspacechem.5c00327,alpha-pinene 臭氧解 OOM；气相+颗粒相均检出 | as written: C15H24O8 | DBE 4，整数 ⇒ 闭壳层 | 同一分子亦被 UPLC/(-)ESI-Orbitrap MS 在颗粒相检出（独立电离/检测技术互证）；属正文选出的 77 个颗粒相 OOM，Figure 4e 给出 FIGAERO 热谱图反演的 log C*300K | source: Table S3 + Figure 4e
C15H24O9,I-,adduct,FIGAERO-I-CIMS,particle,chamber; alpha-pinene ozonolysis flow tube (TANGENT),chamber,,"Vasudevan-Geetha et al., 2026, ACS Earth Space Chem.",10.1021/acsearthspacechem.5c00327,alpha-pinene 臭氧解 OOM；仅颗粒相检出 | as written: C15H24O9 | DBE 4，整数 ⇒ 闭壳层 | source: Table S3
C15H24O10,I-,adduct,FIGAERO-I-CIMS,gas/particle,chamber; alpha-pinene ozonolysis flow tube (TANGENT),chamber,,"Vasudevan-Geetha et al., 2026, ACS Earth Space Chem.",10.1021/acsearthspacechem.5c00327,alpha-pinene 臭氧解 OOM；气相+颗粒相均检出 | as written: C15H24O10 | DBE 4，整数 ⇒ 闭壳层 | source: Table S3
C15H24O11,I-,adduct,FIGAERO-I-CIMS,gas,chamber; alpha-pinene ozonolysis flow tube (TANGENT),chamber,,"Vasudevan-Geetha et al., 2026, ACS Earth Space Chem.",10.1021/acsearthspacechem.5c00327,alpha-pinene 臭氧解 OOM；仅气相检出 | as written: C15H24O11 | DBE 4，整数 ⇒ 闭壳层 | source: Table S3
C15H26O6,I-,adduct,FIGAERO-I-CIMS,gas/particle,chamber; alpha-pinene ozonolysis flow tube (TANGENT),chamber,,"Vasudevan-Geetha et al., 2026, ACS Earth Space Chem.",10.1021/acsearthspacechem.5c00327,alpha-pinene 臭氧解 OOM；气相+颗粒相均检出 | as written: C15H26O6 | DBE 3，整数 ⇒ 闭壳层 | 同一分子亦被 UPLC/(-)ESI-Orbitrap MS 在颗粒相检出（独立电离/检测技术互证）；属正文选出的 77 个颗粒相 OOM，Figure 4e 给出 FIGAERO 热谱图反演的 log C*300K | source: Table S3 + Figure 4e
C15H26O10,I-,adduct,FIGAERO-I-CIMS,gas/particle,chamber; alpha-pinene ozonolysis flow tube (TANGENT),chamber,,"Vasudevan-Geetha et al., 2026, ACS Earth Space Chem.",10.1021/acsearthspacechem.5c00327,alpha-pinene 臭氧解 OOM；气相+颗粒相均检出 | as written: C15H26O10 | DBE 3，整数 ⇒ 闭壳层 | source: Table S3
C15H26O13,I-,adduct,FIGAERO-I-CIMS,gas/particle,chamber; alpha-pinene ozonolysis flow tube (TANGENT),chamber,,"Vasudevan-Geetha et al., 2026, ACS Earth Space Chem.",10.1021/acsearthspacechem.5c00327,alpha-pinene 臭氧解 OOM；气相+颗粒相均检出 | as written: C15H26O13 | DBE 3，整数 ⇒ 闭壳层 | source: Table S3
C15H28O12,I-,adduct,FIGAERO-I-CIMS,gas/particle,chamber; alpha-pinene ozonolysis flow tube (TANGENT),chamber,,"Vasudevan-Geetha et al., 2026, ACS Earth Space Chem.",10.1021/acsearthspacechem.5c00327,alpha-pinene 臭氧解 OOM；气相+颗粒相均检出 | as written: C15H28O12 | DBE 2，整数 ⇒ 闭壳层 | source: Table S3
C15H28O13,I-,adduct,FIGAERO-I-CIMS,gas/particle,chamber; alpha-pinene ozonolysis flow tube (TANGENT),chamber,,"Vasudevan-Geetha et al., 2026, ACS Earth Space Chem.",10.1021/acsearthspacechem.5c00327,alpha-pinene 臭氧解 OOM；气相+颗粒相均检出 | as written: C15H28O13 | DBE 2，整数 ⇒ 闭壳层 | source: Table S3
C15H30O4,I-,adduct,FIGAERO-I-CIMS,gas/particle,chamber; alpha-pinene ozonolysis flow tube (TANGENT),chamber,,"Vasudevan-Geetha et al., 2026, ACS Earth Space Chem.",10.1021/acsearthspacechem.5c00327,alpha-pinene 臭氧解 OOM；气相+颗粒相均检出 | as written: C15H30O4 | DBE 1，整数 ⇒ 闭壳层 | source: Table S3
C15H30O9,I-,adduct,FIGAERO-I-CIMS,gas,chamber; alpha-pinene ozonolysis flow tube (TANGENT),chamber,,"Vasudevan-Geetha et al., 2026, ACS Earth Space Chem.",10.1021/acsearthspacechem.5c00327,alpha-pinene 臭氧解 OOM；仅气相检出 | as written: C15H30O9 | DBE 1，整数 ⇒ 闭壳层 | source: Table S3
C15H32O5,I-,adduct,FIGAERO-I-CIMS,gas,chamber; alpha-pinene ozonolysis flow tube (TANGENT),chamber,,"Vasudevan-Geetha et al., 2026, ACS Earth Space Chem.",10.1021/acsearthspacechem.5c00327,alpha-pinene 臭氧解 OOM；仅气相检出 | as written: C15H32O5 | DBE 0，整数 ⇒ 闭壳层 | source: Table S3
C15H32O9,I-,adduct,FIGAERO-I-CIMS,gas,chamber; alpha-pinene ozonolysis flow tube (TANGENT),chamber,,"Vasudevan-Geetha et al., 2026, ACS Earth Space Chem.",10.1021/acsearthspacechem.5c00327,alpha-pinene 臭氧解 OOM；仅气相检出 | as written: C15H32O9 | DBE 0，整数 ⇒ 闭壳层 | source: Table S3
C15H32O12,I-,adduct,FIGAERO-I-CIMS,particle,chamber; alpha-pinene ozonolysis flow tube (TANGENT),chamber,,"Vasudevan-Geetha et al., 2026, ACS Earth Space Chem.",10.1021/acsearthspacechem.5c00327,alpha-pinene 臭氧解 OOM；仅颗粒相检出 | as written: C15H32O12 | DBE 0，整数 ⇒ 闭壳层 | source: Table S3
C16H16O6,I-,adduct,FIGAERO-I-CIMS,gas/particle,chamber; alpha-pinene ozonolysis flow tube (TANGENT),chamber,,"Vasudevan-Geetha et al., 2026, ACS Earth Space Chem.",10.1021/acsearthspacechem.5c00327,alpha-pinene 臭氧解 OOM；气相+颗粒相均检出 | as written: C16H16O6 | DBE 9，整数 ⇒ 闭壳层 | source: Table S3
C16H18O2,I-,adduct,FIGAERO-I-CIMS,gas/particle,chamber; alpha-pinene ozonolysis flow tube (TANGENT),chamber,,"Vasudevan-Geetha et al., 2026, ACS Earth Space Chem.",10.1021/acsearthspacechem.5c00327,alpha-pinene 臭氧解 OOM；气相+颗粒相均检出 | as written: C16H18O2 | DBE 8，整数 ⇒ 闭壳层 | source: Table S3
C16H18O3,I-,adduct,FIGAERO-I-CIMS,gas/particle,chamber; alpha-pinene ozonolysis flow tube (TANGENT),chamber,,"Vasudevan-Geetha et al., 2026, ACS Earth Space Chem.",10.1021/acsearthspacechem.5c00327,alpha-pinene 臭氧解 OOM；气相+颗粒相均检出 | as written: C16H18O3 | DBE 8，整数 ⇒ 闭壳层 | source: Table S3
C16H18O7,I-,adduct,FIGAERO-I-CIMS,particle,chamber; alpha-pinene ozonolysis flow tube (TANGENT),chamber,,"Vasudevan-Geetha et al., 2026, ACS Earth Space Chem.",10.1021/acsearthspacechem.5c00327,alpha-pinene 臭氧解 OOM；仅颗粒相检出 | as written: C16H18O7 | DBE 8，整数 ⇒ 闭壳层 | source: Table S3
C16H20O5,I-,adduct,FIGAERO-I-CIMS,gas/particle,chamber; alpha-pinene ozonolysis flow tube (TANGENT),chamber,,"Vasudevan-Geetha et al., 2026, ACS Earth Space Chem.",10.1021/acsearthspacechem.5c00327,alpha-pinene 臭氧解 OOM；气相+颗粒相均检出 | as written: C16H20O5 | DBE 7，整数 ⇒ 闭壳层 | source: Table S3
C16H20O6,I-,adduct,FIGAERO-I-CIMS,particle,chamber; alpha-pinene ozonolysis flow tube (TANGENT),chamber,,"Vasudevan-Geetha et al., 2026, ACS Earth Space Chem.",10.1021/acsearthspacechem.5c00327,alpha-pinene 臭氧解 OOM；仅颗粒相检出 | as written: C16H20O6 | DBE 7，整数 ⇒ 闭壳层 | source: Table S3
C16H20O7,I-,adduct,FIGAERO-I-CIMS,gas/particle,chamber; alpha-pinene ozonolysis flow tube (TANGENT),chamber,,"Vasudevan-Geetha et al., 2026, ACS Earth Space Chem.",10.1021/acsearthspacechem.5c00327,alpha-pinene 臭氧解 OOM；气相+颗粒相均检出 | as written: C16H20O7 | DBE 7，整数 ⇒ 闭壳层 | source: Table S3
C16H20O8,I-,adduct,FIGAERO-I-CIMS,gas/particle,chamber; alpha-pinene ozonolysis flow tube (TANGENT),chamber,,"Vasudevan-Geetha et al., 2026, ACS Earth Space Chem.",10.1021/acsearthspacechem.5c00327,alpha-pinene 臭氧解 OOM；气相+颗粒相均检出 | as written: C16H20O8 | DBE 7，整数 ⇒ 闭壳层 | source: Table S3
C16H20O9,I-,adduct,FIGAERO-I-CIMS,gas/particle,chamber; alpha-pinene ozonolysis flow tube (TANGENT),chamber,,"Vasudevan-Geetha et al., 2026, ACS Earth Space Chem.",10.1021/acsearthspacechem.5c00327,alpha-pinene 臭氧解 OOM；气相+颗粒相均检出 | as written: C16H20O9 | DBE 7，整数 ⇒ 闭壳层 | source: Table S3
C16H20O11,I-,adduct,FIGAERO-I-CIMS,gas/particle,chamber; alpha-pinene ozonolysis flow tube (TANGENT),chamber,,"Vasudevan-Geetha et al., 2026, ACS Earth Space Chem.",10.1021/acsearthspacechem.5c00327,alpha-pinene 臭氧解 OOM；气相+颗粒相均检出 | as written: C16H20O11 | DBE 7，整数 ⇒ 闭壳层 | source: Table S3
C16H22O4,I-,adduct,FIGAERO-I-CIMS,particle,chamber; alpha-pinene ozonolysis flow tube (TANGENT),chamber,,"Vasudevan-Geetha et al., 2026, ACS Earth Space Chem.",10.1021/acsearthspacechem.5c00327,alpha-pinene 臭氧解 OOM；仅颗粒相检出 | as written: C16H22O4 | DBE 6，整数 ⇒ 闭壳层 | source: Table S3
C16H22O5,I-,adduct,FIGAERO-I-CIMS,gas/particle,chamber; alpha-pinene ozonolysis flow tube (TANGENT),chamber,,"Vasudevan-Geetha et al., 2026, ACS Earth Space Chem.",10.1021/acsearthspacechem.5c00327,alpha-pinene 臭氧解 OOM；气相+颗粒相均检出 | as written: C16H22O5 | DBE 6，整数 ⇒ 闭壳层 | source: Table S3
C16H22O6,I-,adduct,FIGAERO-I-CIMS,particle,chamber; alpha-pinene ozonolysis flow tube (TANGENT),chamber,,"Vasudevan-Geetha et al., 2026, ACS Earth Space Chem.",10.1021/acsearthspacechem.5c00327,alpha-pinene 臭氧解 OOM；仅颗粒相检出 | as written: C16H22O6 | DBE 6，整数 ⇒ 闭壳层 | source: Table S3
C16H22O7,I-,adduct,FIGAERO-I-CIMS,gas/particle,chamber; alpha-pinene ozonolysis flow tube (TANGENT),chamber,,"Vasudevan-Geetha et al., 2026, ACS Earth Space Chem.",10.1021/acsearthspacechem.5c00327,alpha-pinene 臭氧解 OOM；气相+颗粒相均检出 | as written: C16H22O7 | DBE 6，整数 ⇒ 闭壳层 | 同一分子亦被 UPLC/(-)ESI-Orbitrap MS 在颗粒相检出（独立电离/检测技术互证）；属正文选出的 77 个颗粒相 OOM，Figure 4e 给出 FIGAERO 热谱图反演的 log C*300K | source: Table S3 + Figure 4e
C16H22O8,I-,adduct,FIGAERO-I-CIMS,gas/particle,chamber; alpha-pinene ozonolysis flow tube (TANGENT),chamber,,"Vasudevan-Geetha et al., 2026, ACS Earth Space Chem.",10.1021/acsearthspacechem.5c00327,alpha-pinene 臭氧解 OOM；气相+颗粒相均检出 | as written: C16H22O8 | DBE 6，整数 ⇒ 闭壳层 | source: Table S3
C16H22O9,I-,adduct,FIGAERO-I-CIMS,gas/particle,chamber; alpha-pinene ozonolysis flow tube (TANGENT),chamber,,"Vasudevan-Geetha et al., 2026, ACS Earth Space Chem.",10.1021/acsearthspacechem.5c00327,alpha-pinene 臭氧解 OOM；气相+颗粒相均检出 | as written: C16H22O9 | DBE 6，整数 ⇒ 闭壳层 | source: Table S3
C16H22O10,I-,adduct,FIGAERO-I-CIMS,gas/particle,chamber; alpha-pinene ozonolysis flow tube (TANGENT),chamber,,"Vasudevan-Geetha et al., 2026, ACS Earth Space Chem.",10.1021/acsearthspacechem.5c00327,alpha-pinene 臭氧解 OOM；气相+颗粒相均检出 | as written: C16H22O10 | DBE 6，整数 ⇒ 闭壳层 | source: Table S3
C16H22O11,I-,adduct,FIGAERO-I-CIMS,gas/particle,chamber; alpha-pinene ozonolysis flow tube (TANGENT),chamber,,"Vasudevan-Geetha et al., 2026, ACS Earth Space Chem.",10.1021/acsearthspacechem.5c00327,alpha-pinene 臭氧解 OOM；气相+颗粒相均检出 | as written: C16H22O11 | DBE 6，整数 ⇒ 闭壳层 | source: Table S3
C16H22O12,I-,adduct,FIGAERO-I-CIMS,particle,chamber; alpha-pinene ozonolysis flow tube (TANGENT),chamber,,"Vasudevan-Geetha et al., 2026, ACS Earth Space Chem.",10.1021/acsearthspacechem.5c00327,alpha-pinene 臭氧解 OOM；仅颗粒相检出 | as written: C16H22O12 | DBE 6，整数 ⇒ 闭壳层 | source: Table S3
C16H24O5,I-,adduct,FIGAERO-I-CIMS,particle,chamber; alpha-pinene ozonolysis flow tube (TANGENT),chamber,,"Vasudevan-Geetha et al., 2026, ACS Earth Space Chem.",10.1021/acsearthspacechem.5c00327,alpha-pinene 臭氧解 OOM；仅颗粒相检出 | as written: C16H24O5 | DBE 5，整数 ⇒ 闭壳层 | 属正文选出的 77 个颗粒相 OOM，Figure 4e 给出 FIGAERO 热谱图反演的 log C*300K | source: Table S3 + Figure 4e
C16H24O6,I-,adduct,FIGAERO-I-CIMS,gas/particle,chamber; alpha-pinene ozonolysis flow tube (TANGENT),chamber,,"Vasudevan-Geetha et al., 2026, ACS Earth Space Chem.",10.1021/acsearthspacechem.5c00327,alpha-pinene 臭氧解 OOM；气相+颗粒相均检出 | as written: C16H24O6 | DBE 5，整数 ⇒ 闭壳层 | 同一分子亦被 UPLC/(-)ESI-Orbitrap MS 在颗粒相检出（独立电离/检测技术互证）；属正文选出的 77 个颗粒相 OOM，Figure 4e 给出 FIGAERO 热谱图反演的 log C*300K | source: Table S3 + Figure 4e
C16H24O7,I-,adduct,FIGAERO-I-CIMS,gas/particle,chamber; alpha-pinene ozonolysis flow tube (TANGENT),chamber,,"Vasudevan-Geetha et al., 2026, ACS Earth Space Chem.",10.1021/acsearthspacechem.5c00327,alpha-pinene 臭氧解 OOM；气相+颗粒相均检出 | as written: C16H24O7 | DBE 5，整数 ⇒ 闭壳层 | 同一分子亦被 UPLC/(-)ESI-Orbitrap MS 在颗粒相检出（独立电离/检测技术互证）；属正文选出的 77 个颗粒相 OOM，Figure 4e 给出 FIGAERO 热谱图反演的 log C*300K | source: Table S3 + Figure 4e
C16H24O8,I-,adduct,FIGAERO-I-CIMS,gas/particle,chamber; alpha-pinene ozonolysis flow tube (TANGENT),chamber,,"Vasudevan-Geetha et al., 2026, ACS Earth Space Chem.",10.1021/acsearthspacechem.5c00327,alpha-pinene 臭氧解 OOM；气相+颗粒相均检出 | as written: C16H24O8 | DBE 5，整数 ⇒ 闭壳层 | 同一分子亦被 UPLC/(-)ESI-Orbitrap MS 在颗粒相检出（独立电离/检测技术互证）；属正文选出的 77 个颗粒相 OOM，Figure 4e 给出 FIGAERO 热谱图反演的 log C*300K | source: Table S3 + Figure 4e
C16H24O11,I-,adduct,FIGAERO-I-CIMS,gas/particle,chamber; alpha-pinene ozonolysis flow tube (TANGENT),chamber,,"Vasudevan-Geetha et al., 2026, ACS Earth Space Chem.",10.1021/acsearthspacechem.5c00327,alpha-pinene 臭氧解 OOM；气相+颗粒相均检出 | as written: C16H24O11 | DBE 5，整数 ⇒ 闭壳层 | source: Table S3
C16H26O5,I-,adduct,FIGAERO-I-CIMS,particle,chamber; alpha-pinene ozonolysis flow tube (TANGENT),chamber,,"Vasudevan-Geetha et al., 2026, ACS Earth Space Chem.",10.1021/acsearthspacechem.5c00327,alpha-pinene 臭氧解 OOM；仅颗粒相检出 | as written: C16H26O5 | DBE 4，整数 ⇒ 闭壳层 | 同一分子亦被 UPLC/(-)ESI-Orbitrap MS 在颗粒相检出（独立电离/检测技术互证）；属正文选出的 77 个颗粒相 OOM，Figure 4e 给出 FIGAERO 热谱图反演的 log C*300K | source: Table S3 + Figure 4e
C16H26O6,I-,adduct,FIGAERO-I-CIMS,particle,chamber; alpha-pinene ozonolysis flow tube (TANGENT),chamber,,"Vasudevan-Geetha et al., 2026, ACS Earth Space Chem.",10.1021/acsearthspacechem.5c00327,alpha-pinene 臭氧解 OOM；仅颗粒相检出 | as written: C16H26O6 | DBE 4，整数 ⇒ 闭壳层 | 同一分子亦被 UPLC/(-)ESI-Orbitrap MS 在颗粒相检出（独立电离/检测技术互证）；属正文选出的 77 个颗粒相 OOM，Figure 4e 给出 FIGAERO 热谱图反演的 log C*300K | source: Table S3 + Figure 4e
C16H26O7,I-,adduct,FIGAERO-I-CIMS,gas/particle,chamber; alpha-pinene ozonolysis flow tube (TANGENT),chamber,,"Vasudevan-Geetha et al., 2026, ACS Earth Space Chem.",10.1021/acsearthspacechem.5c00327,alpha-pinene 臭氧解 OOM；气相+颗粒相均检出 | as written: C16H26O7 | DBE 4，整数 ⇒ 闭壳层 | 同一分子亦被 UPLC/(-)ESI-Orbitrap MS 在颗粒相检出（独立电离/检测技术互证）；属正文选出的 77 个颗粒相 OOM，Figure 4e 给出 FIGAERO 热谱图反演的 log C*300K | source: Table S3 + Figure 4e
C16H26O8,I-,adduct,FIGAERO-I-CIMS,gas/particle,chamber; alpha-pinene ozonolysis flow tube (TANGENT),chamber,,"Vasudevan-Geetha et al., 2026, ACS Earth Space Chem.",10.1021/acsearthspacechem.5c00327,alpha-pinene 臭氧解 OOM；气相+颗粒相均检出 | as written: C16H26O8 | DBE 4，整数 ⇒ 闭壳层 | 同一分子亦被 UPLC/(-)ESI-Orbitrap MS 在颗粒相检出（独立电离/检测技术互证）；属正文选出的 77 个颗粒相 OOM，Figure 4e 给出 FIGAERO 热谱图反演的 log C*300K | source: Table S3 + Figure 4e
C16H26O9,I-,adduct,FIGAERO-I-CIMS,particle,chamber; alpha-pinene ozonolysis flow tube (TANGENT),chamber,,"Vasudevan-Geetha et al., 2026, ACS Earth Space Chem.",10.1021/acsearthspacechem.5c00327,alpha-pinene 臭氧解 OOM；仅颗粒相检出 | as written: C16H26O9 | DBE 4，整数 ⇒ 闭壳层 | 同一分子亦被 UPLC/(-)ESI-Orbitrap MS 在颗粒相检出（独立电离/检测技术互证）；属正文选出的 77 个颗粒相 OOM，Figure 4e 给出 FIGAERO 热谱图反演的 log C*300K | source: Table S3 + Figure 4e
C16H26O10,I-,adduct,FIGAERO-I-CIMS,particle,chamber; alpha-pinene ozonolysis flow tube (TANGENT),chamber,,"Vasudevan-Geetha et al., 2026, ACS Earth Space Chem.",10.1021/acsearthspacechem.5c00327,alpha-pinene 臭氧解 OOM；仅颗粒相检出 | as written: C16H26O10 | DBE 4，整数 ⇒ 闭壳层 | source: Table S3
C16H28O7,I-,adduct,FIGAERO-I-CIMS,particle,chamber; alpha-pinene ozonolysis flow tube (TANGENT),chamber,,"Vasudevan-Geetha et al., 2026, ACS Earth Space Chem.",10.1021/acsearthspacechem.5c00327,alpha-pinene 臭氧解 OOM；仅颗粒相检出 | as written: C16H28O7 | DBE 3，整数 ⇒ 闭壳层 | source: Table S3
C16H30O3,I-,adduct,FIGAERO-I-CIMS,gas/particle,chamber; alpha-pinene ozonolysis flow tube (TANGENT),chamber,,"Vasudevan-Geetha et al., 2026, ACS Earth Space Chem.",10.1021/acsearthspacechem.5c00327,alpha-pinene 臭氧解 OOM；气相+颗粒相均检出 | as written: C16H30O3 | DBE 2，整数 ⇒ 闭壳层 | source: Table S3
C16H32O8,I-,adduct,FIGAERO-I-CIMS,gas/particle,chamber; alpha-pinene ozonolysis flow tube (TANGENT),chamber,,"Vasudevan-Geetha et al., 2026, ACS Earth Space Chem.",10.1021/acsearthspacechem.5c00327,alpha-pinene 臭氧解 OOM；气相+颗粒相均检出 | as written: C16H32O8 | DBE 1，整数 ⇒ 闭壳层 | source: Table S3
C16H34O4,I-,adduct,FIGAERO-I-CIMS,gas/particle,chamber; alpha-pinene ozonolysis flow tube (TANGENT),chamber,,"Vasudevan-Geetha et al., 2026, ACS Earth Space Chem.",10.1021/acsearthspacechem.5c00327,alpha-pinene 臭氧解 OOM；气相+颗粒相均检出 | as written: C16H34O4 | DBE 0，整数 ⇒ 闭壳层 | source: Table S3
C16H34O5,I-,adduct,FIGAERO-I-CIMS,gas/particle,chamber; alpha-pinene ozonolysis flow tube (TANGENT),chamber,,"Vasudevan-Geetha et al., 2026, ACS Earth Space Chem.",10.1021/acsearthspacechem.5c00327,alpha-pinene 臭氧解 OOM；气相+颗粒相均检出 | as written: C16H34O5 | DBE 0，整数 ⇒ 闭壳层 | source: Table S3
C17H14O6,I-,adduct,FIGAERO-I-CIMS,gas/particle,chamber; alpha-pinene ozonolysis flow tube (TANGENT),chamber,,"Vasudevan-Geetha et al., 2026, ACS Earth Space Chem.",10.1021/acsearthspacechem.5c00327,alpha-pinene 臭氧解 OOM；气相+颗粒相均检出 | as written: C17H14O6 | DBE 11，整数 ⇒ 闭壳层 | source: Table S3
C17H14O7,I-,adduct,FIGAERO-I-CIMS,gas,chamber; alpha-pinene ozonolysis flow tube (TANGENT),chamber,,"Vasudevan-Geetha et al., 2026, ACS Earth Space Chem.",10.1021/acsearthspacechem.5c00327,alpha-pinene 臭氧解 OOM；仅气相检出 | as written: C17H14O7 | DBE 11，整数 ⇒ 闭壳层 | source: Table S3
C17H14O12,I-,adduct,FIGAERO-I-CIMS,gas/particle,chamber; alpha-pinene ozonolysis flow tube (TANGENT),chamber,,"Vasudevan-Geetha et al., 2026, ACS Earth Space Chem.",10.1021/acsearthspacechem.5c00327,alpha-pinene 臭氧解 OOM；气相+颗粒相均检出 | as written: C17H14O12 | DBE 11，整数 ⇒ 闭壳层 | source: Table S3
C17H18O2,I-,adduct,FIGAERO-I-CIMS,gas/particle,chamber; alpha-pinene ozonolysis flow tube (TANGENT),chamber,,"Vasudevan-Geetha et al., 2026, ACS Earth Space Chem.",10.1021/acsearthspacechem.5c00327,alpha-pinene 臭氧解 OOM；气相+颗粒相均检出 | as written: C17H18O2 | DBE 9，整数 ⇒ 闭壳层 | source: Table S3
C17H18O5,I-,adduct,FIGAERO-I-CIMS,gas/particle,chamber; alpha-pinene ozonolysis flow tube (TANGENT),chamber,,"Vasudevan-Geetha et al., 2026, ACS Earth Space Chem.",10.1021/acsearthspacechem.5c00327,alpha-pinene 臭氧解 OOM；气相+颗粒相均检出 | as written: C17H18O5 | DBE 9，整数 ⇒ 闭壳层 | source: Table S3
C17H18O7,I-,adduct,FIGAERO-I-CIMS,gas/particle,chamber; alpha-pinene ozonolysis flow tube (TANGENT),chamber,,"Vasudevan-Geetha et al., 2026, ACS Earth Space Chem.",10.1021/acsearthspacechem.5c00327,alpha-pinene 臭氧解 OOM；气相+颗粒相均检出 | as written: C17H18O7 | DBE 9，整数 ⇒ 闭壳层 | source: Table S3
C17H20O7,I-,adduct,FIGAERO-I-CIMS,particle,chamber; alpha-pinene ozonolysis flow tube (TANGENT),chamber,,"Vasudevan-Geetha et al., 2026, ACS Earth Space Chem.",10.1021/acsearthspacechem.5c00327,alpha-pinene 臭氧解 OOM；仅颗粒相检出 | as written: C17H20O7 | DBE 8，整数 ⇒ 闭壳层 | source: Table S3
C17H20O9,I-,adduct,FIGAERO-I-CIMS,particle,chamber; alpha-pinene ozonolysis flow tube (TANGENT),chamber,,"Vasudevan-Geetha et al., 2026, ACS Earth Space Chem.",10.1021/acsearthspacechem.5c00327,alpha-pinene 臭氧解 OOM；仅颗粒相检出 | as written: C17H20O9 | DBE 8，整数 ⇒ 闭壳层 | source: Table S3
C17H22O7,I-,adduct,FIGAERO-I-CIMS,gas/particle,chamber; alpha-pinene ozonolysis flow tube (TANGENT),chamber,,"Vasudevan-Geetha et al., 2026, ACS Earth Space Chem.",10.1021/acsearthspacechem.5c00327,alpha-pinene 臭氧解 OOM；气相+颗粒相均检出 | as written: C17H22O7 | DBE 7，整数 ⇒ 闭壳层 | source: Table S3
C17H22O8,I-,adduct,FIGAERO-I-CIMS,gas,chamber; alpha-pinene ozonolysis flow tube (TANGENT),chamber,,"Vasudevan-Geetha et al., 2026, ACS Earth Space Chem.",10.1021/acsearthspacechem.5c00327,alpha-pinene 臭氧解 OOM；仅气相检出 | as written: C17H22O8 | DBE 7，整数 ⇒ 闭壳层 | source: Table S3
C17H22O9,I-,adduct,FIGAERO-I-CIMS,gas/particle,chamber; alpha-pinene ozonolysis flow tube (TANGENT),chamber,,"Vasudevan-Geetha et al., 2026, ACS Earth Space Chem.",10.1021/acsearthspacechem.5c00327,alpha-pinene 臭氧解 OOM；气相+颗粒相均检出 | as written: C17H22O9 | DBE 7，整数 ⇒ 闭壳层 | source: Table S3
C17H22O10,I-,adduct,FIGAERO-I-CIMS,gas/particle,chamber; alpha-pinene ozonolysis flow tube (TANGENT),chamber,,"Vasudevan-Geetha et al., 2026, ACS Earth Space Chem.",10.1021/acsearthspacechem.5c00327,alpha-pinene 臭氧解 OOM；气相+颗粒相均检出 | as written: C17H22O10 | DBE 7，整数 ⇒ 闭壳层 | source: Table S3
C17H24O3,I-,adduct,FIGAERO-I-CIMS,gas/particle,chamber; alpha-pinene ozonolysis flow tube (TANGENT),chamber,,"Vasudevan-Geetha et al., 2026, ACS Earth Space Chem.",10.1021/acsearthspacechem.5c00327,alpha-pinene 臭氧解 OOM；气相+颗粒相均检出 | as written: C17H24O3 | DBE 6，整数 ⇒ 闭壳层 | source: Table S3
C17H24O6,I-,adduct,FIGAERO-I-CIMS,gas/particle,chamber; alpha-pinene ozonolysis flow tube (TANGENT),chamber,,"Vasudevan-Geetha et al., 2026, ACS Earth Space Chem.",10.1021/acsearthspacechem.5c00327,alpha-pinene 臭氧解 OOM；气相+颗粒相均检出 | as written: C17H24O6 | DBE 6，整数 ⇒ 闭壳层 | 同一分子亦被 UPLC/(-)ESI-Orbitrap MS 在颗粒相检出（独立电离/检测技术互证）；属正文选出的 77 个颗粒相 OOM，Figure 4e 给出 FIGAERO 热谱图反演的 log C*300K | source: Table S3 + Figure 4e
C17H24O7,I-,adduct,FIGAERO-I-CIMS,gas/particle,chamber; alpha-pinene ozonolysis flow tube (TANGENT),chamber,,"Vasudevan-Geetha et al., 2026, ACS Earth Space Chem.",10.1021/acsearthspacechem.5c00327,alpha-pinene 臭氧解 OOM；气相+颗粒相均检出 | as written: C17H24O7 | DBE 6，整数 ⇒ 闭壳层 | source: Table S3
C17H24O8,I-,adduct,FIGAERO-I-CIMS,gas/particle,chamber; alpha-pinene ozonolysis flow tube (TANGENT),chamber,,"Vasudevan-Geetha et al., 2026, ACS Earth Space Chem.",10.1021/acsearthspacechem.5c00327,alpha-pinene 臭氧解 OOM；气相+颗粒相均检出 | as written: C17H24O8 | DBE 6，整数 ⇒ 闭壳层 | 同一分子亦被 UPLC/(-)ESI-Orbitrap MS 在颗粒相检出（独立电离/检测技术互证） | source: Table S3
C17H24O9,I-,adduct,FIGAERO-I-CIMS,gas/particle,chamber; alpha-pinene ozonolysis flow tube (TANGENT),chamber,,"Vasudevan-Geetha et al., 2026, ACS Earth Space Chem.",10.1021/acsearthspacechem.5c00327,alpha-pinene 臭氧解 OOM；气相+颗粒相均检出 | as written: C17H24O9 | DBE 6，整数 ⇒ 闭壳层 | source: Table S3
C17H24O12,I-,adduct,FIGAERO-I-CIMS,particle,chamber; alpha-pinene ozonolysis flow tube (TANGENT),chamber,,"Vasudevan-Geetha et al., 2026, ACS Earth Space Chem.",10.1021/acsearthspacechem.5c00327,alpha-pinene 臭氧解 OOM；仅颗粒相检出 | as written: C17H24O12 | DBE 6，整数 ⇒ 闭壳层 | source: Table S3
C17H26O5,I-,adduct,FIGAERO-I-CIMS,gas/particle,chamber; alpha-pinene ozonolysis flow tube (TANGENT),chamber,,"Vasudevan-Geetha et al., 2026, ACS Earth Space Chem.",10.1021/acsearthspacechem.5c00327,alpha-pinene 臭氧解 OOM；气相+颗粒相均检出 | as written: C17H26O5 | DBE 5，整数 ⇒ 闭壳层 | 同一分子亦被 UPLC/(-)ESI-Orbitrap MS 在颗粒相检出（独立电离/检测技术互证）；属正文选出的 77 个颗粒相 OOM，Figure 4e 给出 FIGAERO 热谱图反演的 log C*300K | source: Table S3 + Figure 4e
C17H26O6,I-,adduct,FIGAERO-I-CIMS,gas/particle,chamber; alpha-pinene ozonolysis flow tube (TANGENT),chamber,,"Vasudevan-Geetha et al., 2026, ACS Earth Space Chem.",10.1021/acsearthspacechem.5c00327,alpha-pinene 臭氧解 OOM；气相+颗粒相均检出 | as written: C17H26O6 | DBE 5，整数 ⇒ 闭壳层 | 同一分子亦被 UPLC/(-)ESI-Orbitrap MS 在颗粒相检出（独立电离/检测技术互证）；属正文选出的 77 个颗粒相 OOM，Figure 4e 给出 FIGAERO 热谱图反演的 log C*300K | source: Table S3 + Figure 4e
C17H26O7,I-,adduct,FIGAERO-I-CIMS,gas/particle,chamber; alpha-pinene ozonolysis flow tube (TANGENT),chamber,,"Vasudevan-Geetha et al., 2026, ACS Earth Space Chem.",10.1021/acsearthspacechem.5c00327,alpha-pinene 臭氧解 OOM；气相+颗粒相均检出 | as written: C17H26O7 | DBE 5，整数 ⇒ 闭壳层 | 同一分子亦被 UPLC/(-)ESI-Orbitrap MS 在颗粒相检出（独立电离/检测技术互证）；属正文选出的 77 个颗粒相 OOM，Figure 4e 给出 FIGAERO 热谱图反演的 log C*300K | source: Table S3 + Figure 4e
C17H26O8,I-,adduct,FIGAERO-I-CIMS,gas/particle,chamber; alpha-pinene ozonolysis flow tube (TANGENT),chamber,,"Vasudevan-Geetha et al., 2026, ACS Earth Space Chem.",10.1021/acsearthspacechem.5c00327,alpha-pinene 臭氧解 OOM；气相+颗粒相均检出 | as written: C17H26O8 | DBE 5，整数 ⇒ 闭壳层 | 同一分子亦被 UPLC/(-)ESI-Orbitrap MS 在颗粒相检出（独立电离/检测技术互证）；属正文选出的 77 个颗粒相 OOM，Figure 4e 给出 FIGAERO 热谱图反演的 log C*300K | source: Table S3 + Figure 4e
C17H26O9,I-,adduct,FIGAERO-I-CIMS,gas/particle,chamber; alpha-pinene ozonolysis flow tube (TANGENT),chamber,,"Vasudevan-Geetha et al., 2026, ACS Earth Space Chem.",10.1021/acsearthspacechem.5c00327,alpha-pinene 臭氧解 OOM；气相+颗粒相均检出 | as written: C17H26O9 | DBE 5，整数 ⇒ 闭壳层 | 同一分子亦被 UPLC/(-)ESI-Orbitrap MS 在颗粒相检出（独立电离/检测技术互证） | source: Table S3
C17H28O3,I-,adduct,FIGAERO-I-CIMS,gas/particle,chamber; alpha-pinene ozonolysis flow tube (TANGENT),chamber,,"Vasudevan-Geetha et al., 2026, ACS Earth Space Chem.",10.1021/acsearthspacechem.5c00327,alpha-pinene 臭氧解 OOM；气相+颗粒相均检出 | as written: C17H28O3 | DBE 4，整数 ⇒ 闭壳层 | source: Table S3
C17H28O4,I-,adduct,FIGAERO-I-CIMS,particle,chamber; alpha-pinene ozonolysis flow tube (TANGENT),chamber,,"Vasudevan-Geetha et al., 2026, ACS Earth Space Chem.",10.1021/acsearthspacechem.5c00327,alpha-pinene 臭氧解 OOM；仅颗粒相检出 | as written: C17H28O4 | DBE 4，整数 ⇒ 闭壳层 | source: Table S3
C17H28O5,I-,adduct,FIGAERO-I-CIMS,particle,chamber; alpha-pinene ozonolysis flow tube (TANGENT),chamber,,"Vasudevan-Geetha et al., 2026, ACS Earth Space Chem.",10.1021/acsearthspacechem.5c00327,alpha-pinene 臭氧解 OOM；仅颗粒相检出 | as written: C17H28O5 | DBE 4，整数 ⇒ 闭壳层 | 同一分子亦被 UPLC/(-)ESI-Orbitrap MS 在颗粒相检出（独立电离/检测技术互证）；属正文选出的 77 个颗粒相 OOM，Figure 4e 给出 FIGAERO 热谱图反演的 log C*300K | source: Table S3 + Figure 4e
C17H28O6,I-,adduct,FIGAERO-I-CIMS,gas/particle,chamber; alpha-pinene ozonolysis flow tube (TANGENT),chamber,,"Vasudevan-Geetha et al., 2026, ACS Earth Space Chem.",10.1021/acsearthspacechem.5c00327,alpha-pinene 臭氧解 OOM；气相+颗粒相均检出 | as written: C17H28O6 | DBE 4，整数 ⇒ 闭壳层 | source: Table S3
C17H28O7,I-,adduct,FIGAERO-I-CIMS,gas/particle,chamber; alpha-pinene ozonolysis flow tube (TANGENT),chamber,,"Vasudevan-Geetha et al., 2026, ACS Earth Space Chem.",10.1021/acsearthspacechem.5c00327,alpha-pinene 臭氧解 OOM；气相+颗粒相均检出 | as written: C17H28O7 | DBE 4，整数 ⇒ 闭壳层 | 同一分子亦被 UPLC/(-)ESI-Orbitrap MS 在颗粒相检出（独立电离/检测技术互证）；属正文选出的 77 个颗粒相 OOM，Figure 4e 给出 FIGAERO 热谱图反演的 log C*300K | source: Table S3 + Figure 4e
C17H28O8,I-,adduct,FIGAERO-I-CIMS,particle,chamber; alpha-pinene ozonolysis flow tube (TANGENT),chamber,,"Vasudevan-Geetha et al., 2026, ACS Earth Space Chem.",10.1021/acsearthspacechem.5c00327,alpha-pinene 臭氧解 OOM；仅颗粒相检出 | as written: C17H28O8 | DBE 4，整数 ⇒ 闭壳层 | 同一分子亦被 UPLC/(-)ESI-Orbitrap MS 在颗粒相检出（独立电离/检测技术互证） | source: Table S3
C17H28O9,I-,adduct,FIGAERO-I-CIMS,particle,chamber; alpha-pinene ozonolysis flow tube (TANGENT),chamber,,"Vasudevan-Geetha et al., 2026, ACS Earth Space Chem.",10.1021/acsearthspacechem.5c00327,alpha-pinene 臭氧解 OOM；仅颗粒相检出 | as written: C17H28O9 | DBE 4，整数 ⇒ 闭壳层 | 同一分子亦被 UPLC/(-)ESI-Orbitrap MS 在颗粒相检出（独立电离/检测技术互证） | source: Table S3
C17H28O11,I-,adduct,FIGAERO-I-CIMS,particle,chamber; alpha-pinene ozonolysis flow tube (TANGENT),chamber,,"Vasudevan-Geetha et al., 2026, ACS Earth Space Chem.",10.1021/acsearthspacechem.5c00327,alpha-pinene 臭氧解 OOM；仅颗粒相检出 | as written: C17H28O11 | DBE 4，整数 ⇒ 闭壳层 | source: Table S3
C17H28O12,I-,adduct,FIGAERO-I-CIMS,particle,chamber; alpha-pinene ozonolysis flow tube (TANGENT),chamber,,"Vasudevan-Geetha et al., 2026, ACS Earth Space Chem.",10.1021/acsearthspacechem.5c00327,alpha-pinene 臭氧解 OOM；仅颗粒相检出 | as written: C17H28O12 | DBE 4，整数 ⇒ 闭壳层 | source: Table S3
C17H30O4,I-,adduct,FIGAERO-I-CIMS,gas/particle,chamber; alpha-pinene ozonolysis flow tube (TANGENT),chamber,,"Vasudevan-Geetha et al., 2026, ACS Earth Space Chem.",10.1021/acsearthspacechem.5c00327,alpha-pinene 臭氧解 OOM；气相+颗粒相均检出 | as written: C17H30O4 | DBE 3，整数 ⇒ 闭壳层 | source: Table S3
C17H30O5,I-,adduct,FIGAERO-I-CIMS,gas/particle,chamber; alpha-pinene ozonolysis flow tube (TANGENT),chamber,,"Vasudevan-Geetha et al., 2026, ACS Earth Space Chem.",10.1021/acsearthspacechem.5c00327,alpha-pinene 臭氧解 OOM；气相+颗粒相均检出 | as written: C17H30O5 | DBE 3，整数 ⇒ 闭壳层 | source: Table S3
C17H32O4,I-,adduct,FIGAERO-I-CIMS,gas/particle,chamber; alpha-pinene ozonolysis flow tube (TANGENT),chamber,,"Vasudevan-Geetha et al., 2026, ACS Earth Space Chem.",10.1021/acsearthspacechem.5c00327,alpha-pinene 臭氧解 OOM；气相+颗粒相均检出 | as written: C17H32O4 | DBE 2，整数 ⇒ 闭壳层 | source: Table S3
C17H32O5,I-,adduct,FIGAERO-I-CIMS,gas/particle,chamber; alpha-pinene ozonolysis flow tube (TANGENT),chamber,,"Vasudevan-Geetha et al., 2026, ACS Earth Space Chem.",10.1021/acsearthspacechem.5c00327,alpha-pinene 臭氧解 OOM；气相+颗粒相均检出 | as written: C17H32O5 | DBE 2，整数 ⇒ 闭壳层 | source: Table S3
C17H32O6,I-,adduct,FIGAERO-I-CIMS,gas/particle,chamber; alpha-pinene ozonolysis flow tube (TANGENT),chamber,,"Vasudevan-Geetha et al., 2026, ACS Earth Space Chem.",10.1021/acsearthspacechem.5c00327,alpha-pinene 臭氧解 OOM；气相+颗粒相均检出 | as written: C17H32O6 | DBE 2，整数 ⇒ 闭壳层 | source: Table S3
C17H36O4,I-,adduct,FIGAERO-I-CIMS,gas,chamber; alpha-pinene ozonolysis flow tube (TANGENT),chamber,,"Vasudevan-Geetha et al., 2026, ACS Earth Space Chem.",10.1021/acsearthspacechem.5c00327,alpha-pinene 臭氧解 OOM；仅气相检出 | as written: C17H36O4 | DBE 0，整数 ⇒ 闭壳层 | source: Table S3
C17H36O5,I-,adduct,FIGAERO-I-CIMS,gas,chamber; alpha-pinene ozonolysis flow tube (TANGENT),chamber,,"Vasudevan-Geetha et al., 2026, ACS Earth Space Chem.",10.1021/acsearthspacechem.5c00327,alpha-pinene 臭氧解 OOM；仅气相检出 | as written: C17H36O5 | DBE 0，整数 ⇒ 闭壳层 | source: Table S3
C18H18O5,I-,adduct,FIGAERO-I-CIMS,gas/particle,chamber; alpha-pinene ozonolysis flow tube (TANGENT),chamber,,"Vasudevan-Geetha et al., 2026, ACS Earth Space Chem.",10.1021/acsearthspacechem.5c00327,alpha-pinene 臭氧解 OOM；气相+颗粒相均检出 | as written: C18H18O5 | DBE 10，整数 ⇒ 闭壳层 | source: Table S3
C18H20O6,I-,adduct,FIGAERO-I-CIMS,gas/particle,chamber; alpha-pinene ozonolysis flow tube (TANGENT),chamber,,"Vasudevan-Geetha et al., 2026, ACS Earth Space Chem.",10.1021/acsearthspacechem.5c00327,alpha-pinene 臭氧解 OOM；气相+颗粒相均检出 | as written: C18H20O6 | DBE 9，整数 ⇒ 闭壳层 | source: Table S3
C18H22O7,I-,adduct,FIGAERO-I-CIMS,gas/particle,chamber; alpha-pinene ozonolysis flow tube (TANGENT),chamber,,"Vasudevan-Geetha et al., 2026, ACS Earth Space Chem.",10.1021/acsearthspacechem.5c00327,alpha-pinene 臭氧解 OOM；气相+颗粒相均检出 | as written: C18H22O7 | DBE 8，整数 ⇒ 闭壳层 | source: Table S3
C18H22O13,I-,adduct,FIGAERO-I-CIMS,gas/particle,chamber; alpha-pinene ozonolysis flow tube (TANGENT),chamber,,"Vasudevan-Geetha et al., 2026, ACS Earth Space Chem.",10.1021/acsearthspacechem.5c00327,alpha-pinene 臭氧解 OOM；气相+颗粒相均检出 | as written: C18H22O13 | DBE 8，整数 ⇒ 闭壳层 | source: Table S3
C18H24O2,I-,adduct,FIGAERO-I-CIMS,gas/particle,chamber; alpha-pinene ozonolysis flow tube (TANGENT),chamber,,"Vasudevan-Geetha et al., 2026, ACS Earth Space Chem.",10.1021/acsearthspacechem.5c00327,alpha-pinene 臭氧解 OOM；气相+颗粒相均检出 | as written: C18H24O2 | DBE 7，整数 ⇒ 闭壳层 | source: Table S3
C18H24O5,I-,adduct,FIGAERO-I-CIMS,particle,chamber; alpha-pinene ozonolysis flow tube (TANGENT),chamber,,"Vasudevan-Geetha et al., 2026, ACS Earth Space Chem.",10.1021/acsearthspacechem.5c00327,alpha-pinene 臭氧解 OOM；仅颗粒相检出 | as written: C18H24O5 | DBE 7，整数 ⇒ 闭壳层 | source: Table S3
C18H24O6,I-,adduct,FIGAERO-I-CIMS,gas/particle,chamber; alpha-pinene ozonolysis flow tube (TANGENT),chamber,,"Vasudevan-Geetha et al., 2026, ACS Earth Space Chem.",10.1021/acsearthspacechem.5c00327,alpha-pinene 臭氧解 OOM；气相+颗粒相均检出 | as written: C18H24O6 | DBE 7，整数 ⇒ 闭壳层 | source: Table S3
C18H24O8,I-,adduct,FIGAERO-I-CIMS,gas/particle,chamber; alpha-pinene ozonolysis flow tube (TANGENT),chamber,,"Vasudevan-Geetha et al., 2026, ACS Earth Space Chem.",10.1021/acsearthspacechem.5c00327,alpha-pinene 臭氧解 OOM；气相+颗粒相均检出 | as written: C18H24O8 | DBE 7，整数 ⇒ 闭壳层 | source: Table S3
C18H24O9,I-,adduct,FIGAERO-I-CIMS,gas/particle,chamber; alpha-pinene ozonolysis flow tube (TANGENT),chamber,,"Vasudevan-Geetha et al., 2026, ACS Earth Space Chem.",10.1021/acsearthspacechem.5c00327,alpha-pinene 臭氧解 OOM；气相+颗粒相均检出 | as written: C18H24O9 | DBE 7，整数 ⇒ 闭壳层 | source: Table S3
C18H24O10,I-,adduct,FIGAERO-I-CIMS,gas/particle,chamber; alpha-pinene ozonolysis flow tube (TANGENT),chamber,,"Vasudevan-Geetha et al., 2026, ACS Earth Space Chem.",10.1021/acsearthspacechem.5c00327,alpha-pinene 臭氧解 OOM；气相+颗粒相均检出 | as written: C18H24O10 | DBE 7，整数 ⇒ 闭壳层 | source: Table S3
C18H24O14,I-,adduct,FIGAERO-I-CIMS,particle,chamber; alpha-pinene ozonolysis flow tube (TANGENT),chamber,,"Vasudevan-Geetha et al., 2026, ACS Earth Space Chem.",10.1021/acsearthspacechem.5c00327,alpha-pinene 臭氧解 OOM；仅颗粒相检出 | as written: C18H24O14 | DBE 7，整数 ⇒ 闭壳层 | source: Table S3
C18H26O5,I-,adduct,FIGAERO-I-CIMS,gas/particle,chamber; alpha-pinene ozonolysis flow tube (TANGENT),chamber,,"Vasudevan-Geetha et al., 2026, ACS Earth Space Chem.",10.1021/acsearthspacechem.5c00327,alpha-pinene 臭氧解 OOM；气相+颗粒相均检出 | as written: C18H26O5 | DBE 6，整数 ⇒ 闭壳层 | 同一分子亦被 UPLC/(-)ESI-Orbitrap MS 在颗粒相检出（独立电离/检测技术互证）；属正文选出的 77 个颗粒相 OOM，Figure 4e 给出 FIGAERO 热谱图反演的 log C*300K | source: Table S3 + Figure 4e
C18H26O6,I-,adduct,FIGAERO-I-CIMS,gas/particle,chamber; alpha-pinene ozonolysis flow tube (TANGENT),chamber,,"Vasudevan-Geetha et al., 2026, ACS Earth Space Chem.",10.1021/acsearthspacechem.5c00327,alpha-pinene 臭氧解 OOM；气相+颗粒相均检出 | as written: C18H26O6 | DBE 6，整数 ⇒ 闭壳层 | 同一分子亦被 UPLC/(-)ESI-Orbitrap MS 在颗粒相检出（独立电离/检测技术互证）；属正文选出的 77 个颗粒相 OOM，Figure 4e 给出 FIGAERO 热谱图反演的 log C*300K | source: Table S3 + Figure 4e
C18H26O7,I-,adduct,FIGAERO-I-CIMS,gas/particle,chamber; alpha-pinene ozonolysis flow tube (TANGENT),chamber,,"Vasudevan-Geetha et al., 2026, ACS Earth Space Chem.",10.1021/acsearthspacechem.5c00327,alpha-pinene 臭氧解 OOM；气相+颗粒相均检出 | as written: C18H26O7 | DBE 6，整数 ⇒ 闭壳层 | 同一分子亦被 UPLC/(-)ESI-Orbitrap MS 在颗粒相检出（独立电离/检测技术互证）；属正文选出的 77 个颗粒相 OOM，Figure 4e 给出 FIGAERO 热谱图反演的 log C*300K | source: Table S3 + Figure 4e
C18H26O8,I-,adduct,FIGAERO-I-CIMS,gas/particle,chamber; alpha-pinene ozonolysis flow tube (TANGENT),chamber,,"Vasudevan-Geetha et al., 2026, ACS Earth Space Chem.",10.1021/acsearthspacechem.5c00327,alpha-pinene 臭氧解 OOM；气相+颗粒相均检出 | as written: C18H26O8 | DBE 6，整数 ⇒ 闭壳层 | 同一分子亦被 UPLC/(-)ESI-Orbitrap MS 在颗粒相检出（独立电离/检测技术互证） | source: Table S3
C18H26O9,I-,adduct,FIGAERO-I-CIMS,gas/particle,chamber; alpha-pinene ozonolysis flow tube (TANGENT),chamber,,"Vasudevan-Geetha et al., 2026, ACS Earth Space Chem.",10.1021/acsearthspacechem.5c00327,alpha-pinene 臭氧解 OOM；气相+颗粒相均检出 | as written: C18H26O9 | DBE 6，整数 ⇒ 闭壳层 | 同一分子亦被 UPLC/(-)ESI-Orbitrap MS 在颗粒相检出（独立电离/检测技术互证） | source: Table S3
C18H28O4,I-,adduct,FIGAERO-I-CIMS,gas/particle,chamber; alpha-pinene ozonolysis flow tube (TANGENT),chamber,,"Vasudevan-Geetha et al., 2026, ACS Earth Space Chem.",10.1021/acsearthspacechem.5c00327,alpha-pinene 臭氧解 OOM；气相+颗粒相均检出 | as written: C18H28O4 | DBE 5，整数 ⇒ 闭壳层 | 同一分子亦被 UPLC/(-)ESI-Orbitrap MS 在颗粒相检出（独立电离/检测技术互证）；属正文选出的 77 个颗粒相 OOM，Figure 4e 给出 FIGAERO 热谱图反演的 log C*300K | source: Table S3 + Figure 4e
C18H28O5,I-,adduct,FIGAERO-I-CIMS,gas/particle,chamber; alpha-pinene ozonolysis flow tube (TANGENT),chamber,,"Vasudevan-Geetha et al., 2026, ACS Earth Space Chem.",10.1021/acsearthspacechem.5c00327,alpha-pinene 臭氧解 OOM；气相+颗粒相均检出 | as written: C18H28O5 | DBE 5，整数 ⇒ 闭壳层 | 同一分子亦被 UPLC/(-)ESI-Orbitrap MS 在颗粒相检出（独立电离/检测技术互证）；属正文选出的 77 个颗粒相 OOM，Figure 4e 给出 FIGAERO 热谱图反演的 log C*300K | source: Table S3 + Figure 4e
C18H28O6,I-,adduct,FIGAERO-I-CIMS,gas/particle,chamber; alpha-pinene ozonolysis flow tube (TANGENT),chamber,,"Vasudevan-Geetha et al., 2026, ACS Earth Space Chem.",10.1021/acsearthspacechem.5c00327,alpha-pinene 臭氧解 OOM；气相+颗粒相均检出 | as written: C18H28O6 | DBE 5，整数 ⇒ 闭壳层 | 同一分子亦被 UPLC/(-)ESI-Orbitrap MS 在颗粒相检出（独立电离/检测技术互证）；属正文选出的 77 个颗粒相 OOM，Figure 4e 给出 FIGAERO 热谱图反演的 log C*300K | source: Table S3 + Figure 4e
C18H28O7,I-,adduct,FIGAERO-I-CIMS,gas/particle,chamber; alpha-pinene ozonolysis flow tube (TANGENT),chamber,,"Vasudevan-Geetha et al., 2026, ACS Earth Space Chem.",10.1021/acsearthspacechem.5c00327,alpha-pinene 臭氧解 OOM；气相+颗粒相均检出 | as written: C18H28O7 | DBE 5，整数 ⇒ 闭壳层 | 同一分子亦被 UPLC/(-)ESI-Orbitrap MS 在颗粒相检出（独立电离/检测技术互证）；属正文选出的 77 个颗粒相 OOM，Figure 4e 给出 FIGAERO 热谱图反演的 log C*300K | source: Table S3 + Figure 4e
C18H28O8,I-,adduct,FIGAERO-I-CIMS,gas/particle,chamber; alpha-pinene ozonolysis flow tube (TANGENT),chamber,,"Vasudevan-Geetha et al., 2026, ACS Earth Space Chem.",10.1021/acsearthspacechem.5c00327,alpha-pinene 臭氧解 OOM；气相+颗粒相均检出 | as written: C18H28O8 | DBE 5，整数 ⇒ 闭壳层 | 同一分子亦被 UPLC/(-)ESI-Orbitrap MS 在颗粒相检出（独立电离/检测技术互证） | source: Table S3
C18H28O9,I-,adduct,FIGAERO-I-CIMS,gas/particle,chamber; alpha-pinene ozonolysis flow tube (TANGENT),chamber,,"Vasudevan-Geetha et al., 2026, ACS Earth Space Chem.",10.1021/acsearthspacechem.5c00327,alpha-pinene 臭氧解 OOM；气相+颗粒相均检出 | as written: C18H28O9 | DBE 5，整数 ⇒ 闭壳层 | 同一分子亦被 UPLC/(-)ESI-Orbitrap MS 在颗粒相检出（独立电离/检测技术互证） | source: Table S3
C18H28O11,I-,adduct,FIGAERO-I-CIMS,particle,chamber; alpha-pinene ozonolysis flow tube (TANGENT),chamber,,"Vasudevan-Geetha et al., 2026, ACS Earth Space Chem.",10.1021/acsearthspacechem.5c00327,alpha-pinene 臭氧解 OOM；仅颗粒相检出 | as written: C18H28O11 | DBE 5，整数 ⇒ 闭壳层 | source: Table S3
C18H30O3,I-,adduct,FIGAERO-I-CIMS,gas/particle,chamber; alpha-pinene ozonolysis flow tube (TANGENT),chamber,,"Vasudevan-Geetha et al., 2026, ACS Earth Space Chem.",10.1021/acsearthspacechem.5c00327,alpha-pinene 臭氧解 OOM；气相+颗粒相均检出 | as written: C18H30O3 | DBE 4，整数 ⇒ 闭壳层 | source: Table S3
C18H30O4,I-,adduct,FIGAERO-I-CIMS,particle,chamber; alpha-pinene ozonolysis flow tube (TANGENT),chamber,,"Vasudevan-Geetha et al., 2026, ACS Earth Space Chem.",10.1021/acsearthspacechem.5c00327,alpha-pinene 臭氧解 OOM；仅颗粒相检出 | as written: C18H30O4 | DBE 4，整数 ⇒ 闭壳层 | 同一分子亦被 UPLC/(-)ESI-Orbitrap MS 在颗粒相检出（独立电离/检测技术互证）；属正文选出的 77 个颗粒相 OOM，Figure 4e 给出 FIGAERO 热谱图反演的 log C*300K | source: Table S3 + Figure 4e
C18H30O5,I-,adduct,FIGAERO-I-CIMS,gas/particle,chamber; alpha-pinene ozonolysis flow tube (TANGENT),chamber,,"Vasudevan-Geetha et al., 2026, ACS Earth Space Chem.",10.1021/acsearthspacechem.5c00327,alpha-pinene 臭氧解 OOM；气相+颗粒相均检出 | as written: C18H30O5 | DBE 4，整数 ⇒ 闭壳层 | 同一分子亦被 UPLC/(-)ESI-Orbitrap MS 在颗粒相检出（独立电离/检测技术互证）；属正文选出的 77 个颗粒相 OOM，Figure 4e 给出 FIGAERO 热谱图反演的 log C*300K | source: Table S3 + Figure 4e
C18H30O6,I-,adduct,FIGAERO-I-CIMS,gas/particle,chamber; alpha-pinene ozonolysis flow tube (TANGENT),chamber,,"Vasudevan-Geetha et al., 2026, ACS Earth Space Chem.",10.1021/acsearthspacechem.5c00327,alpha-pinene 臭氧解 OOM；气相+颗粒相均检出 | as written: C18H30O6 | DBE 4，整数 ⇒ 闭壳层 | 同一分子亦被 UPLC/(-)ESI-Orbitrap MS 在颗粒相检出（独立电离/检测技术互证） | source: Table S3
C18H30O7,I-,adduct,FIGAERO-I-CIMS,gas/particle,chamber; alpha-pinene ozonolysis flow tube (TANGENT),chamber,,"Vasudevan-Geetha et al., 2026, ACS Earth Space Chem.",10.1021/acsearthspacechem.5c00327,alpha-pinene 臭氧解 OOM；气相+颗粒相均检出 | as written: C18H30O7 | DBE 4，整数 ⇒ 闭壳层 | 同一分子亦被 UPLC/(-)ESI-Orbitrap MS 在颗粒相检出（独立电离/检测技术互证）；属正文选出的 77 个颗粒相 OOM，Figure 4e 给出 FIGAERO 热谱图反演的 log C*300K | source: Table S3 + Figure 4e
C18H30O8,I-,adduct,FIGAERO-I-CIMS,particle,chamber; alpha-pinene ozonolysis flow tube (TANGENT),chamber,,"Vasudevan-Geetha et al., 2026, ACS Earth Space Chem.",10.1021/acsearthspacechem.5c00327,alpha-pinene 臭氧解 OOM；仅颗粒相检出 | as written: C18H30O8 | DBE 4，整数 ⇒ 闭壳层 | 同一分子亦被 UPLC/(-)ESI-Orbitrap MS 在颗粒相检出（独立电离/检测技术互证）；属正文选出的 77 个颗粒相 OOM，Figure 4e 给出 FIGAERO 热谱图反演的 log C*300K | source: Table S3 + Figure 4e
C18H30O9,I-,adduct,FIGAERO-I-CIMS,particle,chamber; alpha-pinene ozonolysis flow tube (TANGENT),chamber,,"Vasudevan-Geetha et al., 2026, ACS Earth Space Chem.",10.1021/acsearthspacechem.5c00327,alpha-pinene 臭氧解 OOM；仅颗粒相检出 | as written: C18H30O9 | DBE 4，整数 ⇒ 闭壳层 | 同一分子亦被 UPLC/(-)ESI-Orbitrap MS 在颗粒相检出（独立电离/检测技术互证）；属正文选出的 77 个颗粒相 OOM，Figure 4e 给出 FIGAERO 热谱图反演的 log C*300K | source: Table S3 + Figure 4e
C18H30O15,I-,adduct,FIGAERO-I-CIMS,particle,chamber; alpha-pinene ozonolysis flow tube (TANGENT),chamber,,"Vasudevan-Geetha et al., 2026, ACS Earth Space Chem.",10.1021/acsearthspacechem.5c00327,alpha-pinene 臭氧解 OOM；仅颗粒相检出 | as written: C18H30O15 | DBE 4，整数 ⇒ 闭壳层 | source: Table S3
C18H32O6,I-,adduct,FIGAERO-I-CIMS,gas/particle,chamber; alpha-pinene ozonolysis flow tube (TANGENT),chamber,,"Vasudevan-Geetha et al., 2026, ACS Earth Space Chem.",10.1021/acsearthspacechem.5c00327,alpha-pinene 臭氧解 OOM；气相+颗粒相均检出 | as written: C18H32O6 | DBE 3，整数 ⇒ 闭壳层 | source: Table S3
C18H32O7,I-,adduct,FIGAERO-I-CIMS,gas/particle,chamber; alpha-pinene ozonolysis flow tube (TANGENT),chamber,,"Vasudevan-Geetha et al., 2026, ACS Earth Space Chem.",10.1021/acsearthspacechem.5c00327,alpha-pinene 臭氧解 OOM；气相+颗粒相均检出 | as written: C18H32O7 | DBE 3，整数 ⇒ 闭壳层 | source: Table S3
C18H32O8,I-,adduct,FIGAERO-I-CIMS,particle,chamber; alpha-pinene ozonolysis flow tube (TANGENT),chamber,,"Vasudevan-Geetha et al., 2026, ACS Earth Space Chem.",10.1021/acsearthspacechem.5c00327,alpha-pinene 臭氧解 OOM；仅颗粒相检出 | as written: C18H32O8 | DBE 3，整数 ⇒ 闭壳层 | source: Table S3
C18H32O9,I-,adduct,FIGAERO-I-CIMS,particle,chamber; alpha-pinene ozonolysis flow tube (TANGENT),chamber,,"Vasudevan-Geetha et al., 2026, ACS Earth Space Chem.",10.1021/acsearthspacechem.5c00327,alpha-pinene 臭氧解 OOM；仅颗粒相检出 | as written: C18H32O9 | DBE 3，整数 ⇒ 闭壳层 | source: Table S3
C18H32O12,I-,adduct,FIGAERO-I-CIMS,particle,chamber; alpha-pinene ozonolysis flow tube (TANGENT),chamber,,"Vasudevan-Geetha et al., 2026, ACS Earth Space Chem.",10.1021/acsearthspacechem.5c00327,alpha-pinene 臭氧解 OOM；仅颗粒相检出 | as written: C18H32O12 | DBE 3，整数 ⇒ 闭壳层 | source: Table S3
C18H32O18,I-,adduct,FIGAERO-I-CIMS,gas/particle,chamber; alpha-pinene ozonolysis flow tube (TANGENT),chamber,,"Vasudevan-Geetha et al., 2026, ACS Earth Space Chem.",10.1021/acsearthspacechem.5c00327,alpha-pinene 臭氧解 OOM；气相+颗粒相均检出 | as written: C18H32O18 | DBE 3，整数 ⇒ 闭壳层 | source: Table S3
C18H34O5,I-,adduct,FIGAERO-I-CIMS,gas/particle,chamber; alpha-pinene ozonolysis flow tube (TANGENT),chamber,,"Vasudevan-Geetha et al., 2026, ACS Earth Space Chem.",10.1021/acsearthspacechem.5c00327,alpha-pinene 臭氧解 OOM；气相+颗粒相均检出 | as written: C18H34O5 | DBE 2，整数 ⇒ 闭壳层 | source: Table S3
C18H34O6,I-,adduct,FIGAERO-I-CIMS,gas/particle,chamber; alpha-pinene ozonolysis flow tube (TANGENT),chamber,,"Vasudevan-Geetha et al., 2026, ACS Earth Space Chem.",10.1021/acsearthspacechem.5c00327,alpha-pinene 臭氧解 OOM；气相+颗粒相均检出 | as written: C18H34O6 | DBE 2，整数 ⇒ 闭壳层 | source: Table S3
C18H34O7,I-,adduct,FIGAERO-I-CIMS,particle,chamber; alpha-pinene ozonolysis flow tube (TANGENT),chamber,,"Vasudevan-Geetha et al., 2026, ACS Earth Space Chem.",10.1021/acsearthspacechem.5c00327,alpha-pinene 臭氧解 OOM；仅颗粒相检出 | as written: C18H34O7 | DBE 2，整数 ⇒ 闭壳层 | source: Table S3
C18H34O8,I-,adduct,FIGAERO-I-CIMS,particle,chamber; alpha-pinene ozonolysis flow tube (TANGENT),chamber,,"Vasudevan-Geetha et al., 2026, ACS Earth Space Chem.",10.1021/acsearthspacechem.5c00327,alpha-pinene 臭氧解 OOM；仅颗粒相检出 | as written: C18H34O8 | DBE 2，整数 ⇒ 闭壳层 | source: Table S3
C18H34O12,I-,adduct,FIGAERO-I-CIMS,particle,chamber; alpha-pinene ozonolysis flow tube (TANGENT),chamber,,"Vasudevan-Geetha et al., 2026, ACS Earth Space Chem.",10.1021/acsearthspacechem.5c00327,alpha-pinene 臭氧解 OOM；仅颗粒相检出 | as written: C18H34O12 | DBE 2，整数 ⇒ 闭壳层 | source: Table S3
C18H36O2,I-,adduct,FIGAERO-I-CIMS,gas/particle,chamber; alpha-pinene ozonolysis flow tube (TANGENT),chamber,,"Vasudevan-Geetha et al., 2026, ACS Earth Space Chem.",10.1021/acsearthspacechem.5c00327,alpha-pinene 臭氧解 OOM；气相+颗粒相均检出 | as written: C18H36O2 | DBE 1，整数 ⇒ 闭壳层 | source: Table S3
C18H36O9,I-,adduct,FIGAERO-I-CIMS,gas/particle,chamber; alpha-pinene ozonolysis flow tube (TANGENT),chamber,,"Vasudevan-Geetha et al., 2026, ACS Earth Space Chem.",10.1021/acsearthspacechem.5c00327,alpha-pinene 臭氧解 OOM；气相+颗粒相均检出 | as written: C18H36O9 | DBE 1，整数 ⇒ 闭壳层 | source: Table S3
C18H36O12,I-,adduct,FIGAERO-I-CIMS,particle,chamber; alpha-pinene ozonolysis flow tube (TANGENT),chamber,,"Vasudevan-Geetha et al., 2026, ACS Earth Space Chem.",10.1021/acsearthspacechem.5c00327,alpha-pinene 臭氧解 OOM；仅颗粒相检出 | as written: C18H36O12 | DBE 1，整数 ⇒ 闭壳层 | source: Table S3
C19H20O17,I-,adduct,FIGAERO-I-CIMS,particle,chamber; alpha-pinene ozonolysis flow tube (TANGENT),chamber,,"Vasudevan-Geetha et al., 2026, ACS Earth Space Chem.",10.1021/acsearthspacechem.5c00327,alpha-pinene 臭氧解 OOM；仅颗粒相检出 | as written: C19H20O17 | DBE 10，整数 ⇒ 闭壳层 | source: Table S3
C19H22O4,I-,adduct,FIGAERO-I-CIMS,gas/particle,chamber; alpha-pinene ozonolysis flow tube (TANGENT),chamber,,"Vasudevan-Geetha et al., 2026, ACS Earth Space Chem.",10.1021/acsearthspacechem.5c00327,alpha-pinene 臭氧解 OOM；气相+颗粒相均检出 | as written: C19H22O4 | DBE 9，整数 ⇒ 闭壳层 | source: Table S3
C19H22O6,I-,adduct,FIGAERO-I-CIMS,particle,chamber; alpha-pinene ozonolysis flow tube (TANGENT),chamber,,"Vasudevan-Geetha et al., 2026, ACS Earth Space Chem.",10.1021/acsearthspacechem.5c00327,alpha-pinene 臭氧解 OOM；仅颗粒相检出 | as written: C19H22O6 | DBE 9，整数 ⇒ 闭壳层 | source: Table S3
C19H24O10,I-,adduct,FIGAERO-I-CIMS,particle,chamber; alpha-pinene ozonolysis flow tube (TANGENT),chamber,,"Vasudevan-Geetha et al., 2026, ACS Earth Space Chem.",10.1021/acsearthspacechem.5c00327,alpha-pinene 臭氧解 OOM；仅颗粒相检出 | as written: C19H24O10 | DBE 8，整数 ⇒ 闭壳层 | source: Table S3
C19H26O4,I-,adduct,FIGAERO-I-CIMS,gas/particle,chamber; alpha-pinene ozonolysis flow tube (TANGENT),chamber,,"Vasudevan-Geetha et al., 2026, ACS Earth Space Chem.",10.1021/acsearthspacechem.5c00327,alpha-pinene 臭氧解 OOM；气相+颗粒相均检出 | as written: C19H26O4 | DBE 7，整数 ⇒ 闭壳层 | source: Table S3
C19H26O5,I-,adduct,FIGAERO-I-CIMS,gas/particle,chamber; alpha-pinene ozonolysis flow tube (TANGENT),chamber,,"Vasudevan-Geetha et al., 2026, ACS Earth Space Chem.",10.1021/acsearthspacechem.5c00327,alpha-pinene 臭氧解 OOM；气相+颗粒相均检出 | as written: C19H26O5 | DBE 7，整数 ⇒ 闭壳层 | source: Table S3
C19H26O6,I-,adduct,FIGAERO-I-CIMS,gas/particle,chamber; alpha-pinene ozonolysis flow tube (TANGENT),chamber,,"Vasudevan-Geetha et al., 2026, ACS Earth Space Chem.",10.1021/acsearthspacechem.5c00327,alpha-pinene 臭氧解 OOM；气相+颗粒相均检出 | as written: C19H26O6 | DBE 7，整数 ⇒ 闭壳层 | source: Table S3
C19H26O7,I-,adduct,FIGAERO-I-CIMS,gas,chamber; alpha-pinene ozonolysis flow tube (TANGENT),chamber,,"Vasudevan-Geetha et al., 2026, ACS Earth Space Chem.",10.1021/acsearthspacechem.5c00327,alpha-pinene 臭氧解 OOM；仅气相检出 | as written: C19H26O7 | DBE 7，整数 ⇒ 闭壳层 | source: Table S3
C19H26O8,I-,adduct,FIGAERO-I-CIMS,gas/particle,chamber; alpha-pinene ozonolysis flow tube (TANGENT),chamber,,"Vasudevan-Geetha et al., 2026, ACS Earth Space Chem.",10.1021/acsearthspacechem.5c00327,alpha-pinene 臭氧解 OOM；气相+颗粒相均检出 | as written: C19H26O8 | DBE 7，整数 ⇒ 闭壳层 | source: Table S3
C19H26O9,I-,adduct,FIGAERO-I-CIMS,gas/particle,chamber; alpha-pinene ozonolysis flow tube (TANGENT),chamber,,"Vasudevan-Geetha et al., 2026, ACS Earth Space Chem.",10.1021/acsearthspacechem.5c00327,alpha-pinene 臭氧解 OOM；气相+颗粒相均检出 | as written: C19H26O9 | DBE 7，整数 ⇒ 闭壳层 | source: Table S3
C19H28O4,I-,adduct,FIGAERO-I-CIMS,particle,chamber; alpha-pinene ozonolysis flow tube (TANGENT),chamber,,"Vasudevan-Geetha et al., 2026, ACS Earth Space Chem.",10.1021/acsearthspacechem.5c00327,alpha-pinene 臭氧解 OOM；仅颗粒相检出 | as written: C19H28O4 | DBE 6，整数 ⇒ 闭壳层 | source: Table S3
C19H28O5,I-,adduct,FIGAERO-I-CIMS,gas/particle,chamber; alpha-pinene ozonolysis flow tube (TANGENT),chamber,,"Vasudevan-Geetha et al., 2026, ACS Earth Space Chem.",10.1021/acsearthspacechem.5c00327,alpha-pinene 臭氧解 OOM；气相+颗粒相均检出 | as written: C19H28O5 | DBE 6，整数 ⇒ 闭壳层 | source: Table S3
C19H28O6,I-,adduct,FIGAERO-I-CIMS,gas/particle,chamber; alpha-pinene ozonolysis flow tube (TANGENT),chamber,,"Vasudevan-Geetha et al., 2026, ACS Earth Space Chem.",10.1021/acsearthspacechem.5c00327,alpha-pinene 臭氧解 OOM；气相+颗粒相均检出 | as written: C19H28O6 | DBE 6，整数 ⇒ 闭壳层 | 同一分子亦被 UPLC/(-)ESI-Orbitrap MS 在颗粒相检出（独立电离/检测技术互证）；属正文选出的 77 个颗粒相 OOM，Figure 4e 给出 FIGAERO 热谱图反演的 log C*300K | source: Table S3 + Figure 4e
C19H28O7,I-,adduct,FIGAERO-I-CIMS,gas/particle,chamber; alpha-pinene ozonolysis flow tube (TANGENT),chamber,,"Vasudevan-Geetha et al., 2026, ACS Earth Space Chem.",10.1021/acsearthspacechem.5c00327,alpha-pinene 臭氧解 OOM；气相+颗粒相均检出 | as written: C19H28O7 | DBE 6，整数 ⇒ 闭壳层 | 同一分子亦被 UPLC/(-)ESI-Orbitrap MS 在颗粒相检出（独立电离/检测技术互证）；属正文选出的 77 个颗粒相 OOM，Figure 4e 给出 FIGAERO 热谱图反演的 log C*300K | source: Table S3 + Figure 4e
C19H28O8,I-,adduct,FIGAERO-I-CIMS,gas/particle,chamber; alpha-pinene ozonolysis flow tube (TANGENT),chamber,,"Vasudevan-Geetha et al., 2026, ACS Earth Space Chem.",10.1021/acsearthspacechem.5c00327,alpha-pinene 臭氧解 OOM；气相+颗粒相均检出 | as written: C19H28O8 | DBE 6，整数 ⇒ 闭壳层 | 同一分子亦被 UPLC/(-)ESI-Orbitrap MS 在颗粒相检出（独立电离/检测技术互证） | source: Table S3
C19H28O9,I-,adduct,FIGAERO-I-CIMS,gas/particle,chamber; alpha-pinene ozonolysis flow tube (TANGENT),chamber,,"Vasudevan-Geetha et al., 2026, ACS Earth Space Chem.",10.1021/acsearthspacechem.5c00327,alpha-pinene 臭氧解 OOM；气相+颗粒相均检出 | as written: C19H28O9 | DBE 6，整数 ⇒ 闭壳层 | 同一分子亦被 UPLC/(-)ESI-Orbitrap MS 在颗粒相检出（独立电离/检测技术互证）；属正文选出的 77 个颗粒相 OOM，Figure 4e 给出 FIGAERO 热谱图反演的 log C*300K | source: Table S3 + Figure 4e
C19H28O11,I-,adduct,FIGAERO-I-CIMS,gas/particle,chamber; alpha-pinene ozonolysis flow tube (TANGENT),chamber,,"Vasudevan-Geetha et al., 2026, ACS Earth Space Chem.",10.1021/acsearthspacechem.5c00327,alpha-pinene 臭氧解 OOM；气相+颗粒相均检出 | as written: C19H28O11 | DBE 6，整数 ⇒ 闭壳层 | source: Table S3
C19H30O4,I-,adduct,FIGAERO-I-CIMS,gas/particle,chamber; alpha-pinene ozonolysis flow tube (TANGENT),chamber,,"Vasudevan-Geetha et al., 2026, ACS Earth Space Chem.",10.1021/acsearthspacechem.5c00327,alpha-pinene 臭氧解 OOM；气相+颗粒相均检出 | as written: C19H30O4 | DBE 5，整数 ⇒ 闭壳层 | source: Table S3
C19H30O5,I-,adduct,FIGAERO-I-CIMS,gas/particle,chamber; alpha-pinene ozonolysis flow tube (TANGENT),chamber,,"Vasudevan-Geetha et al., 2026, ACS Earth Space Chem.",10.1021/acsearthspacechem.5c00327,alpha-pinene 臭氧解 OOM；气相+颗粒相均检出 | as written: C19H30O5 | DBE 5，整数 ⇒ 闭壳层 | 同一分子亦被 UPLC/(-)ESI-Orbitrap MS 在颗粒相检出（独立电离/检测技术互证）；属正文选出的 77 个颗粒相 OOM，Figure 4e 给出 FIGAERO 热谱图反演的 log C*300K | source: Table S3 + Figure 4e
C19H30O6,I-,adduct,FIGAERO-I-CIMS,gas/particle,chamber; alpha-pinene ozonolysis flow tube (TANGENT),chamber,,"Vasudevan-Geetha et al., 2026, ACS Earth Space Chem.",10.1021/acsearthspacechem.5c00327,alpha-pinene 臭氧解 OOM；气相+颗粒相均检出 | as written: C19H30O6 | DBE 5，整数 ⇒ 闭壳层 | 同一分子亦被 UPLC/(-)ESI-Orbitrap MS 在颗粒相检出（独立电离/检测技术互证）；属正文选出的 77 个颗粒相 OOM，Figure 4e 给出 FIGAERO 热谱图反演的 log C*300K | source: Table S3 + Figure 4e
C19H30O7,I-,adduct,FIGAERO-I-CIMS,gas/particle,chamber; alpha-pinene ozonolysis flow tube (TANGENT),chamber,,"Vasudevan-Geetha et al., 2026, ACS Earth Space Chem.",10.1021/acsearthspacechem.5c00327,alpha-pinene 臭氧解 OOM；气相+颗粒相均检出 | as written: C19H30O7 | DBE 5，整数 ⇒ 闭壳层 | 同一分子亦被 UPLC/(-)ESI-Orbitrap MS 在颗粒相检出（独立电离/检测技术互证）；属正文选出的 77 个颗粒相 OOM，Figure 4e 给出 FIGAERO 热谱图反演的 log C*300K | source: Table S3 + Figure 4e
C19H30O8,I-,adduct,FIGAERO-I-CIMS,gas/particle,chamber; alpha-pinene ozonolysis flow tube (TANGENT),chamber,,"Vasudevan-Geetha et al., 2026, ACS Earth Space Chem.",10.1021/acsearthspacechem.5c00327,alpha-pinene 臭氧解 OOM；气相+颗粒相均检出 | as written: C19H30O8 | DBE 5，整数 ⇒ 闭壳层 | 同一分子亦被 UPLC/(-)ESI-Orbitrap MS 在颗粒相检出（独立电离/检测技术互证）；属正文选出的 77 个颗粒相 OOM，Figure 4e 给出 FIGAERO 热谱图反演的 log C*300K | source: Table S3 + Figure 4e
C19H30O9,I-,adduct,FIGAERO-I-CIMS,gas/particle,chamber; alpha-pinene ozonolysis flow tube (TANGENT),chamber,,"Vasudevan-Geetha et al., 2026, ACS Earth Space Chem.",10.1021/acsearthspacechem.5c00327,alpha-pinene 臭氧解 OOM；气相+颗粒相均检出 | as written: C19H30O9 | DBE 5，整数 ⇒ 闭壳层 | 同一分子亦被 UPLC/(-)ESI-Orbitrap MS 在颗粒相检出（独立电离/检测技术互证） | source: Table S3
C19H30O10,I-,adduct,FIGAERO-I-CIMS,gas/particle,chamber; alpha-pinene ozonolysis flow tube (TANGENT),chamber,,"Vasudevan-Geetha et al., 2026, ACS Earth Space Chem.",10.1021/acsearthspacechem.5c00327,alpha-pinene 臭氧解 OOM；气相+颗粒相均检出 | as written: C19H30O10 | DBE 5，整数 ⇒ 闭壳层 | 同一分子亦被 UPLC/(-)ESI-Orbitrap MS 在颗粒相检出（独立电离/检测技术互证） | source: Table S3
C19H30O11,I-,adduct,FIGAERO-I-CIMS,gas/particle,chamber; alpha-pinene ozonolysis flow tube (TANGENT),chamber,,"Vasudevan-Geetha et al., 2026, ACS Earth Space Chem.",10.1021/acsearthspacechem.5c00327,alpha-pinene 臭氧解 OOM；气相+颗粒相均检出 | as written: C19H30O11 | DBE 5，整数 ⇒ 闭壳层 | source: Table S3
C19H30O12,I-,adduct,FIGAERO-I-CIMS,particle,chamber; alpha-pinene ozonolysis flow tube (TANGENT),chamber,,"Vasudevan-Geetha et al., 2026, ACS Earth Space Chem.",10.1021/acsearthspacechem.5c00327,alpha-pinene 臭氧解 OOM；仅颗粒相检出 | as written: C19H30O12 | DBE 5，整数 ⇒ 闭壳层 | source: Table S3
C19H30O13,I-,adduct,FIGAERO-I-CIMS,particle,chamber; alpha-pinene ozonolysis flow tube (TANGENT),chamber,,"Vasudevan-Geetha et al., 2026, ACS Earth Space Chem.",10.1021/acsearthspacechem.5c00327,alpha-pinene 臭氧解 OOM；仅颗粒相检出 | as written: C19H30O13 | DBE 5，整数 ⇒ 闭壳层 | source: Table S3
C19H30O15,I-,adduct,FIGAERO-I-CIMS,particle,chamber; alpha-pinene ozonolysis flow tube (TANGENT),chamber,,"Vasudevan-Geetha et al., 2026, ACS Earth Space Chem.",10.1021/acsearthspacechem.5c00327,alpha-pinene 臭氧解 OOM；仅颗粒相检出 | as written: C19H30O15 | DBE 5，整数 ⇒ 闭壳层 | source: Table S3
C19H32O6,I-,adduct,FIGAERO-I-CIMS,gas/particle,chamber; alpha-pinene ozonolysis flow tube (TANGENT),chamber,,"Vasudevan-Geetha et al., 2026, ACS Earth Space Chem.",10.1021/acsearthspacechem.5c00327,alpha-pinene 臭氧解 OOM；气相+颗粒相均检出 | as written: C19H32O6 | DBE 4，整数 ⇒ 闭壳层 | source: Table S3
C19H32O8,I-,adduct,FIGAERO-I-CIMS,particle,chamber; alpha-pinene ozonolysis flow tube (TANGENT),chamber,,"Vasudevan-Geetha et al., 2026, ACS Earth Space Chem.",10.1021/acsearthspacechem.5c00327,alpha-pinene 臭氧解 OOM；仅颗粒相检出 | as written: C19H32O8 | DBE 4，整数 ⇒ 闭壳层 | source: Table S3
C19H32O9,I-,adduct,FIGAERO-I-CIMS,gas,chamber; alpha-pinene ozonolysis flow tube (TANGENT),chamber,,"Vasudevan-Geetha et al., 2026, ACS Earth Space Chem.",10.1021/acsearthspacechem.5c00327,alpha-pinene 臭氧解 OOM；仅气相检出 | as written: C19H32O9 | DBE 4，整数 ⇒ 闭壳层 | source: Table S3
C19H32O10,I-,adduct,FIGAERO-I-CIMS,gas/particle,chamber; alpha-pinene ozonolysis flow tube (TANGENT),chamber,,"Vasudevan-Geetha et al., 2026, ACS Earth Space Chem.",10.1021/acsearthspacechem.5c00327,alpha-pinene 臭氧解 OOM；气相+颗粒相均检出 | as written: C19H32O10 | DBE 4，整数 ⇒ 闭壳层 | source: Table S3
C19H32O11,I-,adduct,FIGAERO-I-CIMS,particle,chamber; alpha-pinene ozonolysis flow tube (TANGENT),chamber,,"Vasudevan-Geetha et al., 2026, ACS Earth Space Chem.",10.1021/acsearthspacechem.5c00327,alpha-pinene 臭氧解 OOM；仅颗粒相检出 | as written: C19H32O11 | DBE 4，整数 ⇒ 闭壳层 | source: Table S3
C19H32O12,I-,adduct,FIGAERO-I-CIMS,particle,chamber; alpha-pinene ozonolysis flow tube (TANGENT),chamber,,"Vasudevan-Geetha et al., 2026, ACS Earth Space Chem.",10.1021/acsearthspacechem.5c00327,alpha-pinene 臭氧解 OOM；仅颗粒相检出 | as written: C19H32O12 | DBE 4，整数 ⇒ 闭壳层 | source: Table S3
C19H32O13,I-,adduct,FIGAERO-I-CIMS,particle,chamber; alpha-pinene ozonolysis flow tube (TANGENT),chamber,,"Vasudevan-Geetha et al., 2026, ACS Earth Space Chem.",10.1021/acsearthspacechem.5c00327,alpha-pinene 臭氧解 OOM；仅颗粒相检出 | as written: C19H32O13 | DBE 4，整数 ⇒ 闭壳层 | source: Table S3
C19H32O14,I-,adduct,FIGAERO-I-CIMS,particle,chamber; alpha-pinene ozonolysis flow tube (TANGENT),chamber,,"Vasudevan-Geetha et al., 2026, ACS Earth Space Chem.",10.1021/acsearthspacechem.5c00327,alpha-pinene 臭氧解 OOM；仅颗粒相检出 | as written: C19H32O14 | DBE 4，整数 ⇒ 闭壳层 | source: Table S3
C19H32O15,I-,adduct,FIGAERO-I-CIMS,particle,chamber; alpha-pinene ozonolysis flow tube (TANGENT),chamber,,"Vasudevan-Geetha et al., 2026, ACS Earth Space Chem.",10.1021/acsearthspacechem.5c00327,alpha-pinene 臭氧解 OOM；仅颗粒相检出 | as written: C19H32O15 | DBE 4，整数 ⇒ 闭壳层 | source: Table S3
C19H34O7,I-,adduct,FIGAERO-I-CIMS,gas/particle,chamber; alpha-pinene ozonolysis flow tube (TANGENT),chamber,,"Vasudevan-Geetha et al., 2026, ACS Earth Space Chem.",10.1021/acsearthspacechem.5c00327,alpha-pinene 臭氧解 OOM；气相+颗粒相均检出 | as written: C19H34O7 | DBE 3，整数 ⇒ 闭壳层 | source: Table S3
C19H34O9,I-,adduct,FIGAERO-I-CIMS,particle,chamber; alpha-pinene ozonolysis flow tube (TANGENT),chamber,,"Vasudevan-Geetha et al., 2026, ACS Earth Space Chem.",10.1021/acsearthspacechem.5c00327,alpha-pinene 臭氧解 OOM；仅颗粒相检出 | as written: C19H34O9 | DBE 3，整数 ⇒ 闭壳层 | source: Table S3
C19H36O12,I-,adduct,FIGAERO-I-CIMS,particle,chamber; alpha-pinene ozonolysis flow tube (TANGENT),chamber,,"Vasudevan-Geetha et al., 2026, ACS Earth Space Chem.",10.1021/acsearthspacechem.5c00327,alpha-pinene 臭氧解 OOM；仅颗粒相检出 | as written: C19H36O12 | DBE 2，整数 ⇒ 闭壳层 | source: Table S3
C19H38O10,I-,adduct,FIGAERO-I-CIMS,gas/particle,chamber; alpha-pinene ozonolysis flow tube (TANGENT),chamber,,"Vasudevan-Geetha et al., 2026, ACS Earth Space Chem.",10.1021/acsearthspacechem.5c00327,alpha-pinene 臭氧解 OOM；气相+颗粒相均检出 | as written: C19H38O10 | DBE 1，整数 ⇒ 闭壳层 | source: Table S3
C20H22O10,I-,adduct,FIGAERO-I-CIMS,gas,chamber; alpha-pinene ozonolysis flow tube (TANGENT),chamber,,"Vasudevan-Geetha et al., 2026, ACS Earth Space Chem.",10.1021/acsearthspacechem.5c00327,alpha-pinene 臭氧解 OOM；仅气相检出 | as written: C20H22O10 | DBE 10，整数 ⇒ 闭壳层 | source: Table S3
C20H24O6,I-,adduct,FIGAERO-I-CIMS,gas/particle,chamber; alpha-pinene ozonolysis flow tube (TANGENT),chamber,,"Vasudevan-Geetha et al., 2026, ACS Earth Space Chem.",10.1021/acsearthspacechem.5c00327,alpha-pinene 臭氧解 OOM；气相+颗粒相均检出 | as written: C20H24O6 | DBE 9，整数 ⇒ 闭壳层 | source: Table S3
C20H24O7,I-,adduct,FIGAERO-I-CIMS,particle,chamber; alpha-pinene ozonolysis flow tube (TANGENT),chamber,,"Vasudevan-Geetha et al., 2026, ACS Earth Space Chem.",10.1021/acsearthspacechem.5c00327,alpha-pinene 臭氧解 OOM；仅颗粒相检出 | as written: C20H24O7 | DBE 9，整数 ⇒ 闭壳层 | source: Table S3
C20H26O5,I-,adduct,FIGAERO-I-CIMS,particle,chamber; alpha-pinene ozonolysis flow tube (TANGENT),chamber,,"Vasudevan-Geetha et al., 2026, ACS Earth Space Chem.",10.1021/acsearthspacechem.5c00327,alpha-pinene 臭氧解 OOM；仅颗粒相检出 | as written: C20H26O5 | DBE 8，整数 ⇒ 闭壳层 | source: Table S3
C20H26O6,I-,adduct,FIGAERO-I-CIMS,particle,chamber; alpha-pinene ozonolysis flow tube (TANGENT),chamber,,"Vasudevan-Geetha et al., 2026, ACS Earth Space Chem.",10.1021/acsearthspacechem.5c00327,alpha-pinene 臭氧解 OOM；仅颗粒相检出 | as written: C20H26O6 | DBE 8，整数 ⇒ 闭壳层 | source: Table S3
C20H26O10,I-,adduct,FIGAERO-I-CIMS,particle,chamber; alpha-pinene ozonolysis flow tube (TANGENT),chamber,,"Vasudevan-Geetha et al., 2026, ACS Earth Space Chem.",10.1021/acsearthspacechem.5c00327,alpha-pinene 臭氧解 OOM；仅颗粒相检出 | as written: C20H26O10 | DBE 8，整数 ⇒ 闭壳层 | source: Table S3
C20H28O5,I-,adduct,FIGAERO-I-CIMS,gas/particle,chamber; alpha-pinene ozonolysis flow tube (TANGENT),chamber,,"Vasudevan-Geetha et al., 2026, ACS Earth Space Chem.",10.1021/acsearthspacechem.5c00327,alpha-pinene 臭氧解 OOM；气相+颗粒相均检出 | as written: C20H28O5 | DBE 7，整数 ⇒ 闭壳层 | source: Table S3
C20H28O6,I-,adduct,FIGAERO-I-CIMS,gas/particle,chamber; alpha-pinene ozonolysis flow tube (TANGENT),chamber,,"Vasudevan-Geetha et al., 2026, ACS Earth Space Chem.",10.1021/acsearthspacechem.5c00327,alpha-pinene 臭氧解 OOM；气相+颗粒相均检出 | as written: C20H28O6 | DBE 7，整数 ⇒ 闭壳层 | source: Table S3
C20H28O7,I-,adduct,FIGAERO-I-CIMS,gas/particle,chamber; alpha-pinene ozonolysis flow tube (TANGENT),chamber,,"Vasudevan-Geetha et al., 2026, ACS Earth Space Chem.",10.1021/acsearthspacechem.5c00327,alpha-pinene 臭氧解 OOM；气相+颗粒相均检出 | as written: C20H28O7 | DBE 7，整数 ⇒ 闭壳层 | source: Table S3
C20H28O8,I-,adduct,FIGAERO-I-CIMS,particle,chamber; alpha-pinene ozonolysis flow tube (TANGENT),chamber,,"Vasudevan-Geetha et al., 2026, ACS Earth Space Chem.",10.1021/acsearthspacechem.5c00327,alpha-pinene 臭氧解 OOM；仅颗粒相检出 | as written: C20H28O8 | DBE 7，整数 ⇒ 闭壳层 | source: Table S3
C20H28O10,I-,adduct,FIGAERO-I-CIMS,gas/particle,chamber; alpha-pinene ozonolysis flow tube (TANGENT),chamber,,"Vasudevan-Geetha et al., 2026, ACS Earth Space Chem.",10.1021/acsearthspacechem.5c00327,alpha-pinene 臭氧解 OOM；气相+颗粒相均检出 | as written: C20H28O10 | DBE 7，整数 ⇒ 闭壳层 | source: Table S3
C20H28O11,I-,adduct,FIGAERO-I-CIMS,particle,chamber; alpha-pinene ozonolysis flow tube (TANGENT),chamber,,"Vasudevan-Geetha et al., 2026, ACS Earth Space Chem.",10.1021/acsearthspacechem.5c00327,alpha-pinene 臭氧解 OOM；仅颗粒相检出 | as written: C20H28O11 | DBE 7，整数 ⇒ 闭壳层 | source: Table S3
C20H28O12,I-,adduct,FIGAERO-I-CIMS,gas/particle,chamber; alpha-pinene ozonolysis flow tube (TANGENT),chamber,,"Vasudevan-Geetha et al., 2026, ACS Earth Space Chem.",10.1021/acsearthspacechem.5c00327,alpha-pinene 臭氧解 OOM；气相+颗粒相均检出 | as written: C20H28O12 | DBE 7，整数 ⇒ 闭壳层 | source: Table S3
C20H30O5,I-,adduct,FIGAERO-I-CIMS,gas/particle,chamber; alpha-pinene ozonolysis flow tube (TANGENT),chamber,,"Vasudevan-Geetha et al., 2026, ACS Earth Space Chem.",10.1021/acsearthspacechem.5c00327,alpha-pinene 臭氧解 OOM；气相+颗粒相均检出 | as written: C20H30O5 | DBE 6，整数 ⇒ 闭壳层 | source: Table S3
C20H30O6,I-,adduct,FIGAERO-I-CIMS,gas/particle,chamber; alpha-pinene ozonolysis flow tube (TANGENT),chamber,,"Vasudevan-Geetha et al., 2026, ACS Earth Space Chem.",10.1021/acsearthspacechem.5c00327,alpha-pinene 臭氧解 OOM；气相+颗粒相均检出 | as written: C20H30O6 | DBE 6，整数 ⇒ 闭壳层 | 同一分子亦被 UPLC/(-)ESI-Orbitrap MS 在颗粒相检出（独立电离/检测技术互证）；属正文选出的 77 个颗粒相 OOM，Figure 4e 给出 FIGAERO 热谱图反演的 log C*300K | source: Table S3 + Figure 4e
C20H30O7,I-,adduct,FIGAERO-I-CIMS,gas/particle,chamber; alpha-pinene ozonolysis flow tube (TANGENT),chamber,,"Vasudevan-Geetha et al., 2026, ACS Earth Space Chem.",10.1021/acsearthspacechem.5c00327,alpha-pinene 臭氧解 OOM；气相+颗粒相均检出 | as written: C20H30O7 | DBE 6，整数 ⇒ 闭壳层 | 同一分子亦被 UPLC/(-)ESI-Orbitrap MS 在颗粒相检出（独立电离/检测技术互证）；属正文选出的 77 个颗粒相 OOM，Figure 4e 给出 FIGAERO 热谱图反演的 log C*300K | source: Table S3 + Figure 4e
C20H30O8,I-,adduct,FIGAERO-I-CIMS,gas/particle,chamber; alpha-pinene ozonolysis flow tube (TANGENT),chamber,,"Vasudevan-Geetha et al., 2026, ACS Earth Space Chem.",10.1021/acsearthspacechem.5c00327,alpha-pinene 臭氧解 OOM；气相+颗粒相均检出 | as written: C20H30O8 | DBE 6，整数 ⇒ 闭壳层 | source: Table S3
C20H30O9,I-,adduct,FIGAERO-I-CIMS,gas/particle,chamber; alpha-pinene ozonolysis flow tube (TANGENT),chamber,,"Vasudevan-Geetha et al., 2026, ACS Earth Space Chem.",10.1021/acsearthspacechem.5c00327,alpha-pinene 臭氧解 OOM；气相+颗粒相均检出 | as written: C20H30O9 | DBE 6，整数 ⇒ 闭壳层 | source: Table S3
C20H30O10,I-,adduct,FIGAERO-I-CIMS,gas/particle,chamber; alpha-pinene ozonolysis flow tube (TANGENT),chamber,,"Vasudevan-Geetha et al., 2026, ACS Earth Space Chem.",10.1021/acsearthspacechem.5c00327,alpha-pinene 臭氧解 OOM；气相+颗粒相均检出 | as written: C20H30O10 | DBE 6，整数 ⇒ 闭壳层 | source: Table S3
C20H30O11,I-,adduct,FIGAERO-I-CIMS,particle,chamber; alpha-pinene ozonolysis flow tube (TANGENT),chamber,,"Vasudevan-Geetha et al., 2026, ACS Earth Space Chem.",10.1021/acsearthspacechem.5c00327,alpha-pinene 臭氧解 OOM；仅颗粒相检出 | as written: C20H30O11 | DBE 6，整数 ⇒ 闭壳层 | source: Table S3
C20H30O12,I-,adduct,FIGAERO-I-CIMS,particle,chamber; alpha-pinene ozonolysis flow tube (TANGENT),chamber,,"Vasudevan-Geetha et al., 2026, ACS Earth Space Chem.",10.1021/acsearthspacechem.5c00327,alpha-pinene 臭氧解 OOM；仅颗粒相检出 | as written: C20H30O12 | DBE 6，整数 ⇒ 闭壳层 | source: Table S3
C20H30O13,I-,adduct,FIGAERO-I-CIMS,gas,chamber; alpha-pinene ozonolysis flow tube (TANGENT),chamber,,"Vasudevan-Geetha et al., 2026, ACS Earth Space Chem.",10.1021/acsearthspacechem.5c00327,alpha-pinene 臭氧解 OOM；仅气相检出 | as written: C20H30O13 | DBE 6，整数 ⇒ 闭壳层 | source: Table S3
C20H30O14,I-,adduct,FIGAERO-I-CIMS,particle,chamber; alpha-pinene ozonolysis flow tube (TANGENT),chamber,,"Vasudevan-Geetha et al., 2026, ACS Earth Space Chem.",10.1021/acsearthspacechem.5c00327,alpha-pinene 臭氧解 OOM；仅颗粒相检出 | as written: C20H30O14 | DBE 6，整数 ⇒ 闭壳层 | source: Table S3
C20H30O15,I-,adduct,FIGAERO-I-CIMS,particle,chamber; alpha-pinene ozonolysis flow tube (TANGENT),chamber,,"Vasudevan-Geetha et al., 2026, ACS Earth Space Chem.",10.1021/acsearthspacechem.5c00327,alpha-pinene 臭氧解 OOM；仅颗粒相检出 | as written: C20H30O15 | DBE 6，整数 ⇒ 闭壳层 | source: Table S3
C20H30O16,I-,adduct,FIGAERO-I-CIMS,particle,chamber; alpha-pinene ozonolysis flow tube (TANGENT),chamber,,"Vasudevan-Geetha et al., 2026, ACS Earth Space Chem.",10.1021/acsearthspacechem.5c00327,alpha-pinene 臭氧解 OOM；仅颗粒相检出 | as written: C20H30O16 | DBE 6，整数 ⇒ 闭壳层 | source: Table S3
C20H32O4,I-,adduct,FIGAERO-I-CIMS,gas/particle,chamber; alpha-pinene ozonolysis flow tube (TANGENT),chamber,,"Vasudevan-Geetha et al., 2026, ACS Earth Space Chem.",10.1021/acsearthspacechem.5c00327,alpha-pinene 臭氧解 OOM；气相+颗粒相均检出 | as written: C20H32O4 | DBE 5，整数 ⇒ 闭壳层 | source: Table S3
C20H32O6,I-,adduct,FIGAERO-I-CIMS,gas/particle,chamber; alpha-pinene ozonolysis flow tube (TANGENT),chamber,,"Vasudevan-Geetha et al., 2026, ACS Earth Space Chem.",10.1021/acsearthspacechem.5c00327,alpha-pinene 臭氧解 OOM；气相+颗粒相均检出 | as written: C20H32O6 | DBE 5，整数 ⇒ 闭壳层 | 同一分子亦被 UPLC/(-)ESI-Orbitrap MS 在颗粒相检出（独立电离/检测技术互证）；属正文选出的 77 个颗粒相 OOM，Figure 4e 给出 FIGAERO 热谱图反演的 log C*300K | source: Table S3 + Figure 4e
C20H32O7,I-,adduct,FIGAERO-I-CIMS,gas/particle,chamber; alpha-pinene ozonolysis flow tube (TANGENT),chamber,,"Vasudevan-Geetha et al., 2026, ACS Earth Space Chem.",10.1021/acsearthspacechem.5c00327,alpha-pinene 臭氧解 OOM；气相+颗粒相均检出 | as written: C20H32O7 | DBE 5，整数 ⇒ 闭壳层 | 同一分子亦被 UPLC/(-)ESI-Orbitrap MS 在颗粒相检出（独立电离/检测技术互证）；属正文选出的 77 个颗粒相 OOM，Figure 4e 给出 FIGAERO 热谱图反演的 log C*300K | source: Table S3 + Figure 4e
C20H32O8,I-,adduct,FIGAERO-I-CIMS,gas/particle,chamber; alpha-pinene ozonolysis flow tube (TANGENT),chamber,,"Vasudevan-Geetha et al., 2026, ACS Earth Space Chem.",10.1021/acsearthspacechem.5c00327,alpha-pinene 臭氧解 OOM；气相+颗粒相均检出 | as written: C20H32O8 | DBE 5，整数 ⇒ 闭壳层 | 同一分子亦被 UPLC/(-)ESI-Orbitrap MS 在颗粒相检出（独立电离/检测技术互证）；属正文选出的 77 个颗粒相 OOM，Figure 4e 给出 FIGAERO 热谱图反演的 log C*300K | source: Table S3 + Figure 4e
C20H32O9,I-,adduct,FIGAERO-I-CIMS,gas/particle,chamber; alpha-pinene ozonolysis flow tube (TANGENT),chamber,,"Vasudevan-Geetha et al., 2026, ACS Earth Space Chem.",10.1021/acsearthspacechem.5c00327,alpha-pinene 臭氧解 OOM；气相+颗粒相均检出 | as written: C20H32O9 | DBE 5，整数 ⇒ 闭壳层 | source: Table S3
C20H32O10,I-,adduct,FIGAERO-I-CIMS,gas/particle,chamber; alpha-pinene ozonolysis flow tube (TANGENT),chamber,,"Vasudevan-Geetha et al., 2026, ACS Earth Space Chem.",10.1021/acsearthspacechem.5c00327,alpha-pinene 臭氧解 OOM；气相+颗粒相均检出 | as written: C20H32O10 | DBE 5，整数 ⇒ 闭壳层 | source: Table S3
C20H32O11,I-,adduct,FIGAERO-I-CIMS,particle,chamber; alpha-pinene ozonolysis flow tube (TANGENT),chamber,,"Vasudevan-Geetha et al., 2026, ACS Earth Space Chem.",10.1021/acsearthspacechem.5c00327,alpha-pinene 臭氧解 OOM；仅颗粒相检出 | as written: C20H32O11 | DBE 5，整数 ⇒ 闭壳层 | source: Table S3
C20H32O13,I-,adduct,FIGAERO-I-CIMS,particle,chamber; alpha-pinene ozonolysis flow tube (TANGENT),chamber,,"Vasudevan-Geetha et al., 2026, ACS Earth Space Chem.",10.1021/acsearthspacechem.5c00327,alpha-pinene 臭氧解 OOM；仅颗粒相检出 | as written: C20H32O13 | DBE 5，整数 ⇒ 闭壳层 | source: Table S3
C20H32O14,I-,adduct,FIGAERO-I-CIMS,particle,chamber; alpha-pinene ozonolysis flow tube (TANGENT),chamber,,"Vasudevan-Geetha et al., 2026, ACS Earth Space Chem.",10.1021/acsearthspacechem.5c00327,alpha-pinene 臭氧解 OOM；仅颗粒相检出 | as written: C20H32O14 | DBE 5，整数 ⇒ 闭壳层 | source: Table S3
C20H32O15,I-,adduct,FIGAERO-I-CIMS,particle,chamber; alpha-pinene ozonolysis flow tube (TANGENT),chamber,,"Vasudevan-Geetha et al., 2026, ACS Earth Space Chem.",10.1021/acsearthspacechem.5c00327,alpha-pinene 臭氧解 OOM；仅颗粒相检出 | as written: C20H32O15 | DBE 5，整数 ⇒ 闭壳层 | source: Table S3
C20H32O16,I-,adduct,FIGAERO-I-CIMS,particle,chamber; alpha-pinene ozonolysis flow tube (TANGENT),chamber,,"Vasudevan-Geetha et al., 2026, ACS Earth Space Chem.",10.1021/acsearthspacechem.5c00327,alpha-pinene 臭氧解 OOM；仅颗粒相检出 | as written: C20H32O16 | DBE 5，整数 ⇒ 闭壳层 | source: Table S3
C20H34O3,I-,adduct,FIGAERO-I-CIMS,particle,chamber; alpha-pinene ozonolysis flow tube (TANGENT),chamber,,"Vasudevan-Geetha et al., 2026, ACS Earth Space Chem.",10.1021/acsearthspacechem.5c00327,alpha-pinene 臭氧解 OOM；仅颗粒相检出 | as written: C20H34O3 | DBE 4，整数 ⇒ 闭壳层 | source: Table S3
C20H34O5,I-,adduct,FIGAERO-I-CIMS,gas/particle,chamber; alpha-pinene ozonolysis flow tube (TANGENT),chamber,,"Vasudevan-Geetha et al., 2026, ACS Earth Space Chem.",10.1021/acsearthspacechem.5c00327,alpha-pinene 臭氧解 OOM；气相+颗粒相均检出 | as written: C20H34O5 | DBE 4，整数 ⇒ 闭壳层 | source: Table S3
C20H34O6,I-,adduct,FIGAERO-I-CIMS,gas/particle,chamber; alpha-pinene ozonolysis flow tube (TANGENT),chamber,,"Vasudevan-Geetha et al., 2026, ACS Earth Space Chem.",10.1021/acsearthspacechem.5c00327,alpha-pinene 臭氧解 OOM；气相+颗粒相均检出 | as written: C20H34O6 | DBE 4，整数 ⇒ 闭壳层 | source: Table S3
C20H34O7,I-,adduct,FIGAERO-I-CIMS,gas/particle,chamber; alpha-pinene ozonolysis flow tube (TANGENT),chamber,,"Vasudevan-Geetha et al., 2026, ACS Earth Space Chem.",10.1021/acsearthspacechem.5c00327,alpha-pinene 臭氧解 OOM；气相+颗粒相均检出 | as written: C20H34O7 | DBE 4，整数 ⇒ 闭壳层 | source: Table S3
C20H34O8,I-,adduct,FIGAERO-I-CIMS,gas/particle,chamber; alpha-pinene ozonolysis flow tube (TANGENT),chamber,,"Vasudevan-Geetha et al., 2026, ACS Earth Space Chem.",10.1021/acsearthspacechem.5c00327,alpha-pinene 臭氧解 OOM；气相+颗粒相均检出 | as written: C20H34O8 | DBE 4，整数 ⇒ 闭壳层 | source: Table S3
C20H34O13,I-,adduct,FIGAERO-I-CIMS,particle,chamber; alpha-pinene ozonolysis flow tube (TANGENT),chamber,,"Vasudevan-Geetha et al., 2026, ACS Earth Space Chem.",10.1021/acsearthspacechem.5c00327,alpha-pinene 臭氧解 OOM；仅颗粒相检出 | as written: C20H34O13 | DBE 4，整数 ⇒ 闭壳层 | source: Table S3
C20H38O3,I-,adduct,FIGAERO-I-CIMS,particle,chamber; alpha-pinene ozonolysis flow tube (TANGENT),chamber,,"Vasudevan-Geetha et al., 2026, ACS Earth Space Chem.",10.1021/acsearthspacechem.5c00327,alpha-pinene 臭氧解 OOM；仅颗粒相检出 | as written: C20H38O3 | DBE 2，整数 ⇒ 闭壳层 | source: Table S3
C20H38O5,I-,adduct,FIGAERO-I-CIMS,gas/particle,chamber; alpha-pinene ozonolysis flow tube (TANGENT),chamber,,"Vasudevan-Geetha et al., 2026, ACS Earth Space Chem.",10.1021/acsearthspacechem.5c00327,alpha-pinene 臭氧解 OOM；气相+颗粒相均检出 | as written: C20H38O5 | DBE 2，整数 ⇒ 闭壳层 | source: Table S3
C20H38O9,I-,adduct,FIGAERO-I-CIMS,particle,chamber; alpha-pinene ozonolysis flow tube (TANGENT),chamber,,"Vasudevan-Geetha et al., 2026, ACS Earth Space Chem.",10.1021/acsearthspacechem.5c00327,alpha-pinene 臭氧解 OOM；仅颗粒相检出 | as written: C20H38O9 | DBE 2，整数 ⇒ 闭壳层 | source: Table S3
C20H38O11,I-,adduct,FIGAERO-I-CIMS,particle,chamber; alpha-pinene ozonolysis flow tube (TANGENT),chamber,,"Vasudevan-Geetha et al., 2026, ACS Earth Space Chem.",10.1021/acsearthspacechem.5c00327,alpha-pinene 臭氧解 OOM；仅颗粒相检出 | as written: C20H38O11 | DBE 2，整数 ⇒ 闭壳层 | source: Table S3
C20H40O9,I-,adduct,FIGAERO-I-CIMS,particle,chamber; alpha-pinene ozonolysis flow tube (TANGENT),chamber,,"Vasudevan-Geetha et al., 2026, ACS Earth Space Chem.",10.1021/acsearthspacechem.5c00327,alpha-pinene 臭氧解 OOM；仅颗粒相检出 | as written: C20H40O9 | DBE 1，整数 ⇒ 闭壳层 | source: Table S3
C20H40O10,I-,adduct,FIGAERO-I-CIMS,particle,chamber; alpha-pinene ozonolysis flow tube (TANGENT),chamber,,"Vasudevan-Geetha et al., 2026, ACS Earth Space Chem.",10.1021/acsearthspacechem.5c00327,alpha-pinene 臭氧解 OOM；仅颗粒相检出 | as written: C20H40O10 | DBE 1，整数 ⇒ 闭壳层 | source: Table S3
C20H42O10,I-,adduct,FIGAERO-I-CIMS,particle,chamber; alpha-pinene ozonolysis flow tube (TANGENT),chamber,,"Vasudevan-Geetha et al., 2026, ACS Earth Space Chem.",10.1021/acsearthspacechem.5c00327,alpha-pinene 臭氧解 OOM；仅颗粒相检出 | as written: C20H42O10 | DBE 0，整数 ⇒ 闭壳层 | source: Table S3
C20H42O11,I-,adduct,FIGAERO-I-CIMS,particle,chamber; alpha-pinene ozonolysis flow tube (TANGENT),chamber,,"Vasudevan-Geetha et al., 2026, ACS Earth Space Chem.",10.1021/acsearthspacechem.5c00327,alpha-pinene 臭氧解 OOM；仅颗粒相检出 | as written: C20H42O11 | DBE 0，整数 ⇒ 闭壳层 | source: Table S3
C7H8O6,I-,adduct,"iodide ToF-CIMS (I-CIMS, TOFWERK)",gas,chamber; SAPHIR atmospheric simulation chamber; toluene / m-xylene + OH photo-oxidation,chamber,,"Song et al., 2025, Environ. Sci. Technol.",10.1021/acs.est.5c06022,bicyclic peroxy radical H-shift product；前体 toluene；bicyclic H-shift 通路 | as written: C7H8O6 | DBE 4，整数 ⇒ 闭壳层 | 试剂离子归属依据：Scheme 1 红框 = Detected by I-CIMS | source: Scheme 1 | SI Figure S3b 给出该物种的 I-CIMS 定量灵敏度（ncps/ppt），独立确认 I-CIMS 归属
C5H6O3,I-,adduct,"iodide ToF-CIMS (I-CIMS, TOFWERK)",gas,chamber; SAPHIR atmospheric simulation chamber; toluene / m-xylene + OH photo-oxidation,chamber,,"Song et al., 2025, Environ. Sci. Technol.",10.1021/acs.est.5c06022,"1,5-aldehyde H-shift product；前体 toluene; m-xylene；bicyclic H-shift 通路 | as written: C5H6O3 | DBE 3，整数 ⇒ 闭壳层 | 试剂离子归属依据：Scheme 1 红框 = Detected by I-CIMS | source: Scheme 1 | SI Figure S3b 给出该物种的 I-CIMS 定量灵敏度（ncps/ppt），独立确认 I-CIMS 归属 | SI Figure S2 给出该峰的高分辨拟合，[M+I]- 计算值 240.94 Th 落在图示 m/Q 窗口内（校验 A 通过）"
C4H4O3,I-,adduct,"iodide ToF-CIMS (I-CIMS, TOFWERK)",gas,chamber; SAPHIR atmospheric simulation chamber; toluene / m-xylene + OH photo-oxidation,chamber,,"Song et al., 2025, Environ. Sci. Technol.",10.1021/acs.est.5c06022,"1,5-aldehyde H-shift product；前体 toluene；bicyclic H-shift 通路 | as written: C4H4O3 | DBE 3，整数 ⇒ 闭壳层 | 试剂离子归属依据：Scheme 1 红框 = Detected by I-CIMS | source: Scheme 1 | SI Figure S3b 给出该物种的 I-CIMS 定量灵敏度（ncps/ppt），独立确认 I-CIMS 归属 | SI Figure S2 给出该峰的高分辨拟合，[M+I]- 计算值 226.92 Th 落在图示 m/Q 窗口内（校验 A 通过）"
C6H8O3,I-,adduct,"iodide ToF-CIMS (I-CIMS, TOFWERK)",gas,chamber; SAPHIR atmospheric simulation chamber; toluene / m-xylene + OH photo-oxidation,chamber,,"Song et al., 2025, Environ. Sci. Technol.",10.1021/acs.est.5c06022,"1,5-aldehyde H-shift product；前体 m-xylene；bicyclic H-shift 通路 | as written: C6H8O3 | DBE 3，整数 ⇒ 闭壳层 | 试剂离子归属依据：Scheme 1 红框 = Detected by I-CIMS | source: Scheme 1 | SI Figure S3b 给出该物种的 I-CIMS 定量灵敏度（ncps/ppt），独立确认 I-CIMS 归属"
C8H10O6,I-,adduct,"iodide ToF-CIMS (I-CIMS, TOFWERK)",gas,chamber; SAPHIR atmospheric simulation chamber; toluene / m-xylene + OH photo-oxidation,chamber,,"Song et al., 2025, Environ. Sci. Technol.",10.1021/acs.est.5c06022,bicyclic peroxy radical H-shift product；前体 m-xylene；bicyclic H-shift 通路 | as written: C8H10O6 | DBE 4，整数 ⇒ 闭壳层 | 试剂离子归属依据：Scheme 1 红框 = Detected by I-CIMS | source: Scheme 1 | SI Figure S3b 给出该物种的 I-CIMS 定量灵敏度（ncps/ppt），独立确认 I-CIMS 归属
C7H9NO6,I-,adduct,"iodide ToF-CIMS (I-CIMS, TOFWERK)",gas,chamber; SAPHIR atmospheric simulation chamber; toluene / m-xylene + OH photo-oxidation,chamber,,"Song et al., 2025, Environ. Sci. Technol.",10.1021/acs.est.5c06022,bicyclic nitrate；前体 toluene；bicyclic ring-retaining 通路 | as written: C7H9NO6 | DBE 3，整数 ⇒ 闭壳层 | 试剂离子归属依据：Scheme 1 红框 = Detected by I-CIMS | source: Scheme 1 | SI Figure S3b 给出该物种的 I-CIMS 定量灵敏度（ncps/ppt），独立确认 I-CIMS 归属
C7H8O4,I-,adduct,"iodide ToF-CIMS (I-CIMS, TOFWERK)",gas,chamber; SAPHIR atmospheric simulation chamber; toluene / m-xylene + OH photo-oxidation,chamber,,"Song et al., 2025, Environ. Sci. Technol.",10.1021/acs.est.5c06022,bicyclic carbonyl；前体 toluene；bicyclic ring-retaining 通路 | as written: C7H8O4 | DBE 4，整数 ⇒ 闭壳层 | 试剂离子归属依据：Scheme 1 红框 = Detected by I-CIMS | source: Scheme 1 | SI Figure S3b 给出该物种的 I-CIMS 定量灵敏度（ncps/ppt），独立确认 I-CIMS 归属 | SI Figure S2 给出该峰的高分辨拟合，[M+I]- 计算值 282.95 Th 落在图示 m/Q 窗口内（校验 A 通过）
C7H10O4,I-,adduct,"iodide ToF-CIMS (I-CIMS, TOFWERK)",gas,chamber; SAPHIR atmospheric simulation chamber; toluene / m-xylene + OH photo-oxidation,chamber,,"Song et al., 2025, Environ. Sci. Technol.",10.1021/acs.est.5c06022,bicyclic alcohol；前体 toluene；bicyclic ring-retaining 通路 | as written: C7H10O4 | DBE 3，整数 ⇒ 闭壳层 | 试剂离子归属依据：Scheme 1 红框 = Detected by I-CIMS | source: Scheme 1 | SI Figure S3b 给出该物种的 I-CIMS 定量灵敏度（ncps/ppt），独立确认 I-CIMS 归属 | SI Figure S2 给出该峰的高分辨拟合，[M+I]- 计算值 284.96 Th 落在图示 m/Q 窗口内（校验 A 通过）
C7H10O5,I-,adduct,"iodide ToF-CIMS (I-CIMS, TOFWERK)",gas,chamber; SAPHIR atmospheric simulation chamber; toluene / m-xylene + OH photo-oxidation,chamber,,"Song et al., 2025, Environ. Sci. Technol.",10.1021/acs.est.5c06022,bicyclic hydroperoxide；前体 toluene；bicyclic ring-retaining 通路 | as written: C7H10O5 | DBE 3，整数 ⇒ 闭壳层 | 试剂离子归属依据：Scheme 1 红框 = Detected by I-CIMS | source: Scheme 1 | SI Figure S3b 给出该物种的 I-CIMS 定量灵敏度（ncps/ppt），独立确认 I-CIMS 归属 | SI Figure S2 给出该峰的高分辨拟合，[M+I]- 计算值 300.96 Th 落在图示 m/Q 窗口内（校验 A 通过）
C8H11NO6,I-,adduct,"iodide ToF-CIMS (I-CIMS, TOFWERK)",gas,chamber; SAPHIR atmospheric simulation chamber; toluene / m-xylene + OH photo-oxidation,chamber,,"Song et al., 2025, Environ. Sci. Technol.",10.1021/acs.est.5c06022,bicyclic nitrate；前体 m-xylene；bicyclic ring-retaining 通路 | as written: C8H11NO6 | DBE 3，整数 ⇒ 闭壳层 | 试剂离子归属依据：Scheme 1 红框 = Detected by I-CIMS | source: Scheme 1 | SI Figure S3b 给出该物种的 I-CIMS 定量灵敏度（ncps/ppt），独立确认 I-CIMS 归属
C8H10O4,I-,adduct,"iodide ToF-CIMS (I-CIMS, TOFWERK)",gas,chamber; SAPHIR atmospheric simulation chamber; toluene / m-xylene + OH photo-oxidation,chamber,,"Song et al., 2025, Environ. Sci. Technol.",10.1021/acs.est.5c06022,bicyclic carbonyl；前体 m-xylene；bicyclic ring-retaining 通路 | as written: C8H10O4 | DBE 4，整数 ⇒ 闭壳层 | 试剂离子归属依据：Scheme 1 红框 = Detected by I-CIMS | source: Scheme 1 | SI Figure S3b 给出该物种的 I-CIMS 定量灵敏度（ncps/ppt），独立确认 I-CIMS 归属 | SI Figure S2 给出该峰的高分辨拟合，[M+I]- 计算值 296.96 Th 落在图示 m/Q 窗口内（校验 A 通过）
C8H12O4,I-,adduct,"iodide ToF-CIMS (I-CIMS, TOFWERK)",gas,chamber; SAPHIR atmospheric simulation chamber; toluene / m-xylene + OH photo-oxidation,chamber,,"Song et al., 2025, Environ. Sci. Technol.",10.1021/acs.est.5c06022,bicyclic alcohol；前体 m-xylene；bicyclic ring-retaining 通路 | as written: C8H12O4 | DBE 3，整数 ⇒ 闭壳层 | 试剂离子归属依据：Scheme 1 红框 = Detected by I-CIMS | source: Scheme 1 | SI Figure S3b 给出该物种的 I-CIMS 定量灵敏度（ncps/ppt），独立确认 I-CIMS 归属 | SI Figure S2 给出该峰的高分辨拟合，[M+I]- 计算值 298.98 Th 落在图示 m/Q 窗口内（校验 A 通过）
C8H12O5,I-,adduct,"iodide ToF-CIMS (I-CIMS, TOFWERK)",gas,chamber; SAPHIR atmospheric simulation chamber; toluene / m-xylene + OH photo-oxidation,chamber,,"Song et al., 2025, Environ. Sci. Technol.",10.1021/acs.est.5c06022,bicyclic hydroperoxide；前体 m-xylene；bicyclic ring-retaining 通路 | as written: C8H12O5 | DBE 3，整数 ⇒ 闭壳层 | 试剂离子归属依据：Scheme 1 红框 = Detected by I-CIMS | source: Scheme 1 | SI Figure S3b 给出该物种的 I-CIMS 定量灵敏度（ncps/ppt），独立确认 I-CIMS 归属 | SI Figure S2 给出该峰的高分辨拟合，[M+I]- 计算值 314.97 Th 落在图示 m/Q 窗口内（校验 A 通过）
C6H8O2,NH4+,adduct,NH4+-VOCUS (TOFWERK),gas,chamber; SAPHIR atmospheric simulation chamber; toluene / m-xylene + OH photo-oxidation,chamber,,"Song et al., 2025, Environ. Sci. Technol.",10.1021/acs.est.5c06022,unsaturated gamma-dicarbonyl / methyl-furanone；前体 m-xylene；bicyclic ring-opening 通路 | as written: C6H8O2 | DBE 3，整数 ⇒ 闭壳层 | 试剂离子归属依据：Scheme 1 青框 = Detected by NH4+-VOCUS | source: Scheme 1 | SI Section S2 + Figure S4：本文唯一用 NH4+-VOCUS 半定量的物种（4 个实验日各自定标）
C6H8O2,H3O+,prot,PTR-TOF-MS,gas,chamber; SAPHIR atmospheric simulation chamber; toluene / m-xylene + OH photo-oxidation,chamber,,"Song et al., 2025, Environ. Sci. Technol.",10.1021/acs.est.5c06022,unsaturated gamma-dicarbonyl / methyl-furanone；前体 m-xylene；bicyclic ring-opening 通路 | as written: C6H8O2 | DBE 3，整数 ⇒ 闭壳层 | 试剂离子归属依据：Scheme 1 蓝框 = Detected by PTR-TOF-MS | source: Scheme 1 | SI Section S3 明确列为 PTR-TOF-MS 测量物种
C7H6O,H3O+,prot,PTR-TOF-MS,gas,chamber; SAPHIR atmospheric simulation chamber; toluene / m-xylene + OH photo-oxidation,chamber,,"Song et al., 2025, Environ. Sci. Technol.",10.1021/acs.est.5c06022,benzaldehyde；前体 toluene；benzaldehyde 通路 | as written: C7H6O | DBE 5，整数 ⇒ 闭壳层 | 试剂离子归属依据：Scheme 1 蓝框 = Detected by PTR-TOF-MS | source: Scheme 1
C7H8O,H3O+,prot,PTR-TOF-MS,gas,chamber; SAPHIR atmospheric simulation chamber; toluene / m-xylene + OH photo-oxidation,chamber,,"Song et al., 2025, Environ. Sci. Technol.",10.1021/acs.est.5c06022,cresol (phenolic product)；前体 toluene；phenolic 通路 | as written: C7H8O | DBE 4，整数 ⇒ 闭壳层 | 试剂离子归属依据：Scheme 1 蓝框 = Detected by PTR-TOF-MS | source: Scheme 1
C8H8O,H3O+,prot,PTR-TOF-MS,gas,chamber; SAPHIR atmospheric simulation chamber; toluene / m-xylene + OH photo-oxidation,chamber,,"Song et al., 2025, Environ. Sci. Technol.",10.1021/acs.est.5c06022,methylbenzaldehyde；前体 m-xylene；benzaldehyde 通路 | as written: C8H8O | DBE 5，整数 ⇒ 闭壳层 | 试剂离子归属依据：Scheme 1 蓝框 = Detected by PTR-TOF-MS | source: Scheme 1
C8H10O,H3O+,prot,PTR-TOF-MS,gas,chamber; SAPHIR atmospheric simulation chamber; toluene / m-xylene + OH photo-oxidation,chamber,,"Song et al., 2025, Environ. Sci. Technol.",10.1021/acs.est.5c06022,dimethylphenol (phenolic product)；前体 m-xylene；phenolic 通路 | as written: C8H10O | DBE 4，整数 ⇒ 闭壳层 | 试剂离子归属依据：Scheme 1 蓝框 = Detected by PTR-TOF-MS | source: Scheme 1
C3H4O2,H3O+,prot,PTR-TOF-MS,gas,chamber; SAPHIR atmospheric simulation chamber; toluene / m-xylene + OH photo-oxidation,chamber,,"Song et al., 2025, Environ. Sci. Technol.",10.1021/acs.est.5c06022,methylglyoxal；前体 toluene; m-xylene；bicyclic H-shift + ring-opening 通路 | as written: C3H4O2 | DBE 2，整数 ⇒ 闭壳层 | 试剂离子归属依据：Scheme 1 蓝框 = Detected by PTR-TOF-MS | source: Scheme 1
C4H4O2,H3O+,prot,PTR-TOF-MS,gas,chamber; SAPHIR atmospheric simulation chamber; toluene / m-xylene + OH photo-oxidation,chamber,,"Song et al., 2025, Environ. Sci. Technol.",10.1021/acs.est.5c06022,butenedial / unsaturated gamma-dicarbonyl；前体 toluene；bicyclic ring-opening 通路 | as written: C4H4O2 | DBE 3，整数 ⇒ 闭壳层 | 试剂离子归属依据：Scheme 1 蓝框 = Detected by PTR-TOF-MS | source: Scheme 1 | SI Section S3 明确列为 PTR-TOF-MS 测量物种
C5H6O2,H3O+,prot,PTR-TOF-MS,gas,chamber; SAPHIR atmospheric simulation chamber; toluene / m-xylene + OH photo-oxidation,chamber,,"Song et al., 2025, Environ. Sci. Technol.",10.1021/acs.est.5c06022,unsaturated gamma-dicarbonyl / methyl-furanone；前体 toluene; m-xylene；bicyclic ring-opening 通路 | as written: C5H6O2 | DBE 3，整数 ⇒ 闭壳层 | 试剂离子归属依据：Scheme 1 蓝框 = Detected by PTR-TOF-MS | source: Scheme 1 | SI Section S3 明确列为 PTR-TOF-MS 测量物种
C3H3NO6,NO3-,adduct,nitrate CI-APi-TOF,gas,urban; Beijing / Nanjing / Shanghai / Hong Kong (Chinese megacity clusters),atmosphere,urban,"Nie, Yan et al., 2022, Nat. Geosci.",10.1038/s41561-022-00922-5,series-expanded（CH2 同系物系列）：aliphatic-OOM，单硝酸酯（CHON） | as written: C3-16H3-29O6N | DBE 2，整数 ⇒ 闭壳层 | 展开依据：该标签标注的是 Kendrick 质量亏损图上的一条 CH2 同系线——C 从 3 到 16、H 从 3 到 29，ΔH = 2ΔC，即每加一个 CH2；沿线 DBE 恒为 2，与图例吻合。**不是 C×H 笛卡尔积** | 第 0 步依据：硝酸根 CIMS。原文 Fig. 2a 把 OOM 分成 mononitrate-OOMs (CHON)、di-nitrate-OOMs (CHON2) 与**non-nitrate-OOMs (CHO)** 三类——存在完全不含 N 的 CHO 类 ⇒ 若为离子式则每条必带 NO3、必含 N，故写的是**中性分子式**，式中的 N 是分子自带的硝酸酯基 | source: Fig. 2b Kendrick 质量亏损图
C4H5NO6,NO3-,adduct,nitrate CI-APi-TOF,gas,urban; Beijing / Nanjing / Shanghai / Hong Kong (Chinese megacity clusters),atmosphere,urban,"Nie, Yan et al., 2022, Nat. Geosci.",10.1038/s41561-022-00922-5,series-expanded（CH2 同系物系列）：aliphatic-OOM，单硝酸酯（CHON） | as written: C3-16H3-29O6N | DBE 2，整数 ⇒ 闭壳层 | 展开依据：该标签标注的是 Kendrick 质量亏损图上的一条 CH2 同系线——C 从 3 到 16、H 从 3 到 29，ΔH = 2ΔC，即每加一个 CH2；沿线 DBE 恒为 2，与图例吻合。**不是 C×H 笛卡尔积** | 第 0 步依据：硝酸根 CIMS。原文 Fig. 2a 把 OOM 分成 mononitrate-OOMs (CHON)、di-nitrate-OOMs (CHON2) 与**non-nitrate-OOMs (CHO)** 三类——存在完全不含 N 的 CHO 类 ⇒ 若为离子式则每条必带 NO3、必含 N，故写的是**中性分子式**，式中的 N 是分子自带的硝酸酯基 | source: Fig. 2b Kendrick 质量亏损图
C5H7NO6,NO3-,adduct,nitrate CI-APi-TOF,gas,urban; Beijing / Nanjing / Shanghai / Hong Kong (Chinese megacity clusters),atmosphere,urban,"Nie, Yan et al., 2022, Nat. Geosci.",10.1038/s41561-022-00922-5,series-expanded（CH2 同系物系列）：aliphatic-OOM，单硝酸酯（CHON） | as written: C3-16H3-29O6N | DBE 2，整数 ⇒ 闭壳层 | 展开依据：该标签标注的是 Kendrick 质量亏损图上的一条 CH2 同系线——C 从 3 到 16、H 从 3 到 29，ΔH = 2ΔC，即每加一个 CH2；沿线 DBE 恒为 2，与图例吻合。**不是 C×H 笛卡尔积** | 第 0 步依据：硝酸根 CIMS。原文 Fig. 2a 把 OOM 分成 mononitrate-OOMs (CHON)、di-nitrate-OOMs (CHON2) 与**non-nitrate-OOMs (CHO)** 三类——存在完全不含 N 的 CHO 类 ⇒ 若为离子式则每条必带 NO3、必含 N，故写的是**中性分子式**，式中的 N 是分子自带的硝酸酯基 | source: Fig. 2b Kendrick 质量亏损图
C6H9NO6,NO3-,adduct,nitrate CI-APi-TOF,gas,urban; Beijing / Nanjing / Shanghai / Hong Kong (Chinese megacity clusters),atmosphere,urban,"Nie, Yan et al., 2022, Nat. Geosci.",10.1038/s41561-022-00922-5,series-expanded（CH2 同系物系列）：aliphatic-OOM，单硝酸酯（CHON） | as written: C3-16H3-29O6N | DBE 2，整数 ⇒ 闭壳层 | 展开依据：该标签标注的是 Kendrick 质量亏损图上的一条 CH2 同系线——C 从 3 到 16、H 从 3 到 29，ΔH = 2ΔC，即每加一个 CH2；沿线 DBE 恒为 2，与图例吻合。**不是 C×H 笛卡尔积** | 第 0 步依据：硝酸根 CIMS。原文 Fig. 2a 把 OOM 分成 mononitrate-OOMs (CHON)、di-nitrate-OOMs (CHON2) 与**non-nitrate-OOMs (CHO)** 三类——存在完全不含 N 的 CHO 类 ⇒ 若为离子式则每条必带 NO3、必含 N，故写的是**中性分子式**，式中的 N 是分子自带的硝酸酯基 | source: Fig. 2b Kendrick 质量亏损图
C7H11NO6,NO3-,adduct,nitrate CI-APi-TOF,gas,urban; Beijing / Nanjing / Shanghai / Hong Kong (Chinese megacity clusters),atmosphere,urban,"Nie, Yan et al., 2022, Nat. Geosci.",10.1038/s41561-022-00922-5,series-expanded（CH2 同系物系列）：aliphatic-OOM，单硝酸酯（CHON） | as written: C3-16H3-29O6N | DBE 2，整数 ⇒ 闭壳层 | 展开依据：该标签标注的是 Kendrick 质量亏损图上的一条 CH2 同系线——C 从 3 到 16、H 从 3 到 29，ΔH = 2ΔC，即每加一个 CH2；沿线 DBE 恒为 2，与图例吻合。**不是 C×H 笛卡尔积** | 第 0 步依据：硝酸根 CIMS。原文 Fig. 2a 把 OOM 分成 mononitrate-OOMs (CHON)、di-nitrate-OOMs (CHON2) 与**non-nitrate-OOMs (CHO)** 三类——存在完全不含 N 的 CHO 类 ⇒ 若为离子式则每条必带 NO3、必含 N，故写的是**中性分子式**，式中的 N 是分子自带的硝酸酯基 | source: Fig. 2b Kendrick 质量亏损图
C8H13NO6,NO3-,adduct,nitrate CI-APi-TOF,gas,urban; Beijing / Nanjing / Shanghai / Hong Kong (Chinese megacity clusters),atmosphere,urban,"Nie, Yan et al., 2022, Nat. Geosci.",10.1038/s41561-022-00922-5,series-expanded（CH2 同系物系列）：aliphatic-OOM，单硝酸酯（CHON） | as written: C3-16H3-29O6N | DBE 2，整数 ⇒ 闭壳层 | 展开依据：该标签标注的是 Kendrick 质量亏损图上的一条 CH2 同系线——C 从 3 到 16、H 从 3 到 29，ΔH = 2ΔC，即每加一个 CH2；沿线 DBE 恒为 2，与图例吻合。**不是 C×H 笛卡尔积** | 第 0 步依据：硝酸根 CIMS。原文 Fig. 2a 把 OOM 分成 mononitrate-OOMs (CHON)、di-nitrate-OOMs (CHON2) 与**non-nitrate-OOMs (CHO)** 三类——存在完全不含 N 的 CHO 类 ⇒ 若为离子式则每条必带 NO3、必含 N，故写的是**中性分子式**，式中的 N 是分子自带的硝酸酯基 | source: Fig. 2b Kendrick 质量亏损图
C9H15NO6,NO3-,adduct,nitrate CI-APi-TOF,gas,urban; Beijing / Nanjing / Shanghai / Hong Kong (Chinese megacity clusters),atmosphere,urban,"Nie, Yan et al., 2022, Nat. Geosci.",10.1038/s41561-022-00922-5,series-expanded（CH2 同系物系列）：aliphatic-OOM，单硝酸酯（CHON） | as written: C3-16H3-29O6N | DBE 2，整数 ⇒ 闭壳层 | 展开依据：该标签标注的是 Kendrick 质量亏损图上的一条 CH2 同系线——C 从 3 到 16、H 从 3 到 29，ΔH = 2ΔC，即每加一个 CH2；沿线 DBE 恒为 2，与图例吻合。**不是 C×H 笛卡尔积** | 第 0 步依据：硝酸根 CIMS。原文 Fig. 2a 把 OOM 分成 mononitrate-OOMs (CHON)、di-nitrate-OOMs (CHON2) 与**non-nitrate-OOMs (CHO)** 三类——存在完全不含 N 的 CHO 类 ⇒ 若为离子式则每条必带 NO3、必含 N，故写的是**中性分子式**，式中的 N 是分子自带的硝酸酯基 | source: Fig. 2b Kendrick 质量亏损图
C10H17NO6,NO3-,adduct,nitrate CI-APi-TOF,gas,urban; Beijing / Nanjing / Shanghai / Hong Kong (Chinese megacity clusters),atmosphere,urban,"Nie, Yan et al., 2022, Nat. Geosci.",10.1038/s41561-022-00922-5,series-expanded（CH2 同系物系列）：aliphatic-OOM，单硝酸酯（CHON） | as written: C3-16H3-29O6N | DBE 2，整数 ⇒ 闭壳层 | 展开依据：该标签标注的是 Kendrick 质量亏损图上的一条 CH2 同系线——C 从 3 到 16、H 从 3 到 29，ΔH = 2ΔC，即每加一个 CH2；沿线 DBE 恒为 2，与图例吻合。**不是 C×H 笛卡尔积** | 第 0 步依据：硝酸根 CIMS。原文 Fig. 2a 把 OOM 分成 mononitrate-OOMs (CHON)、di-nitrate-OOMs (CHON2) 与**non-nitrate-OOMs (CHO)** 三类——存在完全不含 N 的 CHO 类 ⇒ 若为离子式则每条必带 NO3、必含 N，故写的是**中性分子式**，式中的 N 是分子自带的硝酸酯基 | source: Fig. 2b Kendrick 质量亏损图
C11H19NO6,NO3-,adduct,nitrate CI-APi-TOF,gas,urban; Beijing / Nanjing / Shanghai / Hong Kong (Chinese megacity clusters),atmosphere,urban,"Nie, Yan et al., 2022, Nat. Geosci.",10.1038/s41561-022-00922-5,series-expanded（CH2 同系物系列）：aliphatic-OOM，单硝酸酯（CHON） | as written: C3-16H3-29O6N | DBE 2，整数 ⇒ 闭壳层 | 展开依据：该标签标注的是 Kendrick 质量亏损图上的一条 CH2 同系线——C 从 3 到 16、H 从 3 到 29，ΔH = 2ΔC，即每加一个 CH2；沿线 DBE 恒为 2，与图例吻合。**不是 C×H 笛卡尔积** | 第 0 步依据：硝酸根 CIMS。原文 Fig. 2a 把 OOM 分成 mononitrate-OOMs (CHON)、di-nitrate-OOMs (CHON2) 与**non-nitrate-OOMs (CHO)** 三类——存在完全不含 N 的 CHO 类 ⇒ 若为离子式则每条必带 NO3、必含 N，故写的是**中性分子式**，式中的 N 是分子自带的硝酸酯基 | source: Fig. 2b Kendrick 质量亏损图
C12H21NO6,NO3-,adduct,nitrate CI-APi-TOF,gas,urban; Beijing / Nanjing / Shanghai / Hong Kong (Chinese megacity clusters),atmosphere,urban,"Nie, Yan et al., 2022, Nat. Geosci.",10.1038/s41561-022-00922-5,series-expanded（CH2 同系物系列）：aliphatic-OOM，单硝酸酯（CHON） | as written: C3-16H3-29O6N | DBE 2，整数 ⇒ 闭壳层 | 展开依据：该标签标注的是 Kendrick 质量亏损图上的一条 CH2 同系线——C 从 3 到 16、H 从 3 到 29，ΔH = 2ΔC，即每加一个 CH2；沿线 DBE 恒为 2，与图例吻合。**不是 C×H 笛卡尔积** | 第 0 步依据：硝酸根 CIMS。原文 Fig. 2a 把 OOM 分成 mononitrate-OOMs (CHON)、di-nitrate-OOMs (CHON2) 与**non-nitrate-OOMs (CHO)** 三类——存在完全不含 N 的 CHO 类 ⇒ 若为离子式则每条必带 NO3、必含 N，故写的是**中性分子式**，式中的 N 是分子自带的硝酸酯基 | source: Fig. 2b Kendrick 质量亏损图
C13H23NO6,NO3-,adduct,nitrate CI-APi-TOF,gas,urban; Beijing / Nanjing / Shanghai / Hong Kong (Chinese megacity clusters),atmosphere,urban,"Nie, Yan et al., 2022, Nat. Geosci.",10.1038/s41561-022-00922-5,series-expanded（CH2 同系物系列）：aliphatic-OOM，单硝酸酯（CHON） | as written: C3-16H3-29O6N | DBE 2，整数 ⇒ 闭壳层 | 展开依据：该标签标注的是 Kendrick 质量亏损图上的一条 CH2 同系线——C 从 3 到 16、H 从 3 到 29，ΔH = 2ΔC，即每加一个 CH2；沿线 DBE 恒为 2，与图例吻合。**不是 C×H 笛卡尔积** | 第 0 步依据：硝酸根 CIMS。原文 Fig. 2a 把 OOM 分成 mononitrate-OOMs (CHON)、di-nitrate-OOMs (CHON2) 与**non-nitrate-OOMs (CHO)** 三类——存在完全不含 N 的 CHO 类 ⇒ 若为离子式则每条必带 NO3、必含 N，故写的是**中性分子式**，式中的 N 是分子自带的硝酸酯基 | source: Fig. 2b Kendrick 质量亏损图
C14H25NO6,NO3-,adduct,nitrate CI-APi-TOF,gas,urban; Beijing / Nanjing / Shanghai / Hong Kong (Chinese megacity clusters),atmosphere,urban,"Nie, Yan et al., 2022, Nat. Geosci.",10.1038/s41561-022-00922-5,series-expanded（CH2 同系物系列）：aliphatic-OOM，单硝酸酯（CHON） | as written: C3-16H3-29O6N | DBE 2，整数 ⇒ 闭壳层 | 展开依据：该标签标注的是 Kendrick 质量亏损图上的一条 CH2 同系线——C 从 3 到 16、H 从 3 到 29，ΔH = 2ΔC，即每加一个 CH2；沿线 DBE 恒为 2，与图例吻合。**不是 C×H 笛卡尔积** | 第 0 步依据：硝酸根 CIMS。原文 Fig. 2a 把 OOM 分成 mononitrate-OOMs (CHON)、di-nitrate-OOMs (CHON2) 与**non-nitrate-OOMs (CHO)** 三类——存在完全不含 N 的 CHO 类 ⇒ 若为离子式则每条必带 NO3、必含 N，故写的是**中性分子式**，式中的 N 是分子自带的硝酸酯基 | source: Fig. 2b Kendrick 质量亏损图
C15H27NO6,NO3-,adduct,nitrate CI-APi-TOF,gas,urban; Beijing / Nanjing / Shanghai / Hong Kong (Chinese megacity clusters),atmosphere,urban,"Nie, Yan et al., 2022, Nat. Geosci.",10.1038/s41561-022-00922-5,series-expanded（CH2 同系物系列）：aliphatic-OOM，单硝酸酯（CHON） | as written: C3-16H3-29O6N | DBE 2，整数 ⇒ 闭壳层 | 展开依据：该标签标注的是 Kendrick 质量亏损图上的一条 CH2 同系线——C 从 3 到 16、H 从 3 到 29，ΔH = 2ΔC，即每加一个 CH2；沿线 DBE 恒为 2，与图例吻合。**不是 C×H 笛卡尔积** | 第 0 步依据：硝酸根 CIMS。原文 Fig. 2a 把 OOM 分成 mononitrate-OOMs (CHON)、di-nitrate-OOMs (CHON2) 与**non-nitrate-OOMs (CHO)** 三类——存在完全不含 N 的 CHO 类 ⇒ 若为离子式则每条必带 NO3、必含 N，故写的是**中性分子式**，式中的 N 是分子自带的硝酸酯基 | source: Fig. 2b Kendrick 质量亏损图
C16H29NO6,NO3-,adduct,nitrate CI-APi-TOF,gas,urban; Beijing / Nanjing / Shanghai / Hong Kong (Chinese megacity clusters),atmosphere,urban,"Nie, Yan et al., 2022, Nat. Geosci.",10.1038/s41561-022-00922-5,series-expanded（CH2 同系物系列）：aliphatic-OOM，单硝酸酯（CHON） | as written: C3-16H3-29O6N | DBE 2，整数 ⇒ 闭壳层 | 展开依据：该标签标注的是 Kendrick 质量亏损图上的一条 CH2 同系线——C 从 3 到 16、H 从 3 到 29，ΔH = 2ΔC，即每加一个 CH2；沿线 DBE 恒为 2，与图例吻合。**不是 C×H 笛卡尔积** | 第 0 步依据：硝酸根 CIMS。原文 Fig. 2a 把 OOM 分成 mononitrate-OOMs (CHON)、di-nitrate-OOMs (CHON2) 与**non-nitrate-OOMs (CHO)** 三类——存在完全不含 N 的 CHO 类 ⇒ 若为离子式则每条必带 NO3、必含 N，故写的是**中性分子式**，式中的 N 是分子自带的硝酸酯基 | source: Fig. 2b Kendrick 质量亏损图
C6H7NO6,NO3-,adduct,nitrate CI-APi-TOF,gas,urban; Beijing / Nanjing / Shanghai / Hong Kong (Chinese megacity clusters),atmosphere,urban,"Nie, Yan et al., 2022, Nat. Geosci.",10.1038/s41561-022-00922-5,series-expanded（CH2 同系物系列）：aromatic-OOM，单硝酸酯（CHON） | as written: C6-15H7-25O6N | DBE 3，整数 ⇒ 闭壳层 | 展开依据：该标签标注的是 Kendrick 质量亏损图上的一条 CH2 同系线——C 从 6 到 15、H 从 7 到 25，ΔH = 2ΔC，即每加一个 CH2；沿线 DBE 恒为 3，与图例吻合。**不是 C×H 笛卡尔积** | 第 0 步依据：硝酸根 CIMS。原文 Fig. 2a 把 OOM 分成 mononitrate-OOMs (CHON)、di-nitrate-OOMs (CHON2) 与**non-nitrate-OOMs (CHO)** 三类——存在完全不含 N 的 CHO 类 ⇒ 若为离子式则每条必带 NO3、必含 N，故写的是**中性分子式**，式中的 N 是分子自带的硝酸酯基 | source: Fig. 2b Kendrick 质量亏损图
C7H9NO6,NO3-,adduct,nitrate CI-APi-TOF,gas,urban; Beijing / Nanjing / Shanghai / Hong Kong (Chinese megacity clusters),atmosphere,urban,"Nie, Yan et al., 2022, Nat. Geosci.",10.1038/s41561-022-00922-5,series-expanded（CH2 同系物系列）：aromatic-OOM，单硝酸酯（CHON） | as written: C6-15H7-25O6N | DBE 3，整数 ⇒ 闭壳层 | 展开依据：该标签标注的是 Kendrick 质量亏损图上的一条 CH2 同系线——C 从 6 到 15、H 从 7 到 25，ΔH = 2ΔC，即每加一个 CH2；沿线 DBE 恒为 3，与图例吻合。**不是 C×H 笛卡尔积** | 第 0 步依据：硝酸根 CIMS。原文 Fig. 2a 把 OOM 分成 mononitrate-OOMs (CHON)、di-nitrate-OOMs (CHON2) 与**non-nitrate-OOMs (CHO)** 三类——存在完全不含 N 的 CHO 类 ⇒ 若为离子式则每条必带 NO3、必含 N，故写的是**中性分子式**，式中的 N 是分子自带的硝酸酯基 | source: Fig. 2b Kendrick 质量亏损图
C8H11NO6,NO3-,adduct,nitrate CI-APi-TOF,gas,urban; Beijing / Nanjing / Shanghai / Hong Kong (Chinese megacity clusters),atmosphere,urban,"Nie, Yan et al., 2022, Nat. Geosci.",10.1038/s41561-022-00922-5,series-expanded（CH2 同系物系列）：aromatic-OOM，单硝酸酯（CHON） | as written: C6-15H7-25O6N | DBE 3，整数 ⇒ 闭壳层 | 展开依据：该标签标注的是 Kendrick 质量亏损图上的一条 CH2 同系线——C 从 6 到 15、H 从 7 到 25，ΔH = 2ΔC，即每加一个 CH2；沿线 DBE 恒为 3，与图例吻合。**不是 C×H 笛卡尔积** | 第 0 步依据：硝酸根 CIMS。原文 Fig. 2a 把 OOM 分成 mononitrate-OOMs (CHON)、di-nitrate-OOMs (CHON2) 与**non-nitrate-OOMs (CHO)** 三类——存在完全不含 N 的 CHO 类 ⇒ 若为离子式则每条必带 NO3、必含 N，故写的是**中性分子式**，式中的 N 是分子自带的硝酸酯基 | source: Fig. 2b Kendrick 质量亏损图
C9H13NO6,NO3-,adduct,nitrate CI-APi-TOF,gas,urban; Beijing / Nanjing / Shanghai / Hong Kong (Chinese megacity clusters),atmosphere,urban,"Nie, Yan et al., 2022, Nat. Geosci.",10.1038/s41561-022-00922-5,series-expanded（CH2 同系物系列）：aromatic-OOM，单硝酸酯（CHON） | as written: C6-15H7-25O6N | DBE 3，整数 ⇒ 闭壳层 | 展开依据：该标签标注的是 Kendrick 质量亏损图上的一条 CH2 同系线——C 从 6 到 15、H 从 7 到 25，ΔH = 2ΔC，即每加一个 CH2；沿线 DBE 恒为 3，与图例吻合。**不是 C×H 笛卡尔积** | 第 0 步依据：硝酸根 CIMS。原文 Fig. 2a 把 OOM 分成 mononitrate-OOMs (CHON)、di-nitrate-OOMs (CHON2) 与**non-nitrate-OOMs (CHO)** 三类——存在完全不含 N 的 CHO 类 ⇒ 若为离子式则每条必带 NO3、必含 N，故写的是**中性分子式**，式中的 N 是分子自带的硝酸酯基 | source: Fig. 2b Kendrick 质量亏损图
C10H15NO6,NO3-,adduct,nitrate CI-APi-TOF,gas,urban; Beijing / Nanjing / Shanghai / Hong Kong (Chinese megacity clusters),atmosphere,urban,"Nie, Yan et al., 2022, Nat. Geosci.",10.1038/s41561-022-00922-5,series-expanded（CH2 同系物系列）：aromatic-OOM，单硝酸酯（CHON） | as written: C6-15H7-25O6N | DBE 3，整数 ⇒ 闭壳层 | 展开依据：该标签标注的是 Kendrick 质量亏损图上的一条 CH2 同系线——C 从 6 到 15、H 从 7 到 25，ΔH = 2ΔC，即每加一个 CH2；沿线 DBE 恒为 3，与图例吻合。**不是 C×H 笛卡尔积** | 第 0 步依据：硝酸根 CIMS。原文 Fig. 2a 把 OOM 分成 mononitrate-OOMs (CHON)、di-nitrate-OOMs (CHON2) 与**non-nitrate-OOMs (CHO)** 三类——存在完全不含 N 的 CHO 类 ⇒ 若为离子式则每条必带 NO3、必含 N，故写的是**中性分子式**，式中的 N 是分子自带的硝酸酯基 | source: Fig. 2b Kendrick 质量亏损图
C11H17NO6,NO3-,adduct,nitrate CI-APi-TOF,gas,urban; Beijing / Nanjing / Shanghai / Hong Kong (Chinese megacity clusters),atmosphere,urban,"Nie, Yan et al., 2022, Nat. Geosci.",10.1038/s41561-022-00922-5,series-expanded（CH2 同系物系列）：aromatic-OOM，单硝酸酯（CHON） | as written: C6-15H7-25O6N | DBE 3，整数 ⇒ 闭壳层 | 展开依据：该标签标注的是 Kendrick 质量亏损图上的一条 CH2 同系线——C 从 6 到 15、H 从 7 到 25，ΔH = 2ΔC，即每加一个 CH2；沿线 DBE 恒为 3，与图例吻合。**不是 C×H 笛卡尔积** | 第 0 步依据：硝酸根 CIMS。原文 Fig. 2a 把 OOM 分成 mononitrate-OOMs (CHON)、di-nitrate-OOMs (CHON2) 与**non-nitrate-OOMs (CHO)** 三类——存在完全不含 N 的 CHO 类 ⇒ 若为离子式则每条必带 NO3、必含 N，故写的是**中性分子式**，式中的 N 是分子自带的硝酸酯基 | source: Fig. 2b Kendrick 质量亏损图
C12H19NO6,NO3-,adduct,nitrate CI-APi-TOF,gas,urban; Beijing / Nanjing / Shanghai / Hong Kong (Chinese megacity clusters),atmosphere,urban,"Nie, Yan et al., 2022, Nat. Geosci.",10.1038/s41561-022-00922-5,series-expanded（CH2 同系物系列）：aromatic-OOM，单硝酸酯（CHON） | as written: C6-15H7-25O6N | DBE 3，整数 ⇒ 闭壳层 | 展开依据：该标签标注的是 Kendrick 质量亏损图上的一条 CH2 同系线——C 从 6 到 15、H 从 7 到 25，ΔH = 2ΔC，即每加一个 CH2；沿线 DBE 恒为 3，与图例吻合。**不是 C×H 笛卡尔积** | 第 0 步依据：硝酸根 CIMS。原文 Fig. 2a 把 OOM 分成 mononitrate-OOMs (CHON)、di-nitrate-OOMs (CHON2) 与**non-nitrate-OOMs (CHO)** 三类——存在完全不含 N 的 CHO 类 ⇒ 若为离子式则每条必带 NO3、必含 N，故写的是**中性分子式**，式中的 N 是分子自带的硝酸酯基 | source: Fig. 2b Kendrick 质量亏损图
C13H21NO6,NO3-,adduct,nitrate CI-APi-TOF,gas,urban; Beijing / Nanjing / Shanghai / Hong Kong (Chinese megacity clusters),atmosphere,urban,"Nie, Yan et al., 2022, Nat. Geosci.",10.1038/s41561-022-00922-5,series-expanded（CH2 同系物系列）：aromatic-OOM，单硝酸酯（CHON） | as written: C6-15H7-25O6N | DBE 3，整数 ⇒ 闭壳层 | 展开依据：该标签标注的是 Kendrick 质量亏损图上的一条 CH2 同系线——C 从 6 到 15、H 从 7 到 25，ΔH = 2ΔC，即每加一个 CH2；沿线 DBE 恒为 3，与图例吻合。**不是 C×H 笛卡尔积** | 第 0 步依据：硝酸根 CIMS。原文 Fig. 2a 把 OOM 分成 mononitrate-OOMs (CHON)、di-nitrate-OOMs (CHON2) 与**non-nitrate-OOMs (CHO)** 三类——存在完全不含 N 的 CHO 类 ⇒ 若为离子式则每条必带 NO3、必含 N，故写的是**中性分子式**，式中的 N 是分子自带的硝酸酯基 | source: Fig. 2b Kendrick 质量亏损图
C14H23NO6,NO3-,adduct,nitrate CI-APi-TOF,gas,urban; Beijing / Nanjing / Shanghai / Hong Kong (Chinese megacity clusters),atmosphere,urban,"Nie, Yan et al., 2022, Nat. Geosci.",10.1038/s41561-022-00922-5,series-expanded（CH2 同系物系列）：aromatic-OOM，单硝酸酯（CHON） | as written: C6-15H7-25O6N | DBE 3，整数 ⇒ 闭壳层 | 展开依据：该标签标注的是 Kendrick 质量亏损图上的一条 CH2 同系线——C 从 6 到 15、H 从 7 到 25，ΔH = 2ΔC，即每加一个 CH2；沿线 DBE 恒为 3，与图例吻合。**不是 C×H 笛卡尔积** | 第 0 步依据：硝酸根 CIMS。原文 Fig. 2a 把 OOM 分成 mononitrate-OOMs (CHON)、di-nitrate-OOMs (CHON2) 与**non-nitrate-OOMs (CHO)** 三类——存在完全不含 N 的 CHO 类 ⇒ 若为离子式则每条必带 NO3、必含 N，故写的是**中性分子式**，式中的 N 是分子自带的硝酸酯基 | source: Fig. 2b Kendrick 质量亏损图
C15H25NO6,NO3-,adduct,nitrate CI-APi-TOF,gas,urban; Beijing / Nanjing / Shanghai / Hong Kong (Chinese megacity clusters),atmosphere,urban,"Nie, Yan et al., 2022, Nat. Geosci.",10.1038/s41561-022-00922-5,series-expanded（CH2 同系物系列）：aromatic-OOM，单硝酸酯（CHON） | as written: C6-15H7-25O6N | DBE 3，整数 ⇒ 闭壳层 | 展开依据：该标签标注的是 Kendrick 质量亏损图上的一条 CH2 同系线——C 从 6 到 15、H 从 7 到 25，ΔH = 2ΔC，即每加一个 CH2；沿线 DBE 恒为 3，与图例吻合。**不是 C×H 笛卡尔积** | 第 0 步依据：硝酸根 CIMS。原文 Fig. 2a 把 OOM 分成 mononitrate-OOMs (CHON)、di-nitrate-OOMs (CHON2) 与**non-nitrate-OOMs (CHO)** 三类——存在完全不含 N 的 CHO 类 ⇒ 若为离子式则每条必带 NO3、必含 N，故写的是**中性分子式**，式中的 N 是分子自带的硝酸酯基 | source: Fig. 2b Kendrick 质量亏损图
C4H3NO7,NO3-,adduct,nitrate CI-APi-TOF,gas,urban; Beijing / Nanjing / Shanghai / Hong Kong (Chinese megacity clusters),atmosphere,urban,"Nie, Yan et al., 2022, Nat. Geosci.",10.1038/s41561-022-00922-5,series-expanded（CH2 同系物系列）：aromatic-OOM，单硝酸酯（CHON） | as written: C4-15H3-25O7N | DBE 3，整数 ⇒ 闭壳层 | 展开依据：该标签标注的是 Kendrick 质量亏损图上的一条 CH2 同系线——C 从 4 到 15、H 从 3 到 25，ΔH = 2ΔC，即每加一个 CH2；沿线 DBE 恒为 3，与图例吻合。**不是 C×H 笛卡尔积** | 第 0 步依据：硝酸根 CIMS。原文 Fig. 2a 把 OOM 分成 mononitrate-OOMs (CHON)、di-nitrate-OOMs (CHON2) 与**non-nitrate-OOMs (CHO)** 三类——存在完全不含 N 的 CHO 类 ⇒ 若为离子式则每条必带 NO3、必含 N，故写的是**中性分子式**，式中的 N 是分子自带的硝酸酯基 | source: Fig. 2b Kendrick 质量亏损图
C5H5NO7,NO3-,adduct,nitrate CI-APi-TOF,gas,urban; Beijing / Nanjing / Shanghai / Hong Kong (Chinese megacity clusters),atmosphere,urban,"Nie, Yan et al., 2022, Nat. Geosci.",10.1038/s41561-022-00922-5,series-expanded（CH2 同系物系列）：aromatic-OOM，单硝酸酯（CHON） | as written: C4-15H3-25O7N | DBE 3，整数 ⇒ 闭壳层 | 展开依据：该标签标注的是 Kendrick 质量亏损图上的一条 CH2 同系线——C 从 4 到 15、H 从 3 到 25，ΔH = 2ΔC，即每加一个 CH2；沿线 DBE 恒为 3，与图例吻合。**不是 C×H 笛卡尔积** | 第 0 步依据：硝酸根 CIMS。原文 Fig. 2a 把 OOM 分成 mononitrate-OOMs (CHON)、di-nitrate-OOMs (CHON2) 与**non-nitrate-OOMs (CHO)** 三类——存在完全不含 N 的 CHO 类 ⇒ 若为离子式则每条必带 NO3、必含 N，故写的是**中性分子式**，式中的 N 是分子自带的硝酸酯基 | source: Fig. 2b Kendrick 质量亏损图
C6H7NO7,NO3-,adduct,nitrate CI-APi-TOF,gas,urban; Beijing / Nanjing / Shanghai / Hong Kong (Chinese megacity clusters),atmosphere,urban,"Nie, Yan et al., 2022, Nat. Geosci.",10.1038/s41561-022-00922-5,series-expanded（CH2 同系物系列）：aromatic-OOM，单硝酸酯（CHON） | as written: C4-15H3-25O7N | DBE 3，整数 ⇒ 闭壳层 | 展开依据：该标签标注的是 Kendrick 质量亏损图上的一条 CH2 同系线——C 从 4 到 15、H 从 3 到 25，ΔH = 2ΔC，即每加一个 CH2；沿线 DBE 恒为 3，与图例吻合。**不是 C×H 笛卡尔积** | 第 0 步依据：硝酸根 CIMS。原文 Fig. 2a 把 OOM 分成 mononitrate-OOMs (CHON)、di-nitrate-OOMs (CHON2) 与**non-nitrate-OOMs (CHO)** 三类——存在完全不含 N 的 CHO 类 ⇒ 若为离子式则每条必带 NO3、必含 N，故写的是**中性分子式**，式中的 N 是分子自带的硝酸酯基 | source: Fig. 2b Kendrick 质量亏损图
C7H9NO7,NO3-,adduct,nitrate CI-APi-TOF,gas,urban; Beijing / Nanjing / Shanghai / Hong Kong (Chinese megacity clusters),atmosphere,urban,"Nie, Yan et al., 2022, Nat. Geosci.",10.1038/s41561-022-00922-5,series-expanded（CH2 同系物系列）：aromatic-OOM，单硝酸酯（CHON） | as written: C4-15H3-25O7N | DBE 3，整数 ⇒ 闭壳层 | 展开依据：该标签标注的是 Kendrick 质量亏损图上的一条 CH2 同系线——C 从 4 到 15、H 从 3 到 25，ΔH = 2ΔC，即每加一个 CH2；沿线 DBE 恒为 3，与图例吻合。**不是 C×H 笛卡尔积** | 第 0 步依据：硝酸根 CIMS。原文 Fig. 2a 把 OOM 分成 mononitrate-OOMs (CHON)、di-nitrate-OOMs (CHON2) 与**non-nitrate-OOMs (CHO)** 三类——存在完全不含 N 的 CHO 类 ⇒ 若为离子式则每条必带 NO3、必含 N，故写的是**中性分子式**，式中的 N 是分子自带的硝酸酯基 | source: Fig. 2b Kendrick 质量亏损图
C8H11NO7,NO3-,adduct,nitrate CI-APi-TOF,gas,urban; Beijing / Nanjing / Shanghai / Hong Kong (Chinese megacity clusters),atmosphere,urban,"Nie, Yan et al., 2022, Nat. Geosci.",10.1038/s41561-022-00922-5,series-expanded（CH2 同系物系列）：aromatic-OOM，单硝酸酯（CHON） | as written: C4-15H3-25O7N | DBE 3，整数 ⇒ 闭壳层 | 展开依据：该标签标注的是 Kendrick 质量亏损图上的一条 CH2 同系线——C 从 4 到 15、H 从 3 到 25，ΔH = 2ΔC，即每加一个 CH2；沿线 DBE 恒为 3，与图例吻合。**不是 C×H 笛卡尔积** | 第 0 步依据：硝酸根 CIMS。原文 Fig. 2a 把 OOM 分成 mononitrate-OOMs (CHON)、di-nitrate-OOMs (CHON2) 与**non-nitrate-OOMs (CHO)** 三类——存在完全不含 N 的 CHO 类 ⇒ 若为离子式则每条必带 NO3、必含 N，故写的是**中性分子式**，式中的 N 是分子自带的硝酸酯基 | source: Fig. 2b Kendrick 质量亏损图
C9H13NO7,NO3-,adduct,nitrate CI-APi-TOF,gas,urban; Beijing / Nanjing / Shanghai / Hong Kong (Chinese megacity clusters),atmosphere,urban,"Nie, Yan et al., 2022, Nat. Geosci.",10.1038/s41561-022-00922-5,series-expanded（CH2 同系物系列）：aromatic-OOM，单硝酸酯（CHON） | as written: C4-15H3-25O7N | DBE 3，整数 ⇒ 闭壳层 | 展开依据：该标签标注的是 Kendrick 质量亏损图上的一条 CH2 同系线——C 从 4 到 15、H 从 3 到 25，ΔH = 2ΔC，即每加一个 CH2；沿线 DBE 恒为 3，与图例吻合。**不是 C×H 笛卡尔积** | 第 0 步依据：硝酸根 CIMS。原文 Fig. 2a 把 OOM 分成 mononitrate-OOMs (CHON)、di-nitrate-OOMs (CHON2) 与**non-nitrate-OOMs (CHO)** 三类——存在完全不含 N 的 CHO 类 ⇒ 若为离子式则每条必带 NO3、必含 N，故写的是**中性分子式**，式中的 N 是分子自带的硝酸酯基 | source: Fig. 2b Kendrick 质量亏损图
C10H15NO7,NO3-,adduct,nitrate CI-APi-TOF,gas,urban; Beijing / Nanjing / Shanghai / Hong Kong (Chinese megacity clusters),atmosphere,urban,"Nie, Yan et al., 2022, Nat. Geosci.",10.1038/s41561-022-00922-5,series-expanded（CH2 同系物系列）：aromatic-OOM，单硝酸酯（CHON） | as written: C4-15H3-25O7N | DBE 3，整数 ⇒ 闭壳层 | 展开依据：该标签标注的是 Kendrick 质量亏损图上的一条 CH2 同系线——C 从 4 到 15、H 从 3 到 25，ΔH = 2ΔC，即每加一个 CH2；沿线 DBE 恒为 3，与图例吻合。**不是 C×H 笛卡尔积** | 第 0 步依据：硝酸根 CIMS。原文 Fig. 2a 把 OOM 分成 mononitrate-OOMs (CHON)、di-nitrate-OOMs (CHON2) 与**non-nitrate-OOMs (CHO)** 三类——存在完全不含 N 的 CHO 类 ⇒ 若为离子式则每条必带 NO3、必含 N，故写的是**中性分子式**，式中的 N 是分子自带的硝酸酯基 | source: Fig. 2b Kendrick 质量亏损图
C11H17NO7,NO3-,adduct,nitrate CI-APi-TOF,gas,urban; Beijing / Nanjing / Shanghai / Hong Kong (Chinese megacity clusters),atmosphere,urban,"Nie, Yan et al., 2022, Nat. Geosci.",10.1038/s41561-022-00922-5,series-expanded（CH2 同系物系列）：aromatic-OOM，单硝酸酯（CHON） | as written: C4-15H3-25O7N | DBE 3，整数 ⇒ 闭壳层 | 展开依据：该标签标注的是 Kendrick 质量亏损图上的一条 CH2 同系线——C 从 4 到 15、H 从 3 到 25，ΔH = 2ΔC，即每加一个 CH2；沿线 DBE 恒为 3，与图例吻合。**不是 C×H 笛卡尔积** | 第 0 步依据：硝酸根 CIMS。原文 Fig. 2a 把 OOM 分成 mononitrate-OOMs (CHON)、di-nitrate-OOMs (CHON2) 与**non-nitrate-OOMs (CHO)** 三类——存在完全不含 N 的 CHO 类 ⇒ 若为离子式则每条必带 NO3、必含 N，故写的是**中性分子式**，式中的 N 是分子自带的硝酸酯基 | source: Fig. 2b Kendrick 质量亏损图
C12H19NO7,NO3-,adduct,nitrate CI-APi-TOF,gas,urban; Beijing / Nanjing / Shanghai / Hong Kong (Chinese megacity clusters),atmosphere,urban,"Nie, Yan et al., 2022, Nat. Geosci.",10.1038/s41561-022-00922-5,series-expanded（CH2 同系物系列）：aromatic-OOM，单硝酸酯（CHON） | as written: C4-15H3-25O7N | DBE 3，整数 ⇒ 闭壳层 | 展开依据：该标签标注的是 Kendrick 质量亏损图上的一条 CH2 同系线——C 从 4 到 15、H 从 3 到 25，ΔH = 2ΔC，即每加一个 CH2；沿线 DBE 恒为 3，与图例吻合。**不是 C×H 笛卡尔积** | 第 0 步依据：硝酸根 CIMS。原文 Fig. 2a 把 OOM 分成 mononitrate-OOMs (CHON)、di-nitrate-OOMs (CHON2) 与**non-nitrate-OOMs (CHO)** 三类——存在完全不含 N 的 CHO 类 ⇒ 若为离子式则每条必带 NO3、必含 N，故写的是**中性分子式**，式中的 N 是分子自带的硝酸酯基 | source: Fig. 2b Kendrick 质量亏损图
C13H21NO7,NO3-,adduct,nitrate CI-APi-TOF,gas,urban; Beijing / Nanjing / Shanghai / Hong Kong (Chinese megacity clusters),atmosphere,urban,"Nie, Yan et al., 2022, Nat. Geosci.",10.1038/s41561-022-00922-5,series-expanded（CH2 同系物系列）：aromatic-OOM，单硝酸酯（CHON） | as written: C4-15H3-25O7N | DBE 3，整数 ⇒ 闭壳层 | 展开依据：该标签标注的是 Kendrick 质量亏损图上的一条 CH2 同系线——C 从 4 到 15、H 从 3 到 25，ΔH = 2ΔC，即每加一个 CH2；沿线 DBE 恒为 3，与图例吻合。**不是 C×H 笛卡尔积** | 第 0 步依据：硝酸根 CIMS。原文 Fig. 2a 把 OOM 分成 mononitrate-OOMs (CHON)、di-nitrate-OOMs (CHON2) 与**non-nitrate-OOMs (CHO)** 三类——存在完全不含 N 的 CHO 类 ⇒ 若为离子式则每条必带 NO3、必含 N，故写的是**中性分子式**，式中的 N 是分子自带的硝酸酯基 | source: Fig. 2b Kendrick 质量亏损图
C14H23NO7,NO3-,adduct,nitrate CI-APi-TOF,gas,urban; Beijing / Nanjing / Shanghai / Hong Kong (Chinese megacity clusters),atmosphere,urban,"Nie, Yan et al., 2022, Nat. Geosci.",10.1038/s41561-022-00922-5,series-expanded（CH2 同系物系列）：aromatic-OOM，单硝酸酯（CHON） | as written: C4-15H3-25O7N | DBE 3，整数 ⇒ 闭壳层 | 展开依据：该标签标注的是 Kendrick 质量亏损图上的一条 CH2 同系线——C 从 4 到 15、H 从 3 到 25，ΔH = 2ΔC，即每加一个 CH2；沿线 DBE 恒为 3，与图例吻合。**不是 C×H 笛卡尔积** | 第 0 步依据：硝酸根 CIMS。原文 Fig. 2a 把 OOM 分成 mononitrate-OOMs (CHON)、di-nitrate-OOMs (CHON2) 与**non-nitrate-OOMs (CHO)** 三类——存在完全不含 N 的 CHO 类 ⇒ 若为离子式则每条必带 NO3、必含 N，故写的是**中性分子式**，式中的 N 是分子自带的硝酸酯基 | source: Fig. 2b Kendrick 质量亏损图
C15H25NO7,NO3-,adduct,nitrate CI-APi-TOF,gas,urban; Beijing / Nanjing / Shanghai / Hong Kong (Chinese megacity clusters),atmosphere,urban,"Nie, Yan et al., 2022, Nat. Geosci.",10.1038/s41561-022-00922-5,series-expanded（CH2 同系物系列）：aromatic-OOM，单硝酸酯（CHON） | as written: C4-15H3-25O7N | DBE 3，整数 ⇒ 闭壳层 | 展开依据：该标签标注的是 Kendrick 质量亏损图上的一条 CH2 同系线——C 从 4 到 15、H 从 3 到 25，ΔH = 2ΔC，即每加一个 CH2；沿线 DBE 恒为 3，与图例吻合。**不是 C×H 笛卡尔积** | 第 0 步依据：硝酸根 CIMS。原文 Fig. 2a 把 OOM 分成 mononitrate-OOMs (CHON)、di-nitrate-OOMs (CHON2) 与**non-nitrate-OOMs (CHO)** 三类——存在完全不含 N 的 CHO 类 ⇒ 若为离子式则每条必带 NO3、必含 N，故写的是**中性分子式**，式中的 N 是分子自带的硝酸酯基 | source: Fig. 2b Kendrick 质量亏损图
C4H5NO8,NO3-,adduct,nitrate CI-APi-TOF,gas,urban; Beijing / Nanjing / Shanghai / Hong Kong (Chinese megacity clusters),atmosphere,urban,"Nie, Yan et al., 2022, Nat. Geosci.",10.1038/s41561-022-00922-5,series-expanded（CH2 同系物系列）：aromatic-OOM，单硝酸酯（CHON） | as written: C4-12H5-21O8N | DBE 2，整数 ⇒ 闭壳层 | 展开依据：该标签标注的是 Kendrick 质量亏损图上的一条 CH2 同系线——C 从 4 到 12、H 从 5 到 21，ΔH = 2ΔC，即每加一个 CH2；沿线 DBE 恒为 2，与图例吻合。**不是 C×H 笛卡尔积** | 第 0 步依据：硝酸根 CIMS。原文 Fig. 2a 把 OOM 分成 mononitrate-OOMs (CHON)、di-nitrate-OOMs (CHON2) 与**non-nitrate-OOMs (CHO)** 三类——存在完全不含 N 的 CHO 类 ⇒ 若为离子式则每条必带 NO3、必含 N，故写的是**中性分子式**，式中的 N 是分子自带的硝酸酯基 | source: Fig. 2b Kendrick 质量亏损图
C5H7NO8,NO3-,adduct,nitrate CI-APi-TOF,gas,urban; Beijing / Nanjing / Shanghai / Hong Kong (Chinese megacity clusters),atmosphere,urban,"Nie, Yan et al., 2022, Nat. Geosci.",10.1038/s41561-022-00922-5,series-expanded（CH2 同系物系列）：aromatic-OOM，单硝酸酯（CHON） | as written: C4-12H5-21O8N | DBE 2，整数 ⇒ 闭壳层 | 展开依据：该标签标注的是 Kendrick 质量亏损图上的一条 CH2 同系线——C 从 4 到 12、H 从 5 到 21，ΔH = 2ΔC，即每加一个 CH2；沿线 DBE 恒为 2，与图例吻合。**不是 C×H 笛卡尔积** | 第 0 步依据：硝酸根 CIMS。原文 Fig. 2a 把 OOM 分成 mononitrate-OOMs (CHON)、di-nitrate-OOMs (CHON2) 与**non-nitrate-OOMs (CHO)** 三类——存在完全不含 N 的 CHO 类 ⇒ 若为离子式则每条必带 NO3、必含 N，故写的是**中性分子式**，式中的 N 是分子自带的硝酸酯基 | source: Fig. 2b Kendrick 质量亏损图
C6H9NO8,NO3-,adduct,nitrate CI-APi-TOF,gas,urban; Beijing / Nanjing / Shanghai / Hong Kong (Chinese megacity clusters),atmosphere,urban,"Nie, Yan et al., 2022, Nat. Geosci.",10.1038/s41561-022-00922-5,series-expanded（CH2 同系物系列）：aromatic-OOM，单硝酸酯（CHON） | as written: C4-12H5-21O8N | DBE 2，整数 ⇒ 闭壳层 | 展开依据：该标签标注的是 Kendrick 质量亏损图上的一条 CH2 同系线——C 从 4 到 12、H 从 5 到 21，ΔH = 2ΔC，即每加一个 CH2；沿线 DBE 恒为 2，与图例吻合。**不是 C×H 笛卡尔积** | 第 0 步依据：硝酸根 CIMS。原文 Fig. 2a 把 OOM 分成 mononitrate-OOMs (CHON)、di-nitrate-OOMs (CHON2) 与**non-nitrate-OOMs (CHO)** 三类——存在完全不含 N 的 CHO 类 ⇒ 若为离子式则每条必带 NO3、必含 N，故写的是**中性分子式**，式中的 N 是分子自带的硝酸酯基 | source: Fig. 2b Kendrick 质量亏损图
C7H11NO8,NO3-,adduct,nitrate CI-APi-TOF,gas,urban; Beijing / Nanjing / Shanghai / Hong Kong (Chinese megacity clusters),atmosphere,urban,"Nie, Yan et al., 2022, Nat. Geosci.",10.1038/s41561-022-00922-5,series-expanded（CH2 同系物系列）：aromatic-OOM，单硝酸酯（CHON） | as written: C4-12H5-21O8N | DBE 2，整数 ⇒ 闭壳层 | 展开依据：该标签标注的是 Kendrick 质量亏损图上的一条 CH2 同系线——C 从 4 到 12、H 从 5 到 21，ΔH = 2ΔC，即每加一个 CH2；沿线 DBE 恒为 2，与图例吻合。**不是 C×H 笛卡尔积** | 第 0 步依据：硝酸根 CIMS。原文 Fig. 2a 把 OOM 分成 mononitrate-OOMs (CHON)、di-nitrate-OOMs (CHON2) 与**non-nitrate-OOMs (CHO)** 三类——存在完全不含 N 的 CHO 类 ⇒ 若为离子式则每条必带 NO3、必含 N，故写的是**中性分子式**，式中的 N 是分子自带的硝酸酯基 | source: Fig. 2b Kendrick 质量亏损图
C8H13NO8,NO3-,adduct,nitrate CI-APi-TOF,gas,urban; Beijing / Nanjing / Shanghai / Hong Kong (Chinese megacity clusters),atmosphere,urban,"Nie, Yan et al., 2022, Nat. Geosci.",10.1038/s41561-022-00922-5,series-expanded（CH2 同系物系列）：aromatic-OOM，单硝酸酯（CHON） | as written: C4-12H5-21O8N | DBE 2，整数 ⇒ 闭壳层 | 展开依据：该标签标注的是 Kendrick 质量亏损图上的一条 CH2 同系线——C 从 4 到 12、H 从 5 到 21，ΔH = 2ΔC，即每加一个 CH2；沿线 DBE 恒为 2，与图例吻合。**不是 C×H 笛卡尔积** | 第 0 步依据：硝酸根 CIMS。原文 Fig. 2a 把 OOM 分成 mononitrate-OOMs (CHON)、di-nitrate-OOMs (CHON2) 与**non-nitrate-OOMs (CHO)** 三类——存在完全不含 N 的 CHO 类 ⇒ 若为离子式则每条必带 NO3、必含 N，故写的是**中性分子式**，式中的 N 是分子自带的硝酸酯基 | source: Fig. 2b Kendrick 质量亏损图
C9H15NO8,NO3-,adduct,nitrate CI-APi-TOF,gas,urban; Beijing / Nanjing / Shanghai / Hong Kong (Chinese megacity clusters),atmosphere,urban,"Nie, Yan et al., 2022, Nat. Geosci.",10.1038/s41561-022-00922-5,series-expanded（CH2 同系物系列）：aromatic-OOM，单硝酸酯（CHON） | as written: C4-12H5-21O8N | DBE 2，整数 ⇒ 闭壳层 | 展开依据：该标签标注的是 Kendrick 质量亏损图上的一条 CH2 同系线——C 从 4 到 12、H 从 5 到 21，ΔH = 2ΔC，即每加一个 CH2；沿线 DBE 恒为 2，与图例吻合。**不是 C×H 笛卡尔积** | 第 0 步依据：硝酸根 CIMS。原文 Fig. 2a 把 OOM 分成 mononitrate-OOMs (CHON)、di-nitrate-OOMs (CHON2) 与**non-nitrate-OOMs (CHO)** 三类——存在完全不含 N 的 CHO 类 ⇒ 若为离子式则每条必带 NO3、必含 N，故写的是**中性分子式**，式中的 N 是分子自带的硝酸酯基 | source: Fig. 2b Kendrick 质量亏损图
C10H17NO8,NO3-,adduct,nitrate CI-APi-TOF,gas,urban; Beijing / Nanjing / Shanghai / Hong Kong (Chinese megacity clusters),atmosphere,urban,"Nie, Yan et al., 2022, Nat. Geosci.",10.1038/s41561-022-00922-5,series-expanded（CH2 同系物系列）：aromatic-OOM，单硝酸酯（CHON） | as written: C4-12H5-21O8N | DBE 2，整数 ⇒ 闭壳层 | 展开依据：该标签标注的是 Kendrick 质量亏损图上的一条 CH2 同系线——C 从 4 到 12、H 从 5 到 21，ΔH = 2ΔC，即每加一个 CH2；沿线 DBE 恒为 2，与图例吻合。**不是 C×H 笛卡尔积** | 第 0 步依据：硝酸根 CIMS。原文 Fig. 2a 把 OOM 分成 mononitrate-OOMs (CHON)、di-nitrate-OOMs (CHON2) 与**non-nitrate-OOMs (CHO)** 三类——存在完全不含 N 的 CHO 类 ⇒ 若为离子式则每条必带 NO3、必含 N，故写的是**中性分子式**，式中的 N 是分子自带的硝酸酯基 | source: Fig. 2b Kendrick 质量亏损图
C11H19NO8,NO3-,adduct,nitrate CI-APi-TOF,gas,urban; Beijing / Nanjing / Shanghai / Hong Kong (Chinese megacity clusters),atmosphere,urban,"Nie, Yan et al., 2022, Nat. Geosci.",10.1038/s41561-022-00922-5,series-expanded（CH2 同系物系列）：aromatic-OOM，单硝酸酯（CHON） | as written: C4-12H5-21O8N | DBE 2，整数 ⇒ 闭壳层 | 展开依据：该标签标注的是 Kendrick 质量亏损图上的一条 CH2 同系线——C 从 4 到 12、H 从 5 到 21，ΔH = 2ΔC，即每加一个 CH2；沿线 DBE 恒为 2，与图例吻合。**不是 C×H 笛卡尔积** | 第 0 步依据：硝酸根 CIMS。原文 Fig. 2a 把 OOM 分成 mononitrate-OOMs (CHON)、di-nitrate-OOMs (CHON2) 与**non-nitrate-OOMs (CHO)** 三类——存在完全不含 N 的 CHO 类 ⇒ 若为离子式则每条必带 NO3、必含 N，故写的是**中性分子式**，式中的 N 是分子自带的硝酸酯基 | source: Fig. 2b Kendrick 质量亏损图
C12H21NO8,NO3-,adduct,nitrate CI-APi-TOF,gas,urban; Beijing / Nanjing / Shanghai / Hong Kong (Chinese megacity clusters),atmosphere,urban,"Nie, Yan et al., 2022, Nat. Geosci.",10.1038/s41561-022-00922-5,series-expanded（CH2 同系物系列）：aromatic-OOM，单硝酸酯（CHON） | as written: C4-12H5-21O8N | DBE 2，整数 ⇒ 闭壳层 | 展开依据：该标签标注的是 Kendrick 质量亏损图上的一条 CH2 同系线——C 从 4 到 12、H 从 5 到 21，ΔH = 2ΔC，即每加一个 CH2；沿线 DBE 恒为 2，与图例吻合。**不是 C×H 笛卡尔积** | 第 0 步依据：硝酸根 CIMS。原文 Fig. 2a 把 OOM 分成 mononitrate-OOMs (CHON)、di-nitrate-OOMs (CHON2) 与**non-nitrate-OOMs (CHO)** 三类——存在完全不含 N 的 CHO 类 ⇒ 若为离子式则每条必带 NO3、必含 N，故写的是**中性分子式**，式中的 N 是分子自带的硝酸酯基 | source: Fig. 2b Kendrick 质量亏损图
C6H12N2O7,NO3-,adduct,nitrate CI-APi-TOF,gas,urban; Beijing / Nanjing / Shanghai / Hong Kong (Chinese megacity clusters),atmosphere,urban,"Nie, Yan et al., 2022, Nat. Geosci.",10.1038/s41561-022-00922-5,series-expanded（CH2 同系物系列）：aliphatic-OOM，双硝酸酯（CHON2） | as written: C6-14H12-28O7N2 | DBE 0，整数 ⇒ 闭壳层 | 展开依据：该标签标注的是 Kendrick 质量亏损图上的一条 CH2 同系线——C 从 6 到 14、H 从 12 到 28，ΔH = 2ΔC，即每加一个 CH2；沿线 DBE 恒为 0，与图例吻合。**不是 C×H 笛卡尔积** | 第 0 步依据：硝酸根 CIMS。原文 Fig. 2a 把 OOM 分成 mononitrate-OOMs (CHON)、di-nitrate-OOMs (CHON2) 与**non-nitrate-OOMs (CHO)** 三类——存在完全不含 N 的 CHO 类 ⇒ 若为离子式则每条必带 NO3、必含 N，故写的是**中性分子式**，式中的 N 是分子自带的硝酸酯基 | source: Fig. 2b Kendrick 质量亏损图
C7H14N2O7,NO3-,adduct,nitrate CI-APi-TOF,gas,urban; Beijing / Nanjing / Shanghai / Hong Kong (Chinese megacity clusters),atmosphere,urban,"Nie, Yan et al., 2022, Nat. Geosci.",10.1038/s41561-022-00922-5,series-expanded（CH2 同系物系列）：aliphatic-OOM，双硝酸酯（CHON2） | as written: C6-14H12-28O7N2 | DBE 0，整数 ⇒ 闭壳层 | 展开依据：该标签标注的是 Kendrick 质量亏损图上的一条 CH2 同系线——C 从 6 到 14、H 从 12 到 28，ΔH = 2ΔC，即每加一个 CH2；沿线 DBE 恒为 0，与图例吻合。**不是 C×H 笛卡尔积** | 第 0 步依据：硝酸根 CIMS。原文 Fig. 2a 把 OOM 分成 mononitrate-OOMs (CHON)、di-nitrate-OOMs (CHON2) 与**non-nitrate-OOMs (CHO)** 三类——存在完全不含 N 的 CHO 类 ⇒ 若为离子式则每条必带 NO3、必含 N，故写的是**中性分子式**，式中的 N 是分子自带的硝酸酯基 | source: Fig. 2b Kendrick 质量亏损图
C8H16N2O7,NO3-,adduct,nitrate CI-APi-TOF,gas,urban; Beijing / Nanjing / Shanghai / Hong Kong (Chinese megacity clusters),atmosphere,urban,"Nie, Yan et al., 2022, Nat. Geosci.",10.1038/s41561-022-00922-5,series-expanded（CH2 同系物系列）：aliphatic-OOM，双硝酸酯（CHON2） | as written: C6-14H12-28O7N2 | DBE 0，整数 ⇒ 闭壳层 | 展开依据：该标签标注的是 Kendrick 质量亏损图上的一条 CH2 同系线——C 从 6 到 14、H 从 12 到 28，ΔH = 2ΔC，即每加一个 CH2；沿线 DBE 恒为 0，与图例吻合。**不是 C×H 笛卡尔积** | 第 0 步依据：硝酸根 CIMS。原文 Fig. 2a 把 OOM 分成 mononitrate-OOMs (CHON)、di-nitrate-OOMs (CHON2) 与**non-nitrate-OOMs (CHO)** 三类——存在完全不含 N 的 CHO 类 ⇒ 若为离子式则每条必带 NO3、必含 N，故写的是**中性分子式**，式中的 N 是分子自带的硝酸酯基 | source: Fig. 2b Kendrick 质量亏损图
C9H18N2O7,NO3-,adduct,nitrate CI-APi-TOF,gas,urban; Beijing / Nanjing / Shanghai / Hong Kong (Chinese megacity clusters),atmosphere,urban,"Nie, Yan et al., 2022, Nat. Geosci.",10.1038/s41561-022-00922-5,series-expanded（CH2 同系物系列）：aliphatic-OOM，双硝酸酯（CHON2） | as written: C6-14H12-28O7N2 | DBE 0，整数 ⇒ 闭壳层 | 展开依据：该标签标注的是 Kendrick 质量亏损图上的一条 CH2 同系线——C 从 6 到 14、H 从 12 到 28，ΔH = 2ΔC，即每加一个 CH2；沿线 DBE 恒为 0，与图例吻合。**不是 C×H 笛卡尔积** | 第 0 步依据：硝酸根 CIMS。原文 Fig. 2a 把 OOM 分成 mononitrate-OOMs (CHON)、di-nitrate-OOMs (CHON2) 与**non-nitrate-OOMs (CHO)** 三类——存在完全不含 N 的 CHO 类 ⇒ 若为离子式则每条必带 NO3、必含 N，故写的是**中性分子式**，式中的 N 是分子自带的硝酸酯基 | source: Fig. 2b Kendrick 质量亏损图
C10H20N2O7,NO3-,adduct,nitrate CI-APi-TOF,gas,urban; Beijing / Nanjing / Shanghai / Hong Kong (Chinese megacity clusters),atmosphere,urban,"Nie, Yan et al., 2022, Nat. Geosci.",10.1038/s41561-022-00922-5,series-expanded（CH2 同系物系列）：aliphatic-OOM，双硝酸酯（CHON2） | as written: C6-14H12-28O7N2 | DBE 0，整数 ⇒ 闭壳层 | 展开依据：该标签标注的是 Kendrick 质量亏损图上的一条 CH2 同系线——C 从 6 到 14、H 从 12 到 28，ΔH = 2ΔC，即每加一个 CH2；沿线 DBE 恒为 0，与图例吻合。**不是 C×H 笛卡尔积** | 第 0 步依据：硝酸根 CIMS。原文 Fig. 2a 把 OOM 分成 mononitrate-OOMs (CHON)、di-nitrate-OOMs (CHON2) 与**non-nitrate-OOMs (CHO)** 三类——存在完全不含 N 的 CHO 类 ⇒ 若为离子式则每条必带 NO3、必含 N，故写的是**中性分子式**，式中的 N 是分子自带的硝酸酯基 | source: Fig. 2b Kendrick 质量亏损图
C11H22N2O7,NO3-,adduct,nitrate CI-APi-TOF,gas,urban; Beijing / Nanjing / Shanghai / Hong Kong (Chinese megacity clusters),atmosphere,urban,"Nie, Yan et al., 2022, Nat. Geosci.",10.1038/s41561-022-00922-5,series-expanded（CH2 同系物系列）：aliphatic-OOM，双硝酸酯（CHON2） | as written: C6-14H12-28O7N2 | DBE 0，整数 ⇒ 闭壳层 | 展开依据：该标签标注的是 Kendrick 质量亏损图上的一条 CH2 同系线——C 从 6 到 14、H 从 12 到 28，ΔH = 2ΔC，即每加一个 CH2；沿线 DBE 恒为 0，与图例吻合。**不是 C×H 笛卡尔积** | 第 0 步依据：硝酸根 CIMS。原文 Fig. 2a 把 OOM 分成 mononitrate-OOMs (CHON)、di-nitrate-OOMs (CHON2) 与**non-nitrate-OOMs (CHO)** 三类——存在完全不含 N 的 CHO 类 ⇒ 若为离子式则每条必带 NO3、必含 N，故写的是**中性分子式**，式中的 N 是分子自带的硝酸酯基 | source: Fig. 2b Kendrick 质量亏损图
C12H24N2O7,NO3-,adduct,nitrate CI-APi-TOF,gas,urban; Beijing / Nanjing / Shanghai / Hong Kong (Chinese megacity clusters),atmosphere,urban,"Nie, Yan et al., 2022, Nat. Geosci.",10.1038/s41561-022-00922-5,series-expanded（CH2 同系物系列）：aliphatic-OOM，双硝酸酯（CHON2） | as written: C6-14H12-28O7N2 | DBE 0，整数 ⇒ 闭壳层 | 展开依据：该标签标注的是 Kendrick 质量亏损图上的一条 CH2 同系线——C 从 6 到 14、H 从 12 到 28，ΔH = 2ΔC，即每加一个 CH2；沿线 DBE 恒为 0，与图例吻合。**不是 C×H 笛卡尔积** | 第 0 步依据：硝酸根 CIMS。原文 Fig. 2a 把 OOM 分成 mononitrate-OOMs (CHON)、di-nitrate-OOMs (CHON2) 与**non-nitrate-OOMs (CHO)** 三类——存在完全不含 N 的 CHO 类 ⇒ 若为离子式则每条必带 NO3、必含 N，故写的是**中性分子式**，式中的 N 是分子自带的硝酸酯基 | source: Fig. 2b Kendrick 质量亏损图
C13H26N2O7,NO3-,adduct,nitrate CI-APi-TOF,gas,urban; Beijing / Nanjing / Shanghai / Hong Kong (Chinese megacity clusters),atmosphere,urban,"Nie, Yan et al., 2022, Nat. Geosci.",10.1038/s41561-022-00922-5,series-expanded（CH2 同系物系列）：aliphatic-OOM，双硝酸酯（CHON2） | as written: C6-14H12-28O7N2 | DBE 0，整数 ⇒ 闭壳层 | 展开依据：该标签标注的是 Kendrick 质量亏损图上的一条 CH2 同系线——C 从 6 到 14、H 从 12 到 28，ΔH = 2ΔC，即每加一个 CH2；沿线 DBE 恒为 0，与图例吻合。**不是 C×H 笛卡尔积** | 第 0 步依据：硝酸根 CIMS。原文 Fig. 2a 把 OOM 分成 mononitrate-OOMs (CHON)、di-nitrate-OOMs (CHON2) 与**non-nitrate-OOMs (CHO)** 三类——存在完全不含 N 的 CHO 类 ⇒ 若为离子式则每条必带 NO3、必含 N，故写的是**中性分子式**，式中的 N 是分子自带的硝酸酯基 | source: Fig. 2b Kendrick 质量亏损图
C14H28N2O7,NO3-,adduct,nitrate CI-APi-TOF,gas,urban; Beijing / Nanjing / Shanghai / Hong Kong (Chinese megacity clusters),atmosphere,urban,"Nie, Yan et al., 2022, Nat. Geosci.",10.1038/s41561-022-00922-5,series-expanded（CH2 同系物系列）：aliphatic-OOM，双硝酸酯（CHON2） | as written: C6-14H12-28O7N2 | DBE 0，整数 ⇒ 闭壳层 | 展开依据：该标签标注的是 Kendrick 质量亏损图上的一条 CH2 同系线——C 从 6 到 14、H 从 12 到 28，ΔH = 2ΔC，即每加一个 CH2；沿线 DBE 恒为 0，与图例吻合。**不是 C×H 笛卡尔积** | 第 0 步依据：硝酸根 CIMS。原文 Fig. 2a 把 OOM 分成 mononitrate-OOMs (CHON)、di-nitrate-OOMs (CHON2) 与**non-nitrate-OOMs (CHO)** 三类——存在完全不含 N 的 CHO 类 ⇒ 若为离子式则每条必带 NO3、必含 N，故写的是**中性分子式**，式中的 N 是分子自带的硝酸酯基 | source: Fig. 2b Kendrick 质量亏损图
C4H6N2O8,NO3-,adduct,nitrate CI-APi-TOF,gas,urban; Beijing / Nanjing / Shanghai / Hong Kong (Chinese megacity clusters),atmosphere,urban,"Nie, Yan et al., 2022, Nat. Geosci.",10.1038/s41561-022-00922-5,series-expanded（CH2 同系物系列）：aliphatic-OOM，双硝酸酯（CHON2） | as written: C4-13H6-24O8N2 | DBE 1，整数 ⇒ 闭壳层 | 展开依据：该标签标注的是 Kendrick 质量亏损图上的一条 CH2 同系线——C 从 4 到 13、H 从 6 到 24，ΔH = 2ΔC，即每加一个 CH2；沿线 DBE 恒为 1，与图例吻合。**不是 C×H 笛卡尔积** | 第 0 步依据：硝酸根 CIMS。原文 Fig. 2a 把 OOM 分成 mononitrate-OOMs (CHON)、di-nitrate-OOMs (CHON2) 与**non-nitrate-OOMs (CHO)** 三类——存在完全不含 N 的 CHO 类 ⇒ 若为离子式则每条必带 NO3、必含 N，故写的是**中性分子式**，式中的 N 是分子自带的硝酸酯基 | source: Fig. 2b Kendrick 质量亏损图
C5H8N2O8,NO3-,adduct,nitrate CI-APi-TOF,gas,urban; Beijing / Nanjing / Shanghai / Hong Kong (Chinese megacity clusters),atmosphere,urban,"Nie, Yan et al., 2022, Nat. Geosci.",10.1038/s41561-022-00922-5,series-expanded（CH2 同系物系列）：aliphatic-OOM，双硝酸酯（CHON2） | as written: C4-13H6-24O8N2 | DBE 1，整数 ⇒ 闭壳层 | 展开依据：该标签标注的是 Kendrick 质量亏损图上的一条 CH2 同系线——C 从 4 到 13、H 从 6 到 24，ΔH = 2ΔC，即每加一个 CH2；沿线 DBE 恒为 1，与图例吻合。**不是 C×H 笛卡尔积** | 第 0 步依据：硝酸根 CIMS。原文 Fig. 2a 把 OOM 分成 mononitrate-OOMs (CHON)、di-nitrate-OOMs (CHON2) 与**non-nitrate-OOMs (CHO)** 三类——存在完全不含 N 的 CHO 类 ⇒ 若为离子式则每条必带 NO3、必含 N，故写的是**中性分子式**，式中的 N 是分子自带的硝酸酯基 | source: Fig. 2b Kendrick 质量亏损图
C6H10N2O8,NO3-,adduct,nitrate CI-APi-TOF,gas,urban; Beijing / Nanjing / Shanghai / Hong Kong (Chinese megacity clusters),atmosphere,urban,"Nie, Yan et al., 2022, Nat. Geosci.",10.1038/s41561-022-00922-5,series-expanded（CH2 同系物系列）：aliphatic-OOM，双硝酸酯（CHON2） | as written: C4-13H6-24O8N2 | DBE 1，整数 ⇒ 闭壳层 | 展开依据：该标签标注的是 Kendrick 质量亏损图上的一条 CH2 同系线——C 从 4 到 13、H 从 6 到 24，ΔH = 2ΔC，即每加一个 CH2；沿线 DBE 恒为 1，与图例吻合。**不是 C×H 笛卡尔积** | 第 0 步依据：硝酸根 CIMS。原文 Fig. 2a 把 OOM 分成 mononitrate-OOMs (CHON)、di-nitrate-OOMs (CHON2) 与**non-nitrate-OOMs (CHO)** 三类——存在完全不含 N 的 CHO 类 ⇒ 若为离子式则每条必带 NO3、必含 N，故写的是**中性分子式**，式中的 N 是分子自带的硝酸酯基 | source: Fig. 2b Kendrick 质量亏损图
C7H12N2O8,NO3-,adduct,nitrate CI-APi-TOF,gas,urban; Beijing / Nanjing / Shanghai / Hong Kong (Chinese megacity clusters),atmosphere,urban,"Nie, Yan et al., 2022, Nat. Geosci.",10.1038/s41561-022-00922-5,series-expanded（CH2 同系物系列）：aliphatic-OOM，双硝酸酯（CHON2） | as written: C4-13H6-24O8N2 | DBE 1，整数 ⇒ 闭壳层 | 展开依据：该标签标注的是 Kendrick 质量亏损图上的一条 CH2 同系线——C 从 4 到 13、H 从 6 到 24，ΔH = 2ΔC，即每加一个 CH2；沿线 DBE 恒为 1，与图例吻合。**不是 C×H 笛卡尔积** | 第 0 步依据：硝酸根 CIMS。原文 Fig. 2a 把 OOM 分成 mononitrate-OOMs (CHON)、di-nitrate-OOMs (CHON2) 与**non-nitrate-OOMs (CHO)** 三类——存在完全不含 N 的 CHO 类 ⇒ 若为离子式则每条必带 NO3、必含 N，故写的是**中性分子式**，式中的 N 是分子自带的硝酸酯基 | source: Fig. 2b Kendrick 质量亏损图
C8H14N2O8,NO3-,adduct,nitrate CI-APi-TOF,gas,urban; Beijing / Nanjing / Shanghai / Hong Kong (Chinese megacity clusters),atmosphere,urban,"Nie, Yan et al., 2022, Nat. Geosci.",10.1038/s41561-022-00922-5,series-expanded（CH2 同系物系列）：aliphatic-OOM，双硝酸酯（CHON2） | as written: C4-13H6-24O8N2 | DBE 1，整数 ⇒ 闭壳层 | 展开依据：该标签标注的是 Kendrick 质量亏损图上的一条 CH2 同系线——C 从 4 到 13、H 从 6 到 24，ΔH = 2ΔC，即每加一个 CH2；沿线 DBE 恒为 1，与图例吻合。**不是 C×H 笛卡尔积** | 第 0 步依据：硝酸根 CIMS。原文 Fig. 2a 把 OOM 分成 mononitrate-OOMs (CHON)、di-nitrate-OOMs (CHON2) 与**non-nitrate-OOMs (CHO)** 三类——存在完全不含 N 的 CHO 类 ⇒ 若为离子式则每条必带 NO3、必含 N，故写的是**中性分子式**，式中的 N 是分子自带的硝酸酯基 | source: Fig. 2b Kendrick 质量亏损图
C9H16N2O8,NO3-,adduct,nitrate CI-APi-TOF,gas,urban; Beijing / Nanjing / Shanghai / Hong Kong (Chinese megacity clusters),atmosphere,urban,"Nie, Yan et al., 2022, Nat. Geosci.",10.1038/s41561-022-00922-5,series-expanded（CH2 同系物系列）：aliphatic-OOM，双硝酸酯（CHON2） | as written: C4-13H6-24O8N2 | DBE 1，整数 ⇒ 闭壳层 | 展开依据：该标签标注的是 Kendrick 质量亏损图上的一条 CH2 同系线——C 从 4 到 13、H 从 6 到 24，ΔH = 2ΔC，即每加一个 CH2；沿线 DBE 恒为 1，与图例吻合。**不是 C×H 笛卡尔积** | 第 0 步依据：硝酸根 CIMS。原文 Fig. 2a 把 OOM 分成 mononitrate-OOMs (CHON)、di-nitrate-OOMs (CHON2) 与**non-nitrate-OOMs (CHO)** 三类——存在完全不含 N 的 CHO 类 ⇒ 若为离子式则每条必带 NO3、必含 N，故写的是**中性分子式**，式中的 N 是分子自带的硝酸酯基 | source: Fig. 2b Kendrick 质量亏损图
C10H18N2O8,NO3-,adduct,nitrate CI-APi-TOF,gas,urban; Beijing / Nanjing / Shanghai / Hong Kong (Chinese megacity clusters),atmosphere,urban,"Nie, Yan et al., 2022, Nat. Geosci.",10.1038/s41561-022-00922-5,series-expanded（CH2 同系物系列）：aliphatic-OOM，双硝酸酯（CHON2） | as written: C4-13H6-24O8N2 | DBE 1，整数 ⇒ 闭壳层 | 展开依据：该标签标注的是 Kendrick 质量亏损图上的一条 CH2 同系线——C 从 4 到 13、H 从 6 到 24，ΔH = 2ΔC，即每加一个 CH2；沿线 DBE 恒为 1，与图例吻合。**不是 C×H 笛卡尔积** | 第 0 步依据：硝酸根 CIMS。原文 Fig. 2a 把 OOM 分成 mononitrate-OOMs (CHON)、di-nitrate-OOMs (CHON2) 与**non-nitrate-OOMs (CHO)** 三类——存在完全不含 N 的 CHO 类 ⇒ 若为离子式则每条必带 NO3、必含 N，故写的是**中性分子式**，式中的 N 是分子自带的硝酸酯基 | source: Fig. 2b Kendrick 质量亏损图
C11H20N2O8,NO3-,adduct,nitrate CI-APi-TOF,gas,urban; Beijing / Nanjing / Shanghai / Hong Kong (Chinese megacity clusters),atmosphere,urban,"Nie, Yan et al., 2022, Nat. Geosci.",10.1038/s41561-022-00922-5,series-expanded（CH2 同系物系列）：aliphatic-OOM，双硝酸酯（CHON2） | as written: C4-13H6-24O8N2 | DBE 1，整数 ⇒ 闭壳层 | 展开依据：该标签标注的是 Kendrick 质量亏损图上的一条 CH2 同系线——C 从 4 到 13、H 从 6 到 24，ΔH = 2ΔC，即每加一个 CH2；沿线 DBE 恒为 1，与图例吻合。**不是 C×H 笛卡尔积** | 第 0 步依据：硝酸根 CIMS。原文 Fig. 2a 把 OOM 分成 mononitrate-OOMs (CHON)、di-nitrate-OOMs (CHON2) 与**non-nitrate-OOMs (CHO)** 三类——存在完全不含 N 的 CHO 类 ⇒ 若为离子式则每条必带 NO3、必含 N，故写的是**中性分子式**，式中的 N 是分子自带的硝酸酯基 | source: Fig. 2b Kendrick 质量亏损图
C12H22N2O8,NO3-,adduct,nitrate CI-APi-TOF,gas,urban; Beijing / Nanjing / Shanghai / Hong Kong (Chinese megacity clusters),atmosphere,urban,"Nie, Yan et al., 2022, Nat. Geosci.",10.1038/s41561-022-00922-5,series-expanded（CH2 同系物系列）：aliphatic-OOM，双硝酸酯（CHON2） | as written: C4-13H6-24O8N2 | DBE 1，整数 ⇒ 闭壳层 | 展开依据：该标签标注的是 Kendrick 质量亏损图上的一条 CH2 同系线——C 从 4 到 13、H 从 6 到 24，ΔH = 2ΔC，即每加一个 CH2；沿线 DBE 恒为 1，与图例吻合。**不是 C×H 笛卡尔积** | 第 0 步依据：硝酸根 CIMS。原文 Fig. 2a 把 OOM 分成 mononitrate-OOMs (CHON)、di-nitrate-OOMs (CHON2) 与**non-nitrate-OOMs (CHO)** 三类——存在完全不含 N 的 CHO 类 ⇒ 若为离子式则每条必带 NO3、必含 N，故写的是**中性分子式**，式中的 N 是分子自带的硝酸酯基 | source: Fig. 2b Kendrick 质量亏损图
C13H24N2O8,NO3-,adduct,nitrate CI-APi-TOF,gas,urban; Beijing / Nanjing / Shanghai / Hong Kong (Chinese megacity clusters),atmosphere,urban,"Nie, Yan et al., 2022, Nat. Geosci.",10.1038/s41561-022-00922-5,series-expanded（CH2 同系物系列）：aliphatic-OOM，双硝酸酯（CHON2） | as written: C4-13H6-24O8N2 | DBE 1，整数 ⇒ 闭壳层 | 展开依据：该标签标注的是 Kendrick 质量亏损图上的一条 CH2 同系线——C 从 4 到 13、H 从 6 到 24，ΔH = 2ΔC，即每加一个 CH2；沿线 DBE 恒为 1，与图例吻合。**不是 C×H 笛卡尔积** | 第 0 步依据：硝酸根 CIMS。原文 Fig. 2a 把 OOM 分成 mononitrate-OOMs (CHON)、di-nitrate-OOMs (CHON2) 与**non-nitrate-OOMs (CHO)** 三类——存在完全不含 N 的 CHO 类 ⇒ 若为离子式则每条必带 NO3、必含 N，故写的是**中性分子式**，式中的 N 是分子自带的硝酸酯基 | source: Fig. 2b Kendrick 质量亏损图
C10H15O4,NO3-,adduct,nitrate CI-APi-TOF,gas,chamber; CERN CLOUD chamber; alpha-pinene + isoprene ozonolysis / photo-oxidation,chamber,,"Heinritzi et al., 2020, ACP",10.5194/acp-20-11809-2020,"RO2(ap)：alpha-蒎烯臭氧解自氧化 RO2 自由基 | as written: C10H15O4,6,8,10 | DBE 3.5，半整数 ⇒ RO2 自由基 | 第 0 步依据（判据 1）：硝酸根 CIMS 文献中，若写的是离子式则每条必带 NO3、即必含 N；而本文列出的分子式中存在完全不含 N 的（CHO 类），故写的是**中性分子式** | source: 正文 + Fig. 2 图注（原文显式枚举）"
C10H15O6,NO3-,adduct,nitrate CI-APi-TOF,gas,chamber; CERN CLOUD chamber; alpha-pinene + isoprene ozonolysis / photo-oxidation,chamber,,"Heinritzi et al., 2020, ACP",10.5194/acp-20-11809-2020,"RO2(ap)：alpha-蒎烯臭氧解自氧化 RO2 自由基 | as written: C10H15O4,6,8,10 | DBE 3.5，半整数 ⇒ RO2 自由基 | 第 0 步依据（判据 1）：硝酸根 CIMS 文献中，若写的是离子式则每条必带 NO3、即必含 N；而本文列出的分子式中存在完全不含 N 的（CHO 类），故写的是**中性分子式** | source: 正文 + Fig. 2 图注（原文显式枚举）"
C10H15O8,NO3-,adduct,nitrate CI-APi-TOF,gas,chamber; CERN CLOUD chamber; alpha-pinene + isoprene ozonolysis / photo-oxidation,chamber,,"Heinritzi et al., 2020, ACP",10.5194/acp-20-11809-2020,"RO2(ap)：alpha-蒎烯臭氧解自氧化 RO2 自由基 | as written: C10H15O4,6,8,10 | DBE 3.5，半整数 ⇒ RO2 自由基 | 第 0 步依据（判据 1）：硝酸根 CIMS 文献中，若写的是离子式则每条必带 NO3、即必含 N；而本文列出的分子式中存在完全不含 N 的（CHO 类），故写的是**中性分子式** | source: 正文 + Fig. 2 图注（原文显式枚举）"
C10H15O10,NO3-,adduct,nitrate CI-APi-TOF,gas,chamber; CERN CLOUD chamber; alpha-pinene + isoprene ozonolysis / photo-oxidation,chamber,,"Heinritzi et al., 2020, ACP",10.5194/acp-20-11809-2020,"RO2(ap)：alpha-蒎烯臭氧解自氧化 RO2 自由基 | as written: C10H15O4,6,8,10 | DBE 3.5，半整数 ⇒ RO2 自由基 | 第 0 步依据（判据 1）：硝酸根 CIMS 文献中，若写的是离子式则每条必带 NO3、即必含 N；而本文列出的分子式中存在完全不含 N 的（CHO 类），故写的是**中性分子式** | source: 正文 + Fig. 2 图注（原文显式枚举）"
C10H14O5,NO3-,adduct,nitrate CI-APi-TOF,gas,chamber; CERN CLOUD chamber; alpha-pinene + isoprene ozonolysis / photo-oxidation,chamber,,"Heinritzi et al., 2020, ACP",10.5194/acp-20-11809-2020,"range-expanded：alpha-蒎烯闭壳层单体 | as written: C10H14,16O5,7,9,11 | DBE 4，整数 ⇒ 闭壳层 | 第 0 步依据（判据 1）：硝酸根 CIMS 文献中，若写的是离子式则每条必带 NO3、即必含 N；而本文列出的分子式中存在完全不含 N 的（CHO 类），故写的是**中性分子式** | source: 正文（H 与 O 两个指标同时枚举 ⇒ 笛卡尔积）"
C10H14O7,NO3-,adduct,nitrate CI-APi-TOF,gas,chamber; CERN CLOUD chamber; alpha-pinene + isoprene ozonolysis / photo-oxidation,chamber,,"Heinritzi et al., 2020, ACP",10.5194/acp-20-11809-2020,"range-expanded：alpha-蒎烯闭壳层单体 | as written: C10H14,16O5,7,9,11 | DBE 4，整数 ⇒ 闭壳层 | 第 0 步依据（判据 1）：硝酸根 CIMS 文献中，若写的是离子式则每条必带 NO3、即必含 N；而本文列出的分子式中存在完全不含 N 的（CHO 类），故写的是**中性分子式** | source: 正文（H 与 O 两个指标同时枚举 ⇒ 笛卡尔积）"
C10H14O9,NO3-,adduct,nitrate CI-APi-TOF,gas,chamber; CERN CLOUD chamber; alpha-pinene + isoprene ozonolysis / photo-oxidation,chamber,,"Heinritzi et al., 2020, ACP",10.5194/acp-20-11809-2020,"range-expanded：alpha-蒎烯闭壳层单体 | as written: C10H14,16O5,7,9,11 | DBE 4，整数 ⇒ 闭壳层 | 第 0 步依据（判据 1）：硝酸根 CIMS 文献中，若写的是离子式则每条必带 NO3、即必含 N；而本文列出的分子式中存在完全不含 N 的（CHO 类），故写的是**中性分子式** | source: 正文（H 与 O 两个指标同时枚举 ⇒ 笛卡尔积）"
C10H14O11,NO3-,adduct,nitrate CI-APi-TOF,gas,chamber; CERN CLOUD chamber; alpha-pinene + isoprene ozonolysis / photo-oxidation,chamber,,"Heinritzi et al., 2020, ACP",10.5194/acp-20-11809-2020,"range-expanded：alpha-蒎烯闭壳层单体 | as written: C10H14,16O5,7,9,11 | DBE 4，整数 ⇒ 闭壳层 | 第 0 步依据（判据 1）：硝酸根 CIMS 文献中，若写的是离子式则每条必带 NO3、即必含 N；而本文列出的分子式中存在完全不含 N 的（CHO 类），故写的是**中性分子式** | source: 正文（H 与 O 两个指标同时枚举 ⇒ 笛卡尔积）"
C10H16O5,NO3-,adduct,nitrate CI-APi-TOF,gas,chamber; CERN CLOUD chamber; alpha-pinene + isoprene ozonolysis / photo-oxidation,chamber,,"Heinritzi et al., 2020, ACP",10.5194/acp-20-11809-2020,"range-expanded：alpha-蒎烯闭壳层单体 | as written: C10H14,16O5,7,9,11 | DBE 3，整数 ⇒ 闭壳层 | 第 0 步依据（判据 1）：硝酸根 CIMS 文献中，若写的是离子式则每条必带 NO3、即必含 N；而本文列出的分子式中存在完全不含 N 的（CHO 类），故写的是**中性分子式** | source: 正文（H 与 O 两个指标同时枚举 ⇒ 笛卡尔积）"
C10H16O7,NO3-,adduct,nitrate CI-APi-TOF,gas,chamber; CERN CLOUD chamber; alpha-pinene + isoprene ozonolysis / photo-oxidation,chamber,,"Heinritzi et al., 2020, ACP",10.5194/acp-20-11809-2020,"range-expanded：alpha-蒎烯闭壳层单体 | as written: C10H14,16O5,7,9,11 | DBE 3，整数 ⇒ 闭壳层 | 第 0 步依据（判据 1）：硝酸根 CIMS 文献中，若写的是离子式则每条必带 NO3、即必含 N；而本文列出的分子式中存在完全不含 N 的（CHO 类），故写的是**中性分子式** | source: 正文（H 与 O 两个指标同时枚举 ⇒ 笛卡尔积）"
C10H16O9,NO3-,adduct,nitrate CI-APi-TOF,gas,chamber; CERN CLOUD chamber; alpha-pinene + isoprene ozonolysis / photo-oxidation,chamber,,"Heinritzi et al., 2020, ACP",10.5194/acp-20-11809-2020,"range-expanded：alpha-蒎烯闭壳层单体 | as written: C10H14,16O5,7,9,11 | DBE 3，整数 ⇒ 闭壳层 | 第 0 步依据（判据 1）：硝酸根 CIMS 文献中，若写的是离子式则每条必带 NO3、即必含 N；而本文列出的分子式中存在完全不含 N 的（CHO 类），故写的是**中性分子式** | source: 正文（H 与 O 两个指标同时枚举 ⇒ 笛卡尔积）"
C10H16O11,NO3-,adduct,nitrate CI-APi-TOF,gas,chamber; CERN CLOUD chamber; alpha-pinene + isoprene ozonolysis / photo-oxidation,chamber,,"Heinritzi et al., 2020, ACP",10.5194/acp-20-11809-2020,"range-expanded：alpha-蒎烯闭壳层单体 | as written: C10H14,16O5,7,9,11 | DBE 3，整数 ⇒ 闭壳层 | 第 0 步依据（判据 1）：硝酸根 CIMS 文献中，若写的是离子式则每条必带 NO3、即必含 N；而本文列出的分子式中存在完全不含 N 的（CHO 类），故写的是**中性分子式** | source: 正文（H 与 O 两个指标同时枚举 ⇒ 笛卡尔积）"
C20H30O8,NO3-,adduct,nitrate CI-APi-TOF,gas,chamber; CERN CLOUD chamber; alpha-pinene + isoprene ozonolysis / photo-oxidation,chamber,,"Heinritzi et al., 2020, ACP",10.5194/acp-20-11809-2020,range-expanded：alpha-蒎烯 C20 二聚体 | as written: C20H30O8-16 | DBE 6，整数 ⇒ 闭壳层 | 第 0 步依据（判据 1）：硝酸根 CIMS 文献中，若写的是离子式则每条必带 NO3、即必含 N；而本文列出的分子式中存在完全不含 N 的（CHO 类），故写的是**中性分子式** | source: 正文 + Fig. 1a
C20H30O9,NO3-,adduct,nitrate CI-APi-TOF,gas,chamber; CERN CLOUD chamber; alpha-pinene + isoprene ozonolysis / photo-oxidation,chamber,,"Heinritzi et al., 2020, ACP",10.5194/acp-20-11809-2020,range-expanded：alpha-蒎烯 C20 二聚体 | as written: C20H30O8-16 | DBE 6，整数 ⇒ 闭壳层 | 第 0 步依据（判据 1）：硝酸根 CIMS 文献中，若写的是离子式则每条必带 NO3、即必含 N；而本文列出的分子式中存在完全不含 N 的（CHO 类），故写的是**中性分子式** | source: 正文 + Fig. 1a
C20H30O10,NO3-,adduct,nitrate CI-APi-TOF,gas,chamber; CERN CLOUD chamber; alpha-pinene + isoprene ozonolysis / photo-oxidation,chamber,,"Heinritzi et al., 2020, ACP",10.5194/acp-20-11809-2020,range-expanded：alpha-蒎烯 C20 二聚体 | as written: C20H30O8-16 | DBE 6，整数 ⇒ 闭壳层 | 第 0 步依据（判据 1）：硝酸根 CIMS 文献中，若写的是离子式则每条必带 NO3、即必含 N；而本文列出的分子式中存在完全不含 N 的（CHO 类），故写的是**中性分子式** | source: 正文 + Fig. 1a
C20H30O11,NO3-,adduct,nitrate CI-APi-TOF,gas,chamber; CERN CLOUD chamber; alpha-pinene + isoprene ozonolysis / photo-oxidation,chamber,,"Heinritzi et al., 2020, ACP",10.5194/acp-20-11809-2020,range-expanded：alpha-蒎烯 C20 二聚体 | as written: C20H30O8-16 | DBE 6，整数 ⇒ 闭壳层 | 第 0 步依据（判据 1）：硝酸根 CIMS 文献中，若写的是离子式则每条必带 NO3、即必含 N；而本文列出的分子式中存在完全不含 N 的（CHO 类），故写的是**中性分子式** | source: 正文 + Fig. 1a
C20H30O12,NO3-,adduct,nitrate CI-APi-TOF,gas,chamber; CERN CLOUD chamber; alpha-pinene + isoprene ozonolysis / photo-oxidation,chamber,,"Heinritzi et al., 2020, ACP",10.5194/acp-20-11809-2020,range-expanded：alpha-蒎烯 C20 二聚体 | as written: C20H30O8-16 | DBE 6，整数 ⇒ 闭壳层 | 第 0 步依据（判据 1）：硝酸根 CIMS 文献中，若写的是离子式则每条必带 NO3、即必含 N；而本文列出的分子式中存在完全不含 N 的（CHO 类），故写的是**中性分子式** | source: 正文 + Fig. 1a
C20H30O13,NO3-,adduct,nitrate CI-APi-TOF,gas,chamber; CERN CLOUD chamber; alpha-pinene + isoprene ozonolysis / photo-oxidation,chamber,,"Heinritzi et al., 2020, ACP",10.5194/acp-20-11809-2020,range-expanded：alpha-蒎烯 C20 二聚体 | as written: C20H30O8-16 | DBE 6，整数 ⇒ 闭壳层 | 第 0 步依据（判据 1）：硝酸根 CIMS 文献中，若写的是离子式则每条必带 NO3、即必含 N；而本文列出的分子式中存在完全不含 N 的（CHO 类），故写的是**中性分子式** | source: 正文 + Fig. 1a
C20H30O14,NO3-,adduct,nitrate CI-APi-TOF,gas,chamber; CERN CLOUD chamber; alpha-pinene + isoprene ozonolysis / photo-oxidation,chamber,,"Heinritzi et al., 2020, ACP",10.5194/acp-20-11809-2020,range-expanded：alpha-蒎烯 C20 二聚体 | as written: C20H30O8-16 | DBE 6，整数 ⇒ 闭壳层 | 第 0 步依据（判据 1）：硝酸根 CIMS 文献中，若写的是离子式则每条必带 NO3、即必含 N；而本文列出的分子式中存在完全不含 N 的（CHO 类），故写的是**中性分子式** | source: 正文 + Fig. 1a
C20H30O15,NO3-,adduct,nitrate CI-APi-TOF,gas,chamber; CERN CLOUD chamber; alpha-pinene + isoprene ozonolysis / photo-oxidation,chamber,,"Heinritzi et al., 2020, ACP",10.5194/acp-20-11809-2020,range-expanded：alpha-蒎烯 C20 二聚体 | as written: C20H30O8-16 | DBE 6，整数 ⇒ 闭壳层 | 第 0 步依据（判据 1）：硝酸根 CIMS 文献中，若写的是离子式则每条必带 NO3、即必含 N；而本文列出的分子式中存在完全不含 N 的（CHO 类），故写的是**中性分子式** | source: 正文 + Fig. 1a
C20H30O16,NO3-,adduct,nitrate CI-APi-TOF,gas,chamber; CERN CLOUD chamber; alpha-pinene + isoprene ozonolysis / photo-oxidation,chamber,,"Heinritzi et al., 2020, ACP",10.5194/acp-20-11809-2020,range-expanded：alpha-蒎烯 C20 二聚体 | as written: C20H30O8-16 | DBE 6，整数 ⇒ 闭壳层 | 第 0 步依据（判据 1）：硝酸根 CIMS 文献中，若写的是离子式则每条必带 NO3、即必含 N；而本文列出的分子式中存在完全不含 N 的（CHO 类），故写的是**中性分子式** | source: 正文 + Fig. 1a
C19H28O7,NO3-,adduct,nitrate CI-APi-TOF,gas,chamber; CERN CLOUD chamber; alpha-pinene + isoprene ozonolysis / photo-oxidation,chamber,,"Heinritzi et al., 2020, ACP",10.5194/acp-20-11809-2020,range-expanded：alpha-蒎烯 C19 二聚体 | as written: C19H28O7-11 | DBE 6，整数 ⇒ 闭壳层 | 第 0 步依据（判据 1）：硝酸根 CIMS 文献中，若写的是离子式则每条必带 NO3、即必含 N；而本文列出的分子式中存在完全不含 N 的（CHO 类），故写的是**中性分子式** | source: 正文 + Fig. 1a
C19H28O8,NO3-,adduct,nitrate CI-APi-TOF,gas,chamber; CERN CLOUD chamber; alpha-pinene + isoprene ozonolysis / photo-oxidation,chamber,,"Heinritzi et al., 2020, ACP",10.5194/acp-20-11809-2020,range-expanded：alpha-蒎烯 C19 二聚体 | as written: C19H28O7-11 | DBE 6，整数 ⇒ 闭壳层 | 第 0 步依据（判据 1）：硝酸根 CIMS 文献中，若写的是离子式则每条必带 NO3、即必含 N；而本文列出的分子式中存在完全不含 N 的（CHO 类），故写的是**中性分子式** | source: 正文 + Fig. 1a
C19H28O9,NO3-,adduct,nitrate CI-APi-TOF,gas,chamber; CERN CLOUD chamber; alpha-pinene + isoprene ozonolysis / photo-oxidation,chamber,,"Heinritzi et al., 2020, ACP",10.5194/acp-20-11809-2020,range-expanded：alpha-蒎烯 C19 二聚体 | as written: C19H28O7-11 | DBE 6，整数 ⇒ 闭壳层 | 第 0 步依据（判据 1）：硝酸根 CIMS 文献中，若写的是离子式则每条必带 NO3、即必含 N；而本文列出的分子式中存在完全不含 N 的（CHO 类），故写的是**中性分子式** | source: 正文 + Fig. 1a
C19H28O10,NO3-,adduct,nitrate CI-APi-TOF,gas,chamber; CERN CLOUD chamber; alpha-pinene + isoprene ozonolysis / photo-oxidation,chamber,,"Heinritzi et al., 2020, ACP",10.5194/acp-20-11809-2020,range-expanded：alpha-蒎烯 C19 二聚体 | as written: C19H28O7-11 | DBE 6，整数 ⇒ 闭壳层 | 第 0 步依据（判据 1）：硝酸根 CIMS 文献中，若写的是离子式则每条必带 NO3、即必含 N；而本文列出的分子式中存在完全不含 N 的（CHO 类），故写的是**中性分子式** | source: 正文 + Fig. 1a
C19H28O11,NO3-,adduct,nitrate CI-APi-TOF,gas,chamber; CERN CLOUD chamber; alpha-pinene + isoprene ozonolysis / photo-oxidation,chamber,,"Heinritzi et al., 2020, ACP",10.5194/acp-20-11809-2020,range-expanded：alpha-蒎烯 C19 二聚体 | as written: C19H28O7-11 | DBE 6，整数 ⇒ 闭壳层 | 第 0 步依据（判据 1）：硝酸根 CIMS 文献中，若写的是离子式则每条必带 NO3、即必含 N；而本文列出的分子式中存在完全不含 N 的（CHO 类），故写的是**中性分子式** | source: 正文 + Fig. 1a
C5H9O3,NO3-,adduct,nitrate CI-APi-TOF,gas,chamber; CERN CLOUD chamber; alpha-pinene + isoprene ozonolysis / photo-oxidation,chamber,,"Heinritzi et al., 2020, ACP",10.5194/acp-20-11809-2020,"RO2(ip)：异戊二烯 + OH 自氧化 RO2 自由基 | as written: C5H9O3,6,7,8,9（Fig.2 图注枚举；正文另写 C5H9O5-9，本处照抄图注的显式枚举） | DBE 1.5，半整数 ⇒ RO2 自由基 | 第 0 步依据（判据 1）：硝酸根 CIMS 文献中，若写的是离子式则每条必带 NO3、即必含 N；而本文列出的分子式中存在完全不含 N 的（CHO 类），故写的是**中性分子式** | source: Fig. 2 图注"
C5H9O6,NO3-,adduct,nitrate CI-APi-TOF,gas,chamber; CERN CLOUD chamber; alpha-pinene + isoprene ozonolysis / photo-oxidation,chamber,,"Heinritzi et al., 2020, ACP",10.5194/acp-20-11809-2020,"RO2(ip)：异戊二烯 + OH 自氧化 RO2 自由基 | as written: C5H9O3,6,7,8,9（Fig.2 图注枚举；正文另写 C5H9O5-9，本处照抄图注的显式枚举） | DBE 1.5，半整数 ⇒ RO2 自由基 | 第 0 步依据（判据 1）：硝酸根 CIMS 文献中，若写的是离子式则每条必带 NO3、即必含 N；而本文列出的分子式中存在完全不含 N 的（CHO 类），故写的是**中性分子式** | source: Fig. 2 图注"
C5H9O7,NO3-,adduct,nitrate CI-APi-TOF,gas,chamber; CERN CLOUD chamber; alpha-pinene + isoprene ozonolysis / photo-oxidation,chamber,,"Heinritzi et al., 2020, ACP",10.5194/acp-20-11809-2020,"RO2(ip)：异戊二烯 + OH 自氧化 RO2 自由基 | as written: C5H9O3,6,7,8,9（Fig.2 图注枚举；正文另写 C5H9O5-9，本处照抄图注的显式枚举） | DBE 1.5，半整数 ⇒ RO2 自由基 | 第 0 步依据（判据 1）：硝酸根 CIMS 文献中，若写的是离子式则每条必带 NO3、即必含 N；而本文列出的分子式中存在完全不含 N 的（CHO 类），故写的是**中性分子式** | source: Fig. 2 图注"
C5H9O8,NO3-,adduct,nitrate CI-APi-TOF,gas,chamber; CERN CLOUD chamber; alpha-pinene + isoprene ozonolysis / photo-oxidation,chamber,,"Heinritzi et al., 2020, ACP",10.5194/acp-20-11809-2020,"RO2(ip)：异戊二烯 + OH 自氧化 RO2 自由基 | as written: C5H9O3,6,7,8,9（Fig.2 图注枚举；正文另写 C5H9O5-9，本处照抄图注的显式枚举） | DBE 1.5，半整数 ⇒ RO2 自由基 | 第 0 步依据（判据 1）：硝酸根 CIMS 文献中，若写的是离子式则每条必带 NO3、即必含 N；而本文列出的分子式中存在完全不含 N 的（CHO 类），故写的是**中性分子式** | source: Fig. 2 图注"
C5H9O9,NO3-,adduct,nitrate CI-APi-TOF,gas,chamber; CERN CLOUD chamber; alpha-pinene + isoprene ozonolysis / photo-oxidation,chamber,,"Heinritzi et al., 2020, ACP",10.5194/acp-20-11809-2020,"RO2(ip)：异戊二烯 + OH 自氧化 RO2 自由基 | as written: C5H9O3,6,7,8,9（Fig.2 图注枚举；正文另写 C5H9O5-9，本处照抄图注的显式枚举） | DBE 1.5，半整数 ⇒ RO2 自由基 | 第 0 步依据（判据 1）：硝酸根 CIMS 文献中，若写的是离子式则每条必带 NO3、即必含 N；而本文列出的分子式中存在完全不含 N 的（CHO 类），故写的是**中性分子式** | source: Fig. 2 图注"
C5H8O5,NO3-,adduct,nitrate CI-APi-TOF,gas,chamber; CERN CLOUD chamber; alpha-pinene + isoprene ozonolysis / photo-oxidation,chamber,,"Heinritzi et al., 2020, ACP",10.5194/acp-20-11809-2020,series-expanded：异戊二烯闭壳层单体 | as written: C5H8O5-8 | DBE 2，整数 ⇒ 闭壳层 | 第 0 步依据（判据 1）：硝酸根 CIMS 文献中，若写的是离子式则每条必带 NO3、即必含 N；而本文列出的分子式中存在完全不含 N 的（CHO 类），故写的是**中性分子式** | source: 正文
C5H8O6,NO3-,adduct,nitrate CI-APi-TOF,gas,chamber; CERN CLOUD chamber; alpha-pinene + isoprene ozonolysis / photo-oxidation,chamber,,"Heinritzi et al., 2020, ACP",10.5194/acp-20-11809-2020,series-expanded：异戊二烯闭壳层单体 | as written: C5H8O5-8 | DBE 2，整数 ⇒ 闭壳层 | 第 0 步依据（判据 1）：硝酸根 CIMS 文献中，若写的是离子式则每条必带 NO3、即必含 N；而本文列出的分子式中存在完全不含 N 的（CHO 类），故写的是**中性分子式** | source: 正文
C5H8O7,NO3-,adduct,nitrate CI-APi-TOF,gas,chamber; CERN CLOUD chamber; alpha-pinene + isoprene ozonolysis / photo-oxidation,chamber,,"Heinritzi et al., 2020, ACP",10.5194/acp-20-11809-2020,series-expanded：异戊二烯闭壳层单体 | as written: C5H8O5-8 | DBE 2，整数 ⇒ 闭壳层 | 第 0 步依据（判据 1）：硝酸根 CIMS 文献中，若写的是离子式则每条必带 NO3、即必含 N；而本文列出的分子式中存在完全不含 N 的（CHO 类），故写的是**中性分子式** | source: 正文
C5H8O8,NO3-,adduct,nitrate CI-APi-TOF,gas,chamber; CERN CLOUD chamber; alpha-pinene + isoprene ozonolysis / photo-oxidation,chamber,,"Heinritzi et al., 2020, ACP",10.5194/acp-20-11809-2020,series-expanded：异戊二烯闭壳层单体 | as written: C5H8O5-8 | DBE 2，整数 ⇒ 闭壳层 | 第 0 步依据（判据 1）：硝酸根 CIMS 文献中，若写的是离子式则每条必带 NO3、即必含 N；而本文列出的分子式中存在完全不含 N 的（CHO 类），故写的是**中性分子式** | source: 正文
C5H10O5,NO3-,adduct,nitrate CI-APi-TOF,gas,chamber; CERN CLOUD chamber; alpha-pinene + isoprene ozonolysis / photo-oxidation,chamber,,"Heinritzi et al., 2020, ACP",10.5194/acp-20-11809-2020,series-expanded：异戊二烯闭壳层单体 | as written: C5H10O5-9 | DBE 1，整数 ⇒ 闭壳层 | 第 0 步依据（判据 1）：硝酸根 CIMS 文献中，若写的是离子式则每条必带 NO3、即必含 N；而本文列出的分子式中存在完全不含 N 的（CHO 类），故写的是**中性分子式** | source: 正文
C5H10O6,NO3-,adduct,nitrate CI-APi-TOF,gas,chamber; CERN CLOUD chamber; alpha-pinene + isoprene ozonolysis / photo-oxidation,chamber,,"Heinritzi et al., 2020, ACP",10.5194/acp-20-11809-2020,series-expanded：异戊二烯闭壳层单体 | as written: C5H10O5-9 | DBE 1，整数 ⇒ 闭壳层 | 第 0 步依据（判据 1）：硝酸根 CIMS 文献中，若写的是离子式则每条必带 NO3、即必含 N；而本文列出的分子式中存在完全不含 N 的（CHO 类），故写的是**中性分子式** | source: 正文
C5H10O7,NO3-,adduct,nitrate CI-APi-TOF,gas,chamber; CERN CLOUD chamber; alpha-pinene + isoprene ozonolysis / photo-oxidation,chamber,,"Heinritzi et al., 2020, ACP",10.5194/acp-20-11809-2020,series-expanded：异戊二烯闭壳层单体 | as written: C5H10O5-9 | DBE 1，整数 ⇒ 闭壳层 | 第 0 步依据（判据 1）：硝酸根 CIMS 文献中，若写的是离子式则每条必带 NO3、即必含 N；而本文列出的分子式中存在完全不含 N 的（CHO 类），故写的是**中性分子式** | source: 正文
C5H10O8,NO3-,adduct,nitrate CI-APi-TOF,gas,chamber; CERN CLOUD chamber; alpha-pinene + isoprene ozonolysis / photo-oxidation,chamber,,"Heinritzi et al., 2020, ACP",10.5194/acp-20-11809-2020,series-expanded：异戊二烯闭壳层单体 | as written: C5H10O5-9 | DBE 1，整数 ⇒ 闭壳层 | 第 0 步依据（判据 1）：硝酸根 CIMS 文献中，若写的是离子式则每条必带 NO3、即必含 N；而本文列出的分子式中存在完全不含 N 的（CHO 类），故写的是**中性分子式** | source: 正文
C5H10O9,NO3-,adduct,nitrate CI-APi-TOF,gas,chamber; CERN CLOUD chamber; alpha-pinene + isoprene ozonolysis / photo-oxidation,chamber,,"Heinritzi et al., 2020, ACP",10.5194/acp-20-11809-2020,series-expanded：异戊二烯闭壳层单体 | as written: C5H10O5-9 | DBE 1，整数 ⇒ 闭壳层 | 第 0 步依据（判据 1）：硝酸根 CIMS 文献中，若写的是离子式则每条必带 NO3、即必含 N；而本文列出的分子式中存在完全不含 N 的（CHO 类），故写的是**中性分子式** | source: 正文
C10H18O8,NO3-,adduct,nitrate CI-APi-TOF,gas,chamber; CERN CLOUD chamber; alpha-pinene + isoprene ozonolysis / photo-oxidation,chamber,,"Heinritzi et al., 2020, ACP",10.5194/acp-20-11809-2020,series-expanded：异戊二烯 C10 二聚体 | as written: C10H18O8-10 | DBE 2，整数 ⇒ 闭壳层 | 第 0 步依据（判据 1）：硝酸根 CIMS 文献中，若写的是离子式则每条必带 NO3、即必含 N；而本文列出的分子式中存在完全不含 N 的（CHO 类），故写的是**中性分子式** | source: 正文
C10H18O9,NO3-,adduct,nitrate CI-APi-TOF,gas,chamber; CERN CLOUD chamber; alpha-pinene + isoprene ozonolysis / photo-oxidation,chamber,,"Heinritzi et al., 2020, ACP",10.5194/acp-20-11809-2020,series-expanded：异戊二烯 C10 二聚体 | as written: C10H18O8-10 | DBE 2，整数 ⇒ 闭壳层 | 第 0 步依据（判据 1）：硝酸根 CIMS 文献中，若写的是离子式则每条必带 NO3、即必含 N；而本文列出的分子式中存在完全不含 N 的（CHO 类），故写的是**中性分子式** | source: 正文
C10H18O10,NO3-,adduct,nitrate CI-APi-TOF,gas,chamber; CERN CLOUD chamber; alpha-pinene + isoprene ozonolysis / photo-oxidation,chamber,,"Heinritzi et al., 2020, ACP",10.5194/acp-20-11809-2020,series-expanded：异戊二烯 C10 二聚体 | as written: C10H18O8-10 | DBE 2，整数 ⇒ 闭壳层 | 第 0 步依据（判据 1）：硝酸根 CIMS 文献中，若写的是离子式则每条必带 NO3、即必含 N；而本文列出的分子式中存在完全不含 N 的（CHO 类），故写的是**中性分子式** | source: 正文
C5H7ClO,H3O+,prot,(H2O)n H3O+ CIMS,gas,chamber; UT Austin environmental chamber; isoprene + Cl2/UV (chlorine-initiated oxidation),chamber,,"Wang and Ruiz, 2017, ACP",10.5194/acp-17-13491-2017,"Cl 引发异戊二烯氧化的气相产物 | as written: (C5H7ClO)H+ | DBE 2，整数 ⇒ 闭壳层 | 第 0 步依据：Fig. 6 的图例把中性分子用括号括出、试剂离子写在括号外 （如 ""(C5H8O2)H+""、""(C5H10O3)I-""）⇒ 括号内即中性分子式，书写约定无歧义 | source: Figure 6a"
C5H8O,H3O+,prot,(H2O)n H3O+ CIMS,gas,chamber; UT Austin environmental chamber; isoprene + Cl2/UV (chlorine-initiated oxidation),chamber,,"Wang and Ruiz, 2017, ACP",10.5194/acp-17-13491-2017,"Cl 引发异戊二烯氧化的气相产物 | as written: (C5H8O)H+ | DBE 2，整数 ⇒ 闭壳层 | 第 0 步依据：Fig. 6 的图例把中性分子用括号括出、试剂离子写在括号外 （如 ""(C5H8O2)H+""、""(C5H10O3)I-""）⇒ 括号内即中性分子式，书写约定无歧义 | source: Figure 6a"
C5H6O,H3O+,prot,(H2O)n H3O+ CIMS,gas,chamber; UT Austin environmental chamber; isoprene + Cl2/UV (chlorine-initiated oxidation),chamber,,"Wang and Ruiz, 2017, ACP",10.5194/acp-17-13491-2017,"Cl 引发异戊二烯氧化的气相产物 | as written: (C5H6O)H+ | DBE 3，整数 ⇒ 闭壳层 | 第 0 步依据：Fig. 6 的图例把中性分子用括号括出、试剂离子写在括号外 （如 ""(C5H8O2)H+""、""(C5H10O3)I-""）⇒ 括号内即中性分子式，书写约定无歧义 | source: Figure 6a"
C4H6O,H3O+,prot,(H2O)n H3O+ CIMS,gas,chamber; UT Austin environmental chamber; isoprene + Cl2/UV (chlorine-initiated oxidation),chamber,,"Wang and Ruiz, 2017, ACP",10.5194/acp-17-13491-2017,"Cl 引发异戊二烯氧化的气相产物 | as written: (C4H6O)H+ | DBE 2，整数 ⇒ 闭壳层 | 第 0 步依据：Fig. 6 的图例把中性分子用括号括出、试剂离子写在括号外 （如 ""(C5H8O2)H+""、""(C5H10O3)I-""）⇒ 括号内即中性分子式，书写约定无歧义 | source: Figure 6a"
C5H7ClO2,H3O+,prot,(H2O)n H3O+ CIMS,gas,chamber; UT Austin environmental chamber; isoprene + Cl2/UV (chlorine-initiated oxidation),chamber,,"Wang and Ruiz, 2017, ACP",10.5194/acp-17-13491-2017,"Cl 引发异戊二烯氧化的气相产物 | as written: (C5H7ClO2)H+ | DBE 2，整数 ⇒ 闭壳层 | 第 0 步依据：Fig. 6 的图例把中性分子用括号括出、试剂离子写在括号外 （如 ""(C5H8O2)H+""、""(C5H10O3)I-""）⇒ 括号内即中性分子式，书写约定无歧义 | source: Figure 6a"
C3H4O2,H3O+,prot,(H2O)n H3O+ CIMS,gas,chamber; UT Austin environmental chamber; isoprene + Cl2/UV (chlorine-initiated oxidation),chamber,,"Wang and Ruiz, 2017, ACP",10.5194/acp-17-13491-2017,"Cl 引发异戊二烯氧化的气相产物 | as written: (C3H4O2)H+ | DBE 2，整数 ⇒ 闭壳层 | 第 0 步依据：Fig. 6 的图例把中性分子用括号括出、试剂离子写在括号外 （如 ""(C5H8O2)H+""、""(C5H10O3)I-""）⇒ 括号内即中性分子式，书写约定无歧义 | source: Figure 6a"
C4H4O2,H3O+,prot,(H2O)n H3O+ CIMS,gas,chamber; UT Austin environmental chamber; isoprene + Cl2/UV (chlorine-initiated oxidation),chamber,,"Wang and Ruiz, 2017, ACP",10.5194/acp-17-13491-2017,"Cl 引发异戊二烯氧化的气相产物 | as written: (C4H4O2)H+ | DBE 3，整数 ⇒ 闭壳层 | 第 0 步依据：Fig. 6 的图例把中性分子用括号括出、试剂离子写在括号外 （如 ""(C5H8O2)H+""、""(C5H10O3)I-""）⇒ 括号内即中性分子式，书写约定无歧义 | source: Figure 6a"
C5H5ClO2,H3O+,prot,(H2O)n H3O+ CIMS,gas,chamber; UT Austin environmental chamber; isoprene + Cl2/UV (chlorine-initiated oxidation),chamber,,"Wang and Ruiz, 2017, ACP",10.5194/acp-17-13491-2017,"Cl 引发异戊二烯氧化的气相产物 | as written: (C5H5ClO2)H+ | DBE 3，整数 ⇒ 闭壳层 | 第 0 步依据：Fig. 6 的图例把中性分子用括号括出、试剂离子写在括号外 （如 ""(C5H8O2)H+""、""(C5H10O3)I-""）⇒ 括号内即中性分子式，书写约定无歧义 | source: Figure 6a"
C5H8O2,H3O+,prot,(H2O)n H3O+ CIMS,gas,chamber; UT Austin environmental chamber; isoprene + Cl2/UV (chlorine-initiated oxidation),chamber,,"Wang and Ruiz, 2017, ACP",10.5194/acp-17-13491-2017,"Cl 引发异戊二烯氧化的气相产物 | as written: (C5H8O2)H+ | DBE 2，整数 ⇒ 闭壳层 | 第 0 步依据：Fig. 6 的图例把中性分子用括号括出、试剂离子写在括号外 （如 ""(C5H8O2)H+""、""(C5H10O3)I-""）⇒ 括号内即中性分子式，书写约定无歧义 | source: Figure 6a"
C3H5ClO,H3O+,prot,(H2O)n H3O+ CIMS,gas,chamber; UT Austin environmental chamber; isoprene + Cl2/UV (chlorine-initiated oxidation),chamber,,"Wang and Ruiz, 2017, ACP",10.5194/acp-17-13491-2017,"Cl 引发异戊二烯氧化的气相产物 | as written: (C3H5ClO)H+ | DBE 1，整数 ⇒ 闭壳层 | 第 0 步依据：Fig. 6 的图例把中性分子用括号括出、试剂离子写在括号外 （如 ""(C5H8O2)H+""、""(C5H10O3)I-""）⇒ 括号内即中性分子式，书写约定无歧义 | source: Figure 6a"
C4H6O2,H3O+,prot,(H2O)n H3O+ CIMS,gas,chamber; UT Austin environmental chamber; isoprene + Cl2/UV (chlorine-initiated oxidation),chamber,,"Wang and Ruiz, 2017, ACP",10.5194/acp-17-13491-2017,"Cl 引发异戊二烯氧化的气相产物 | as written: (C4H6O2)H+ | DBE 2，整数 ⇒ 闭壳层 | 第 0 步依据：Fig. 6 的图例把中性分子用括号括出、试剂离子写在括号外 （如 ""(C5H8O2)H+""、""(C5H10O3)I-""）⇒ 括号内即中性分子式，书写约定无歧义 | source: Figure 6a"
C4H6O3,H3O+,prot,(H2O)n H3O+ CIMS,gas,chamber; UT Austin environmental chamber; isoprene + Cl2/UV (chlorine-initiated oxidation),chamber,,"Wang and Ruiz, 2017, ACP",10.5194/acp-17-13491-2017,"Cl 引发异戊二烯氧化的气相产物 | as written: (C4H6O3)H+ | DBE 2，整数 ⇒ 闭壳层 | 第 0 步依据：Fig. 6 的图例把中性分子用括号括出、试剂离子写在括号外 （如 ""(C5H8O2)H+""、""(C5H10O3)I-""）⇒ 括号内即中性分子式，书写约定无歧义 | source: Figure 6a"
C5H7ClO3,H3O+,prot,(H2O)n H3O+ CIMS,gas,chamber; UT Austin environmental chamber; isoprene + Cl2/UV (chlorine-initiated oxidation),chamber,,"Wang and Ruiz, 2017, ACP",10.5194/acp-17-13491-2017,"Cl 引发异戊二烯氧化的气相产物 | as written: (C5H7ClO3)H+ | DBE 2，整数 ⇒ 闭壳层 | 第 0 步依据：Fig. 6 的图例把中性分子用括号括出、试剂离子写在括号外 （如 ""(C5H8O2)H+""、""(C5H10O3)I-""）⇒ 括号内即中性分子式，书写约定无歧义 | source: Figure 6a"
C5H6Cl2O4,H3O+,prot,(H2O)n H3O+ CIMS,gas,chamber; UT Austin environmental chamber; isoprene + Cl2/UV (chlorine-initiated oxidation),chamber,,"Wang and Ruiz, 2017, ACP",10.5194/acp-17-13491-2017,"Cl 引发异戊二烯氧化的气相产物 | as written: (C5H6Cl2O4)H+ | DBE 2，整数 ⇒ 闭壳层 | 第 0 步依据：Fig. 6 的图例把中性分子用括号括出、试剂离子写在括号外 （如 ""(C5H8O2)H+""、""(C5H10O3)I-""）⇒ 括号内即中性分子式，书写约定无歧义 | source: Figure 6a"
C5H10O3,I-,adduct,(H2O)n I- CIMS,gas,chamber; UT Austin environmental chamber; isoprene + Cl2/UV (chlorine-initiated oxidation),chamber,,"Wang and Ruiz, 2017, ACP",10.5194/acp-17-13491-2017,"Cl 引发异戊二烯氧化的气相产物 | as written: (C5H10O3)I- | DBE 1，整数 ⇒ 闭壳层 | 第 0 步依据：Fig. 6 的图例把中性分子用括号括出、试剂离子写在括号外 （如 ""(C5H8O2)H+""、""(C5H10O3)I-""）⇒ 括号内即中性分子式，书写约定无歧义 | source: Figure 6b | 原文注：""(C5H10O3)I- potentially represents ISOPOOH or IEPOX"" —— 分子式确定，仅异构体不确定，故入库"
C5H9ClO3,I-,adduct,(H2O)n I- CIMS,gas,chamber; UT Austin environmental chamber; isoprene + Cl2/UV (chlorine-initiated oxidation),chamber,,"Wang and Ruiz, 2017, ACP",10.5194/acp-17-13491-2017,"Cl 引发异戊二烯氧化的气相产物 | as written: (C5H9ClO3)I- | DBE 1，整数 ⇒ 闭壳层 | 第 0 步依据：Fig. 6 的图例把中性分子用括号括出、试剂离子写在括号外 （如 ""(C5H8O2)H+""、""(C5H10O3)I-""）⇒ 括号内即中性分子式，书写约定无歧义 | source: Figure 6b"
C5H8O2,I-,adduct,(H2O)n I- CIMS,gas,chamber; UT Austin environmental chamber; isoprene + Cl2/UV (chlorine-initiated oxidation),chamber,,"Wang and Ruiz, 2017, ACP",10.5194/acp-17-13491-2017,"Cl 引发异戊二烯氧化的气相产物 | as written: (C5H8O2)I- | DBE 2，整数 ⇒ 闭壳层 | 第 0 步依据：Fig. 6 的图例把中性分子用括号括出、试剂离子写在括号外 （如 ""(C5H8O2)H+""、""(C5H10O3)I-""）⇒ 括号内即中性分子式，书写约定无歧义 | source: Figure 6b"
C5H9ClO4,I-,adduct,(H2O)n I- CIMS,gas,chamber; UT Austin environmental chamber; isoprene + Cl2/UV (chlorine-initiated oxidation),chamber,,"Wang and Ruiz, 2017, ACP",10.5194/acp-17-13491-2017,"Cl 引发异戊二烯氧化的气相产物 | as written: (C5H9ClO4)I- | DBE 1，整数 ⇒ 闭壳层 | 第 0 步依据：Fig. 6 的图例把中性分子用括号括出、试剂离子写在括号外 （如 ""(C5H8O2)H+""、""(C5H10O3)I-""）⇒ 括号内即中性分子式，书写约定无歧义 | source: Figure 6b"
C5H9ClO2,I-,adduct,(H2O)n I- CIMS,gas,chamber; UT Austin environmental chamber; isoprene + Cl2/UV (chlorine-initiated oxidation),chamber,,"Wang and Ruiz, 2017, ACP",10.5194/acp-17-13491-2017,"Cl 引发异戊二烯氧化的气相产物 | as written: (C5H9ClO2)I- | DBE 1，整数 ⇒ 闭壳层 | 第 0 步依据：Fig. 6 的图例把中性分子用括号括出、试剂离子写在括号外 （如 ""(C5H8O2)H+""、""(C5H10O3)I-""）⇒ 括号内即中性分子式，书写约定无歧义 | source: Figure 6b"
C5H8Cl2O3,I-,adduct,(H2O)n I- CIMS,gas,chamber; UT Austin environmental chamber; isoprene + Cl2/UV (chlorine-initiated oxidation),chamber,,"Wang and Ruiz, 2017, ACP",10.5194/acp-17-13491-2017,"Cl 引发异戊二烯氧化的气相产物 | as written: (C5H8Cl2O3)I- | DBE 1，整数 ⇒ 闭壳层 | 第 0 步依据：Fig. 6 的图例把中性分子用括号括出、试剂离子写在括号外 （如 ""(C5H8O2)H+""、""(C5H10O3)I-""）⇒ 括号内即中性分子式，书写约定无歧义 | source: Figure 6b"
C5H7ClO3,I-,adduct,(H2O)n I- CIMS,gas,chamber; UT Austin environmental chamber; isoprene + Cl2/UV (chlorine-initiated oxidation),chamber,,"Wang and Ruiz, 2017, ACP",10.5194/acp-17-13491-2017,"Cl 引发异戊二烯氧化的气相产物 | as written: (C5H7ClO3)I- | DBE 2，整数 ⇒ 闭壳层 | 第 0 步依据：Fig. 6 的图例把中性分子用括号括出、试剂离子写在括号外 （如 ""(C5H8O2)H+""、""(C5H10O3)I-""）⇒ 括号内即中性分子式，书写约定无歧义 | source: Figure 6b"
C7H8O2,I-,adduct,FIGAERO-I-CIMS,gas,chamber; CERN CLOUD chamber; toluene photo-oxidation with NOx,chamber,,"Wang et al., 2020, ES&T",10.1021/acs.est.0c02100,"series-expanded：保留芳香环的产物（多羟基取代甲苯） | as written: C7H8O2-6 | DBE 4，整数 ⇒ 闭壳层 | 第 0 步依据：碘离子 FIGAERO，检出形态 [M+I]-；所列分子式无一含 I ⇒ 中性式。原文并明写 ""Each straight line represents a homologous sequence of compounds with the same number of carbon, hydrogen, and nitrogen atoms, but a different number of oxygen atoms"" ⇒ 单指数同系物系列 | source: 正文 + Figure 3 质量亏损图"
C7H8O3,I-,adduct,FIGAERO-I-CIMS,gas,chamber; CERN CLOUD chamber; toluene photo-oxidation with NOx,chamber,,"Wang et al., 2020, ES&T",10.1021/acs.est.0c02100,"series-expanded：保留芳香环的产物（多羟基取代甲苯） | as written: C7H8O2-6 | DBE 4，整数 ⇒ 闭壳层 | 第 0 步依据：碘离子 FIGAERO，检出形态 [M+I]-；所列分子式无一含 I ⇒ 中性式。原文并明写 ""Each straight line represents a homologous sequence of compounds with the same number of carbon, hydrogen, and nitrogen atoms, but a different number of oxygen atoms"" ⇒ 单指数同系物系列 | source: 正文 + Figure 3 质量亏损图"
C7H8O4,I-,adduct,FIGAERO-I-CIMS,gas,chamber; CERN CLOUD chamber; toluene photo-oxidation with NOx,chamber,,"Wang et al., 2020, ES&T",10.1021/acs.est.0c02100,"series-expanded：保留芳香环的产物（多羟基取代甲苯） | as written: C7H8O2-6 | DBE 4，整数 ⇒ 闭壳层 | 第 0 步依据：碘离子 FIGAERO，检出形态 [M+I]-；所列分子式无一含 I ⇒ 中性式。原文并明写 ""Each straight line represents a homologous sequence of compounds with the same number of carbon, hydrogen, and nitrogen atoms, but a different number of oxygen atoms"" ⇒ 单指数同系物系列 | source: 正文 + Figure 3 质量亏损图"
C7H8O5,I-,adduct,FIGAERO-I-CIMS,gas,chamber; CERN CLOUD chamber; toluene photo-oxidation with NOx,chamber,,"Wang et al., 2020, ES&T",10.1021/acs.est.0c02100,"series-expanded：保留芳香环的产物（多羟基取代甲苯） | as written: C7H8O2-6 | DBE 4，整数 ⇒ 闭壳层 | 第 0 步依据：碘离子 FIGAERO，检出形态 [M+I]-；所列分子式无一含 I ⇒ 中性式。原文并明写 ""Each straight line represents a homologous sequence of compounds with the same number of carbon, hydrogen, and nitrogen atoms, but a different number of oxygen atoms"" ⇒ 单指数同系物系列 | source: 正文 + Figure 3 质量亏损图"
C7H8O6,I-,adduct,FIGAERO-I-CIMS,gas,chamber; CERN CLOUD chamber; toluene photo-oxidation with NOx,chamber,,"Wang et al., 2020, ES&T",10.1021/acs.est.0c02100,"series-expanded：保留芳香环的产物（多羟基取代甲苯） | as written: C7H8O2-6 | DBE 4，整数 ⇒ 闭壳层 | 第 0 步依据：碘离子 FIGAERO，检出形态 [M+I]-；所列分子式无一含 I ⇒ 中性式。原文并明写 ""Each straight line represents a homologous sequence of compounds with the same number of carbon, hydrogen, and nitrogen atoms, but a different number of oxygen atoms"" ⇒ 单指数同系物系列 | source: 正文 + Figure 3 质量亏损图"
C7H10O4,I-,adduct,FIGAERO-I-CIMS,gas,chamber; CERN CLOUD chamber; toluene photo-oxidation with NOx,chamber,,"Wang et al., 2020, ES&T",10.1021/acs.est.0c02100,"series-expanded：开环产物（双环过氧化物路径） | as written: C7H10O4-8 | DBE 3，整数 ⇒ 闭壳层 | 第 0 步依据：碘离子 FIGAERO，检出形态 [M+I]-；所列分子式无一含 I ⇒ 中性式。原文并明写 ""Each straight line represents a homologous sequence of compounds with the same number of carbon, hydrogen, and nitrogen atoms, but a different number of oxygen atoms"" ⇒ 单指数同系物系列 | source: 正文 + Figure 3 质量亏损图"
C7H10O5,I-,adduct,FIGAERO-I-CIMS,gas,chamber; CERN CLOUD chamber; toluene photo-oxidation with NOx,chamber,,"Wang et al., 2020, ES&T",10.1021/acs.est.0c02100,"series-expanded：开环产物（双环过氧化物路径） | as written: C7H10O4-8 | DBE 3，整数 ⇒ 闭壳层 | 第 0 步依据：碘离子 FIGAERO，检出形态 [M+I]-；所列分子式无一含 I ⇒ 中性式。原文并明写 ""Each straight line represents a homologous sequence of compounds with the same number of carbon, hydrogen, and nitrogen atoms, but a different number of oxygen atoms"" ⇒ 单指数同系物系列 | source: 正文 + Figure 3 质量亏损图"
C7H10O6,I-,adduct,FIGAERO-I-CIMS,gas,chamber; CERN CLOUD chamber; toluene photo-oxidation with NOx,chamber,,"Wang et al., 2020, ES&T",10.1021/acs.est.0c02100,"series-expanded：开环产物（双环过氧化物路径） | as written: C7H10O4-8 | DBE 3，整数 ⇒ 闭壳层 | 第 0 步依据：碘离子 FIGAERO，检出形态 [M+I]-；所列分子式无一含 I ⇒ 中性式。原文并明写 ""Each straight line represents a homologous sequence of compounds with the same number of carbon, hydrogen, and nitrogen atoms, but a different number of oxygen atoms"" ⇒ 单指数同系物系列 | source: 正文 + Figure 3 质量亏损图"
C7H10O7,I-,adduct,FIGAERO-I-CIMS,gas,chamber; CERN CLOUD chamber; toluene photo-oxidation with NOx,chamber,,"Wang et al., 2020, ES&T",10.1021/acs.est.0c02100,"series-expanded：开环产物（双环过氧化物路径） | as written: C7H10O4-8 | DBE 3，整数 ⇒ 闭壳层 | 第 0 步依据：碘离子 FIGAERO，检出形态 [M+I]-；所列分子式无一含 I ⇒ 中性式。原文并明写 ""Each straight line represents a homologous sequence of compounds with the same number of carbon, hydrogen, and nitrogen atoms, but a different number of oxygen atoms"" ⇒ 单指数同系物系列 | source: 正文 + Figure 3 质量亏损图"
C7H10O8,I-,adduct,FIGAERO-I-CIMS,gas,chamber; CERN CLOUD chamber; toluene photo-oxidation with NOx,chamber,,"Wang et al., 2020, ES&T",10.1021/acs.est.0c02100,"series-expanded：开环产物（双环过氧化物路径） | as written: C7H10O4-8 | DBE 3，整数 ⇒ 闭壳层 | 第 0 步依据：碘离子 FIGAERO，检出形态 [M+I]-；所列分子式无一含 I ⇒ 中性式。原文并明写 ""Each straight line represents a homologous sequence of compounds with the same number of carbon, hydrogen, and nitrogen atoms, but a different number of oxygen atoms"" ⇒ 单指数同系物系列 | source: 正文 + Figure 3 质量亏损图"
C7H7NO3,I-,adduct,FIGAERO-I-CIMS,gas,chamber; CERN CLOUD chamber; toluene photo-oxidation with NOx,chamber,,"Wang et al., 2020, ES&T",10.1021/acs.est.0c02100,"series-expanded：保留芳香环路径的有机硝酸酯（RO2 + NO 终止） | as written: C7H7NO3-7 | DBE 4，整数 ⇒ 闭壳层 | 第 0 步依据：碘离子 FIGAERO，检出形态 [M+I]-；所列分子式无一含 I ⇒ 中性式。原文并明写 ""Each straight line represents a homologous sequence of compounds with the same number of carbon, hydrogen, and nitrogen atoms, but a different number of oxygen atoms"" ⇒ 单指数同系物系列 | source: 正文 + Figure 3 质量亏损图"
C7H7NO4,I-,adduct,FIGAERO-I-CIMS,gas,chamber; CERN CLOUD chamber; toluene photo-oxidation with NOx,chamber,,"Wang et al., 2020, ES&T",10.1021/acs.est.0c02100,"series-expanded：保留芳香环路径的有机硝酸酯（RO2 + NO 终止） | as written: C7H7NO3-7 | DBE 4，整数 ⇒ 闭壳层 | 第 0 步依据：碘离子 FIGAERO，检出形态 [M+I]-；所列分子式无一含 I ⇒ 中性式。原文并明写 ""Each straight line represents a homologous sequence of compounds with the same number of carbon, hydrogen, and nitrogen atoms, but a different number of oxygen atoms"" ⇒ 单指数同系物系列 | source: 正文 + Figure 3 质量亏损图"
C7H7NO5,I-,adduct,FIGAERO-I-CIMS,gas,chamber; CERN CLOUD chamber; toluene photo-oxidation with NOx,chamber,,"Wang et al., 2020, ES&T",10.1021/acs.est.0c02100,"series-expanded：保留芳香环路径的有机硝酸酯（RO2 + NO 终止） | as written: C7H7NO3-7 | DBE 4，整数 ⇒ 闭壳层 | 第 0 步依据：碘离子 FIGAERO，检出形态 [M+I]-；所列分子式无一含 I ⇒ 中性式。原文并明写 ""Each straight line represents a homologous sequence of compounds with the same number of carbon, hydrogen, and nitrogen atoms, but a different number of oxygen atoms"" ⇒ 单指数同系物系列 | source: 正文 + Figure 3 质量亏损图"
C7H7NO6,I-,adduct,FIGAERO-I-CIMS,gas,chamber; CERN CLOUD chamber; toluene photo-oxidation with NOx,chamber,,"Wang et al., 2020, ES&T",10.1021/acs.est.0c02100,"series-expanded：保留芳香环路径的有机硝酸酯（RO2 + NO 终止） | as written: C7H7NO3-7 | DBE 4，整数 ⇒ 闭壳层 | 第 0 步依据：碘离子 FIGAERO，检出形态 [M+I]-；所列分子式无一含 I ⇒ 中性式。原文并明写 ""Each straight line represents a homologous sequence of compounds with the same number of carbon, hydrogen, and nitrogen atoms, but a different number of oxygen atoms"" ⇒ 单指数同系物系列 | source: 正文 + Figure 3 质量亏损图"
C7H7NO7,I-,adduct,FIGAERO-I-CIMS,gas,chamber; CERN CLOUD chamber; toluene photo-oxidation with NOx,chamber,,"Wang et al., 2020, ES&T",10.1021/acs.est.0c02100,"series-expanded：保留芳香环路径的有机硝酸酯（RO2 + NO 终止） | as written: C7H7NO3-7 | DBE 4，整数 ⇒ 闭壳层 | 第 0 步依据：碘离子 FIGAERO，检出形态 [M+I]-；所列分子式无一含 I ⇒ 中性式。原文并明写 ""Each straight line represents a homologous sequence of compounds with the same number of carbon, hydrogen, and nitrogen atoms, but a different number of oxygen atoms"" ⇒ 单指数同系物系列 | source: 正文 + Figure 3 质量亏损图"
C7H9NO5,I-,adduct,FIGAERO-I-CIMS,gas,chamber; CERN CLOUD chamber; toluene photo-oxidation with NOx,chamber,,"Wang et al., 2020, ES&T",10.1021/acs.est.0c02100,"series-expanded：开环路径的有机硝酸酯（RO2 + NO 终止） | as written: C7H9NO5-10 | DBE 3，整数 ⇒ 闭壳层 | 第 0 步依据：碘离子 FIGAERO，检出形态 [M+I]-；所列分子式无一含 I ⇒ 中性式。原文并明写 ""Each straight line represents a homologous sequence of compounds with the same number of carbon, hydrogen, and nitrogen atoms, but a different number of oxygen atoms"" ⇒ 单指数同系物系列 | source: 正文 + Figure 3 质量亏损图"
C7H9NO6,I-,adduct,FIGAERO-I-CIMS,gas,chamber; CERN CLOUD chamber; toluene photo-oxidation with NOx,chamber,,"Wang et al., 2020, ES&T",10.1021/acs.est.0c02100,"series-expanded：开环路径的有机硝酸酯（RO2 + NO 终止） | as written: C7H9NO5-10 | DBE 3，整数 ⇒ 闭壳层 | 第 0 步依据：碘离子 FIGAERO，检出形态 [M+I]-；所列分子式无一含 I ⇒ 中性式。原文并明写 ""Each straight line represents a homologous sequence of compounds with the same number of carbon, hydrogen, and nitrogen atoms, but a different number of oxygen atoms"" ⇒ 单指数同系物系列 | source: 正文 + Figure 3 质量亏损图"
C7H9NO7,I-,adduct,FIGAERO-I-CIMS,gas,chamber; CERN CLOUD chamber; toluene photo-oxidation with NOx,chamber,,"Wang et al., 2020, ES&T",10.1021/acs.est.0c02100,"series-expanded：开环路径的有机硝酸酯（RO2 + NO 终止） | as written: C7H9NO5-10 | DBE 3，整数 ⇒ 闭壳层 | 第 0 步依据：碘离子 FIGAERO，检出形态 [M+I]-；所列分子式无一含 I ⇒ 中性式。原文并明写 ""Each straight line represents a homologous sequence of compounds with the same number of carbon, hydrogen, and nitrogen atoms, but a different number of oxygen atoms"" ⇒ 单指数同系物系列 | source: 正文 + Figure 3 质量亏损图"
C7H9NO8,I-,adduct,FIGAERO-I-CIMS,gas,chamber; CERN CLOUD chamber; toluene photo-oxidation with NOx,chamber,,"Wang et al., 2020, ES&T",10.1021/acs.est.0c02100,"series-expanded：开环路径的有机硝酸酯（RO2 + NO 终止） | as written: C7H9NO5-10 | DBE 3，整数 ⇒ 闭壳层 | 第 0 步依据：碘离子 FIGAERO，检出形态 [M+I]-；所列分子式无一含 I ⇒ 中性式。原文并明写 ""Each straight line represents a homologous sequence of compounds with the same number of carbon, hydrogen, and nitrogen atoms, but a different number of oxygen atoms"" ⇒ 单指数同系物系列 | source: 正文 + Figure 3 质量亏损图"
C7H9NO9,I-,adduct,FIGAERO-I-CIMS,gas,chamber; CERN CLOUD chamber; toluene photo-oxidation with NOx,chamber,,"Wang et al., 2020, ES&T",10.1021/acs.est.0c02100,"series-expanded：开环路径的有机硝酸酯（RO2 + NO 终止） | as written: C7H9NO5-10 | DBE 3，整数 ⇒ 闭壳层 | 第 0 步依据：碘离子 FIGAERO，检出形态 [M+I]-；所列分子式无一含 I ⇒ 中性式。原文并明写 ""Each straight line represents a homologous sequence of compounds with the same number of carbon, hydrogen, and nitrogen atoms, but a different number of oxygen atoms"" ⇒ 单指数同系物系列 | source: 正文 + Figure 3 质量亏损图"
C7H9NO10,I-,adduct,FIGAERO-I-CIMS,gas,chamber; CERN CLOUD chamber; toluene photo-oxidation with NOx,chamber,,"Wang et al., 2020, ES&T",10.1021/acs.est.0c02100,"series-expanded：开环路径的有机硝酸酯（RO2 + NO 终止） | as written: C7H9NO5-10 | DBE 3，整数 ⇒ 闭壳层 | 第 0 步依据：碘离子 FIGAERO，检出形态 [M+I]-；所列分子式无一含 I ⇒ 中性式。原文并明写 ""Each straight line represents a homologous sequence of compounds with the same number of carbon, hydrogen, and nitrogen atoms, but a different number of oxygen atoms"" ⇒ 单指数同系物系列 | source: 正文 + Figure 3 质量亏损图"
C10H15O6,NO3-,adduct,nitrate CI-APi-TOF,gas,flow tube; TROPOS free-jet flow system; limonene and alpha-pinene ozonolysis (and OH reaction),chamber,,"Jokinen et al., 2014, Angew. Chem. Int. Ed.",10.1002/anie.201408566,"series-expanded：臭氧解生成的自氧化 RO2 自由基（x=1）| as written: O,O-C10H15-x(OOH)xO2, x=1-4；原文注明 ""O,O"" = 来自臭氧的两个 O，故 O 数 = 2+2x+2 | DBE 3.5，半整数 ⇒ RO2 自由基 | 第 0 步依据（判据 1）：硝酸根 CI-APi-TOF；文中所列分子式（C10H15Ox、C10H14Ox、C20H30Ox）全部不含 N，若为离子式则每条必带 NO3 ⇒ 写的是中性分子式 | source: 正文 + Fig. 1/3（单指数系列）"
C10H15O8,NO3-,adduct,nitrate CI-APi-TOF,gas,flow tube; TROPOS free-jet flow system; limonene and alpha-pinene ozonolysis (and OH reaction),chamber,,"Jokinen et al., 2014, Angew. Chem. Int. Ed.",10.1002/anie.201408566,"series-expanded：臭氧解生成的自氧化 RO2 自由基（x=2）| as written: O,O-C10H15-x(OOH)xO2, x=1-4；原文注明 ""O,O"" = 来自臭氧的两个 O，故 O 数 = 2+2x+2 | DBE 3.5，半整数 ⇒ RO2 自由基 | 第 0 步依据（判据 1）：硝酸根 CI-APi-TOF；文中所列分子式（C10H15Ox、C10H14Ox、C20H30Ox）全部不含 N，若为离子式则每条必带 NO3 ⇒ 写的是中性分子式 | source: 正文 + Fig. 1/3（单指数系列）"
C10H15O10,NO3-,adduct,nitrate CI-APi-TOF,gas,flow tube; TROPOS free-jet flow system; limonene and alpha-pinene ozonolysis (and OH reaction),chamber,,"Jokinen et al., 2014, Angew. Chem. Int. Ed.",10.1002/anie.201408566,"series-expanded：臭氧解生成的自氧化 RO2 自由基（x=3）| as written: O,O-C10H15-x(OOH)xO2, x=1-4；原文注明 ""O,O"" = 来自臭氧的两个 O，故 O 数 = 2+2x+2 | DBE 3.5，半整数 ⇒ RO2 自由基 | 第 0 步依据（判据 1）：硝酸根 CI-APi-TOF；文中所列分子式（C10H15Ox、C10H14Ox、C20H30Ox）全部不含 N，若为离子式则每条必带 NO3 ⇒ 写的是中性分子式 | source: 正文 + Fig. 1/3（单指数系列）"
C10H15O12,NO3-,adduct,nitrate CI-APi-TOF,gas,flow tube; TROPOS free-jet flow system; limonene and alpha-pinene ozonolysis (and OH reaction),chamber,,"Jokinen et al., 2014, Angew. Chem. Int. Ed.",10.1002/anie.201408566,"series-expanded：臭氧解生成的自氧化 RO2 自由基（x=4）| as written: O,O-C10H15-x(OOH)xO2, x=1-4；原文注明 ""O,O"" = 来自臭氧的两个 O，故 O 数 = 2+2x+2 | DBE 3.5，半整数 ⇒ RO2 自由基 | 第 0 步依据（判据 1）：硝酸根 CI-APi-TOF；文中所列分子式（C10H15Ox、C10H14Ox、C20H30Ox）全部不含 N，若为离子式则每条必带 NO3 ⇒ 写的是中性分子式 | source: 正文 + Fig. 1/3（单指数系列）"
C10H17O7,NO3-,adduct,nitrate CI-APi-TOF,gas,flow tube; TROPOS free-jet flow system; limonene and alpha-pinene ozonolysis (and OH reaction),chamber,,"Jokinen et al., 2014, Angew. Chem. Int. Ed.",10.1002/anie.201408566,"series-expanded：OH 引发反应生成的 RO2 自由基（x=2）| as written: HO-C10H16-x(OOH)xO2, x=2-4 | DBE 2.5，半整数 ⇒ RO2 自由基 | 第 0 步依据（判据 1）：硝酸根 CI-APi-TOF；文中所列分子式（C10H15Ox、C10H14Ox、C20H30Ox）全部不含 N，若为离子式则每条必带 NO3 ⇒ 写的是中性分子式 | source: 正文 + Fig. 3（单指数系列）"
C10H17O9,NO3-,adduct,nitrate CI-APi-TOF,gas,flow tube; TROPOS free-jet flow system; limonene and alpha-pinene ozonolysis (and OH reaction),chamber,,"Jokinen et al., 2014, Angew. Chem. Int. Ed.",10.1002/anie.201408566,"series-expanded：OH 引发反应生成的 RO2 自由基（x=3）| as written: HO-C10H16-x(OOH)xO2, x=2-4 | DBE 2.5，半整数 ⇒ RO2 自由基 | 第 0 步依据（判据 1）：硝酸根 CI-APi-TOF；文中所列分子式（C10H15Ox、C10H14Ox、C20H30Ox）全部不含 N，若为离子式则每条必带 NO3 ⇒ 写的是中性分子式 | source: 正文 + Fig. 3（单指数系列）"
C10H17O11,NO3-,adduct,nitrate CI-APi-TOF,gas,flow tube; TROPOS free-jet flow system; limonene and alpha-pinene ozonolysis (and OH reaction),chamber,,"Jokinen et al., 2014, Angew. Chem. Int. Ed.",10.1002/anie.201408566,"series-expanded：OH 引发反应生成的 RO2 自由基（x=4）| as written: HO-C10H16-x(OOH)xO2, x=2-4 | DBE 2.5，半整数 ⇒ RO2 自由基 | 第 0 步依据（判据 1）：硝酸根 CI-APi-TOF；文中所列分子式（C10H15Ox、C10H14Ox、C20H30Ox）全部不含 N，若为离子式则每条必带 NO3 ⇒ 写的是中性分子式 | source: 正文 + Fig. 3（单指数系列）"
C10H14O7,NO3-,adduct,nitrate CI-APi-TOF,gas,flow tube; TROPOS free-jet flow system; limonene and alpha-pinene ozonolysis (and OH reaction),chamber,,"Jokinen et al., 2014, Angew. Chem. Int. Ed.",10.1002/anie.201408566,闭壳层单体 | as written: C10H14O7 | DBE 4，整数 ⇒ 闭壳层 | 第 0 步依据（判据 1）：硝酸根 CI-APi-TOF；文中所列分子式（C10H15Ox、C10H14Ox、C20H30Ox）全部不含 N，若为离子式则每条必带 NO3 ⇒ 写的是中性分子式 | source: Fig. 1（limonene 与 alpha-pinene 臭氧解，逐条标出）
C10H14O9,NO3-,adduct,nitrate CI-APi-TOF,gas,flow tube; TROPOS free-jet flow system; limonene and alpha-pinene ozonolysis (and OH reaction),chamber,,"Jokinen et al., 2014, Angew. Chem. Int. Ed.",10.1002/anie.201408566,闭壳层单体 | as written: C10H14O9 | DBE 4，整数 ⇒ 闭壳层 | 第 0 步依据（判据 1）：硝酸根 CI-APi-TOF；文中所列分子式（C10H15Ox、C10H14Ox、C20H30Ox）全部不含 N，若为离子式则每条必带 NO3 ⇒ 写的是中性分子式 | source: Fig. 1（limonene 与 alpha-pinene 臭氧解，逐条标出）
C20H30O14,NO3-,adduct,nitrate CI-APi-TOF,gas,flow tube; TROPOS free-jet flow system; limonene and alpha-pinene ozonolysis (and OH reaction),chamber,,"Jokinen et al., 2014, Angew. Chem. Int. Ed.",10.1002/anie.201408566,二聚体 | as written: C20H30O14 | DBE 6，整数 ⇒ 闭壳层 | 第 0 步依据（判据 1）：硝酸根 CI-APi-TOF；文中所列分子式（C10H15Ox、C10H14Ox、C20H30Ox）全部不含 N，若为离子式则每条必带 NO3 ⇒ 写的是中性分子式 | source: Fig. 1（limonene 与 alpha-pinene 臭氧解，逐条标出）
C20H30O16,NO3-,adduct,nitrate CI-APi-TOF,gas,flow tube; TROPOS free-jet flow system; limonene and alpha-pinene ozonolysis (and OH reaction),chamber,,"Jokinen et al., 2014, Angew. Chem. Int. Ed.",10.1002/anie.201408566,二聚体 | as written: C20H30O16 | DBE 6，整数 ⇒ 闭壳层 | 第 0 步依据（判据 1）：硝酸根 CI-APi-TOF；文中所列分子式（C10H15Ox、C10H14Ox、C20H30Ox）全部不含 N，若为离子式则每条必带 NO3 ⇒ 写的是中性分子式 | source: Fig. 1（limonene 与 alpha-pinene 臭氧解，逐条标出）
C5H10O3,Br-,adduct,Br-MION2-CIMS,gas,chamber; CERN CLOUD chamber; isoprene + OH photo-oxidation at upper-tropospheric T (-30 / -50 C),chamber,,"Shen et al., 2024, Nature",10.1038/s41586-024-08196-0,"ISOPOOH + IEPOX 之和（两者同分异构，本文无法区分） | as written: C5H10O3 | DBE 1，整数 ⇒ 闭壳层 | 第 0 步依据：Fig. 3/4 图注明写 ""The charger ions (Br-, NO3- and NH4+) are removed from the molecular formula"" ⇒ 中性式 | source: Methods ""ISOPOOH and IEPOX detection and separation""：明写由 Br-MION2-CIMS 测得"
C5H10O3,NH4+,adduct,NH4-PTR3-CIMS,gas,chamber; CERN CLOUD chamber; isoprene + OH photo-oxidation at upper-tropospheric T (-30 / -50 C),chamber,,"Shen et al., 2024, Nature",10.1038/s41586-024-08196-0,"ISOPOOH + IEPOX 之和（两者同分异构，本文无法区分） | as written: C5H10O3 | DBE 1，整数 ⇒ 闭壳层 | 第 0 步依据：Fig. 3/4 图注明写 ""The charger ions (Br-, NO3- and NH4+) are removed from the molecular formula"" ⇒ 中性式 | source: Methods 明写 ""NH4-PTR3-CIMS measured ISOPOOH and IEPOX primarily as clusters with ammonium cation"""
C5H12O5,Br-,adduct,FIGAERO-Br-CIMS,particle,chamber; CERN CLOUD chamber; isoprene + OH photo-oxidation at upper-tropospheric T (-30 / -50 C),chamber,,"Shen et al., 2024, Nature",10.1038/s41586-024-08196-0,"第二代异戊二烯氧化产物；颗粒早期增长的主要凝结物种 | as written: C5H12O5 | DBE 0，整数 ⇒ 闭壳层 | 第 0 步依据：Fig. 3/4 图注明写 ""The charger ions (Br-, NO3- and NH4+) are removed from the molecular formula"" ⇒ 中性式 | source: Fig. 4c，Br-FIGAERO @ -30 C，纯异戊二烯"
C5H12O6,Br-,adduct,FIGAERO-Br-CIMS,particle,chamber; CERN CLOUD chamber; isoprene + OH photo-oxidation at upper-tropospheric T (-30 / -50 C),chamber,,"Shen et al., 2024, Nature",10.1038/s41586-024-08196-0,"第二代异戊二烯氧化产物；颗粒早期增长的主要凝结物种 | as written: C5H12O6 | DBE 0，整数 ⇒ 闭壳层 | 第 0 步依据：Fig. 3/4 图注明写 ""The charger ions (Br-, NO3- and NH4+) are removed from the molecular formula"" ⇒ 中性式 | source: Fig. 4c，Br-FIGAERO @ -30 C，纯异戊二烯"
C5H12O5,I-,adduct,FIGAERO-I-CIMS,particle,chamber; CERN CLOUD chamber; isoprene + OH photo-oxidation at upper-tropospheric T (-30 / -50 C),chamber,,"Shen et al., 2024, Nature",10.1038/s41586-024-08196-0,"第二代异戊二烯氧化产物 | as written: C5H12O5 | DBE 0，整数 ⇒ 闭壳层 | 第 0 步依据：Fig. 3/4 图注明写 ""The charger ions (Br-, NO3- and NH4+) are removed from the molecular formula"" ⇒ 中性式 | source: Fig. 4d，I-FIGAERO @ -50 C，异戊二烯 + NOx"
C5H12O6,I-,adduct,FIGAERO-I-CIMS,particle,chamber; CERN CLOUD chamber; isoprene + OH photo-oxidation at upper-tropospheric T (-30 / -50 C),chamber,,"Shen et al., 2024, Nature",10.1038/s41586-024-08196-0,"第二代异戊二烯氧化产物 | as written: C5H12O6 | DBE 0，整数 ⇒ 闭壳层 | 第 0 步依据：Fig. 3/4 图注明写 ""The charger ions (Br-, NO3- and NH4+) are removed from the molecular formula"" ⇒ 中性式 | source: Fig. 4d，I-FIGAERO @ -50 C，异戊二烯 + NOx"
C5H11NO7,I-,adduct,FIGAERO-I-CIMS,particle,chamber; CERN CLOUD chamber; isoprene + OH photo-oxidation at upper-tropospheric T (-30 / -50 C),chamber,,"Shen et al., 2024, Nature",10.1038/s41586-024-08196-0,"含 1 个氮的异戊二烯氧化产物（IP1N），硝酸酯 | as written: C5H11NO7 | DBE 0，整数 ⇒ 闭壳层 | 第 0 步依据：Fig. 3/4 图注明写 ""The charger ions (Br-, NO3- and NH4+) are removed from the molecular formula"" ⇒ 中性式 | source: Fig. 4d，I-FIGAERO @ -50 C，异戊二烯 + NOx"
C5H10N2O10,I-,adduct,FIGAERO-I-CIMS,particle,chamber; CERN CLOUD chamber; isoprene + OH photo-oxidation at upper-tropospheric T (-30 / -50 C),chamber,,"Shen et al., 2024, Nature",10.1038/s41586-024-08196-0,"含 2 个氮的异戊二烯氧化产物（IP2N），二硝酸酯 | as written: C5H10N2O10 | DBE 0，整数 ⇒ 闭壳层 | 第 0 步依据：Fig. 3/4 图注明写 ""The charger ions (Br-, NO3- and NH4+) are removed from the molecular formula"" ⇒ 中性式 | source: Fig. 4d，I-FIGAERO @ -50 C，异戊二烯 + NOx"
CH4O3S,I-,adduct,FIGAERO-I-CIMS,particle,chamber; CERN CLOUD chamber; isoprene + OH photo-oxidation at upper-tropospheric T (-30 / -50 C),chamber,,"Shen et al., 2024, Nature",10.1038/s41586-024-08196-0,"甲磺酸 MSA（原文写 CH3SO3H）；含碳有机硫，按 skill 入库 | as written: CH3SO3H | DBE 0，整数 ⇒ 闭壳层 | 第 0 步依据：Fig. 3/4 图注明写 ""The charger ions (Br-, NO3- and NH4+) are removed from the molecular formula"" ⇒ 中性式 | source: Fig. 4d，I-FIGAERO @ -50 C；来自 DMS = 0.16 ppbv"
C10H14O7,NO3-,adduct,nitrate CI-APi-TOF,gas,boreal forest,atmosphere,forest,"Zha et al., 2018, ACP",10.5194/acp-18-17437-2018,"CHO monomer；主氧化剂 O3；自终止或 RO2 | as written: C10H14O7 | DBE 4，整数 ⇒ 闭壳层 | 第 0 步依据（判据 1）：硝酸根 CIMS 文献中，若写的是离子式则每条必带 NO3、即必含 N；而本文列出的分子式中存在完全不含 N 的（CHO 类），故写的是**中性分子式** | source: Table 2（分子归属沿用 Yan et al., 2016 的分类；本文在 SMEAR II 实测这些 HOM 组）| 测点: boreal forest; SMEAR II Hyytiala, Finland; below and above canopy (vertical profile)"
C10H14O9,NO3-,adduct,nitrate CI-APi-TOF,gas,boreal forest,atmosphere,forest,"Zha et al., 2018, ACP",10.5194/acp-18-17437-2018,"CHO monomer；主氧化剂 O3；自终止或 RO2 | as written: C10H14O9 | DBE 4，整数 ⇒ 闭壳层 | 第 0 步依据（判据 1）：硝酸根 CIMS 文献中，若写的是离子式则每条必带 NO3、即必含 N；而本文列出的分子式中存在完全不含 N 的（CHO 类），故写的是**中性分子式** | source: Table 2（分子归属沿用 Yan et al., 2016 的分类；本文在 SMEAR II 实测这些 HOM 组）| 测点: boreal forest; SMEAR II Hyytiala, Finland; below and above canopy (vertical profile)"
C10H15NO9,NO3-,adduct,nitrate CI-APi-TOF,gas,boreal forest,atmosphere,forest,"Zha et al., 2018, ACP",10.5194/acp-18-17437-2018,"CHON monomer；主氧化剂 O3 或 NO3；终止于 NO 或自终止-RO2 | as written: C10H15O9N | DBE 3，整数 ⇒ 闭壳层 | 第 0 步依据（判据 1）：硝酸根 CIMS 文献中，若写的是离子式则每条必带 NO3、即必含 N；而本文列出的分子式中存在完全不含 N 的（CHO 类），故写的是**中性分子式** | source: Table 2（分子归属沿用 Yan et al., 2016 的分类；本文在 SMEAR II 实测这些 HOM 组）| 测点: boreal forest; SMEAR II Hyytiala, Finland; below and above canopy (vertical profile)"
C10H15NO11,NO3-,adduct,nitrate CI-APi-TOF,gas,boreal forest,atmosphere,forest,"Zha et al., 2018, ACP",10.5194/acp-18-17437-2018,"CHON monomer；主氧化剂 O3 或 NO3；终止于 NO 或自终止-RO2 | as written: C10H15O11N | DBE 3，整数 ⇒ 闭壳层 | 第 0 步依据（判据 1）：硝酸根 CIMS 文献中，若写的是离子式则每条必带 NO3、即必含 N；而本文列出的分子式中存在完全不含 N 的（CHO 类），故写的是**中性分子式** | source: Table 2（分子归属沿用 Yan et al., 2016 的分类；本文在 SMEAR II 实测这些 HOM 组）| 测点: boreal forest; SMEAR II Hyytiala, Finland; below and above canopy (vertical profile)"
C19H28O11,NO3-,adduct,nitrate CI-APi-TOF,gas,boreal forest,atmosphere,forest,"Zha et al., 2018, ACP",10.5194/acp-18-17437-2018,"CHO dimer；主氧化剂 O3；终止于 RO2 | as written: C19H28O11 | DBE 6，整数 ⇒ 闭壳层 | 第 0 步依据（判据 1）：硝酸根 CIMS 文献中，若写的是离子式则每条必带 NO3、即必含 N；而本文列出的分子式中存在完全不含 N 的（CHO 类），故写的是**中性分子式** | source: Table 2（分子归属沿用 Yan et al., 2016 的分类；本文在 SMEAR II 实测这些 HOM 组）| 测点: boreal forest; SMEAR II Hyytiala, Finland; below and above canopy (vertical profile)"
C20H30O14,NO3-,adduct,nitrate CI-APi-TOF,gas,boreal forest,atmosphere,forest,"Zha et al., 2018, ACP",10.5194/acp-18-17437-2018,"CHO dimer；主氧化剂 O3；终止于 RO2 | as written: C20H30O14 | DBE 6，整数 ⇒ 闭壳层 | 第 0 步依据（判据 1）：硝酸根 CIMS 文献中，若写的是离子式则每条必带 NO3、即必含 N；而本文列出的分子式中存在完全不含 N 的（CHO 类），故写的是**中性分子式** | source: Table 2（分子归属沿用 Yan et al., 2016 的分类；本文在 SMEAR II 实测这些 HOM 组）| 测点: boreal forest; SMEAR II Hyytiala, Finland; below and above canopy (vertical profile)"
C20H32N2O12,NO3-,adduct,nitrate CI-APi-TOF,gas,boreal forest,atmosphere,forest,"Zha et al., 2018, ACP",10.5194/acp-18-17437-2018,"CHON dimer；主氧化剂 NO3；终止于 RO2 | as written: C20H32O12N2 | DBE 4，整数 ⇒ 闭壳层 | 第 0 步依据（判据 1）：硝酸根 CIMS 文献中，若写的是离子式则每条必带 NO3、即必含 N；而本文列出的分子式中存在完全不含 N 的（CHO 类），故写的是**中性分子式** | source: Table 2（分子归属沿用 Yan et al., 2016 的分类；本文在 SMEAR II 实测这些 HOM 组）| 测点: boreal forest; SMEAR II Hyytiala, Finland; below and above canopy (vertical profile)"
C20H31NO13,NO3-,adduct,nitrate CI-APi-TOF,gas,boreal forest,atmosphere,forest,"Zha et al., 2018, ACP",10.5194/acp-18-17437-2018,"CHON dimer；主氧化剂 NO3；终止于 RO2 | as written: C20H31O13N | DBE 5，整数 ⇒ 闭壳层 | 第 0 步依据（判据 1）：硝酸根 CIMS 文献中，若写的是离子式则每条必带 NO3、即必含 N；而本文列出的分子式中存在完全不含 N 的（CHO 类），故写的是**中性分子式** | source: Table 2（分子归属沿用 Yan et al., 2016 的分类；本文在 SMEAR II 实测这些 HOM 组）| 测点: boreal forest; SMEAR II Hyytiala, Finland; below and above canopy (vertical profile)"
CH2O2,I-,adduct,FIGAERO-I-CIMS (HR-ToF-CIMS),gas/particle,chamber; UT Austin environmental chamber; alpha-pinene + Cl2/UV with NO (alpha-pinene+Cl+NO system),chamber,,"Masoud and Ruiz, 2021, ACS Earth Space Chem.",10.1021/acsearthspacechem.1c00150,"alpha-蒎烯 + Cl + NO 体系拟合峰表第 7 条 | 原文离子式: CH2IO2-，原文 m/z 172.911 Th（[M+I]-，算得 172.911，Δ 0.5 mDa） | DBE 1，整数 ⇒ 闭壳层 | 第 0 步依据：SI Table S1 表头明写 ""m/z (**I- included**)"" + ""Elemental formula""，即列出的是**离子式**（含碘）。中性式 = 离子式 − I（团簇加合）；不含 I 的离子按 [M-H]- 还原（中性 = 离子 + H）。645 行全部用给出的三位小数 m/z 独立验算通过（校验 A） | source: SI Table S1"
C3H6O,I-,adduct,FIGAERO-I-CIMS (HR-ToF-CIMS),gas/particle,chamber; UT Austin environmental chamber; alpha-pinene + Cl2/UV with NO (alpha-pinene+Cl+NO system),chamber,,"Masoud and Ruiz, 2021, ACS Earth Space Chem.",10.1021/acsearthspacechem.1c00150,"alpha-蒎烯 + Cl + NO 体系拟合峰表第 9 条 | 原文离子式: C3H6IO-，原文 m/z 184.947 Th（[M+I]-，算得 184.947，Δ 0.1 mDa） | DBE 1，整数 ⇒ 闭壳层 | 第 0 步依据：SI Table S1 表头明写 ""m/z (**I- included**)"" + ""Elemental formula""，即列出的是**离子式**（含碘）。中性式 = 离子式 − I（团簇加合）；不含 I 的离子按 [M-H]- 还原（中性 = 离子 + H）。645 行全部用给出的三位小数 m/z 独立验算通过（校验 A） | source: SI Table S1"
C2H4O2,I-,adduct,FIGAERO-I-CIMS (HR-ToF-CIMS),gas/particle,chamber; UT Austin environmental chamber; alpha-pinene + Cl2/UV with NO (alpha-pinene+Cl+NO system),chamber,,"Masoud and Ruiz, 2021, ACS Earth Space Chem.",10.1021/acsearthspacechem.1c00150,"alpha-蒎烯 + Cl + NO 体系拟合峰表第 10 条 | 原文离子式: C2H4IO2-，原文 m/z 186.926 Th（[M+I]-，算得 186.926，Δ 0.2 mDa） | DBE 1，整数 ⇒ 闭壳层 | 第 0 步依据：SI Table S1 表头明写 ""m/z (**I- included**)"" + ""Elemental formula""，即列出的是**离子式**（含碘）。中性式 = 离子式 − I（团簇加合）；不含 I 的离子按 [M-H]- 还原（中性 = 离子 + H）。645 行全部用给出的三位小数 m/z 独立验算通过（校验 A） | source: SI Table S1"
C2H4O3,I-,adduct,FIGAERO-I-CIMS (HR-ToF-CIMS),gas/particle,chamber; UT Austin environmental chamber; alpha-pinene + Cl2/UV with NO (alpha-pinene+Cl+NO system),chamber,,"Masoud and Ruiz, 2021, ACS Earth Space Chem.",10.1021/acsearthspacechem.1c00150,"alpha-蒎烯 + Cl + NO 体系拟合峰表第 13 条 | 原文离子式: C2H4IO3-，原文 m/z 202.921 Th（[M+I]-，算得 202.921，Δ 0.1 mDa） | DBE 1，整数 ⇒ 闭壳层 | 第 0 步依据：SI Table S1 表头明写 ""m/z (**I- included**)"" + ""Elemental formula""，即列出的是**离子式**（含碘）。中性式 = 离子式 − I（团簇加合）；不含 I 的离子按 [M-H]- 还原（中性 = 离子 + H）。645 行全部用给出的三位小数 m/z 独立验算通过（校验 A） | source: SI Table S1"
C3H4O3,I-,adduct,FIGAERO-I-CIMS (HR-ToF-CIMS),gas/particle,chamber; UT Austin environmental chamber; alpha-pinene + Cl2/UV with NO (alpha-pinene+Cl+NO system),chamber,,"Masoud and Ruiz, 2021, ACS Earth Space Chem.",10.1021/acsearthspacechem.1c00150,"alpha-蒎烯 + Cl + NO 体系拟合峰表第 16 条 | 原文离子式: C3H4IO3-，原文 m/z 214.921 Th（[M+I]-，算得 214.921，Δ 0.1 mDa） | DBE 2，整数 ⇒ 闭壳层 | 第 0 步依据：SI Table S1 表头明写 ""m/z (**I- included**)"" + ""Elemental formula""，即列出的是**离子式**（含碘）。中性式 = 离子式 − I（团簇加合）；不含 I 的离子按 [M-H]- 还原（中性 = 离子 + H）。645 行全部用给出的三位小数 m/z 独立验算通过（校验 A） | source: SI Table S1"
C3H6O3,I-,adduct,FIGAERO-I-CIMS (HR-ToF-CIMS),gas/particle,chamber; UT Austin environmental chamber; alpha-pinene + Cl2/UV with NO (alpha-pinene+Cl+NO system),chamber,,"Masoud and Ruiz, 2021, ACS Earth Space Chem.",10.1021/acsearthspacechem.1c00150,"alpha-蒎烯 + Cl + NO 体系拟合峰表第 17 条 | 原文离子式: C3H6IO3-，原文 m/z 216.937 Th（[M+I]-，算得 216.937，Δ 0.3 mDa） | DBE 1，整数 ⇒ 闭壳层 | 第 0 步依据：SI Table S1 表头明写 ""m/z (**I- included**)"" + ""Elemental formula""，即列出的是**离子式**（含碘）。中性式 = 离子式 − I（团簇加合）；不含 I 的离子按 [M-H]- 还原（中性 = 离子 + H）。645 行全部用给出的三位小数 m/z 独立验算通过（校验 A） | source: SI Table S1"
C6H4O,I-,adduct,FIGAERO-I-CIMS (HR-ToF-CIMS),gas/particle,chamber; UT Austin environmental chamber; alpha-pinene + Cl2/UV with NO (alpha-pinene+Cl+NO system),chamber,,"Masoud and Ruiz, 2021, ACS Earth Space Chem.",10.1021/acsearthspacechem.1c00150,"alpha-蒎烯 + Cl + NO 体系拟合峰表第 18 条 | 原文离子式: C6H4IO-，原文 m/z 218.931 Th（[M+I]-，算得 218.931，Δ 0.2 mDa） | DBE 5，整数 ⇒ 闭壳层 | 第 0 步依据：SI Table S1 表头明写 ""m/z (**I- included**)"" + ""Elemental formula""，即列出的是**离子式**（含碘）。中性式 = 离子式 − I（团簇加合）；不含 I 的离子按 [M-H]- 还原（中性 = 离子 + H）。645 行全部用给出的三位小数 m/z 独立验算通过（校验 A） | source: SI Table S1"
C3H8O3,I-,adduct,FIGAERO-I-CIMS (HR-ToF-CIMS),gas/particle,chamber; UT Austin environmental chamber; alpha-pinene + Cl2/UV with NO (alpha-pinene+Cl+NO system),chamber,,"Masoud and Ruiz, 2021, ACS Earth Space Chem.",10.1021/acsearthspacechem.1c00150,"alpha-蒎烯 + Cl + NO 体系拟合峰表第 19 条 | 原文离子式: C3H8IO3-，原文 m/z 218.952 Th（[M+I]-，算得 218.952，Δ 0.4 mDa） | DBE 0，整数 ⇒ 闭壳层 | 第 0 步依据：SI Table S1 表头明写 ""m/z (**I- included**)"" + ""Elemental formula""，即列出的是**离子式**（含碘）。中性式 = 离子式 − I（团簇加合）；不含 I 的离子按 [M-H]- 还原（中性 = 离子 + H）。645 行全部用给出的三位小数 m/z 独立验算通过（校验 A） | source: SI Table S1"
C2H3ClO2,I-,adduct,FIGAERO-I-CIMS (HR-ToF-CIMS),gas/particle,chamber; UT Austin environmental chamber; alpha-pinene + Cl2/UV with NO (alpha-pinene+Cl+NO system),chamber,,"Masoud and Ruiz, 2021, ACS Earth Space Chem.",10.1021/acsearthspacechem.1c00150,"alpha-蒎烯 + Cl + NO 体系拟合峰表第 20 条 | 原文离子式: C2H3ClIO2-，原文 m/z 220.887 Th（[M+I]-，算得 220.887，Δ 0.2 mDa） | DBE 1，整数 ⇒ 闭壳层 | 第 0 步依据：SI Table S1 表头明写 ""m/z (**I- included**)"" + ""Elemental formula""，即列出的是**离子式**（含碘）。中性式 = 离子式 − I（团簇加合）；不含 I 的离子按 [M-H]- 还原（中性 = 离子 + H）。645 行全部用给出的三位小数 m/z 独立验算通过（校验 A） | source: SI Table S1"
C4H2O3,I-,adduct,FIGAERO-I-CIMS (HR-ToF-CIMS),gas/particle,chamber; UT Austin environmental chamber; alpha-pinene + Cl2/UV with NO (alpha-pinene+Cl+NO system),chamber,,"Masoud and Ruiz, 2021, ACS Earth Space Chem.",10.1021/acsearthspacechem.1c00150,"alpha-蒎烯 + Cl + NO 体系拟合峰表第 22 条 | 原文离子式: C4H2IO3-，原文 m/z 224.905 Th（[M+I]-，算得 224.905，Δ 0.4 mDa） | DBE 4，整数 ⇒ 闭壳层 | 第 0 步依据：SI Table S1 表头明写 ""m/z (**I- included**)"" + ""Elemental formula""，即列出的是**离子式**（含碘）。中性式 = 离子式 − I（团簇加合）；不含 I 的离子按 [M-H]- 还原（中性 = 离子 + H）。645 行全部用给出的三位小数 m/z 独立验算通过（校验 A） | source: SI Table S1"
C4H4O3,I-,adduct,FIGAERO-I-CIMS (HR-ToF-CIMS),gas/particle,chamber; UT Austin environmental chamber; alpha-pinene + Cl2/UV with NO (alpha-pinene+Cl+NO system),chamber,,"Masoud and Ruiz, 2021, ACS Earth Space Chem.",10.1021/acsearthspacechem.1c00150,"alpha-蒎烯 + Cl + NO 体系拟合峰表第 23 条 | 原文离子式: C4H4IO3-，原文 m/z 226.921 Th（[M+I]-，算得 226.921，Δ 0.1 mDa） | DBE 3，整数 ⇒ 闭壳层 | 第 0 步依据：SI Table S1 表头明写 ""m/z (**I- included**)"" + ""Elemental formula""，即列出的是**离子式**（含碘）。中性式 = 离子式 − I（团簇加合）；不含 I 的离子按 [M-H]- 还原（中性 = 离子 + H）。645 行全部用给出的三位小数 m/z 独立验算通过（校验 A） | source: SI Table S1"
C5H8O2,I-,adduct,FIGAERO-I-CIMS (HR-ToF-CIMS),gas/particle,chamber; UT Austin environmental chamber; alpha-pinene + Cl2/UV with NO (alpha-pinene+Cl+NO system),chamber,,"Masoud and Ruiz, 2021, ACS Earth Space Chem.",10.1021/acsearthspacechem.1c00150,"alpha-蒎烯 + Cl + NO 体系拟合峰表第 24 条 | 原文离子式: C5H8IO2-，原文 m/z 226.957 Th（[M+I]-，算得 226.957，Δ 0.5 mDa） | DBE 2，整数 ⇒ 闭壳层 | 第 0 步依据：SI Table S1 表头明写 ""m/z (**I- included**)"" + ""Elemental formula""，即列出的是**离子式**（含碘）。中性式 = 离子式 − I（团簇加合）；不含 I 的离子按 [M-H]- 还原（中性 = 离子 + H）。645 行全部用给出的三位小数 m/z 独立验算通过（校验 A） | source: SI Table S1"
C4H6O3,I-,adduct,FIGAERO-I-CIMS (HR-ToF-CIMS),gas/particle,chamber; UT Austin environmental chamber; alpha-pinene + Cl2/UV with NO (alpha-pinene+Cl+NO system),chamber,,"Masoud and Ruiz, 2021, ACS Earth Space Chem.",10.1021/acsearthspacechem.1c00150,"alpha-蒎烯 + Cl + NO 体系拟合峰表第 25 条 | 原文离子式: C4H6IO3-，原文 m/z 228.937 Th（[M+I]-，算得 228.937，Δ 0.3 mDa） | DBE 2，整数 ⇒ 闭壳层 | 第 0 步依据：SI Table S1 表头明写 ""m/z (**I- included**)"" + ""Elemental formula""，即列出的是**离子式**（含碘）。中性式 = 离子式 − I（团簇加合）；不含 I 的离子按 [M-H]- 还原（中性 = 离子 + H）。645 行全部用给出的三位小数 m/z 独立验算通过（校验 A） | source: SI Table S1"
C3H4O4,I-,adduct,FIGAERO-I-CIMS (HR-ToF-CIMS),gas/particle,chamber; UT Austin environmental chamber; alpha-pinene + Cl2/UV with NO (alpha-pinene+Cl+NO system),chamber,,"Masoud and Ruiz, 2021, ACS Earth Space Chem.",10.1021/acsearthspacechem.1c00150,"alpha-蒎烯 + Cl + NO 体系拟合峰表第 26 条 | 原文离子式: C3H4IO4-，原文 m/z 230.916 Th（[M+I]-，算得 230.916，Δ 0.0 mDa） | DBE 2，整数 ⇒ 闭壳层 | 第 0 步依据：SI Table S1 表头明写 ""m/z (**I- included**)"" + ""Elemental formula""，即列出的是**离子式**（含碘）。中性式 = 离子式 − I（团簇加合）；不含 I 的离子按 [M-H]- 还原（中性 = 离子 + H）。645 行全部用给出的三位小数 m/z 独立验算通过（校验 A） | source: SI Table S1"
C4H8O3,I-,adduct,FIGAERO-I-CIMS (HR-ToF-CIMS),gas/particle,chamber; UT Austin environmental chamber; alpha-pinene + Cl2/UV with NO (alpha-pinene+Cl+NO system),chamber,,"Masoud and Ruiz, 2021, ACS Earth Space Chem.",10.1021/acsearthspacechem.1c00150,"alpha-蒎烯 + Cl + NO 体系拟合峰表第 27 条 | 原文离子式: C4H8IO3-，原文 m/z 230.952 Th（[M+I]-，算得 230.952，Δ 0.4 mDa） | DBE 1，整数 ⇒ 闭壳层 | 第 0 步依据：SI Table S1 表头明写 ""m/z (**I- included**)"" + ""Elemental formula""，即列出的是**离子式**（含碘）。中性式 = 离子式 − I（团簇加合）；不含 I 的离子按 [M-H]- 还原（中性 = 离子 + H）。645 行全部用给出的三位小数 m/z 独立验算通过（校验 A） | source: SI Table S1"
C3H6O4,I-,adduct,FIGAERO-I-CIMS (HR-ToF-CIMS),gas/particle,chamber; UT Austin environmental chamber; alpha-pinene + Cl2/UV with NO (alpha-pinene+Cl+NO system),chamber,,"Masoud and Ruiz, 2021, ACS Earth Space Chem.",10.1021/acsearthspacechem.1c00150,"alpha-蒎烯 + Cl + NO 体系拟合峰表第 28 条 | 原文离子式: C3H6IO4-，原文 m/z 232.932 Th（[M+I]-，算得 232.932，Δ 0.4 mDa） | DBE 1，整数 ⇒ 闭壳层 | 第 0 步依据：SI Table S1 表头明写 ""m/z (**I- included**)"" + ""Elemental formula""，即列出的是**离子式**（含碘）。中性式 = 离子式 − I（团簇加合）；不含 I 的离子按 [M-H]- 还原（中性 = 离子 + H）。645 行全部用给出的三位小数 m/z 独立验算通过（校验 A） | source: SI Table S1"
C4H10O3,I-,adduct,FIGAERO-I-CIMS (HR-ToF-CIMS),gas/particle,chamber; UT Austin environmental chamber; alpha-pinene + Cl2/UV with NO (alpha-pinene+Cl+NO system),chamber,,"Masoud and Ruiz, 2021, ACS Earth Space Chem.",10.1021/acsearthspacechem.1c00150,"alpha-蒎烯 + Cl + NO 体系拟合峰表第 29 条 | 原文离子式: C4H10IO3-，原文 m/z 232.968 Th（[M+I]-，算得 232.968，Δ 0.0 mDa） | DBE 0，整数 ⇒ 闭壳层 | 第 0 步依据：SI Table S1 表头明写 ""m/z (**I- included**)"" + ""Elemental formula""，即列出的是**离子式**（含碘）。中性式 = 离子式 − I（团簇加合）；不含 I 的离子按 [M-H]- 还原（中性 = 离子 + H）。645 行全部用给出的三位小数 m/z 独立验算通过（校验 A） | source: SI Table S1"
C3H5ClO2,I-,adduct,FIGAERO-I-CIMS (HR-ToF-CIMS),gas/particle,chamber; UT Austin environmental chamber; alpha-pinene + Cl2/UV with NO (alpha-pinene+Cl+NO system),chamber,,"Masoud and Ruiz, 2021, ACS Earth Space Chem.",10.1021/acsearthspacechem.1c00150,"alpha-蒎烯 + Cl + NO 体系拟合峰表第 31 条 | 原文离子式: C3H5ClIO2-，原文 m/z 234.903 Th（[M+I]-，算得 234.903，Δ 0.2 mDa） | DBE 1，整数 ⇒ 闭壳层 | 第 0 步依据：SI Table S1 表头明写 ""m/z (**I- included**)"" + ""Elemental formula""，即列出的是**离子式**（含碘）。中性式 = 离子式 − I（团簇加合）；不含 I 的离子按 [M-H]- 还原（中性 = 离子 + H）。645 行全部用给出的三位小数 m/z 独立验算通过（校验 A） | source: SI Table S1"
CH3NO5,I-,adduct,FIGAERO-I-CIMS (HR-ToF-CIMS),gas/particle,chamber; UT Austin environmental chamber; alpha-pinene + Cl2/UV with NO (alpha-pinene+Cl+NO system),chamber,,"Masoud and Ruiz, 2021, ACS Earth Space Chem.",10.1021/acsearthspacechem.1c00150,"alpha-蒎烯 + Cl + NO 体系拟合峰表第 32 条 | 原文离子式: CH3NIO5-，原文 m/z 235.906 Th（[M+I]-，算得 235.906，Δ 0.1 mDa） | DBE 0，整数 ⇒ 闭壳层 | 第 0 步依据：SI Table S1 表头明写 ""m/z (**I- included**)"" + ""Elemental formula""，即列出的是**离子式**（含碘）。中性式 = 离子式 − I（团簇加合）；不含 I 的离子按 [M-H]- 还原（中性 = 离子 + H）。645 行全部用给出的三位小数 m/z 独立验算通过（校验 A） | source: SI Table S1"
C4H2O4,I-,adduct,FIGAERO-I-CIMS (HR-ToF-CIMS),gas/particle,chamber; UT Austin environmental chamber; alpha-pinene + Cl2/UV with NO (alpha-pinene+Cl+NO system),chamber,,"Masoud and Ruiz, 2021, ACS Earth Space Chem.",10.1021/acsearthspacechem.1c00150,"alpha-蒎烯 + Cl + NO 体系拟合峰表第 33 条 | 原文离子式: C4H2IO4-，原文 m/z 240.9 Th（[M+I]-，算得 240.900，Δ 0.3 mDa） | DBE 4，整数 ⇒ 闭壳层 | 第 0 步依据：SI Table S1 表头明写 ""m/z (**I- included**)"" + ""Elemental formula""，即列出的是**离子式**（含碘）。中性式 = 离子式 − I（团簇加合）；不含 I 的离子按 [M-H]- 还原（中性 = 离子 + H）。645 行全部用给出的三位小数 m/z 独立验算通过（校验 A） | source: SI Table S1"
C5H6O3,I-,adduct,FIGAERO-I-CIMS (HR-ToF-CIMS),gas/particle,chamber; UT Austin environmental chamber; alpha-pinene + Cl2/UV with NO (alpha-pinene+Cl+NO system),chamber,,"Masoud and Ruiz, 2021, ACS Earth Space Chem.",10.1021/acsearthspacechem.1c00150,"alpha-蒎烯 + Cl + NO 体系拟合峰表第 34 条 | 原文离子式: C5H6IO3-，原文 m/z 240.937 Th（[M+I]-，算得 240.937，Δ 0.3 mDa） | DBE 3，整数 ⇒ 闭壳层 | 第 0 步依据：SI Table S1 表头明写 ""m/z (**I- included**)"" + ""Elemental formula""，即列出的是**离子式**（含碘）。中性式 = 离子式 − I（团簇加合）；不含 I 的离子按 [M-H]- 还原（中性 = 离子 + H）。645 行全部用给出的三位小数 m/z 独立验算通过（校验 A） | source: SI Table S1"
C6H10O2,I-,adduct,FIGAERO-I-CIMS (HR-ToF-CIMS),gas/particle,chamber; UT Austin environmental chamber; alpha-pinene + Cl2/UV with NO (alpha-pinene+Cl+NO system),chamber,,"Masoud and Ruiz, 2021, ACS Earth Space Chem.",10.1021/acsearthspacechem.1c00150,"alpha-蒎烯 + Cl + NO 体系拟合峰表第 35 条 | 原文离子式: C6H10IO2-，原文 m/z 240.973 Th（[M+I]-，算得 240.973，Δ 0.1 mDa） | DBE 2，整数 ⇒ 闭壳层 | 第 0 步依据：SI Table S1 表头明写 ""m/z (**I- included**)"" + ""Elemental formula""，即列出的是**离子式**（含碘）。中性式 = 离子式 − I（团簇加合）；不含 I 的离子按 [M-H]- 还原（中性 = 离子 + H）。645 行全部用给出的三位小数 m/z 独立验算通过（校验 A） | source: SI Table S1"
C7H14O,I-,adduct,FIGAERO-I-CIMS (HR-ToF-CIMS),gas/particle,chamber; UT Austin environmental chamber; alpha-pinene + Cl2/UV with NO (alpha-pinene+Cl+NO system),chamber,,"Masoud and Ruiz, 2021, ACS Earth Space Chem.",10.1021/acsearthspacechem.1c00150,"alpha-蒎烯 + Cl + NO 体系拟合峰表第 36 条 | 原文离子式: C7H14IO-，原文 m/z 241.009 Th（[M+I]-，算得 241.009，Δ 0.5 mDa） | DBE 1，整数 ⇒ 闭壳层 | 第 0 步依据：SI Table S1 表头明写 ""m/z (**I- included**)"" + ""Elemental formula""，即列出的是**离子式**（含碘）。中性式 = 离子式 − I（团簇加合）；不含 I 的离子按 [M-H]- 还原（中性 = 离子 + H）。645 行全部用给出的三位小数 m/z 独立验算通过（校验 A） | source: SI Table S1"
C4H4O4,I-,adduct,FIGAERO-I-CIMS (HR-ToF-CIMS),gas/particle,chamber; UT Austin environmental chamber; alpha-pinene + Cl2/UV with NO (alpha-pinene+Cl+NO system),chamber,,"Masoud and Ruiz, 2021, ACS Earth Space Chem.",10.1021/acsearthspacechem.1c00150,"alpha-蒎烯 + Cl + NO 体系拟合峰表第 37 条 | 原文离子式: C4H4IO4-，原文 m/z 242.916 Th（[M+I]-，算得 242.916，Δ 0.0 mDa） | DBE 3，整数 ⇒ 闭壳层 | 第 0 步依据：SI Table S1 表头明写 ""m/z (**I- included**)"" + ""Elemental formula""，即列出的是**离子式**（含碘）。中性式 = 离子式 − I（团簇加合）；不含 I 的离子按 [M-H]- 还原（中性 = 离子 + H）。645 行全部用给出的三位小数 m/z 独立验算通过（校验 A） | source: SI Table S1"
C5H8O3,I-,adduct,FIGAERO-I-CIMS (HR-ToF-CIMS),gas/particle,chamber; UT Austin environmental chamber; alpha-pinene + Cl2/UV with NO (alpha-pinene+Cl+NO system),chamber,,"Masoud and Ruiz, 2021, ACS Earth Space Chem.",10.1021/acsearthspacechem.1c00150,"alpha-蒎烯 + Cl + NO 体系拟合峰表第 38 条 | 原文离子式: C5H8IO3-，原文 m/z 242.952 Th（[M+I]-，算得 242.952，Δ 0.4 mDa） | DBE 2，整数 ⇒ 闭壳层 | 第 0 步依据：SI Table S1 表头明写 ""m/z (**I- included**)"" + ""Elemental formula""，即列出的是**离子式**（含碘）。中性式 = 离子式 − I（团簇加合）；不含 I 的离子按 [M-H]- 还原（中性 = 离子 + H）。645 行全部用给出的三位小数 m/z 独立验算通过（校验 A） | source: SI Table S1"
C6H12O2,I-,adduct,FIGAERO-I-CIMS (HR-ToF-CIMS),gas/particle,chamber; UT Austin environmental chamber; alpha-pinene + Cl2/UV with NO (alpha-pinene+Cl+NO system),chamber,,"Masoud and Ruiz, 2021, ACS Earth Space Chem.",10.1021/acsearthspacechem.1c00150,"alpha-蒎烯 + Cl + NO 体系拟合峰表第 39 条 | 原文离子式: C6H12IO2-，原文 m/z 242.989 Th（[M+I]-，算得 242.989，Δ 0.2 mDa） | DBE 1，整数 ⇒ 闭壳层 | 第 0 步依据：SI Table S1 表头明写 ""m/z (**I- included**)"" + ""Elemental formula""，即列出的是**离子式**（含碘）。中性式 = 离子式 − I（团簇加合）；不含 I 的离子按 [M-H]- 还原（中性 = 离子 + H）。645 行全部用给出的三位小数 m/z 独立验算通过（校验 A） | source: SI Table S1"
C4H6O4,I-,adduct,FIGAERO-I-CIMS (HR-ToF-CIMS),gas/particle,chamber; UT Austin environmental chamber; alpha-pinene + Cl2/UV with NO (alpha-pinene+Cl+NO system),chamber,,"Masoud and Ruiz, 2021, ACS Earth Space Chem.",10.1021/acsearthspacechem.1c00150,"alpha-蒎烯 + Cl + NO 体系拟合峰表第 41 条 | 原文离子式: C4H6IO4-，原文 m/z 244.932 Th（[M+I]-，算得 244.932，Δ 0.4 mDa） | DBE 2，整数 ⇒ 闭壳层 | 第 0 步依据：SI Table S1 表头明写 ""m/z (**I- included**)"" + ""Elemental formula""，即列出的是**离子式**（含碘）。中性式 = 离子式 − I（团簇加合）；不含 I 的离子按 [M-H]- 还原（中性 = 离子 + H）。645 行全部用给出的三位小数 m/z 独立验算通过（校验 A） | source: SI Table S1"
C5H10O3,I-,adduct,FIGAERO-I-CIMS (HR-ToF-CIMS),gas/particle,chamber; UT Austin environmental chamber; alpha-pinene + Cl2/UV with NO (alpha-pinene+Cl+NO system),chamber,,"Masoud and Ruiz, 2021, ACS Earth Space Chem.",10.1021/acsearthspacechem.1c00150,"alpha-蒎烯 + Cl + NO 体系拟合峰表第 42 条 | 原文离子式: C5H10IO3-，原文 m/z 244.968 Th（[M+I]-，算得 244.968，Δ 0.0 mDa） | DBE 1，整数 ⇒ 闭壳层 | 第 0 步依据：SI Table S1 表头明写 ""m/z (**I- included**)"" + ""Elemental formula""，即列出的是**离子式**（含碘）。中性式 = 离子式 − I（团簇加合）；不含 I 的离子按 [M-H]- 还原（中性 = 离子 + H）。645 行全部用给出的三位小数 m/z 独立验算通过（校验 A） | source: SI Table S1"
C6H14O2,I-,adduct,FIGAERO-I-CIMS (HR-ToF-CIMS),gas/particle,chamber; UT Austin environmental chamber; alpha-pinene + Cl2/UV with NO (alpha-pinene+Cl+NO system),chamber,,"Masoud and Ruiz, 2021, ACS Earth Space Chem.",10.1021/acsearthspacechem.1c00150,"alpha-蒎烯 + Cl + NO 体系拟合峰表第 43 条 | 原文离子式: C6H14IO2-，原文 m/z 245.004 Th（[M+I]-，算得 245.004，Δ 0.4 mDa） | DBE 0，整数 ⇒ 闭壳层 | 第 0 步依据：SI Table S1 表头明写 ""m/z (**I- included**)"" + ""Elemental formula""，即列出的是**离子式**（含碘）。中性式 = 离子式 − I（团簇加合）；不含 I 的离子按 [M-H]- 还原（中性 = 离子 + H）。645 行全部用给出的三位小数 m/z 独立验算通过（校验 A） | source: SI Table S1"
C3H5NO4,I-,adduct,FIGAERO-I-CIMS (HR-ToF-CIMS),gas/particle,chamber; UT Austin environmental chamber; alpha-pinene + Cl2/UV with NO (alpha-pinene+Cl+NO system),chamber,,"Masoud and Ruiz, 2021, ACS Earth Space Chem.",10.1021/acsearthspacechem.1c00150,"alpha-蒎烯 + Cl + NO 体系拟合峰表第 44 条 | 原文离子式: C3H5NIO4-，原文 m/z 245.927 Th（[M+I]-，算得 245.927，Δ 0.1 mDa） | DBE 1，整数 ⇒ 闭壳层 | 第 0 步依据：SI Table S1 表头明写 ""m/z (**I- included**)"" + ""Elemental formula""，即列出的是**离子式**（含碘）。中性式 = 离子式 − I（团簇加合）；不含 I 的离子按 [M-H]- 还原（中性 = 离子 + H）。645 行全部用给出的三位小数 m/z 独立验算通过（校验 A） | source: SI Table S1"
C3H4O5,I-,adduct,FIGAERO-I-CIMS (HR-ToF-CIMS),gas/particle,chamber; UT Austin environmental chamber; alpha-pinene + Cl2/UV with NO (alpha-pinene+Cl+NO system),chamber,,"Masoud and Ruiz, 2021, ACS Earth Space Chem.",10.1021/acsearthspacechem.1c00150,"alpha-蒎烯 + Cl + NO 体系拟合峰表第 45 条 | 原文离子式: C3H4IO5-，原文 m/z 246.911 Th（[M+I]-，算得 246.911，Δ 0.1 mDa） | DBE 2，整数 ⇒ 闭壳层 | 第 0 步依据：SI Table S1 表头明写 ""m/z (**I- included**)"" + ""Elemental formula""，即列出的是**离子式**（含碘）。中性式 = 离子式 − I（团簇加合）；不含 I 的离子按 [M-H]- 还原（中性 = 离子 + H）。645 行全部用给出的三位小数 m/z 独立验算通过（校验 A） | source: SI Table S1"
C4H8O4,I-,adduct,FIGAERO-I-CIMS (HR-ToF-CIMS),gas/particle,chamber; UT Austin environmental chamber; alpha-pinene + Cl2/UV with NO (alpha-pinene+Cl+NO system),chamber,,"Masoud and Ruiz, 2021, ACS Earth Space Chem.",10.1021/acsearthspacechem.1c00150,"alpha-蒎烯 + Cl + NO 体系拟合峰表第 46 条 | 原文离子式: C4H8IO4-，原文 m/z 246.947 Th（[M+I]-，算得 246.947，Δ 0.3 mDa） | DBE 1，整数 ⇒ 闭壳层 | 第 0 步依据：SI Table S1 表头明写 ""m/z (**I- included**)"" + ""Elemental formula""，即列出的是**离子式**（含碘）。中性式 = 离子式 − I（团簇加合）；不含 I 的离子按 [M-H]- 还原（中性 = 离子 + H）。645 行全部用给出的三位小数 m/z 独立验算通过（校验 A） | source: SI Table S1"
C5H12O3,I-,adduct,FIGAERO-I-CIMS (HR-ToF-CIMS),gas/particle,chamber; UT Austin environmental chamber; alpha-pinene + Cl2/UV with NO (alpha-pinene+Cl+NO system),chamber,,"Masoud and Ruiz, 2021, ACS Earth Space Chem.",10.1021/acsearthspacechem.1c00150,"alpha-蒎烯 + Cl + NO 体系拟合峰表第 47 条 | 原文离子式: C5H12IO3-，原文 m/z 246.984 Th（[M+I]-，算得 246.984，Δ 0.3 mDa） | DBE 0，整数 ⇒ 闭壳层 | 第 0 步依据：SI Table S1 表头明写 ""m/z (**I- included**)"" + ""Elemental formula""，即列出的是**离子式**（含碘）。中性式 = 离子式 − I（团簇加合）；不含 I 的离子按 [M-H]- 还原（中性 = 离子 + H）。645 行全部用给出的三位小数 m/z 独立验算通过（校验 A） | source: SI Table S1"
C2H3NO5,I-,adduct,FIGAERO-I-CIMS (HR-ToF-CIMS),gas/particle,chamber; UT Austin environmental chamber; alpha-pinene + Cl2/UV with NO (alpha-pinene+Cl+NO system),chamber,,"Masoud and Ruiz, 2021, ACS Earth Space Chem.",10.1021/acsearthspacechem.1c00150,"alpha-蒎烯 + Cl + NO 体系拟合峰表第 49 条 | 原文离子式: C2H3NIO5-，原文 m/z 247.906 Th（[M+I]-，算得 247.906，Δ 0.1 mDa） | DBE 1，整数 ⇒ 闭壳层 | 第 0 步依据：SI Table S1 表头明写 ""m/z (**I- included**)"" + ""Elemental formula""，即列出的是**离子式**（含碘）。中性式 = 离子式 − I（团簇加合）；不含 I 的离子按 [M-H]- 还原（中性 = 离子 + H）。645 行全部用给出的三位小数 m/z 独立验算通过（校验 A） | source: SI Table S1"
C3H3ClO3,I-,adduct,FIGAERO-I-CIMS (HR-ToF-CIMS),gas/particle,chamber; UT Austin environmental chamber; alpha-pinene + Cl2/UV with NO (alpha-pinene+Cl+NO system),chamber,,"Masoud and Ruiz, 2021, ACS Earth Space Chem.",10.1021/acsearthspacechem.1c00150,"alpha-蒎烯 + Cl + NO 体系拟合峰表第 50 条 | 原文离子式: C3H3ClIO3-，原文 m/z 248.882 Th（[M+I]-，算得 248.882，Δ 0.1 mDa） | DBE 2，整数 ⇒ 闭壳层 | 第 0 步依据：SI Table S1 表头明写 ""m/z (**I- included**)"" + ""Elemental formula""，即列出的是**离子式**（含碘）。中性式 = 离子式 − I（团簇加合）；不含 I 的离子按 [M-H]- 还原（中性 = 离子 + H）。645 行全部用给出的三位小数 m/z 独立验算通过（校验 A） | source: SI Table S1"
C6H2O3,I-,adduct,FIGAERO-I-CIMS (HR-ToF-CIMS),gas/particle,chamber; UT Austin environmental chamber; alpha-pinene + Cl2/UV with NO (alpha-pinene+Cl+NO system),chamber,,"Masoud and Ruiz, 2021, ACS Earth Space Chem.",10.1021/acsearthspacechem.1c00150,"alpha-蒎烯 + Cl + NO 体系拟合峰表第 51 条 | 原文离子式: C6H2IO3-，原文 m/z 248.905 Th（[M+I]-，算得 248.905，Δ 0.4 mDa） | DBE 6，整数 ⇒ 闭壳层 | 第 0 步依据：SI Table S1 表头明写 ""m/z (**I- included**)"" + ""Elemental formula""，即列出的是**离子式**（含碘）。中性式 = 离子式 − I（团簇加合）；不含 I 的离子按 [M-H]- 还原（中性 = 离子 + H）。645 行全部用给出的三位小数 m/z 独立验算通过（校验 A） | source: SI Table S1"
C3H6O5,I-,adduct,FIGAERO-I-CIMS (HR-ToF-CIMS),gas/particle,chamber; UT Austin environmental chamber; alpha-pinene + Cl2/UV with NO (alpha-pinene+Cl+NO system),chamber,,"Masoud and Ruiz, 2021, ACS Earth Space Chem.",10.1021/acsearthspacechem.1c00150,"alpha-蒎烯 + Cl + NO 体系拟合峰表第 52 条 | 原文离子式: C3H6IO5-，原文 m/z 248.927 Th（[M+I]-，算得 248.927，Δ 0.5 mDa） | DBE 1，整数 ⇒ 闭壳层 | 第 0 步依据：SI Table S1 表头明写 ""m/z (**I- included**)"" + ""Elemental formula""，即列出的是**离子式**（含碘）。中性式 = 离子式 − I（团簇加合）；不含 I 的离子按 [M-H]- 还原（中性 = 离子 + H）。645 行全部用给出的三位小数 m/z 独立验算通过（校验 A） | source: SI Table S1"
C2H4O6,I-,adduct,FIGAERO-I-CIMS (HR-ToF-CIMS),gas/particle,chamber; UT Austin environmental chamber; alpha-pinene + Cl2/UV with NO (alpha-pinene+Cl+NO system),chamber,,"Masoud and Ruiz, 2021, ACS Earth Space Chem.",10.1021/acsearthspacechem.1c00150,"alpha-蒎烯 + Cl + NO 体系拟合峰表第 53 条 | 原文离子式: C2H4IO6-，原文 m/z 250.906 Th（[M+I]-，算得 250.906，Δ 0.2 mDa） | DBE 1，整数 ⇒ 闭壳层 | 第 0 步依据：SI Table S1 表头明写 ""m/z (**I- included**)"" + ""Elemental formula""，即列出的是**离子式**（含碘）。中性式 = 离子式 − I（团簇加合）；不含 I 的离子按 [M-H]- 还原（中性 = 离子 + H）。645 行全部用给出的三位小数 m/z 独立验算通过（校验 A） | source: SI Table S1"
C5H2O4,I-,adduct,FIGAERO-I-CIMS (HR-ToF-CIMS),gas/particle,chamber; UT Austin environmental chamber; alpha-pinene + Cl2/UV with NO (alpha-pinene+Cl+NO system),chamber,,"Masoud and Ruiz, 2021, ACS Earth Space Chem.",10.1021/acsearthspacechem.1c00150,"alpha-蒎烯 + Cl + NO 体系拟合峰表第 54 条 | 原文离子式: C5H2IO4-，原文 m/z 252.9 Th（[M+I]-，算得 252.900，Δ 0.3 mDa） | DBE 5，整数 ⇒ 闭壳层 | 第 0 步依据：SI Table S1 表头明写 ""m/z (**I- included**)"" + ""Elemental formula""，即列出的是**离子式**（含碘）。中性式 = 离子式 − I（团簇加合）；不含 I 的离子按 [M-H]- 还原（中性 = 离子 + H）。645 行全部用给出的三位小数 m/z 独立验算通过（校验 A） | source: SI Table S1"
C2H2Cl2O2,I-,adduct,FIGAERO-I-CIMS (HR-ToF-CIMS),gas/particle,chamber; UT Austin environmental chamber; alpha-pinene + Cl2/UV with NO (alpha-pinene+Cl+NO system),chamber,,"Masoud and Ruiz, 2021, ACS Earth Space Chem.",10.1021/acsearthspacechem.1c00150,"alpha-蒎烯 + Cl + NO 体系拟合峰表第 55 条 | 原文离子式: C2H2Cl2IO2-，原文 m/z 254.848 Th（[M+I]-，算得 254.848，Δ 0.2 mDa） | DBE 1，整数 ⇒ 闭壳层 | 第 0 步依据：SI Table S1 表头明写 ""m/z (**I- included**)"" + ""Elemental formula""，即列出的是**离子式**（含碘）。中性式 = 离子式 − I（团簇加合）；不含 I 的离子按 [M-H]- 还原（中性 = 离子 + H）。645 行全部用给出的三位小数 m/z 独立验算通过（校验 A） | source: SI Table S1"
C5H4O4,I-,adduct,FIGAERO-I-CIMS (HR-ToF-CIMS),gas/particle,chamber; UT Austin environmental chamber; alpha-pinene + Cl2/UV with NO (alpha-pinene+Cl+NO system),chamber,,"Masoud and Ruiz, 2021, ACS Earth Space Chem.",10.1021/acsearthspacechem.1c00150,"alpha-蒎烯 + Cl + NO 体系拟合峰表第 56 条 | 原文离子式: C5H4IO4-，原文 m/z 254.916 Th（[M+I]-，算得 254.916，Δ 0.0 mDa） | DBE 4，整数 ⇒ 闭壳层 | 第 0 步依据：SI Table S1 表头明写 ""m/z (**I- included**)"" + ""Elemental formula""，即列出的是**离子式**（含碘）。中性式 = 离子式 − I（团簇加合）；不含 I 的离子按 [M-H]- 还原（中性 = 离子 + H）。645 行全部用给出的三位小数 m/z 独立验算通过（校验 A） | source: SI Table S1"
C6H8O3,I-,adduct,FIGAERO-I-CIMS (HR-ToF-CIMS),gas/particle,chamber; UT Austin environmental chamber; alpha-pinene + Cl2/UV with NO (alpha-pinene+Cl+NO system),chamber,,"Masoud and Ruiz, 2021, ACS Earth Space Chem.",10.1021/acsearthspacechem.1c00150,"alpha-蒎烯 + Cl + NO 体系拟合峰表第 57 条 | 原文离子式: C6H8IO3-，原文 m/z 254.952 Th（[M+I]-，算得 254.952，Δ 0.4 mDa） | DBE 3，整数 ⇒ 闭壳层 | 第 0 步依据：SI Table S1 表头明写 ""m/z (**I- included**)"" + ""Elemental formula""，即列出的是**离子式**（含碘）。中性式 = 离子式 − I（团簇加合）；不含 I 的离子按 [M-H]- 还原（中性 = 离子 + H）。645 行全部用给出的三位小数 m/z 独立验算通过（校验 A） | source: SI Table S1"
C5H6O4,I-,adduct,FIGAERO-I-CIMS (HR-ToF-CIMS),gas/particle,chamber; UT Austin environmental chamber; alpha-pinene + Cl2/UV with NO (alpha-pinene+Cl+NO system),chamber,,"Masoud and Ruiz, 2021, ACS Earth Space Chem.",10.1021/acsearthspacechem.1c00150,"alpha-蒎烯 + Cl + NO 体系拟合峰表第 58 条 | 原文离子式: C5H6IO4-，原文 m/z 256.932 Th（[M+I]-，算得 256.932，Δ 0.4 mDa） | DBE 3，整数 ⇒ 闭壳层 | 第 0 步依据：SI Table S1 表头明写 ""m/z (**I- included**)"" + ""Elemental formula""，即列出的是**离子式**（含碘）。中性式 = 离子式 − I（团簇加合）；不含 I 的离子按 [M-H]- 还原（中性 = 离子 + H）。645 行全部用给出的三位小数 m/z 独立验算通过（校验 A） | source: SI Table S1"
C6H10O3,I-,adduct,FIGAERO-I-CIMS (HR-ToF-CIMS),gas/particle,chamber; UT Austin environmental chamber; alpha-pinene + Cl2/UV with NO (alpha-pinene+Cl+NO system),chamber,,"Masoud and Ruiz, 2021, ACS Earth Space Chem.",10.1021/acsearthspacechem.1c00150,"alpha-蒎烯 + Cl + NO 体系拟合峰表第 59 条 | 原文离子式: C6H10IO3-，原文 m/z 256.968 Th（[M+I]-，算得 256.968，Δ 0.0 mDa） | DBE 2，整数 ⇒ 闭壳层 | 第 0 步依据：SI Table S1 表头明写 ""m/z (**I- included**)"" + ""Elemental formula""，即列出的是**离子式**（含碘）。中性式 = 离子式 − I（团簇加合）；不含 I 的离子按 [M-H]- 还原（中性 = 离子 + H）。645 行全部用给出的三位小数 m/z 独立验算通过（校验 A） | source: SI Table S1"
C5H9NO3,I-,adduct,FIGAERO-I-CIMS (HR-ToF-CIMS),gas/particle,chamber; UT Austin environmental chamber; alpha-pinene + Cl2/UV with NO (alpha-pinene+Cl+NO system),chamber,,"Masoud and Ruiz, 2021, ACS Earth Space Chem.",10.1021/acsearthspacechem.1c00150,"alpha-蒎烯 + Cl + NO 体系拟合峰表第 60 条 | 原文离子式: C5H9NIO3-，原文 m/z 257.963 Th（[M+I]-，算得 257.963，Δ 0.3 mDa） | DBE 1，整数 ⇒ 闭壳层 | 第 0 步依据：SI Table S1 表头明写 ""m/z (**I- included**)"" + ""Elemental formula""，即列出的是**离子式**（含碘）。中性式 = 离子式 − I（团簇加合）；不含 I 的离子按 [M-H]- 还原（中性 = 离子 + H）。645 行全部用给出的三位小数 m/z 独立验算通过（校验 A） | source: SI Table S1"
C5H5ClO2,I-,adduct,FIGAERO-I-CIMS (HR-ToF-CIMS),gas/particle,chamber; UT Austin environmental chamber; alpha-pinene + Cl2/UV with NO (alpha-pinene+Cl+NO system),chamber,,"Masoud and Ruiz, 2021, ACS Earth Space Chem.",10.1021/acsearthspacechem.1c00150,"alpha-蒎烯 + Cl + NO 体系拟合峰表第 61 条 | 原文离子式: C5H5ClIO2-，原文 m/z 258.903 Th（[M+I]-，算得 258.903，Δ 0.2 mDa） | DBE 3，整数 ⇒ 闭壳层 | 第 0 步依据：SI Table S1 表头明写 ""m/z (**I- included**)"" + ""Elemental formula""，即列出的是**离子式**（含碘）。中性式 = 离子式 − I（团簇加合）；不含 I 的离子按 [M-H]- 还原（中性 = 离子 + H）。645 行全部用给出的三位小数 m/z 独立验算通过（校验 A） | source: SI Table S1"
C5H8O4,I-,adduct,FIGAERO-I-CIMS (HR-ToF-CIMS),gas/particle,chamber; UT Austin environmental chamber; alpha-pinene + Cl2/UV with NO (alpha-pinene+Cl+NO system),chamber,,"Masoud and Ruiz, 2021, ACS Earth Space Chem.",10.1021/acsearthspacechem.1c00150,"alpha-蒎烯 + Cl + NO 体系拟合峰表第 62 条 | 原文离子式: C5H8IO4-，原文 m/z 258.947 Th（[M+I]-，算得 258.947，Δ 0.3 mDa） | DBE 2，整数 ⇒ 闭壳层 | 第 0 步依据：SI Table S1 表头明写 ""m/z (**I- included**)"" + ""Elemental formula""，即列出的是**离子式**（含碘）。中性式 = 离子式 − I（团簇加合）；不含 I 的离子按 [M-H]- 还原（中性 = 离子 + H）。645 行全部用给出的三位小数 m/z 独立验算通过（校验 A） | source: SI Table S1"
C6H12O3,I-,adduct,FIGAERO-I-CIMS (HR-ToF-CIMS),gas/particle,chamber; UT Austin environmental chamber; alpha-pinene + Cl2/UV with NO (alpha-pinene+Cl+NO system),chamber,,"Masoud and Ruiz, 2021, ACS Earth Space Chem.",10.1021/acsearthspacechem.1c00150,"alpha-蒎烯 + Cl + NO 体系拟合峰表第 63 条 | 原文离子式: C6H12IO3-，原文 m/z 258.984 Th（[M+I]-，算得 258.984，Δ 0.3 mDa） | DBE 1，整数 ⇒ 闭壳层 | 第 0 步依据：SI Table S1 表头明写 ""m/z (**I- included**)"" + ""Elemental formula""，即列出的是**离子式**（含碘）。中性式 = 离子式 − I（团簇加合）；不含 I 的离子按 [M-H]- 还原（中性 = 离子 + H）。645 行全部用给出的三位小数 m/z 独立验算通过（校验 A） | source: SI Table S1"
C3H3NO5,I-,adduct,FIGAERO-I-CIMS (HR-ToF-CIMS),gas/particle,chamber; UT Austin environmental chamber; alpha-pinene + Cl2/UV with NO (alpha-pinene+Cl+NO system),chamber,,"Masoud and Ruiz, 2021, ACS Earth Space Chem.",10.1021/acsearthspacechem.1c00150,"alpha-蒎烯 + Cl + NO 体系拟合峰表第 64 条 | 原文离子式: C3H3NIO5-，原文 m/z 259.906 Th（[M+I]-，算得 259.906，Δ 0.1 mDa） | DBE 2，整数 ⇒ 闭壳层 | 第 0 步依据：SI Table S1 表头明写 ""m/z (**I- included**)"" + ""Elemental formula""，即列出的是**离子式**（含碘）。中性式 = 离子式 − I（团簇加合）；不含 I 的离子按 [M-H]- 还原（中性 = 离子 + H）。645 行全部用给出的三位小数 m/z 独立验算通过（校验 A） | source: SI Table S1"
C4H3ClO3,I-,adduct,FIGAERO-I-CIMS (HR-ToF-CIMS),gas/particle,chamber; UT Austin environmental chamber; alpha-pinene + Cl2/UV with NO (alpha-pinene+Cl+NO system),chamber,,"Masoud and Ruiz, 2021, ACS Earth Space Chem.",10.1021/acsearthspacechem.1c00150,"alpha-蒎烯 + Cl + NO 体系拟合峰表第 66 条 | 原文离子式: C4H3ClIO3-，原文 m/z 260.882 Th（[M+I]-，算得 260.882，Δ 0.1 mDa） | DBE 3，整数 ⇒ 闭壳层 | 第 0 步依据：SI Table S1 表头明写 ""m/z (**I- included**)"" + ""Elemental formula""，即列出的是**离子式**（含碘）。中性式 = 离子式 − I（团簇加合）；不含 I 的离子按 [M-H]- 还原（中性 = 离子 + H）。645 行全部用给出的三位小数 m/z 独立验算通过（校验 A） | source: SI Table S1"
C4H6O5,I-,adduct,FIGAERO-I-CIMS (HR-ToF-CIMS),gas/particle,chamber; UT Austin environmental chamber; alpha-pinene + Cl2/UV with NO (alpha-pinene+Cl+NO system),chamber,,"Masoud and Ruiz, 2021, ACS Earth Space Chem.",10.1021/acsearthspacechem.1c00150,"alpha-蒎烯 + Cl + NO 体系拟合峰表第 67 条 | 原文离子式: C4H6IO5-，原文 m/z 260.927 Th（[M+I]-，算得 260.927，Δ 0.5 mDa） | DBE 2，整数 ⇒ 闭壳层 | 第 0 步依据：SI Table S1 表头明写 ""m/z (**I- included**)"" + ""Elemental formula""，即列出的是**离子式**（含碘）。中性式 = 离子式 − I（团簇加合）；不含 I 的离子按 [M-H]- 还原（中性 = 离子 + H）。645 行全部用给出的三位小数 m/z 独立验算通过（校验 A） | source: SI Table S1"
C5H10O4,I-,adduct,FIGAERO-I-CIMS (HR-ToF-CIMS),gas/particle,chamber; UT Austin environmental chamber; alpha-pinene + Cl2/UV with NO (alpha-pinene+Cl+NO system),chamber,,"Masoud and Ruiz, 2021, ACS Earth Space Chem.",10.1021/acsearthspacechem.1c00150,"alpha-蒎烯 + Cl + NO 体系拟合峰表第 68 条 | 原文离子式: C5H10IO4-，原文 m/z 260.963 Th（[M+I]-，算得 260.963，Δ 0.1 mDa） | DBE 1，整数 ⇒ 闭壳层 | 第 0 步依据：SI Table S1 表头明写 ""m/z (**I- included**)"" + ""Elemental formula""，即列出的是**离子式**（含碘）。中性式 = 离子式 − I（团簇加合）；不含 I 的离子按 [M-H]- 还原（中性 = 离子 + H）。645 行全部用给出的三位小数 m/z 独立验算通过（校验 A） | source: SI Table S1"
C3H5NO5,I-,adduct,FIGAERO-I-CIMS (HR-ToF-CIMS),gas/particle,chamber; UT Austin environmental chamber; alpha-pinene + Cl2/UV with NO (alpha-pinene+Cl+NO system),chamber,,"Masoud and Ruiz, 2021, ACS Earth Space Chem.",10.1021/acsearthspacechem.1c00150,"alpha-蒎烯 + Cl + NO 体系拟合峰表第 69 条 | 原文离子式: C3H5NIO5-，原文 m/z 261.922 Th（[M+I]-，算得 261.922，Δ 0.2 mDa） | DBE 1，整数 ⇒ 闭壳层 | 第 0 步依据：SI Table S1 表头明写 ""m/z (**I- included**)"" + ""Elemental formula""，即列出的是**离子式**（含碘）。中性式 = 离子式 − I（团簇加合）；不含 I 的离子按 [M-H]- 还原（中性 = 离子 + H）。645 行全部用给出的三位小数 m/z 独立验算通过（校验 A） | source: SI Table S1"
C4H5ClO3,I-,adduct,FIGAERO-I-CIMS (HR-ToF-CIMS),gas/particle,chamber; UT Austin environmental chamber; alpha-pinene + Cl2/UV with NO (alpha-pinene+Cl+NO system),chamber,,"Masoud and Ruiz, 2021, ACS Earth Space Chem.",10.1021/acsearthspacechem.1c00150,"alpha-蒎烯 + Cl + NO 体系拟合峰表第 70 条 | 原文离子式: C4H5ClIO3-，原文 m/z 262.898 Th（[M+I]-，算得 262.898，Δ 0.3 mDa） | DBE 2，整数 ⇒ 闭壳层 | 第 0 步依据：SI Table S1 表头明写 ""m/z (**I- included**)"" + ""Elemental formula""，即列出的是**离子式**（含碘）。中性式 = 离子式 − I（团簇加合）；不含 I 的离子按 [M-H]- 还原（中性 = 离子 + H）。645 行全部用给出的三位小数 m/z 独立验算通过（校验 A） | source: SI Table S1"
C4H8O5,I-,adduct,FIGAERO-I-CIMS (HR-ToF-CIMS),gas/particle,chamber; UT Austin environmental chamber; alpha-pinene + Cl2/UV with NO (alpha-pinene+Cl+NO system),chamber,,"Masoud and Ruiz, 2021, ACS Earth Space Chem.",10.1021/acsearthspacechem.1c00150,"alpha-蒎烯 + Cl + NO 体系拟合峰表第 71 条 | 原文离子式: C4H8IO5-，原文 m/z 262.942 Th（[M+I]-，算得 262.942，Δ 0.2 mDa） | DBE 1，整数 ⇒ 闭壳层 | 第 0 步依据：SI Table S1 表头明写 ""m/z (**I- included**)"" + ""Elemental formula""，即列出的是**离子式**（含碘）。中性式 = 离子式 − I（团簇加合）；不含 I 的离子按 [M-H]- 还原（中性 = 离子 + H）。645 行全部用给出的三位小数 m/z 独立验算通过（校验 A） | source: SI Table S1"
C4H7ClO3,I-,adduct,FIGAERO-I-CIMS (HR-ToF-CIMS),gas/particle,chamber; UT Austin environmental chamber; alpha-pinene + Cl2/UV with NO (alpha-pinene+Cl+NO system),chamber,,"Masoud and Ruiz, 2021, ACS Earth Space Chem.",10.1021/acsearthspacechem.1c00150,"alpha-蒎烯 + Cl + NO 体系拟合峰表第 73 条 | 原文离子式: C4H7ClIO3-，原文 m/z 264.913 Th（[M+I]-，算得 264.913，Δ 0.4 mDa） | DBE 1，整数 ⇒ 闭壳层 | 第 0 步依据：SI Table S1 表头明写 ""m/z (**I- included**)"" + ""Elemental formula""，即列出的是**离子式**（含碘）。中性式 = 离子式 − I（团簇加合）；不含 I 的离子按 [M-H]- 还原（中性 = 离子 + H）。645 行全部用给出的三位小数 m/z 独立验算通过（校验 A） | source: SI Table S1"
C4H10O5,I-,adduct,FIGAERO-I-CIMS (HR-ToF-CIMS),gas/particle,chamber; UT Austin environmental chamber; alpha-pinene + Cl2/UV with NO (alpha-pinene+Cl+NO system),chamber,,"Masoud and Ruiz, 2021, ACS Earth Space Chem.",10.1021/acsearthspacechem.1c00150,"alpha-蒎烯 + Cl + NO 体系拟合峰表第 74 条 | 原文离子式: C4H10IO5-，原文 m/z 264.958 Th（[M+I]-，算得 264.958，Δ 0.2 mDa） | DBE 0，整数 ⇒ 闭壳层 | 第 0 步依据：SI Table S1 表头明写 ""m/z (**I- included**)"" + ""Elemental formula""，即列出的是**离子式**（含碘）。中性式 = 离子式 − I（团簇加合）；不含 I 的离子按 [M-H]- 还原（中性 = 离子 + H）。645 行全部用给出的三位小数 m/z 独立验算通过（校验 A） | source: SI Table S1"
C6H5NO3,I-,adduct,FIGAERO-I-CIMS (HR-ToF-CIMS),gas/particle,chamber; UT Austin environmental chamber; alpha-pinene + Cl2/UV with NO (alpha-pinene+Cl+NO system),chamber,,"Masoud and Ruiz, 2021, ACS Earth Space Chem.",10.1021/acsearthspacechem.1c00150,"alpha-蒎烯 + Cl + NO 体系拟合峰表第 75 条 | 原文离子式: C6H5NIO3-，原文 m/z 265.932 Th（[M+I]-，算得 265.932，Δ 0.0 mDa） | DBE 4，整数 ⇒ 闭壳层 | 第 0 步依据：SI Table S1 表头明写 ""m/z (**I- included**)"" + ""Elemental formula""，即列出的是**离子式**（含碘）。中性式 = 离子式 − I（团簇加合）；不含 I 的离子按 [M-H]- 还原（中性 = 离子 + H）。645 行全部用给出的三位小数 m/z 独立验算通过（校验 A） | source: SI Table S1"
C7H8O3,I-,adduct,FIGAERO-I-CIMS (HR-ToF-CIMS),gas/particle,chamber; UT Austin environmental chamber; alpha-pinene + Cl2/UV with NO (alpha-pinene+Cl+NO system),chamber,,"Masoud and Ruiz, 2021, ACS Earth Space Chem.",10.1021/acsearthspacechem.1c00150,"alpha-蒎烯 + Cl + NO 体系拟合峰表第 77 条 | 原文离子式: C7H8IO3-，原文 m/z 266.952 Th（[M+I]-，算得 266.952，Δ 0.4 mDa） | DBE 4，整数 ⇒ 闭壳层 | 第 0 步依据：SI Table S1 表头明写 ""m/z (**I- included**)"" + ""Elemental formula""，即列出的是**离子式**（含碘）。中性式 = 离子式 − I（团簇加合）；不含 I 的离子按 [M-H]- 还原（中性 = 离子 + H）。645 行全部用给出的三位小数 m/z 独立验算通过（校验 A） | source: SI Table S1"
C6H6O4,I-,adduct,FIGAERO-I-CIMS (HR-ToF-CIMS),gas/particle,chamber; UT Austin environmental chamber; alpha-pinene + Cl2/UV with NO (alpha-pinene+Cl+NO system),chamber,,"Masoud and Ruiz, 2021, ACS Earth Space Chem.",10.1021/acsearthspacechem.1c00150,"alpha-蒎烯 + Cl + NO 体系拟合峰表第 78 条 | 原文离子式: C6H6IO4-，原文 m/z 268.932 Th（[M+I]-，算得 268.932，Δ 0.4 mDa） | DBE 4，整数 ⇒ 闭壳层 | 第 0 步依据：SI Table S1 表头明写 ""m/z (**I- included**)"" + ""Elemental formula""，即列出的是**离子式**（含碘）。中性式 = 离子式 − I（团簇加合）；不含 I 的离子按 [M-H]- 还原（中性 = 离子 + H）。645 行全部用给出的三位小数 m/z 独立验算通过（校验 A） | source: SI Table S1"
C7H10O3,I-,adduct,FIGAERO-I-CIMS (HR-ToF-CIMS),gas/particle,chamber; UT Austin environmental chamber; alpha-pinene + Cl2/UV with NO (alpha-pinene+Cl+NO system),chamber,,"Masoud and Ruiz, 2021, ACS Earth Space Chem.",10.1021/acsearthspacechem.1c00150,"alpha-蒎烯 + Cl + NO 体系拟合峰表第 79 条 | 原文离子式: C7H10IO3-，原文 m/z 268.968 Th（[M+I]-，算得 268.968，Δ 0.0 mDa） | DBE 3，整数 ⇒ 闭壳层 | 第 0 步依据：SI Table S1 表头明写 ""m/z (**I- included**)"" + ""Elemental formula""，即列出的是**离子式**（含碘）。中性式 = 离子式 − I（团簇加合）；不含 I 的离子按 [M-H]- 还原（中性 = 离子 + H）。645 行全部用给出的三位小数 m/z 独立验算通过（校验 A） | source: SI Table S1"
C5H4O5,I-,adduct,FIGAERO-I-CIMS (HR-ToF-CIMS),gas/particle,chamber; UT Austin environmental chamber; alpha-pinene + Cl2/UV with NO (alpha-pinene+Cl+NO system),chamber,,"Masoud and Ruiz, 2021, ACS Earth Space Chem.",10.1021/acsearthspacechem.1c00150,"alpha-蒎烯 + Cl + NO 体系拟合峰表第 80 条 | 原文离子式: C5H4IO5-，原文 m/z 270.911 Th（[M+I]-，算得 270.911，Δ 0.1 mDa） | DBE 4，整数 ⇒ 闭壳层 | 第 0 步依据：SI Table S1 表头明写 ""m/z (**I- included**)"" + ""Elemental formula""，即列出的是**离子式**（含碘）。中性式 = 离子式 − I（团簇加合）；不含 I 的离子按 [M-H]- 还原（中性 = 离子 + H）。645 行全部用给出的三位小数 m/z 独立验算通过（校验 A） | source: SI Table S1"
C6H8O4,I-,adduct,FIGAERO-I-CIMS (HR-ToF-CIMS),gas/particle,chamber; UT Austin environmental chamber; alpha-pinene + Cl2/UV with NO (alpha-pinene+Cl+NO system),chamber,,"Masoud and Ruiz, 2021, ACS Earth Space Chem.",10.1021/acsearthspacechem.1c00150,"alpha-蒎烯 + Cl + NO 体系拟合峰表第 81 条 | 原文离子式: C6H8IO4-，原文 m/z 270.947 Th（[M+I]-，算得 270.947，Δ 0.3 mDa） | DBE 3，整数 ⇒ 闭壳层 | 第 0 步依据：SI Table S1 表头明写 ""m/z (**I- included**)"" + ""Elemental formula""，即列出的是**离子式**（含碘）。中性式 = 离子式 − I（团簇加合）；不含 I 的离子按 [M-H]- 还原（中性 = 离子 + H）。645 行全部用给出的三位小数 m/z 独立验算通过（校验 A） | source: SI Table S1"
C7H12O3,I-,adduct,FIGAERO-I-CIMS (HR-ToF-CIMS),gas/particle,chamber; UT Austin environmental chamber; alpha-pinene + Cl2/UV with NO (alpha-pinene+Cl+NO system),chamber,,"Masoud and Ruiz, 2021, ACS Earth Space Chem.",10.1021/acsearthspacechem.1c00150,"alpha-蒎烯 + Cl + NO 体系拟合峰表第 82 条 | 原文离子式: C7H12IO3-，原文 m/z 270.984 Th（[M+I]-，算得 270.984，Δ 0.3 mDa） | DBE 2，整数 ⇒ 闭壳层 | 第 0 步依据：SI Table S1 表头明写 ""m/z (**I- included**)"" + ""Elemental formula""，即列出的是**离子式**（含碘）。中性式 = 离子式 − I（团簇加合）；不含 I 的离子按 [M-H]- 还原（中性 = 离子 + H）。645 行全部用给出的三位小数 m/z 独立验算通过（校验 A） | source: SI Table S1"
C5H7NO4,I-,adduct,FIGAERO-I-CIMS (HR-ToF-CIMS),gas/particle,chamber; UT Austin environmental chamber; alpha-pinene + Cl2/UV with NO (alpha-pinene+Cl+NO system),chamber,,"Masoud and Ruiz, 2021, ACS Earth Space Chem.",10.1021/acsearthspacechem.1c00150,"alpha-蒎烯 + Cl + NO 体系拟合峰表第 83 条 | 原文离子式: C5H7NIO4-，原文 m/z 271.943 Th（[M+I]-，算得 271.943，Δ 0.5 mDa） | DBE 2，整数 ⇒ 闭壳层 | 第 0 步依据：SI Table S1 表头明写 ""m/z (**I- included**)"" + ""Elemental formula""，即列出的是**离子式**（含碘）。中性式 = 离子式 − I（团簇加合）；不含 I 的离子按 [M-H]- 还原（中性 = 离子 + H）。645 行全部用给出的三位小数 m/z 独立验算通过（校验 A） | source: SI Table S1"
C6H10O4,I-,adduct,FIGAERO-I-CIMS (HR-ToF-CIMS),gas/particle,chamber; UT Austin environmental chamber; alpha-pinene + Cl2/UV with NO (alpha-pinene+Cl+NO system),chamber,,"Masoud and Ruiz, 2021, ACS Earth Space Chem.",10.1021/acsearthspacechem.1c00150,"alpha-蒎烯 + Cl + NO 体系拟合峰表第 84 条 | 原文离子式: C6H10IO4-，原文 m/z 272.963 Th（[M+I]-，算得 272.963，Δ 0.1 mDa） | DBE 2，整数 ⇒ 闭壳层 | 第 0 步依据：SI Table S1 表头明写 ""m/z (**I- included**)"" + ""Elemental formula""，即列出的是**离子式**（含碘）。中性式 = 离子式 − I（团簇加合）；不含 I 的离子按 [M-H]- 还原（中性 = 离子 + H）。645 行全部用给出的三位小数 m/z 独立验算通过（校验 A） | source: SI Table S1"
C7H14O3,I-,adduct,FIGAERO-I-CIMS (HR-ToF-CIMS),gas/particle,chamber; UT Austin environmental chamber; alpha-pinene + Cl2/UV with NO (alpha-pinene+Cl+NO system),chamber,,"Masoud and Ruiz, 2021, ACS Earth Space Chem.",10.1021/acsearthspacechem.1c00150,"alpha-蒎烯 + Cl + NO 体系拟合峰表第 85 条 | 原文离子式: C7H14IO3-，原文 m/z 272.999 Th（[M+I]-，算得 272.999，Δ 0.3 mDa） | DBE 1，整数 ⇒ 闭壳层 | 第 0 步依据：SI Table S1 表头明写 ""m/z (**I- included**)"" + ""Elemental formula""，即列出的是**离子式**（含碘）。中性式 = 离子式 − I（团簇加合）；不含 I 的离子按 [M-H]- 还原（中性 = 离子 + H）。645 行全部用给出的三位小数 m/z 独立验算通过（校验 A） | source: SI Table S1"
C4H5NO5,I-,adduct,FIGAERO-I-CIMS (HR-ToF-CIMS),gas/particle,chamber; UT Austin environmental chamber; alpha-pinene + Cl2/UV with NO (alpha-pinene+Cl+NO system),chamber,,"Masoud and Ruiz, 2021, ACS Earth Space Chem.",10.1021/acsearthspacechem.1c00150,"alpha-蒎烯 + Cl + NO 体系拟合峰表第 86 条 | 原文离子式: C4H5NIO5-，原文 m/z 273.922 Th（[M+I]-，算得 273.922，Δ 0.2 mDa） | DBE 2，整数 ⇒ 闭壳层 | 第 0 步依据：SI Table S1 表头明写 ""m/z (**I- included**)"" + ""Elemental formula""，即列出的是**离子式**（含碘）。中性式 = 离子式 − I（团簇加合）；不含 I 的离子按 [M-H]- 还原（中性 = 离子 + H）。645 行全部用给出的三位小数 m/z 独立验算通过（校验 A） | source: SI Table S1"
C5H9NO4,I-,adduct,FIGAERO-I-CIMS (HR-ToF-CIMS),gas/particle,chamber; UT Austin environmental chamber; alpha-pinene + Cl2/UV with NO (alpha-pinene+Cl+NO system),chamber,,"Masoud and Ruiz, 2021, ACS Earth Space Chem.",10.1021/acsearthspacechem.1c00150,"alpha-蒎烯 + Cl + NO 体系拟合峰表第 87 条 | 原文离子式: C5H9NIO4-，原文 m/z 273.958 Th（[M+I]-，算得 273.958，Δ 0.2 mDa） | DBE 1，整数 ⇒ 闭壳层 | 第 0 步依据：SI Table S1 表头明写 ""m/z (**I- included**)"" + ""Elemental formula""，即列出的是**离子式**（含碘）。中性式 = 离子式 − I（团簇加合）；不含 I 的离子按 [M-H]- 还原（中性 = 离子 + H）。645 行全部用给出的三位小数 m/z 独立验算通过（校验 A） | source: SI Table S1"
C5H5ClO3,I-,adduct,FIGAERO-I-CIMS (HR-ToF-CIMS),gas/particle,chamber; UT Austin environmental chamber; alpha-pinene + Cl2/UV with NO (alpha-pinene+Cl+NO system),chamber,,"Masoud and Ruiz, 2021, ACS Earth Space Chem.",10.1021/acsearthspacechem.1c00150,"alpha-蒎烯 + Cl + NO 体系拟合峰表第 88 条 | 原文离子式: C5H5ClIO3-，原文 m/z 274.898 Th（[M+I]-，算得 274.898，Δ 0.3 mDa） | DBE 3，整数 ⇒ 闭壳层 | 第 0 步依据：SI Table S1 表头明写 ""m/z (**I- included**)"" + ""Elemental formula""，即列出的是**离子式**（含碘）。中性式 = 离子式 − I（团簇加合）；不含 I 的离子按 [M-H]- 还原（中性 = 离子 + H）。645 行全部用给出的三位小数 m/z 独立验算通过（校验 A） | source: SI Table S1"
C5H8O5,I-,adduct,FIGAERO-I-CIMS (HR-ToF-CIMS),gas/particle,chamber; UT Austin environmental chamber; alpha-pinene + Cl2/UV with NO (alpha-pinene+Cl+NO system),chamber,,"Masoud and Ruiz, 2021, ACS Earth Space Chem.",10.1021/acsearthspacechem.1c00150,"alpha-蒎烯 + Cl + NO 体系拟合峰表第 89 条 | 原文离子式: C5H8IO5-，原文 m/z 274.942 Th（[M+I]-，算得 274.942，Δ 0.2 mDa） | DBE 2，整数 ⇒ 闭壳层 | 第 0 步依据：SI Table S1 表头明写 ""m/z (**I- included**)"" + ""Elemental formula""，即列出的是**离子式**（含碘）。中性式 = 离子式 − I（团簇加合）；不含 I 的离子按 [M-H]- 还原（中性 = 离子 + H）。645 行全部用给出的三位小数 m/z 独立验算通过（校验 A） | source: SI Table S1"
C4H7NO5,I-,adduct,FIGAERO-I-CIMS (HR-ToF-CIMS),gas/particle,chamber; UT Austin environmental chamber; alpha-pinene + Cl2/UV with NO (alpha-pinene+Cl+NO system),chamber,,"Masoud and Ruiz, 2021, ACS Earth Space Chem.",10.1021/acsearthspacechem.1c00150,"alpha-蒎烯 + Cl + NO 体系拟合峰表第 90 条 | 原文离子式: C4H7NIO5-，原文 m/z 275.937 Th（[M+I]-，算得 275.937，Δ 0.4 mDa） | DBE 1，整数 ⇒ 闭壳层 | 第 0 步依据：SI Table S1 表头明写 ""m/z (**I- included**)"" + ""Elemental formula""，即列出的是**离子式**（含碘）。中性式 = 离子式 − I（团簇加合）；不含 I 的离子按 [M-H]- 还原（中性 = 离子 + H）。645 行全部用给出的三位小数 m/z 独立验算通过（校验 A） | source: SI Table S1"
C5H7ClO3,I-,adduct,FIGAERO-I-CIMS (HR-ToF-CIMS),gas/particle,chamber; UT Austin environmental chamber; alpha-pinene + Cl2/UV with NO (alpha-pinene+Cl+NO system),chamber,,"Masoud and Ruiz, 2021, ACS Earth Space Chem.",10.1021/acsearthspacechem.1c00150,"alpha-蒎烯 + Cl + NO 体系拟合峰表第 91 条 | 原文离子式: C5H7ClIO3-，原文 m/z 276.913 Th（[M+I]-，算得 276.913，Δ 0.4 mDa） | DBE 2，整数 ⇒ 闭壳层 | 第 0 步依据：SI Table S1 表头明写 ""m/z (**I- included**)"" + ""Elemental formula""，即列出的是**离子式**（含碘）。中性式 = 离子式 − I（团簇加合）；不含 I 的离子按 [M-H]- 还原（中性 = 离子 + H）。645 行全部用给出的三位小数 m/z 独立验算通过（校验 A） | source: SI Table S1"
C5H10O5,I-,adduct,FIGAERO-I-CIMS (HR-ToF-CIMS),gas/particle,chamber; UT Austin environmental chamber; alpha-pinene + Cl2/UV with NO (alpha-pinene+Cl+NO system),chamber,,"Masoud and Ruiz, 2021, ACS Earth Space Chem.",10.1021/acsearthspacechem.1c00150,"alpha-蒎烯 + Cl + NO 体系拟合峰表第 92 条 | 原文离子式: C5H10IO5-，原文 m/z 276.958 Th（[M+I]-，算得 276.958，Δ 0.2 mDa） | DBE 1，整数 ⇒ 闭壳层 | 第 0 步依据：SI Table S1 表头明写 ""m/z (**I- included**)"" + ""Elemental formula""，即列出的是**离子式**（含碘）。中性式 = 离子式 − I（团簇加合）；不含 I 的离子按 [M-H]- 还原（中性 = 离子 + H）。645 行全部用给出的三位小数 m/z 独立验算通过（校验 A） | source: SI Table S1"
C2H4N2O6,I-,adduct,FIGAERO-I-CIMS (HR-ToF-CIMS),gas/particle,chamber; UT Austin environmental chamber; alpha-pinene + Cl2/UV with NO (alpha-pinene+Cl+NO system),chamber,,"Masoud and Ruiz, 2021, ACS Earth Space Chem.",10.1021/acsearthspacechem.1c00150,"alpha-蒎烯 + Cl + NO 体系拟合峰表第 93 条 | 原文离子式: C2H4N2IO6-，原文 m/z 278.912 Th（[M+I]-，算得 278.912，Δ 0.0 mDa） | DBE 0，整数 ⇒ 闭壳层 | 第 0 步依据：SI Table S1 表头明写 ""m/z (**I- included**)"" + ""Elemental formula""，即列出的是**离子式**（含碘）。中性式 = 离子式 − I（团簇加合）；不含 I 的离子按 [M-H]- 还原（中性 = 离子 + H）。645 行全部用给出的三位小数 m/z 独立验算通过（校验 A） | source: SI Table S1"
C4H8O6,I-,adduct,FIGAERO-I-CIMS (HR-ToF-CIMS),gas/particle,chamber; UT Austin environmental chamber; alpha-pinene + Cl2/UV with NO (alpha-pinene+Cl+NO system),chamber,,"Masoud and Ruiz, 2021, ACS Earth Space Chem.",10.1021/acsearthspacechem.1c00150,"alpha-蒎烯 + Cl + NO 体系拟合峰表第 94 条 | 原文离子式: C4H8IO6-，原文 m/z 278.937 Th（[M+I]-，算得 278.937，Δ 0.1 mDa） | DBE 1，整数 ⇒ 闭壳层 | 第 0 步依据：SI Table S1 表头明写 ""m/z (**I- included**)"" + ""Elemental formula""，即列出的是**离子式**（含碘）。中性式 = 离子式 − I（团簇加合）；不含 I 的离子按 [M-H]- 还原（中性 = 离子 + H）。645 行全部用给出的三位小数 m/z 独立验算通过（校验 A） | source: SI Table S1"
C3H4ClNO4,I-,adduct,FIGAERO-I-CIMS (HR-ToF-CIMS),gas/particle,chamber; UT Austin environmental chamber; alpha-pinene + Cl2/UV with NO (alpha-pinene+Cl+NO system),chamber,,"Masoud and Ruiz, 2021, ACS Earth Space Chem.",10.1021/acsearthspacechem.1c00150,"alpha-蒎烯 + Cl + NO 体系拟合峰表第 95 条 | 原文离子式: C3H4NClIO4-，原文 m/z 279.888 Th（[M+I]-，算得 279.888，Δ 0.1 mDa） | DBE 1，整数 ⇒ 闭壳层 | 第 0 步依据：SI Table S1 表头明写 ""m/z (**I- included**)"" + ""Elemental formula""，即列出的是**离子式**（含碘）。中性式 = 离子式 − I（团簇加合）；不含 I 的离子按 [M-H]- 还原（中性 = 离子 + H）。645 行全部用给出的三位小数 m/z 独立验算通过（校验 A） | source: SI Table S1"
C7H7NO3,I-,adduct,FIGAERO-I-CIMS (HR-ToF-CIMS),gas/particle,chamber; UT Austin environmental chamber; alpha-pinene + Cl2/UV with NO (alpha-pinene+Cl+NO system),chamber,,"Masoud and Ruiz, 2021, ACS Earth Space Chem.",10.1021/acsearthspacechem.1c00150,"alpha-蒎烯 + Cl + NO 体系拟合峰表第 96 条 | 原文离子式: C7H7NIO3-，原文 m/z 279.948 Th（[M+I]-，算得 279.948，Δ 0.4 mDa） | DBE 4，整数 ⇒ 闭壳层 | 第 0 步依据：SI Table S1 表头明写 ""m/z (**I- included**)"" + ""Elemental formula""，即列出的是**离子式**（含碘）。中性式 = 离子式 − I（团簇加合）；不含 I 的离子按 [M-H]- 还原（中性 = 离子 + H）。645 行全部用给出的三位小数 m/z 独立验算通过（校验 A） | source: SI Table S1"
C8H7ClO,I-,adduct,FIGAERO-I-CIMS (HR-ToF-CIMS),gas/particle,chamber; UT Austin environmental chamber; alpha-pinene + Cl2/UV with NO (alpha-pinene+Cl+NO system),chamber,,"Masoud and Ruiz, 2021, ACS Earth Space Chem.",10.1021/acsearthspacechem.1c00150,"alpha-蒎烯 + Cl + NO 体系拟合峰表第 97 条 | 原文离子式: C8H7ClIO-，原文 m/z 280.924 Th（[M+I]-，算得 280.924，Δ 0.4 mDa） | DBE 5，整数 ⇒ 闭壳层 | 第 0 步依据：SI Table S1 表头明写 ""m/z (**I- included**)"" + ""Elemental formula""，即列出的是**离子式**（含碘）。中性式 = 离子式 − I（团簇加合）；不含 I 的离子按 [M-H]- 还原（中性 = 离子 + H）。645 行全部用给出的三位小数 m/z 独立验算通过（校验 A） | source: SI Table S1"
C4H10O6,I-,adduct,FIGAERO-I-CIMS (HR-ToF-CIMS),gas/particle,chamber; UT Austin environmental chamber; alpha-pinene + Cl2/UV with NO (alpha-pinene+Cl+NO system),chamber,,"Masoud and Ruiz, 2021, ACS Earth Space Chem.",10.1021/acsearthspacechem.1c00150,"alpha-蒎烯 + Cl + NO 体系拟合峰表第 98 条 | 原文离子式: C4H10IO6-，原文 m/z 280.953 Th（[M+I]-，算得 280.953，Δ 0.2 mDa） | DBE 0，整数 ⇒ 闭壳层 | 第 0 步依据：SI Table S1 表头明写 ""m/z (**I- included**)"" + ""Elemental formula""，即列出的是**离子式**（含碘）。中性式 = 离子式 − I（团簇加合）；不含 I 的离子按 [M-H]- 还原（中性 = 离子 + H）。645 行全部用给出的三位小数 m/z 独立验算通过（校验 A） | source: SI Table S1"
C9H14O2,I-,adduct,FIGAERO-I-CIMS (HR-ToF-CIMS),gas/particle,chamber; UT Austin environmental chamber; alpha-pinene + Cl2/UV with NO (alpha-pinene+Cl+NO system),chamber,,"Masoud and Ruiz, 2021, ACS Earth Space Chem.",10.1021/acsearthspacechem.1c00150,"alpha-蒎烯 + Cl + NO 体系拟合峰表第 99 条 | 原文离子式: C9H14IO2-，原文 m/z 281.004 Th（[M+I]-，算得 281.004，Δ 0.4 mDa） | DBE 3，整数 ⇒ 闭壳层 | 第 0 步依据：SI Table S1 表头明写 ""m/z (**I- included**)"" + ""Elemental formula""，即列出的是**离子式**（含碘）。中性式 = 离子式 − I（团簇加合）；不含 I 的离子按 [M-H]- 还原（中性 = 离子 + H）。645 行全部用给出的三位小数 m/z 独立验算通过（校验 A） | source: SI Table S1"
C7H7O4,I-,adduct,FIGAERO-I-CIMS (HR-ToF-CIMS),gas/particle,chamber; UT Austin environmental chamber; alpha-pinene + Cl2/UV with NO (alpha-pinene+Cl+NO system),chamber,,"Masoud and Ruiz, 2021, ACS Earth Space Chem.",10.1021/acsearthspacechem.1c00150,"alpha-蒎烯 + Cl + NO 体系拟合峰表第 101 条 | 原文离子式: C7H7IO4-，原文 m/z 281.939 Th（[M+I]-，算得 281.939，Δ 0.5 mDa） | DBE 4.5，半整数 ⇒ 开壳层自由基 | 第 0 步依据：SI Table S1 表头明写 ""m/z (**I- included**)"" + ""Elemental formula""，即列出的是**离子式**（含碘）。中性式 = 离子式 − I（团簇加合）；不含 I 的离子按 [M-H]- 还原（中性 = 离子 + H）。645 行全部用给出的三位小数 m/z 独立验算通过（校验 A） | source: SI Table S1"
C7H8O4,I-,adduct,FIGAERO-I-CIMS (HR-ToF-CIMS),gas/particle,chamber; UT Austin environmental chamber; alpha-pinene + Cl2/UV with NO (alpha-pinene+Cl+NO system),chamber,,"Masoud and Ruiz, 2021, ACS Earth Space Chem.",10.1021/acsearthspacechem.1c00150,"alpha-蒎烯 + Cl + NO 体系拟合峰表第 102 条 | 原文离子式: C7H8IO4-，原文 m/z 282.947 Th（[M+I]-，算得 282.947，Δ 0.3 mDa） | DBE 4，整数 ⇒ 闭壳层 | 第 0 步依据：SI Table S1 表头明写 ""m/z (**I- included**)"" + ""Elemental formula""，即列出的是**离子式**（含碘）。中性式 = 离子式 − I（团簇加合）；不含 I 的离子按 [M-H]- 还原（中性 = 离子 + H）。645 行全部用给出的三位小数 m/z 独立验算通过（校验 A） | source: SI Table S1"
C8H12O3,I-,adduct,FIGAERO-I-CIMS (HR-ToF-CIMS),gas/particle,chamber; UT Austin environmental chamber; alpha-pinene + Cl2/UV with NO (alpha-pinene+Cl+NO system),chamber,,"Masoud and Ruiz, 2021, ACS Earth Space Chem.",10.1021/acsearthspacechem.1c00150,"alpha-蒎烯 + Cl + NO 体系拟合峰表第 103 条 | 原文离子式: C8H12IO3-，原文 m/z 282.984 Th（[M+I]-，算得 282.984，Δ 0.3 mDa） | DBE 3，整数 ⇒ 闭壳层 | 第 0 步依据：SI Table S1 表头明写 ""m/z (**I- included**)"" + ""Elemental formula""，即列出的是**离子式**（含碘）。中性式 = 离子式 − I（团簇加合）；不含 I 的离子按 [M-H]- 还原（中性 = 离子 + H）。645 行全部用给出的三位小数 m/z 独立验算通过（校验 A） | source: SI Table S1"
C9H14ClO8,I-,deprot,FIGAERO-I-CIMS (HR-ToF-CIMS),gas/particle,chamber; UT Austin environmental chamber; alpha-pinene + Cl2/UV with NO (alpha-pinene+Cl+NO system),chamber,,"Masoud and Ruiz, 2021, ACS Earth Space Chem.",10.1021/acsearthspacechem.1c00150,"alpha-蒎烯 + Cl + NO 体系拟合峰表第 105 条 | 原文离子式: C9H13ClO8-，原文 m/z 284.03 Th（[M-H]-，算得 284.030，Δ 0.4 mDa） | DBE 2.5，半整数 ⇒ 开壳层自由基 | 第 0 步依据：SI Table S1 表头明写 ""m/z (**I- included**)"" + ""Elemental formula""，即列出的是**离子式**（含碘）。中性式 = 离子式 − I（团簇加合）；不含 I 的离子按 [M-H]- 还原（中性 = 离子 + H）。645 行全部用给出的三位小数 m/z 独立验算通过（校验 A） | source: SI Table S1"
C6H6O5,I-,adduct,FIGAERO-I-CIMS (HR-ToF-CIMS),gas/particle,chamber; UT Austin environmental chamber; alpha-pinene + Cl2/UV with NO (alpha-pinene+Cl+NO system),chamber,,"Masoud and Ruiz, 2021, ACS Earth Space Chem.",10.1021/acsearthspacechem.1c00150,"alpha-蒎烯 + Cl + NO 体系拟合峰表第 106 条 | 原文离子式: C6H6IO5-，原文 m/z 284.927 Th（[M+I]-，算得 284.927，Δ 0.5 mDa） | DBE 4，整数 ⇒ 闭壳层 | 第 0 步依据：SI Table S1 表头明写 ""m/z (**I- included**)"" + ""Elemental formula""，即列出的是**离子式**（含碘）。中性式 = 离子式 − I（团簇加合）；不含 I 的离子按 [M-H]- 还原（中性 = 离子 + H）。645 行全部用给出的三位小数 m/z 独立验算通过（校验 A） | source: SI Table S1"
C7H10O4,I-,adduct,FIGAERO-I-CIMS (HR-ToF-CIMS),gas/particle,chamber; UT Austin environmental chamber; alpha-pinene + Cl2/UV with NO (alpha-pinene+Cl+NO system),chamber,,"Masoud and Ruiz, 2021, ACS Earth Space Chem.",10.1021/acsearthspacechem.1c00150,"alpha-蒎烯 + Cl + NO 体系拟合峰表第 107 条 | 原文离子式: C7H10IO4-，原文 m/z 284.963 Th（[M+I]-，算得 284.963，Δ 0.1 mDa） | DBE 3，整数 ⇒ 闭壳层 | 第 0 步依据：SI Table S1 表头明写 ""m/z (**I- included**)"" + ""Elemental formula""，即列出的是**离子式**（含碘）。中性式 = 离子式 − I（团簇加合）；不含 I 的离子按 [M-H]- 还原（中性 = 离子 + H）。645 行全部用给出的三位小数 m/z 独立验算通过（校验 A） | source: SI Table S1"
C8H14O3,I-,adduct,FIGAERO-I-CIMS (HR-ToF-CIMS),gas/particle,chamber; UT Austin environmental chamber; alpha-pinene + Cl2/UV with NO (alpha-pinene+Cl+NO system),chamber,,"Masoud and Ruiz, 2021, ACS Earth Space Chem.",10.1021/acsearthspacechem.1c00150,"alpha-蒎烯 + Cl + NO 体系拟合峰表第 108 条 | 原文离子式: C8H14IO3-，原文 m/z 284.999 Th（[M+I]-，算得 284.999，Δ 0.3 mDa） | DBE 2，整数 ⇒ 闭壳层 | 第 0 步依据：SI Table S1 表头明写 ""m/z (**I- included**)"" + ""Elemental formula""，即列出的是**离子式**（含碘）。中性式 = 离子式 − I（团簇加合）；不含 I 的离子按 [M-H]- 还原（中性 = 离子 + H）。645 行全部用给出的三位小数 m/z 独立验算通过（校验 A） | source: SI Table S1"
C9H5NO2,I-,adduct,FIGAERO-I-CIMS (HR-ToF-CIMS),gas/particle,chamber; UT Austin environmental chamber; alpha-pinene + Cl2/UV with NO (alpha-pinene+Cl+NO system),chamber,,"Masoud and Ruiz, 2021, ACS Earth Space Chem.",10.1021/acsearthspacechem.1c00150,"alpha-蒎烯 + Cl + NO 体系拟合峰表第 109 条 | 原文离子式: C9H5NIO2-，原文 m/z 285.937 Th（[M+I]-，算得 285.937，Δ 0.0 mDa） | DBE 7，整数 ⇒ 闭壳层 | 第 0 步依据：SI Table S1 表头明写 ""m/z (**I- included**)"" + ""Elemental formula""，即列出的是**离子式**（含碘）。中性式 = 离子式 − I（团簇加合）；不含 I 的离子按 [M-H]- 还原（中性 = 离子 + H）。645 行全部用给出的三位小数 m/z 独立验算通过（校验 A） | source: SI Table S1"
C7H11O4,I-,adduct,FIGAERO-I-CIMS (HR-ToF-CIMS),gas/particle,chamber; UT Austin environmental chamber; alpha-pinene + Cl2/UV with NO (alpha-pinene+Cl+NO system),chamber,,"Masoud and Ruiz, 2021, ACS Earth Space Chem.",10.1021/acsearthspacechem.1c00150,"alpha-蒎烯 + Cl + NO 体系拟合峰表第 110 条 | 原文离子式: C7H11IO4-，原文 m/z 285.971 Th（[M+I]-，算得 285.971，Δ 0.2 mDa） | DBE 2.5，半整数 ⇒ 开壳层自由基 | 第 0 步依据：SI Table S1 表头明写 ""m/z (**I- included**)"" + ""Elemental formula""，即列出的是**离子式**（含碘）。中性式 = 离子式 − I（团簇加合）；不含 I 的离子按 [M-H]- 还原（中性 = 离子 + H）。645 行全部用给出的三位小数 m/z 独立验算通过（校验 A） | source: SI Table S1"
C6H8O5,I-,adduct,FIGAERO-I-CIMS (HR-ToF-CIMS),gas/particle,chamber; UT Austin environmental chamber; alpha-pinene + Cl2/UV with NO (alpha-pinene+Cl+NO system),chamber,,"Masoud and Ruiz, 2021, ACS Earth Space Chem.",10.1021/acsearthspacechem.1c00150,"alpha-蒎烯 + Cl + NO 体系拟合峰表第 111 条 | 原文离子式: C6H8IO5-，原文 m/z 286.942 Th（[M+I]-，算得 286.942，Δ 0.2 mDa） | DBE 3，整数 ⇒ 闭壳层 | 第 0 步依据：SI Table S1 表头明写 ""m/z (**I- included**)"" + ""Elemental formula""，即列出的是**离子式**（含碘）。中性式 = 离子式 − I（团簇加合）；不含 I 的离子按 [M-H]- 还原（中性 = 离子 + H）。645 行全部用给出的三位小数 m/z 独立验算通过（校验 A） | source: SI Table S1"
C7H12O4,I-,adduct,FIGAERO-I-CIMS (HR-ToF-CIMS),gas/particle,chamber; UT Austin environmental chamber; alpha-pinene + Cl2/UV with NO (alpha-pinene+Cl+NO system),chamber,,"Masoud and Ruiz, 2021, ACS Earth Space Chem.",10.1021/acsearthspacechem.1c00150,"alpha-蒎烯 + Cl + NO 体系拟合峰表第 112 条 | 原文离子式: C7H12IO4-，原文 m/z 286.979 Th（[M+I]-，算得 286.979，Δ 0.4 mDa） | DBE 2，整数 ⇒ 闭壳层 | 第 0 步依据：SI Table S1 表头明写 ""m/z (**I- included**)"" + ""Elemental formula""，即列出的是**离子式**（含碘）。中性式 = 离子式 − I（团簇加合）；不含 I 的离子按 [M-H]- 还原（中性 = 离子 + H）。645 行全部用给出的三位小数 m/z 独立验算通过（校验 A） | source: SI Table S1"
C6H6ClO3,I-,adduct,FIGAERO-I-CIMS (HR-ToF-CIMS),gas/particle,chamber; UT Austin environmental chamber; alpha-pinene + Cl2/UV with NO (alpha-pinene+Cl+NO system),chamber,,"Masoud and Ruiz, 2021, ACS Earth Space Chem.",10.1021/acsearthspacechem.1c00150,"alpha-蒎烯 + Cl + NO 体系拟合峰表第 113 条 | 原文离子式: C6H6ClIO3-，原文 m/z 287.906 Th（[M+I]-，算得 287.906，Δ 0.4 mDa） | DBE 3.5，半整数 ⇒ 开壳层自由基 | 第 0 步依据：SI Table S1 表头明写 ""m/z (**I- included**)"" + ""Elemental formula""，即列出的是**离子式**（含碘）。中性式 = 离子式 − I（团簇加合）；不含 I 的离子按 [M-H]- 还原（中性 = 离子 + H）。645 行全部用给出的三位小数 m/z 独立验算通过（校验 A） | source: SI Table S1"
C7H10ClO2,I-,adduct,FIGAERO-I-CIMS (HR-ToF-CIMS),gas/particle,chamber; UT Austin environmental chamber; alpha-pinene + Cl2/UV with NO (alpha-pinene+Cl+NO system),chamber,,"Masoud and Ruiz, 2021, ACS Earth Space Chem.",10.1021/acsearthspacechem.1c00150,"alpha-蒎烯 + Cl + NO 体系拟合峰表第 114 条 | 原文离子式: C7H10ClIO2-，原文 m/z 287.942 Th（[M+I]-，算得 287.942，Δ 0.0 mDa） | DBE 2.5，半整数 ⇒ 开壳层自由基 | 第 0 步依据：SI Table S1 表头明写 ""m/z (**I- included**)"" + ""Elemental formula""，即列出的是**离子式**（含碘）。中性式 = 离子式 − I（团簇加合）；不含 I 的离子按 [M-H]- 还原（中性 = 离子 + H）。645 行全部用给出的三位小数 m/z 独立验算通过（校验 A） | source: SI Table S1"
C12H11Cl2O4,I-,deprot,FIGAERO-I-CIMS (HR-ToF-CIMS),gas/particle,chamber; UT Austin environmental chamber; alpha-pinene + Cl2/UV with NO (alpha-pinene+Cl+NO system),chamber,,"Masoud and Ruiz, 2021, ACS Earth Space Chem.",10.1021/acsearthspacechem.1c00150,"alpha-蒎烯 + Cl + NO 体系拟合峰表第 115 条 | 原文离子式: C12H10Cl2O4-，原文 m/z 287.996 Th（[M-H]-，算得 287.996，Δ 0.2 mDa） | DBE 6.5，半整数 ⇒ 开壳层自由基 | 第 0 步依据：SI Table S1 表头明写 ""m/z (**I- included**)"" + ""Elemental formula""，即列出的是**离子式**（含碘）。中性式 = 离子式 − I（团簇加合）；不含 I 的离子按 [M-H]- 还原（中性 = 离子 + H）。645 行全部用给出的三位小数 m/z 独立验算通过（校验 A） | source: SI Table S1"
C5H6O6,I-,adduct,FIGAERO-I-CIMS (HR-ToF-CIMS),gas/particle,chamber; UT Austin environmental chamber; alpha-pinene + Cl2/UV with NO (alpha-pinene+Cl+NO system),chamber,,"Masoud and Ruiz, 2021, ACS Earth Space Chem.",10.1021/acsearthspacechem.1c00150,"alpha-蒎烯 + Cl + NO 体系拟合峰表第 116 条 | 原文离子式: C5H6IO6-，原文 m/z 288.921 Th（[M+I]-，算得 288.921，Δ 0.5 mDa） | DBE 3，整数 ⇒ 闭壳层 | 第 0 步依据：SI Table S1 表头明写 ""m/z (**I- included**)"" + ""Elemental formula""，即列出的是**离子式**（含碘）。中性式 = 离子式 − I（团簇加合）；不含 I 的离子按 [M-H]- 还原（中性 = 离子 + H）。645 行全部用给出的三位小数 m/z 独立验算通过（校验 A） | source: SI Table S1"
C6H10O5,I-,adduct,FIGAERO-I-CIMS (HR-ToF-CIMS),gas/particle,chamber; UT Austin environmental chamber; alpha-pinene + Cl2/UV with NO (alpha-pinene+Cl+NO system),chamber,,"Masoud and Ruiz, 2021, ACS Earth Space Chem.",10.1021/acsearthspacechem.1c00150,"alpha-蒎烯 + Cl + NO 体系拟合峰表第 117 条 | 原文离子式: C6H10IO5-，原文 m/z 288.958 Th（[M+I]-，算得 288.958，Δ 0.2 mDa） | DBE 2，整数 ⇒ 闭壳层 | 第 0 步依据：SI Table S1 表头明写 ""m/z (**I- included**)"" + ""Elemental formula""，即列出的是**离子式**（含碘）。中性式 = 离子式 − I（团簇加合）；不含 I 的离子按 [M-H]- 还原（中性 = 离子 + H）。645 行全部用给出的三位小数 m/z 独立验算通过（校验 A） | source: SI Table S1"
C5H9NO5,I-,adduct,FIGAERO-I-CIMS (HR-ToF-CIMS),gas/particle,chamber; UT Austin environmental chamber; alpha-pinene + Cl2/UV with NO (alpha-pinene+Cl+NO system),chamber,,"Masoud and Ruiz, 2021, ACS Earth Space Chem.",10.1021/acsearthspacechem.1c00150,"alpha-蒎烯 + Cl + NO 体系拟合峰表第 118 条 | 原文离子式: C5H9NIO5-，原文 m/z 289.953 Th（[M+I]-，算得 289.953，Δ 0.1 mDa） | DBE 1，整数 ⇒ 闭壳层 | 第 0 步依据：SI Table S1 表头明写 ""m/z (**I- included**)"" + ""Elemental formula""，即列出的是**离子式**（含碘）。中性式 = 离子式 − I（团簇加合）；不含 I 的离子按 [M-H]- 还原（中性 = 离子 + H）。645 行全部用给出的三位小数 m/z 独立验算通过（校验 A） | source: SI Table S1"
C5H5ClO4,I-,adduct,FIGAERO-I-CIMS (HR-ToF-CIMS),gas/particle,chamber; UT Austin environmental chamber; alpha-pinene + Cl2/UV with NO (alpha-pinene+Cl+NO system),chamber,,"Masoud and Ruiz, 2021, ACS Earth Space Chem.",10.1021/acsearthspacechem.1c00150,"alpha-蒎烯 + Cl + NO 体系拟合峰表第 119 条 | 原文离子式: C5H5ClIO4-，原文 m/z 290.893 Th（[M+I]-，算得 290.893，Δ 0.3 mDa） | DBE 3，整数 ⇒ 闭壳层 | 第 0 步依据：SI Table S1 表头明写 ""m/z (**I- included**)"" + ""Elemental formula""，即列出的是**离子式**（含碘）。中性式 = 离子式 − I（团簇加合）；不含 I 的离子按 [M-H]- 还原（中性 = 离子 + H）。645 行全部用给出的三位小数 m/z 独立验算通过（校验 A） | source: SI Table S1"
C8H4O4,I-,adduct,FIGAERO-I-CIMS (HR-ToF-CIMS),gas/particle,chamber; UT Austin environmental chamber; alpha-pinene + Cl2/UV with NO (alpha-pinene+Cl+NO system),chamber,,"Masoud and Ruiz, 2021, ACS Earth Space Chem.",10.1021/acsearthspacechem.1c00150,"alpha-蒎烯 + Cl + NO 体系拟合峰表第 120 条 | 原文离子式: C8H4IO4-，原文 m/z 290.916 Th（[M+I]-，算得 290.916，Δ 0.0 mDa） | DBE 7，整数 ⇒ 闭壳层 | 第 0 步依据：SI Table S1 表头明写 ""m/z (**I- included**)"" + ""Elemental formula""，即列出的是**离子式**（含碘）。中性式 = 离子式 − I（团簇加合）；不含 I 的离子按 [M-H]- 还原（中性 = 离子 + H）。645 行全部用给出的三位小数 m/z 独立验算通过（校验 A） | source: SI Table S1"
C4H7NO6,I-,adduct,FIGAERO-I-CIMS (HR-ToF-CIMS),gas/particle,chamber; UT Austin environmental chamber; alpha-pinene + Cl2/UV with NO (alpha-pinene+Cl+NO system),chamber,,"Masoud and Ruiz, 2021, ACS Earth Space Chem.",10.1021/acsearthspacechem.1c00150,"alpha-蒎烯 + Cl + NO 体系拟合峰表第 121 条 | 原文离子式: C4H7NIO6-，原文 m/z 291.932 Th（[M+I]-，算得 291.932，Δ 0.4 mDa） | DBE 1，整数 ⇒ 闭壳层 | 第 0 步依据：SI Table S1 表头明写 ""m/z (**I- included**)"" + ""Elemental formula""，即列出的是**离子式**（含碘）。中性式 = 离子式 − I（团簇加合）；不含 I 的离子按 [M-H]- 还原（中性 = 离子 + H）。645 行全部用给出的三位小数 m/z 独立验算通过（校验 A） | source: SI Table S1"
C5H11NO5,I-,adduct,FIGAERO-I-CIMS (HR-ToF-CIMS),gas/particle,chamber; UT Austin environmental chamber; alpha-pinene + Cl2/UV with NO (alpha-pinene+Cl+NO system),chamber,,"Masoud and Ruiz, 2021, ACS Earth Space Chem.",10.1021/acsearthspacechem.1c00150,"alpha-蒎烯 + Cl + NO 体系拟合峰表第 122 条 | 原文离子式: C5H11NIO5-，原文 m/z 291.969 Th（[M+I]-，算得 291.969，Δ 0.3 mDa） | DBE 0，整数 ⇒ 闭壳层 | 第 0 步依据：SI Table S1 表头明写 ""m/z (**I- included**)"" + ""Elemental formula""，即列出的是**离子式**（含碘）。中性式 = 离子式 − I（团簇加合）；不含 I 的离子按 [M-H]- 还原（中性 = 离子 + H）。645 行全部用给出的三位小数 m/z 独立验算通过（校验 A） | source: SI Table S1"
C8H6O4,I-,adduct,FIGAERO-I-CIMS (HR-ToF-CIMS),gas/particle,chamber; UT Austin environmental chamber; alpha-pinene + Cl2/UV with NO (alpha-pinene+Cl+NO system),chamber,,"Masoud and Ruiz, 2021, ACS Earth Space Chem.",10.1021/acsearthspacechem.1c00150,"alpha-蒎烯 + Cl + NO 体系拟合峰表第 123 条 | 原文离子式: C8H6IO4-，原文 m/z 292.932 Th（[M+I]-，算得 292.932，Δ 0.4 mDa） | DBE 6，整数 ⇒ 闭壳层 | 第 0 步依据：SI Table S1 表头明写 ""m/z (**I- included**)"" + ""Elemental formula""，即列出的是**离子式**（含碘）。中性式 = 离子式 − I（团簇加合）；不含 I 的离子按 [M-H]- 还原（中性 = 离子 + H）。645 行全部用给出的三位小数 m/z 独立验算通过（校验 A） | source: SI Table S1"
C9H10O3,I-,adduct,FIGAERO-I-CIMS (HR-ToF-CIMS),gas/particle,chamber; UT Austin environmental chamber; alpha-pinene + Cl2/UV with NO (alpha-pinene+Cl+NO system),chamber,,"Masoud and Ruiz, 2021, ACS Earth Space Chem.",10.1021/acsearthspacechem.1c00150,"alpha-蒎烯 + Cl + NO 体系拟合峰表第 124 条 | 原文离子式: C9H10IO3-，原文 m/z 292.968 Th（[M+I]-，算得 292.968，Δ 0.0 mDa） | DBE 5，整数 ⇒ 闭壳层 | 第 0 步依据：SI Table S1 表头明写 ""m/z (**I- included**)"" + ""Elemental formula""，即列出的是**离子式**（含碘）。中性式 = 离子式 − I（团簇加合）；不含 I 的离子按 [M-H]- 还原（中性 = 离子 + H）。645 行全部用给出的三位小数 m/z 独立验算通过（校验 A） | source: SI Table S1"
C7H5NO4,I-,adduct,FIGAERO-I-CIMS (HR-ToF-CIMS),gas/particle,chamber; UT Austin environmental chamber; alpha-pinene + Cl2/UV with NO (alpha-pinene+Cl+NO system),chamber,,"Masoud and Ruiz, 2021, ACS Earth Space Chem.",10.1021/acsearthspacechem.1c00150,"alpha-蒎烯 + Cl + NO 体系拟合峰表第 125 条 | 原文离子式: C7H5NIO4-，原文 m/z 293.927 Th（[M+I]-，算得 293.927，Δ 0.1 mDa） | DBE 5，整数 ⇒ 闭壳层 | 第 0 步依据：SI Table S1 表头明写 ""m/z (**I- included**)"" + ""Elemental formula""，即列出的是**离子式**（含碘）。中性式 = 离子式 − I（团簇加合）；不含 I 的离子按 [M-H]- 还原（中性 = 离子 + H）。645 行全部用给出的三位小数 m/z 独立验算通过（校验 A） | source: SI Table S1"
C9H11O3,I-,adduct,FIGAERO-I-CIMS (HR-ToF-CIMS),gas/particle,chamber; UT Austin environmental chamber; alpha-pinene + Cl2/UV with NO (alpha-pinene+Cl+NO system),chamber,,"Masoud and Ruiz, 2021, ACS Earth Space Chem.",10.1021/acsearthspacechem.1c00150,"alpha-蒎烯 + Cl + NO 体系拟合峰表第 127 条 | 原文离子式: C9H11IO3-，原文 m/z 293.976 Th（[M+I]-，算得 293.976，Δ 0.2 mDa） | DBE 4.5，半整数 ⇒ 开壳层自由基 | 第 0 步依据：SI Table S1 表头明写 ""m/z (**I- included**)"" + ""Elemental formula""，即列出的是**离子式**（含碘）。中性式 = 离子式 − I（团簇加合）；不含 I 的离子按 [M-H]- 还原（中性 = 离子 + H）。645 行全部用给出的三位小数 m/z 独立验算通过（校验 A） | source: SI Table S1"
C8H8O4,I-,adduct,FIGAERO-I-CIMS (HR-ToF-CIMS),gas/particle,chamber; UT Austin environmental chamber; alpha-pinene + Cl2/UV with NO (alpha-pinene+Cl+NO system),chamber,,"Masoud and Ruiz, 2021, ACS Earth Space Chem.",10.1021/acsearthspacechem.1c00150,"alpha-蒎烯 + Cl + NO 体系拟合峰表第 129 条 | 原文离子式: C8H8IO4-，原文 m/z 294.947 Th（[M+I]-，算得 294.947，Δ 0.3 mDa） | DBE 5，整数 ⇒ 闭壳层 | 第 0 步依据：SI Table S1 表头明写 ""m/z (**I- included**)"" + ""Elemental formula""，即列出的是**离子式**（含碘）。中性式 = 离子式 − I（团簇加合）；不含 I 的离子按 [M-H]- 还原（中性 = 离子 + H）。645 行全部用给出的三位小数 m/z 独立验算通过（校验 A） | source: SI Table S1"
C9H12O3,I-,adduct,FIGAERO-I-CIMS (HR-ToF-CIMS),gas/particle,chamber; UT Austin environmental chamber; alpha-pinene + Cl2/UV with NO (alpha-pinene+Cl+NO system),chamber,,"Masoud and Ruiz, 2021, ACS Earth Space Chem.",10.1021/acsearthspacechem.1c00150,"alpha-蒎烯 + Cl + NO 体系拟合峰表第 130 条 | 原文离子式: C9H12IO3-，原文 m/z 294.984 Th（[M+I]-，算得 294.984，Δ 0.3 mDa） | DBE 4，整数 ⇒ 闭壳层 | 第 0 步依据：SI Table S1 表头明写 ""m/z (**I- included**)"" + ""Elemental formula""，即列出的是**离子式**（含碘）。中性式 = 离子式 − I（团簇加合）；不含 I 的离子按 [M-H]- 还原（中性 = 离子 + H）。645 行全部用给出的三位小数 m/z 独立验算通过（校验 A） | source: SI Table S1"
C9H10ClO,I-,adduct,FIGAERO-I-CIMS (HR-ToF-CIMS),gas/particle,chamber; UT Austin environmental chamber; alpha-pinene + Cl2/UV with NO (alpha-pinene+Cl+NO system),chamber,,"Masoud and Ruiz, 2021, ACS Earth Space Chem.",10.1021/acsearthspacechem.1c00150,"alpha-蒎烯 + Cl + NO 体系拟合峰表第 131 条 | 原文离子式: C9H10ClIO-，原文 m/z 295.947 Th（[M+I]-，算得 295.947，Δ 0.0 mDa） | DBE 4.5，半整数 ⇒ 开壳层自由基 | 第 0 步依据：SI Table S1 表头明写 ""m/z (**I- included**)"" + ""Elemental formula""，即列出的是**离子式**（含碘）。中性式 = 离子式 − I（团簇加合）；不含 I 的离子按 [M-H]- 还原（中性 = 离子 + H）。645 行全部用给出的三位小数 m/z 独立验算通过（校验 A） | source: SI Table S1"
C8H11NO3,I-,adduct,FIGAERO-I-CIMS (HR-ToF-CIMS),gas/particle,chamber; UT Austin environmental chamber; alpha-pinene + Cl2/UV with NO (alpha-pinene+Cl+NO system),chamber,,"Masoud and Ruiz, 2021, ACS Earth Space Chem.",10.1021/acsearthspacechem.1c00150,"alpha-蒎烯 + Cl + NO 体系拟合峰表第 132 条 | 原文离子式: C8H11NIO3-，原文 m/z 295.979 Th（[M+I]-，算得 295.979，Δ 0.1 mDa） | DBE 3，整数 ⇒ 闭壳层 | 第 0 步依据：SI Table S1 表头明写 ""m/z (**I- included**)"" + ""Elemental formula""，即列出的是**离子式**（含碘）。中性式 = 离子式 − I（团簇加合）；不含 I 的离子按 [M-H]- 还原（中性 = 离子 + H）。645 行全部用给出的三位小数 m/z 独立验算通过（校验 A） | source: SI Table S1"
C7H5ClNO2,I-,adduct,FIGAERO-I-CIMS (HR-ToF-CIMS),gas/particle,chamber; UT Austin environmental chamber; alpha-pinene + Cl2/UV with NO (alpha-pinene+Cl+NO system),chamber,,"Masoud and Ruiz, 2021, ACS Earth Space Chem.",10.1021/acsearthspacechem.1c00150,"alpha-蒎烯 + Cl + NO 体系拟合峰表第 133 条 | 原文离子式: C7H5NClIO2-，原文 m/z 296.906 Th（[M+I]-，算得 296.906，Δ 0.1 mDa） | DBE 4.5，半整数 ⇒ 开壳层自由基 | 第 0 步依据：SI Table S1 表头明写 ""m/z (**I- included**)"" + ""Elemental formula""，即列出的是**离子式**（含碘）。中性式 = 离子式 − I（团簇加合）；不含 I 的离子按 [M-H]- 还原（中性 = 离子 + H）。645 行全部用给出的三位小数 m/z 独立验算通过（校验 A） | source: SI Table S1"
C8H10O4,I-,adduct,FIGAERO-I-CIMS (HR-ToF-CIMS),gas/particle,chamber; UT Austin environmental chamber; alpha-pinene + Cl2/UV with NO (alpha-pinene+Cl+NO system),chamber,,"Masoud and Ruiz, 2021, ACS Earth Space Chem.",10.1021/acsearthspacechem.1c00150,"alpha-蒎烯 + Cl + NO 体系拟合峰表第 134 条 | 原文离子式: C8H10IO4-，原文 m/z 296.963 Th（[M+I]-，算得 296.963，Δ 0.1 mDa） | DBE 4，整数 ⇒ 闭壳层 | 第 0 步依据：SI Table S1 表头明写 ""m/z (**I- included**)"" + ""Elemental formula""，即列出的是**离子式**（含碘）。中性式 = 离子式 − I（团簇加合）；不含 I 的离子按 [M-H]- 还原（中性 = 离子 + H）。645 行全部用给出的三位小数 m/z 独立验算通过（校验 A） | source: SI Table S1"
C9H14O3,I-,adduct,FIGAERO-I-CIMS (HR-ToF-CIMS),gas/particle,chamber; UT Austin environmental chamber; alpha-pinene + Cl2/UV with NO (alpha-pinene+Cl+NO system),chamber,,"Masoud and Ruiz, 2021, ACS Earth Space Chem.",10.1021/acsearthspacechem.1c00150,"alpha-蒎烯 + Cl + NO 体系拟合峰表第 135 条 | 原文离子式: C9H14IO3-，原文 m/z 296.999 Th（[M+I]-，算得 296.999，Δ 0.3 mDa） | DBE 3，整数 ⇒ 闭壳层 | 第 0 步依据：SI Table S1 表头明写 ""m/z (**I- included**)"" + ""Elemental formula""，即列出的是**离子式**（含碘）。中性式 = 离子式 − I（团簇加合）；不含 I 的离子按 [M-H]- 还原（中性 = 离子 + H）。645 行全部用给出的三位小数 m/z 独立验算通过（校验 A） | source: SI Table S1"
C7H9NO4,I-,adduct,FIGAERO-I-CIMS (HR-ToF-CIMS),gas/particle,chamber; UT Austin environmental chamber; alpha-pinene + Cl2/UV with NO (alpha-pinene+Cl+NO system),chamber,,"Masoud and Ruiz, 2021, ACS Earth Space Chem.",10.1021/acsearthspacechem.1c00150,"alpha-蒎烯 + Cl + NO 体系拟合峰表第 136 条 | 原文离子式: C7H9NIO4-，原文 m/z 297.958 Th（[M+I]-，算得 297.958，Δ 0.2 mDa） | DBE 3，整数 ⇒ 闭壳层 | 第 0 步依据：SI Table S1 表头明写 ""m/z (**I- included**)"" + ""Elemental formula""，即列出的是**离子式**（含碘）。中性式 = 离子式 − I（团簇加合）；不含 I 的离子按 [M-H]- 还原（中性 = 离子 + H）。645 行全部用给出的三位小数 m/z 独立验算通过（校验 A） | source: SI Table S1"
C8H9ClO2,I-,adduct,FIGAERO-I-CIMS (HR-ToF-CIMS),gas/particle,chamber; UT Austin environmental chamber; alpha-pinene + Cl2/UV with NO (alpha-pinene+Cl+NO system),chamber,,"Masoud and Ruiz, 2021, ACS Earth Space Chem.",10.1021/acsearthspacechem.1c00150,"alpha-蒎烯 + Cl + NO 体系拟合峰表第 138 条 | 原文离子式: C8H9ClIO2-，原文 m/z 298.934 Th（[M+I]-，算得 298.934，Δ 0.1 mDa） | DBE 4，整数 ⇒ 闭壳层 | 第 0 步依据：SI Table S1 表头明写 ""m/z (**I- included**)"" + ""Elemental formula""，即列出的是**离子式**（含碘）。中性式 = 离子式 − I（团簇加合）；不含 I 的离子按 [M-H]- 还原（中性 = 离子 + H）。645 行全部用给出的三位小数 m/z 独立验算通过（校验 A） | source: SI Table S1"
C9H13ClO,I-,adduct,FIGAERO-I-CIMS (HR-ToF-CIMS),gas/particle,chamber; UT Austin environmental chamber; alpha-pinene + Cl2/UV with NO (alpha-pinene+Cl+NO system),chamber,,"Masoud and Ruiz, 2021, ACS Earth Space Chem.",10.1021/acsearthspacechem.1c00150,"alpha-蒎烯 + Cl + NO 体系拟合峰表第 139 条 | 原文离子式: C9H13ClIO-，原文 m/z 298.971 Th（[M+I]-，算得 298.971，Δ 0.5 mDa） | DBE 3，整数 ⇒ 闭壳层 | 第 0 步依据：SI Table S1 表头明写 ""m/z (**I- included**)"" + ""Elemental formula""，即列出的是**离子式**（含碘）。中性式 = 离子式 − I（团簇加合）；不含 I 的离子按 [M-H]- 还原（中性 = 离子 + H）。645 行全部用给出的三位小数 m/z 独立验算通过（校验 A） | source: SI Table S1"
C8H11ClO2,I-,adduct,FIGAERO-I-CIMS (HR-ToF-CIMS),gas/particle,chamber; UT Austin environmental chamber; alpha-pinene + Cl2/UV with NO (alpha-pinene+Cl+NO system),chamber,,"Masoud and Ruiz, 2021, ACS Earth Space Chem.",10.1021/acsearthspacechem.1c00150,"alpha-蒎烯 + Cl + NO 体系拟合峰表第 141 条 | 原文离子式: C8H11ClIO2-，原文 m/z 300.95 Th（[M+I]-，算得 300.950，Δ 0.2 mDa） | DBE 3，整数 ⇒ 闭壳层 | 第 0 步依据：SI Table S1 表头明写 ""m/z (**I- included**)"" + ""Elemental formula""，即列出的是**离子式**（含碘）。中性式 = 离子式 − I（团簇加合）；不含 I 的离子按 [M-H]- 还原（中性 = 离子 + H）。645 行全部用给出的三位小数 m/z 独立验算通过（校验 A） | source: SI Table S1"
C9H15ClO,I-,adduct,FIGAERO-I-CIMS (HR-ToF-CIMS),gas/particle,chamber; UT Austin environmental chamber; alpha-pinene + Cl2/UV with NO (alpha-pinene+Cl+NO system),chamber,,"Masoud and Ruiz, 2021, ACS Earth Space Chem.",10.1021/acsearthspacechem.1c00150,"alpha-蒎烯 + Cl + NO 体系拟合峰表第 142 条 | 原文离子式: C9H15ClIO-，原文 m/z 300.986 Th（[M+I]-，算得 300.986，Δ 0.2 mDa） | DBE 2，整数 ⇒ 闭壳层 | 第 0 步依据：SI Table S1 表头明写 ""m/z (**I- included**)"" + ""Elemental formula""，即列出的是**离子式**（含碘）。中性式 = 离子式 − I（团簇加合）；不含 I 的离子按 [M-H]- 还原（中性 = 离子 + H）。645 行全部用给出的三位小数 m/z 独立验算通过（校验 A） | source: SI Table S1"
C8H12ClO2,I-,adduct,FIGAERO-I-CIMS (HR-ToF-CIMS),gas/particle,chamber; UT Austin environmental chamber; alpha-pinene + Cl2/UV with NO (alpha-pinene+Cl+NO system),chamber,,"Masoud and Ruiz, 2021, ACS Earth Space Chem.",10.1021/acsearthspacechem.1c00150,"alpha-蒎烯 + Cl + NO 体系拟合峰表第 143 条 | 原文离子式: C8H12ClIO2-，原文 m/z 301.958 Th（[M+I]-，算得 301.958，Δ 0.4 mDa） | DBE 2.5，半整数 ⇒ 开壳层自由基 | 第 0 步依据：SI Table S1 表头明写 ""m/z (**I- included**)"" + ""Elemental formula""，即列出的是**离子式**（含碘）。中性式 = 离子式 − I（团簇加合）；不含 I 的离子按 [M-H]- 还原（中性 = 离子 + H）。645 行全部用给出的三位小数 m/z 独立验算通过（校验 A） | source: SI Table S1"
C11H13NO9,I-,deprot,FIGAERO-I-CIMS (HR-ToF-CIMS),gas/particle,chamber; UT Austin environmental chamber; alpha-pinene + Cl2/UV with NO (alpha-pinene+Cl+NO system),chamber,,"Masoud and Ruiz, 2021, ACS Earth Space Chem.",10.1021/acsearthspacechem.1c00150,"alpha-蒎烯 + Cl + NO 体系拟合峰表第 144 条 | 原文离子式: C11H12NO9-，原文 m/z 302.052 Th（[M-H]-，算得 302.052，Δ 0.2 mDa） | DBE 5，整数 ⇒ 闭壳层 | 第 0 步依据：SI Table S1 表头明写 ""m/z (**I- included**)"" + ""Elemental formula""，即列出的是**离子式**（含碘）。中性式 = 离子式 − I（团簇加合）；不含 I 的离子按 [M-H]- 还原（中性 = 离子 + H）。645 行全部用给出的三位小数 m/z 独立验算通过（校验 A） | source: SI Table S1"
C6H8O6,I-,adduct,FIGAERO-I-CIMS (HR-ToF-CIMS),gas/particle,chamber; UT Austin environmental chamber; alpha-pinene + Cl2/UV with NO (alpha-pinene+Cl+NO system),chamber,,"Masoud and Ruiz, 2021, ACS Earth Space Chem.",10.1021/acsearthspacechem.1c00150,"alpha-蒎烯 + Cl + NO 体系拟合峰表第 145 条 | 原文离子式: C6H8IO6-，原文 m/z 302.937 Th（[M+I]-，算得 302.937，Δ 0.1 mDa） | DBE 3，整数 ⇒ 闭壳层 | 第 0 步依据：SI Table S1 表头明写 ""m/z (**I- included**)"" + ""Elemental formula""，即列出的是**离子式**（含碘）。中性式 = 离子式 − I（团簇加合）；不含 I 的离子按 [M-H]- 还原（中性 = 离子 + H）。645 行全部用给出的三位小数 m/z 独立验算通过（校验 A） | source: SI Table S1"
C11H11ClNO7,I-,deprot,FIGAERO-I-CIMS (HR-ToF-CIMS),gas/particle,chamber; UT Austin environmental chamber; alpha-pinene + Cl2/UV with NO (alpha-pinene+Cl+NO system),chamber,,"Masoud and Ruiz, 2021, ACS Earth Space Chem.",10.1021/acsearthspacechem.1c00150,"alpha-蒎烯 + Cl + NO 体系拟合峰表第 146 条 | 原文离子式: C11H10NClO7-，原文 m/z 303.015 Th（[M-H]-，算得 303.015，Δ 0.1 mDa） | DBE 5.5，半整数 ⇒ 开壳层自由基 | 第 0 步依据：SI Table S1 表头明写 ""m/z (**I- included**)"" + ""Elemental formula""，即列出的是**离子式**（含碘）。中性式 = 离子式 − I（团簇加合）；不含 I 的离子按 [M-H]- 还原（中性 = 离子 + H）。645 行全部用给出的三位小数 m/z 独立验算通过（校验 A） | source: SI Table S1"
C5H7NO6,I-,adduct,FIGAERO-I-CIMS (HR-ToF-CIMS),gas/particle,chamber; UT Austin environmental chamber; alpha-pinene + Cl2/UV with NO (alpha-pinene+Cl+NO system),chamber,,"Masoud and Ruiz, 2021, ACS Earth Space Chem.",10.1021/acsearthspacechem.1c00150,"alpha-蒎烯 + Cl + NO 体系拟合峰表第 147 条 | 原文离子式: C5H7NIO6-，原文 m/z 303.932 Th（[M+I]-，算得 303.932，Δ 0.4 mDa） | DBE 2，整数 ⇒ 闭壳层 | 第 0 步依据：SI Table S1 表头明写 ""m/z (**I- included**)"" + ""Elemental formula""，即列出的是**离子式**（含碘）。中性式 = 离子式 − I（团簇加合）；不含 I 的离子按 [M-H]- 还原（中性 = 离子 + H）。645 行全部用给出的三位小数 m/z 独立验算通过（校验 A） | source: SI Table S1"
C12H17O,I-,adduct,FIGAERO-I-CIMS (HR-ToF-CIMS),gas/particle,chamber; UT Austin environmental chamber; alpha-pinene + Cl2/UV with NO (alpha-pinene+Cl+NO system),chamber,,"Masoud and Ruiz, 2021, ACS Earth Space Chem.",10.1021/acsearthspacechem.1c00150,"alpha-蒎烯 + Cl + NO 体系拟合峰表第 148 条 | 原文离子式: C12H17IO-，原文 m/z 304.033 Th（[M+I]-，算得 304.033，Δ 0.0 mDa） | DBE 4.5，半整数 ⇒ 开壳层自由基 | 第 0 步依据：SI Table S1 表头明写 ""m/z (**I- included**)"" + ""Elemental formula""，即列出的是**离子式**（含碘）。中性式 = 离子式 − I（团簇加合）；不含 I 的离子按 [M-H]- 还原（中性 = 离子 + H）。645 行全部用给出的三位小数 m/z 独立验算通过（校验 A） | source: SI Table S1"
C5H6O7,I-,adduct,FIGAERO-I-CIMS (HR-ToF-CIMS),gas/particle,chamber; UT Austin environmental chamber; alpha-pinene + Cl2/UV with NO (alpha-pinene+Cl+NO system),chamber,,"Masoud and Ruiz, 2021, ACS Earth Space Chem.",10.1021/acsearthspacechem.1c00150,"alpha-蒎烯 + Cl + NO 体系拟合峰表第 149 条 | 原文离子式: C5H6IO7-，原文 m/z 304.916 Th（[M+I]-，算得 304.916，Δ 0.4 mDa） | DBE 3，整数 ⇒ 闭壳层 | 第 0 步依据：SI Table S1 表头明写 ""m/z (**I- included**)"" + ""Elemental formula""，即列出的是**离子式**（含碘）。中性式 = 离子式 − I（团簇加合）；不含 I 的离子按 [M-H]- 还原（中性 = 离子 + H）。645 行全部用给出的三位小数 m/z 独立验算通过（校验 A） | source: SI Table S1"
C6H10O6,I-,adduct,FIGAERO-I-CIMS (HR-ToF-CIMS),gas/particle,chamber; UT Austin environmental chamber; alpha-pinene + Cl2/UV with NO (alpha-pinene+Cl+NO system),chamber,,"Masoud and Ruiz, 2021, ACS Earth Space Chem.",10.1021/acsearthspacechem.1c00150,"alpha-蒎烯 + Cl + NO 体系拟合峰表第 150 条 | 原文离子式: C6H10IO6-，原文 m/z 304.953 Th（[M+I]-，算得 304.953，Δ 0.2 mDa） | DBE 2，整数 ⇒ 闭壳层 | 第 0 步依据：SI Table S1 表头明写 ""m/z (**I- included**)"" + ""Elemental formula""，即列出的是**离子式**（含碘）。中性式 = 离子式 − I（团簇加合）；不含 I 的离子按 [M-H]- 还原（中性 = 离子 + H）。645 行全部用给出的三位小数 m/z 独立验算通过（校验 A） | source: SI Table S1"
C10H8ClO,I-,adduct,FIGAERO-I-CIMS (HR-ToF-CIMS),gas/particle,chamber; UT Austin environmental chamber; alpha-pinene + Cl2/UV with NO (alpha-pinene+Cl+NO system),chamber,,"Masoud and Ruiz, 2021, ACS Earth Space Chem.",10.1021/acsearthspacechem.1c00150,"alpha-蒎烯 + Cl + NO 体系拟合峰表第 151 条 | 原文离子式: C10H8ClIO-，原文 m/z 305.931 Th（[M+I]-，算得 305.931，Δ 0.4 mDa） | DBE 6.5，半整数 ⇒ 开壳层自由基 | 第 0 步依据：SI Table S1 表头明写 ""m/z (**I- included**)"" + ""Elemental formula""，即列出的是**离子式**（含碘）。中性式 = 离子式 − I（团簇加合）；不含 I 的离子按 [M-H]- 还原（中性 = 离子 + H）。645 行全部用给出的三位小数 m/z 独立验算通过（校验 A） | source: SI Table S1"
C5H8O7,I-,adduct,FIGAERO-I-CIMS (HR-ToF-CIMS),gas/particle,chamber; UT Austin environmental chamber; alpha-pinene + Cl2/UV with NO (alpha-pinene+Cl+NO system),chamber,,"Masoud and Ruiz, 2021, ACS Earth Space Chem.",10.1021/acsearthspacechem.1c00150,"alpha-蒎烯 + Cl + NO 体系拟合峰表第 153 条 | 原文离子式: C5H8IO7-，原文 m/z 306.932 Th（[M+I]-，算得 306.932，Δ 0.0 mDa） | DBE 2，整数 ⇒ 闭壳层 | 第 0 步依据：SI Table S1 表头明写 ""m/z (**I- included**)"" + ""Elemental formula""，即列出的是**离子式**（含碘）。中性式 = 离子式 − I（团簇加合）；不含 I 的离子按 [M-H]- 还原（中性 = 离子 + H）。645 行全部用给出的三位小数 m/z 独立验算通过（校验 A） | source: SI Table S1"
C10H12O3,I-,adduct,FIGAERO-I-CIMS (HR-ToF-CIMS),gas/particle,chamber; UT Austin environmental chamber; alpha-pinene + Cl2/UV with NO (alpha-pinene+Cl+NO system),chamber,,"Masoud and Ruiz, 2021, ACS Earth Space Chem.",10.1021/acsearthspacechem.1c00150,"alpha-蒎烯 + Cl + NO 体系拟合峰表第 154 条 | 原文离子式: C10H12IO3-，原文 m/z 306.984 Th（[M+I]-，算得 306.984，Δ 0.3 mDa） | DBE 5，整数 ⇒ 闭壳层 | 第 0 步依据：SI Table S1 表头明写 ""m/z (**I- included**)"" + ""Elemental formula""，即列出的是**离子式**（含碘）。中性式 = 离子式 − I（团簇加合）；不含 I 的离子按 [M-H]- 还原（中性 = 离子 + H）。645 行全部用给出的三位小数 m/z 独立验算通过（校验 A） | source: SI Table S1"
C5H11NO6,I-,adduct,FIGAERO-I-CIMS (HR-ToF-CIMS),gas/particle,chamber; UT Austin environmental chamber; alpha-pinene + Cl2/UV with NO (alpha-pinene+Cl+NO system),chamber,,"Masoud and Ruiz, 2021, ACS Earth Space Chem.",10.1021/acsearthspacechem.1c00150,"alpha-蒎烯 + Cl + NO 体系拟合峰表第 155 条 | 原文离子式: C5H11NIO6-，原文 m/z 307.964 Th（[M+I]-，算得 307.964，Δ 0.3 mDa） | DBE 0，整数 ⇒ 闭壳层 | 第 0 步依据：SI Table S1 表头明写 ""m/z (**I- included**)"" + ""Elemental formula""，即列出的是**离子式**（含碘）。中性式 = 离子式 − I（团簇加合）；不含 I 的离子按 [M-H]- 还原（中性 = 离子 + H）。645 行全部用给出的三位小数 m/z 独立验算通过（校验 A） | source: SI Table S1"
C6H8Cl2O2,I-,adduct,FIGAERO-I-CIMS (HR-ToF-CIMS),gas/particle,chamber; UT Austin environmental chamber; alpha-pinene + Cl2/UV with NO (alpha-pinene+Cl+NO system),chamber,,"Masoud and Ruiz, 2021, ACS Earth Space Chem.",10.1021/acsearthspacechem.1c00150,"alpha-蒎烯 + Cl + NO 体系拟合峰表第 156 条 | 原文离子式: C6H8Cl2IO2-，原文 m/z 308.895 Th（[M+I]-，算得 308.895，Δ 0.2 mDa） | DBE 2，整数 ⇒ 闭壳层 | 第 0 步依据：SI Table S1 表头明写 ""m/z (**I- included**)"" + ""Elemental formula""，即列出的是**离子式**（含碘）。中性式 = 离子式 − I（团簇加合）；不含 I 的离子按 [M-H]- 还原（中性 = 离子 + H）。645 行全部用给出的三位小数 m/z 独立验算通过（校验 A） | source: SI Table S1"
C5H7ClO5,I-,adduct,FIGAERO-I-CIMS (HR-ToF-CIMS),gas/particle,chamber; UT Austin environmental chamber; alpha-pinene + Cl2/UV with NO (alpha-pinene+Cl+NO system),chamber,,"Masoud and Ruiz, 2021, ACS Earth Space Chem.",10.1021/acsearthspacechem.1c00150,"alpha-蒎烯 + Cl + NO 体系拟合峰表第 157 条 | 原文离子式: C5H7ClIO5-，原文 m/z 308.903 Th（[M+I]-，算得 308.903，Δ 0.2 mDa） | DBE 2，整数 ⇒ 闭壳层 | 第 0 步依据：SI Table S1 表头明写 ""m/z (**I- included**)"" + ""Elemental formula""，即列出的是**离子式**（含碘）。中性式 = 离子式 − I（团簇加合）；不含 I 的离子按 [M-H]- 还原（中性 = 离子 + H）。645 行全部用给出的三位小数 m/z 独立验算通过（校验 A） | source: SI Table S1"
C9H10O4,I-,adduct,FIGAERO-I-CIMS (HR-ToF-CIMS),gas/particle,chamber; UT Austin environmental chamber; alpha-pinene + Cl2/UV with NO (alpha-pinene+Cl+NO system),chamber,,"Masoud and Ruiz, 2021, ACS Earth Space Chem.",10.1021/acsearthspacechem.1c00150,"alpha-蒎烯 + Cl + NO 体系拟合峰表第 158 条 | 原文离子式: C9H10IO4-，原文 m/z 308.963 Th（[M+I]-，算得 308.963，Δ 0.1 mDa） | DBE 5，整数 ⇒ 闭壳层 | 第 0 步依据：SI Table S1 表头明写 ""m/z (**I- included**)"" + ""Elemental formula""，即列出的是**离子式**（含碘）。中性式 = 离子式 − I（团簇加合）；不含 I 的离子按 [M-H]- 还原（中性 = 离子 + H）。645 行全部用给出的三位小数 m/z 独立验算通过（校验 A） | source: SI Table S1"
C10H14O3,I-,adduct,FIGAERO-I-CIMS (HR-ToF-CIMS),gas/particle,chamber; UT Austin environmental chamber; alpha-pinene + Cl2/UV with NO (alpha-pinene+Cl+NO system),chamber,,"Masoud and Ruiz, 2021, ACS Earth Space Chem.",10.1021/acsearthspacechem.1c00150,"alpha-蒎烯 + Cl + NO 体系拟合峰表第 159 条 | 原文离子式: C10H14IO3-，原文 m/z 308.999 Th（[M+I]-，算得 308.999，Δ 0.3 mDa） | DBE 4，整数 ⇒ 闭壳层 | 第 0 步依据：SI Table S1 表头明写 ""m/z (**I- included**)"" + ""Elemental formula""，即列出的是**离子式**（含碘）。中性式 = 离子式 − I（团簇加合）；不含 I 的离子按 [M-H]- 还原（中性 = 离子 + H）。645 行全部用给出的三位小数 m/z 独立验算通过（校验 A） | source: SI Table S1"
C7H8N2O4,I-,adduct,FIGAERO-I-CIMS (HR-ToF-CIMS),gas/particle,chamber; UT Austin environmental chamber; alpha-pinene + Cl2/UV with NO (alpha-pinene+Cl+NO system),chamber,,"Masoud and Ruiz, 2021, ACS Earth Space Chem.",10.1021/acsearthspacechem.1c00150,"alpha-蒎烯 + Cl + NO 体系拟合峰表第 160 条 | 原文离子式: C7H8N2IO4-，原文 m/z 310.953 Th（[M+I]-，算得 310.953，Δ 0.4 mDa） | DBE 3，整数 ⇒ 闭壳层 | 第 0 步依据：SI Table S1 表头明写 ""m/z (**I- included**)"" + ""Elemental formula""，即列出的是**离子式**（含碘）。中性式 = 离子式 − I（团簇加合）；不含 I 的离子按 [M-H]- 还原（中性 = 离子 + H）。645 行全部用给出的三位小数 m/z 独立验算通过（校验 A） | source: SI Table S1"
C9H12O4,I-,adduct,FIGAERO-I-CIMS (HR-ToF-CIMS),gas/particle,chamber; UT Austin environmental chamber; alpha-pinene + Cl2/UV with NO (alpha-pinene+Cl+NO system),chamber,,"Masoud and Ruiz, 2021, ACS Earth Space Chem.",10.1021/acsearthspacechem.1c00150,"alpha-蒎烯 + Cl + NO 体系拟合峰表第 161 条 | 原文离子式: C9H12IO4-，原文 m/z 310.979 Th（[M+I]-，算得 310.979，Δ 0.4 mDa） | DBE 4，整数 ⇒ 闭壳层 | 第 0 步依据：SI Table S1 表头明写 ""m/z (**I- included**)"" + ""Elemental formula""，即列出的是**离子式**（含碘）。中性式 = 离子式 − I（团簇加合）；不含 I 的离子按 [M-H]- 还原（中性 = 离子 + H）。645 行全部用给出的三位小数 m/z 独立验算通过（校验 A） | source: SI Table S1"
C10H16O3,I-,adduct,FIGAERO-I-CIMS (HR-ToF-CIMS),gas/particle,chamber; UT Austin environmental chamber; alpha-pinene + Cl2/UV with NO (alpha-pinene+Cl+NO system),chamber,,"Masoud and Ruiz, 2021, ACS Earth Space Chem.",10.1021/acsearthspacechem.1c00150,"alpha-蒎烯 + Cl + NO 体系拟合峰表第 162 条 | 原文离子式: C10H16IO3-，原文 m/z 311.015 Th（[M+I]-，算得 311.015，Δ 0.0 mDa） | DBE 3，整数 ⇒ 闭壳层 | 第 0 步依据：SI Table S1 表头明写 ""m/z (**I- included**)"" + ""Elemental formula""，即列出的是**离子式**（含碘）。中性式 = 离子式 − I（团簇加合）；不含 I 的离子按 [M-H]- 还原（中性 = 离子 + H）。645 行全部用给出的三位小数 m/z 独立验算通过（校验 A） | source: SI Table S1"
C8H11NO4,I-,adduct,FIGAERO-I-CIMS (HR-ToF-CIMS),gas/particle,chamber; UT Austin environmental chamber; alpha-pinene + Cl2/UV with NO (alpha-pinene+Cl+NO system),chamber,,"Masoud and Ruiz, 2021, ACS Earth Space Chem.",10.1021/acsearthspacechem.1c00150,"alpha-蒎烯 + Cl + NO 体系拟合峰表第 164 条 | 原文离子式: C8H11NIO4-，原文 m/z 311.974 Th（[M+I]-，算得 311.974，Δ 0.2 mDa） | DBE 3，整数 ⇒ 闭壳层 | 第 0 步依据：SI Table S1 表头明写 ""m/z (**I- included**)"" + ""Elemental formula""，即列出的是**离子式**（含碘）。中性式 = 离子式 − I（团簇加合）；不含 I 的离子按 [M-H]- 还原（中性 = 离子 + H）。645 行全部用给出的三位小数 m/z 独立验算通过（校验 A） | source: SI Table S1"
C4H7ClO6,I-,adduct,FIGAERO-I-CIMS (HR-ToF-CIMS),gas/particle,chamber; UT Austin environmental chamber; alpha-pinene + Cl2/UV with NO (alpha-pinene+Cl+NO system),chamber,,"Masoud and Ruiz, 2021, ACS Earth Space Chem.",10.1021/acsearthspacechem.1c00150,"alpha-蒎烯 + Cl + NO 体系拟合峰表第 165 条 | 原文离子式: C4H7ClIO6-，原文 m/z 312.898 Th（[M+I]-，算得 312.898，Δ 0.1 mDa） | DBE 1，整数 ⇒ 闭壳层 | 第 0 步依据：SI Table S1 表头明写 ""m/z (**I- included**)"" + ""Elemental formula""，即列出的是**离子式**（含碘）。中性式 = 离子式 − I（团簇加合）；不含 I 的离子按 [M-H]- 还原（中性 = 离子 + H）。645 行全部用给出的三位小数 m/z 独立验算通过（校验 A） | source: SI Table S1"
C8H10O5,I-,adduct,FIGAERO-I-CIMS (HR-ToF-CIMS),gas/particle,chamber; UT Austin environmental chamber; alpha-pinene + Cl2/UV with NO (alpha-pinene+Cl+NO system),chamber,,"Masoud and Ruiz, 2021, ACS Earth Space Chem.",10.1021/acsearthspacechem.1c00150,"alpha-蒎烯 + Cl + NO 体系拟合峰表第 166 条 | 原文离子式: C8H10IO5-，原文 m/z 312.958 Th（[M+I]-，算得 312.958，Δ 0.2 mDa） | DBE 4，整数 ⇒ 闭壳层 | 第 0 步依据：SI Table S1 表头明写 ""m/z (**I- included**)"" + ""Elemental formula""，即列出的是**离子式**（含碘）。中性式 = 离子式 − I（团簇加合）；不含 I 的离子按 [M-H]- 还原（中性 = 离子 + H）。645 行全部用给出的三位小数 m/z 独立验算通过（校验 A） | source: SI Table S1"
C9H14O4,I-,adduct,FIGAERO-I-CIMS (HR-ToF-CIMS),gas/particle,chamber; UT Austin environmental chamber; alpha-pinene + Cl2/UV with NO (alpha-pinene+Cl+NO system),chamber,,"Masoud and Ruiz, 2021, ACS Earth Space Chem.",10.1021/acsearthspacechem.1c00150,"alpha-蒎烯 + Cl + NO 体系拟合峰表第 167 条 | 原文离子式: C9H14IO4-，原文 m/z 312.994 Th（[M+I]-，算得 312.994，Δ 0.2 mDa） | DBE 3，整数 ⇒ 闭壳层 | 第 0 步依据：SI Table S1 表头明写 ""m/z (**I- included**)"" + ""Elemental formula""，即列出的是**离子式**（含碘）。中性式 = 离子式 − I（团簇加合）；不含 I 的离子按 [M-H]- 还原（中性 = 离子 + H）。645 行全部用给出的三位小数 m/z 独立验算通过（校验 A） | source: SI Table S1"
C10H18O3,I-,adduct,FIGAERO-I-CIMS (HR-ToF-CIMS),gas/particle,chamber; UT Austin environmental chamber; alpha-pinene + Cl2/UV with NO (alpha-pinene+Cl+NO system),chamber,,"Masoud and Ruiz, 2021, ACS Earth Space Chem.",10.1021/acsearthspacechem.1c00150,"alpha-蒎烯 + Cl + NO 体系拟合峰表第 168 条 | 原文离子式: C10H18IO3-，原文 m/z 313.031 Th（[M+I]-，算得 313.031，Δ 0.4 mDa） | DBE 2，整数 ⇒ 闭壳层 | 第 0 步依据：SI Table S1 表头明写 ""m/z (**I- included**)"" + ""Elemental formula""，即列出的是**离子式**（含碘）。中性式 = 离子式 − I（团簇加合）；不含 I 的离子按 [M-H]- 还原（中性 = 离子 + H）。645 行全部用给出的三位小数 m/z 独立验算通过（校验 A） | source: SI Table S1"
C9H12ClO2,I-,adduct,FIGAERO-I-CIMS (HR-ToF-CIMS),gas/particle,chamber; UT Austin environmental chamber; alpha-pinene + Cl2/UV with NO (alpha-pinene+Cl+NO system),chamber,,"Masoud and Ruiz, 2021, ACS Earth Space Chem.",10.1021/acsearthspacechem.1c00150,"alpha-蒎烯 + Cl + NO 体系拟合峰表第 169 条 | 原文离子式: C9H12ClIO2-，原文 m/z 313.958 Th（[M+I]-，算得 313.958，Δ 0.4 mDa） | DBE 3.5，半整数 ⇒ 开壳层自由基 | 第 0 步依据：SI Table S1 表头明写 ""m/z (**I- included**)"" + ""Elemental formula""，即列出的是**离子式**（含碘）。中性式 = 离子式 − I（团簇加合）；不含 I 的离子按 [M-H]- 还原（中性 = 离子 + H）。645 行全部用给出的三位小数 m/z 独立验算通过（校验 A） | source: SI Table S1"
C8H9ClO3,I-,adduct,FIGAERO-I-CIMS (HR-ToF-CIMS),gas/particle,chamber; UT Austin environmental chamber; alpha-pinene + Cl2/UV with NO (alpha-pinene+Cl+NO system),chamber,,"Masoud and Ruiz, 2021, ACS Earth Space Chem.",10.1021/acsearthspacechem.1c00150,"alpha-蒎烯 + Cl + NO 体系拟合峰表第 170 条 | 原文离子式: C8H9ClIO3-，原文 m/z 314.929 Th（[M+I]-，算得 314.929，Δ 0.0 mDa） | DBE 4，整数 ⇒ 闭壳层 | 第 0 步依据：SI Table S1 表头明写 ""m/z (**I- included**)"" + ""Elemental formula""，即列出的是**离子式**（含碘）。中性式 = 离子式 − I（团簇加合）；不含 I 的离子按 [M-H]- 还原（中性 = 离子 + H）。645 行全部用给出的三位小数 m/z 独立验算通过（校验 A） | source: SI Table S1"
C9H13ClO2,I-,adduct,FIGAERO-I-CIMS (HR-ToF-CIMS),gas/particle,chamber; UT Austin environmental chamber; alpha-pinene + Cl2/UV with NO (alpha-pinene+Cl+NO system),chamber,,"Masoud and Ruiz, 2021, ACS Earth Space Chem.",10.1021/acsearthspacechem.1c00150,"alpha-蒎烯 + Cl + NO 体系拟合峰表第 171 条 | 原文离子式: C9H13ClIO2-，原文 m/z 314.965 Th（[M+I]-，算得 314.965，Δ 0.4 mDa） | DBE 3，整数 ⇒ 闭壳层 | 第 0 步依据：SI Table S1 表头明写 ""m/z (**I- included**)"" + ""Elemental formula""，即列出的是**离子式**（含碘）。中性式 = 离子式 − I（团簇加合）；不含 I 的离子按 [M-H]- 还原（中性 = 离子 + H）。645 行全部用给出的三位小数 m/z 独立验算通过（校验 A） | source: SI Table S1"
C9H16O4,I-,adduct,FIGAERO-I-CIMS (HR-ToF-CIMS),gas/particle,chamber; UT Austin environmental chamber; alpha-pinene + Cl2/UV with NO (alpha-pinene+Cl+NO system),chamber,,"Masoud and Ruiz, 2021, ACS Earth Space Chem.",10.1021/acsearthspacechem.1c00150,"alpha-蒎烯 + Cl + NO 体系拟合峰表第 172 条 | 原文离子式: C9H16IO4-，原文 m/z 315.01 Th（[M+I]-，算得 315.010，Δ 0.1 mDa） | DBE 2，整数 ⇒ 闭壳层 | 第 0 步依据：SI Table S1 表头明写 ""m/z (**I- included**)"" + ""Elemental formula""，即列出的是**离子式**（含碘）。中性式 = 离子式 − I（团簇加合）；不含 I 的离子按 [M-H]- 还原（中性 = 离子 + H）。645 行全部用给出的三位小数 m/z 独立验算通过（校验 A） | source: SI Table S1"
C10H7NO3,I-,adduct,FIGAERO-I-CIMS (HR-ToF-CIMS),gas/particle,chamber; UT Austin environmental chamber; alpha-pinene + Cl2/UV with NO (alpha-pinene+Cl+NO system),chamber,,"Masoud and Ruiz, 2021, ACS Earth Space Chem.",10.1021/acsearthspacechem.1c00150,"alpha-蒎烯 + Cl + NO 体系拟合峰表第 173 条 | 原文离子式: C10H7NIO3-，原文 m/z 315.948 Th（[M+I]-，算得 315.948，Δ 0.4 mDa） | DBE 7，整数 ⇒ 闭壳层 | 第 0 步依据：SI Table S1 表头明写 ""m/z (**I- included**)"" + ""Elemental formula""，即列出的是**离子式**（含碘）。中性式 = 离子式 − I（团簇加合）；不含 I 的离子按 [M-H]- 还原（中性 = 离子 + H）。645 行全部用给出的三位小数 m/z 独立验算通过（校验 A） | source: SI Table S1"
C6H6O7,I-,adduct,FIGAERO-I-CIMS (HR-ToF-CIMS),gas/particle,chamber; UT Austin environmental chamber; alpha-pinene + Cl2/UV with NO (alpha-pinene+Cl+NO system),chamber,,"Masoud and Ruiz, 2021, ACS Earth Space Chem.",10.1021/acsearthspacechem.1c00150,"alpha-蒎烯 + Cl + NO 体系拟合峰表第 174 条 | 原文离子式: C6H6IO7-，原文 m/z 316.916 Th（[M+I]-，算得 316.916，Δ 0.4 mDa） | DBE 4，整数 ⇒ 闭壳层 | 第 0 步依据：SI Table S1 表头明写 ""m/z (**I- included**)"" + ""Elemental formula""，即列出的是**离子式**（含碘）。中性式 = 离子式 − I（团簇加合）；不含 I 的离子按 [M-H]- 还原（中性 = 离子 + H）。645 行全部用给出的三位小数 m/z 独立验算通过（校验 A） | source: SI Table S1"
C7H10O6,I-,adduct,FIGAERO-I-CIMS (HR-ToF-CIMS),gas/particle,chamber; UT Austin environmental chamber; alpha-pinene + Cl2/UV with NO (alpha-pinene+Cl+NO system),chamber,,"Masoud and Ruiz, 2021, ACS Earth Space Chem.",10.1021/acsearthspacechem.1c00150,"alpha-蒎烯 + Cl + NO 体系拟合峰表第 175 条 | 原文离子式: C7H10IO6-，原文 m/z 316.953 Th（[M+I]-，算得 316.953，Δ 0.2 mDa） | DBE 3，整数 ⇒ 闭壳层 | 第 0 步依据：SI Table S1 表头明写 ""m/z (**I- included**)"" + ""Elemental formula""，即列出的是**离子式**（含碘）。中性式 = 离子式 − I（团簇加合）；不含 I 的离子按 [M-H]- 还原（中性 = 离子 + H）。645 行全部用给出的三位小数 m/z 独立验算通过（校验 A） | source: SI Table S1"
C5H7N2O6,I-,adduct,FIGAERO-I-CIMS (HR-ToF-CIMS),gas/particle,chamber; UT Austin environmental chamber; alpha-pinene + Cl2/UV with NO (alpha-pinene+Cl+NO system),chamber,,"Masoud and Ruiz, 2021, ACS Earth Space Chem.",10.1021/acsearthspacechem.1c00150,"alpha-蒎烯 + Cl + NO 体系拟合峰表第 177 条 | 原文离子式: C5H7N2IO6-，原文 m/z 317.935 Th（[M+I]-，算得 317.935，Δ 0.4 mDa） | DBE 1.5，半整数 ⇒ 开壳层自由基 | 第 0 步依据：SI Table S1 表头明写 ""m/z (**I- included**)"" + ""Elemental formula""，即列出的是**离子式**（含碘）。中性式 = 离子式 − I（团簇加合）；不含 I 的离子按 [M-H]- 还原（中性 = 离子 + H）。645 行全部用给出的三位小数 m/z 独立验算通过（校验 A） | source: SI Table S1"
C8H10Cl2O,I-,adduct,FIGAERO-I-CIMS (HR-ToF-CIMS),gas/particle,chamber; UT Austin environmental chamber; alpha-pinene + Cl2/UV with NO (alpha-pinene+Cl+NO system),chamber,,"Masoud and Ruiz, 2021, ACS Earth Space Chem.",10.1021/acsearthspacechem.1c00150,"alpha-蒎烯 + Cl + NO 体系拟合峰表第 178 条 | 原文离子式: C8H10Cl2IO-，原文 m/z 318.916 Th（[M+I]-，算得 318.916，Δ 0.1 mDa） | DBE 3，整数 ⇒ 闭壳层 | 第 0 步依据：SI Table S1 表头明写 ""m/z (**I- included**)"" + ""Elemental formula""，即列出的是**离子式**（含碘）。中性式 = 离子式 − I（团簇加合）；不含 I 的离子按 [M-H]- 还原（中性 = 离子 + H）。645 行全部用给出的三位小数 m/z 独立验算通过（校验 A） | source: SI Table S1"
C10H8O4,I-,adduct,FIGAERO-I-CIMS (HR-ToF-CIMS),gas/particle,chamber; UT Austin environmental chamber; alpha-pinene + Cl2/UV with NO (alpha-pinene+Cl+NO system),chamber,,"Masoud and Ruiz, 2021, ACS Earth Space Chem.",10.1021/acsearthspacechem.1c00150,"alpha-蒎烯 + Cl + NO 体系拟合峰表第 179 条 | 原文离子式: C10H8IO4-，原文 m/z 318.947 Th（[M+I]-，算得 318.947，Δ 0.3 mDa） | DBE 7，整数 ⇒ 闭壳层 | 第 0 步依据：SI Table S1 表头明写 ""m/z (**I- included**)"" + ""Elemental formula""，即列出的是**离子式**（含碘）。中性式 = 离子式 − I（团簇加合）；不含 I 的离子按 [M-H]- 还原（中性 = 离子 + H）。645 行全部用给出的三位小数 m/z 独立验算通过（校验 A） | source: SI Table S1"
C5H7NO7,I-,adduct,FIGAERO-I-CIMS (HR-ToF-CIMS),gas/particle,chamber; UT Austin environmental chamber; alpha-pinene + Cl2/UV with NO (alpha-pinene+Cl+NO system),chamber,,"Masoud and Ruiz, 2021, ACS Earth Space Chem.",10.1021/acsearthspacechem.1c00150,"alpha-蒎烯 + Cl + NO 体系拟合峰表第 180 条 | 原文离子式: C5H7NIO7-，原文 m/z 319.927 Th（[M+I]-，算得 319.927，Δ 0.3 mDa） | DBE 2，整数 ⇒ 闭壳层 | 第 0 步依据：SI Table S1 表头明写 ""m/z (**I- included**)"" + ""Elemental formula""，即列出的是**离子式**（含碘）。中性式 = 离子式 − I（团簇加合）；不含 I 的离子按 [M-H]- 还原（中性 = 离子 + H）。645 行全部用给出的三位小数 m/z 独立验算通过（校验 A） | source: SI Table S1"
C6H11NO6,I-,adduct,FIGAERO-I-CIMS (HR-ToF-CIMS),gas/particle,chamber; UT Austin environmental chamber; alpha-pinene + Cl2/UV with NO (alpha-pinene+Cl+NO system),chamber,,"Masoud and Ruiz, 2021, ACS Earth Space Chem.",10.1021/acsearthspacechem.1c00150,"alpha-蒎烯 + Cl + NO 体系拟合峰表第 181 条 | 原文离子式: C6H11NIO6-，原文 m/z 319.964 Th（[M+I]-，算得 319.964，Δ 0.3 mDa） | DBE 1，整数 ⇒ 闭壳层 | 第 0 步依据：SI Table S1 表头明写 ""m/z (**I- included**)"" + ""Elemental formula""，即列出的是**离子式**（含碘）。中性式 = 离子式 − I（团簇加合）；不含 I 的离子按 [M-H]- 还原（中性 = 离子 + H）。645 行全部用给出的三位小数 m/z 独立验算通过（校验 A） | source: SI Table S1"
C7H15NO5,I-,adduct,FIGAERO-I-CIMS (HR-ToF-CIMS),gas/particle,chamber; UT Austin environmental chamber; alpha-pinene + Cl2/UV with NO (alpha-pinene+Cl+NO system),chamber,,"Masoud and Ruiz, 2021, ACS Earth Space Chem.",10.1021/acsearthspacechem.1c00150,"alpha-蒎烯 + Cl + NO 体系拟合峰表第 182 条 | 原文离子式: C7H15NIO5-，原文 m/z 320.0 Th（[M+I]-，算得 320.000，Δ 0.0 mDa） | DBE 0，整数 ⇒ 闭壳层 | 第 0 步依据：SI Table S1 表头明写 ""m/z (**I- included**)"" + ""Elemental formula""，即列出的是**离子式**（含碘）。中性式 = 离子式 − I（团簇加合）；不含 I 的离子按 [M-H]- 还原（中性 = 离子 + H）。645 行全部用给出的三位小数 m/z 独立验算通过（校验 A） | source: SI Table S1"
C5H5ClNO5,I-,adduct,FIGAERO-I-CIMS (HR-ToF-CIMS),gas/particle,chamber; UT Austin environmental chamber; alpha-pinene + Cl2/UV with NO (alpha-pinene+Cl+NO system),chamber,,"Masoud and Ruiz, 2021, ACS Earth Space Chem.",10.1021/acsearthspacechem.1c00150,"alpha-蒎烯 + Cl + NO 体系拟合峰表第 183 条 | 原文离子式: C5H5NClIO5-，原文 m/z 320.891 Th（[M+I]-，算得 320.891，Δ 0.4 mDa） | DBE 2.5，半整数 ⇒ 开壳层自由基 | 第 0 步依据：SI Table S1 表头明写 ""m/z (**I- included**)"" + ""Elemental formula""，即列出的是**离子式**（含碘）。中性式 = 离子式 − I（团簇加合）；不含 I 的离子按 [M-H]- 还原（中性 = 离子 + H）。645 行全部用给出的三位小数 m/z 独立验算通过（校验 A） | source: SI Table S1"
C9H6O5,I-,adduct,FIGAERO-I-CIMS (HR-ToF-CIMS),gas/particle,chamber; UT Austin environmental chamber; alpha-pinene + Cl2/UV with NO (alpha-pinene+Cl+NO system),chamber,,"Masoud and Ruiz, 2021, ACS Earth Space Chem.",10.1021/acsearthspacechem.1c00150,"alpha-蒎烯 + Cl + NO 体系拟合峰表第 184 条 | 原文离子式: C9H6IO5-，原文 m/z 320.927 Th（[M+I]-，算得 320.927，Δ 0.5 mDa） | DBE 7，整数 ⇒ 闭壳层 | 第 0 步依据：SI Table S1 表头明写 ""m/z (**I- included**)"" + ""Elemental formula""，即列出的是**离子式**（含碘）。中性式 = 离子式 − I（团簇加合）；不含 I 的离子按 [M-H]- 还原（中性 = 离子 + H）。645 行全部用给出的三位小数 m/z 独立验算通过（校验 A） | source: SI Table S1"
C10H10O4,I-,adduct,FIGAERO-I-CIMS (HR-ToF-CIMS),gas/particle,chamber; UT Austin environmental chamber; alpha-pinene + Cl2/UV with NO (alpha-pinene+Cl+NO system),chamber,,"Masoud and Ruiz, 2021, ACS Earth Space Chem.",10.1021/acsearthspacechem.1c00150,"alpha-蒎烯 + Cl + NO 体系拟合峰表第 185 条 | 原文离子式: C10H10IO4-，原文 m/z 320.963 Th（[M+I]-，算得 320.963，Δ 0.1 mDa） | DBE 6，整数 ⇒ 闭壳层 | 第 0 步依据：SI Table S1 表头明写 ""m/z (**I- included**)"" + ""Elemental formula""，即列出的是**离子式**（含碘）。中性式 = 离子式 − I（团簇加合）；不含 I 的离子按 [M-H]- 还原（中性 = 离子 + H）。645 行全部用给出的三位小数 m/z 独立验算通过（校验 A） | source: SI Table S1"
C5H9NO7,I-,adduct,FIGAERO-I-CIMS (HR-ToF-CIMS),gas/particle,chamber; UT Austin environmental chamber; alpha-pinene + Cl2/UV with NO (alpha-pinene+Cl+NO system),chamber,,"Masoud and Ruiz, 2021, ACS Earth Space Chem.",10.1021/acsearthspacechem.1c00150,"alpha-蒎烯 + Cl + NO 体系拟合峰表第 187 条 | 原文离子式: C5H9NIO7-，原文 m/z 321.943 Th（[M+I]-，算得 321.943，Δ 0.1 mDa） | DBE 1，整数 ⇒ 闭壳层 | 第 0 步依据：SI Table S1 表头明写 ""m/z (**I- included**)"" + ""Elemental formula""，即列出的是**离子式**（含碘）。中性式 = 离子式 − I（团簇加合）；不含 I 的离子按 [M-H]- 还原（中性 = 离子 + H）。645 行全部用给出的三位小数 m/z 独立验算通过（校验 A） | source: SI Table S1"
C10H9ClO2,I-,adduct,FIGAERO-I-CIMS (HR-ToF-CIMS),gas/particle,chamber; UT Austin environmental chamber; alpha-pinene + Cl2/UV with NO (alpha-pinene+Cl+NO system),chamber,,"Masoud and Ruiz, 2021, ACS Earth Space Chem.",10.1021/acsearthspacechem.1c00150,"alpha-蒎烯 + Cl + NO 体系拟合峰表第 188 条 | 原文离子式: C10H9ClIO2-，原文 m/z 322.934 Th（[M+I]-，算得 322.934，Δ 0.1 mDa） | DBE 6，整数 ⇒ 闭壳层 | 第 0 步依据：SI Table S1 表头明写 ""m/z (**I- included**)"" + ""Elemental formula""，即列出的是**离子式**（含碘）。中性式 = 离子式 − I（团簇加合）；不含 I 的离子按 [M-H]- 还原（中性 = 离子 + H）。645 行全部用给出的三位小数 m/z 独立验算通过（校验 A） | source: SI Table S1"
C10H12O4,I-,adduct,FIGAERO-I-CIMS (HR-ToF-CIMS),gas/particle,chamber; UT Austin environmental chamber; alpha-pinene + Cl2/UV with NO (alpha-pinene+Cl+NO system),chamber,,"Masoud and Ruiz, 2021, ACS Earth Space Chem.",10.1021/acsearthspacechem.1c00150,"alpha-蒎烯 + Cl + NO 体系拟合峰表第 189 条 | 原文离子式: C10H12IO4-，原文 m/z 322.979 Th（[M+I]-，算得 322.979，Δ 0.4 mDa） | DBE 5，整数 ⇒ 闭壳层 | 第 0 步依据：SI Table S1 表头明写 ""m/z (**I- included**)"" + ""Elemental formula""，即列出的是**离子式**（含碘）。中性式 = 离子式 − I（团簇加合）；不含 I 的离子按 [M-H]- 还原（中性 = 离子 + H）。645 行全部用给出的三位小数 m/z 独立验算通过（校验 A） | source: SI Table S1"
C5H8ClNO5,I-,adduct,FIGAERO-I-CIMS (HR-ToF-CIMS),gas/particle,chamber; UT Austin environmental chamber; alpha-pinene + Cl2/UV with NO (alpha-pinene+Cl+NO system),chamber,,"Masoud and Ruiz, 2021, ACS Earth Space Chem.",10.1021/acsearthspacechem.1c00150,"alpha-蒎烯 + Cl + NO 体系拟合峰表第 190 条 | 原文离子式: C5H8NClIO5-，原文 m/z 323.914 Th（[M+I]-，算得 323.914，Δ 0.1 mDa） | DBE 1，整数 ⇒ 闭壳层 | 第 0 步依据：SI Table S1 表头明写 ""m/z (**I- included**)"" + ""Elemental formula""，即列出的是**离子式**（含碘）。中性式 = 离子式 − I（团簇加合）；不含 I 的离子按 [M-H]- 还原（中性 = 离子 + H）。645 行全部用给出的三位小数 m/z 独立验算通过（校验 A） | source: SI Table S1"
C5H11NO7,I-,adduct,FIGAERO-I-CIMS (HR-ToF-CIMS),gas/particle,chamber; UT Austin environmental chamber; alpha-pinene + Cl2/UV with NO (alpha-pinene+Cl+NO system),chamber,,"Masoud and Ruiz, 2021, ACS Earth Space Chem.",10.1021/acsearthspacechem.1c00150,"alpha-蒎烯 + Cl + NO 体系拟合峰表第 191 条 | 原文离子式: C5H11NIO7-，原文 m/z 323.959 Th（[M+I]-，算得 323.959，Δ 0.4 mDa） | DBE 0，整数 ⇒ 闭壳层 | 第 0 步依据：SI Table S1 表头明写 ""m/z (**I- included**)"" + ""Elemental formula""，即列出的是**离子式**（含碘）。中性式 = 离子式 − I（团簇加合）；不含 I 的离子按 [M-H]- 还原（中性 = 离子 + H）。645 行全部用给出的三位小数 m/z 独立验算通过（校验 A） | source: SI Table S1"
C10H14O4,I-,adduct,FIGAERO-I-CIMS (HR-ToF-CIMS),gas/particle,chamber; UT Austin environmental chamber; alpha-pinene + Cl2/UV with NO (alpha-pinene+Cl+NO system),chamber,,"Masoud and Ruiz, 2021, ACS Earth Space Chem.",10.1021/acsearthspacechem.1c00150,"alpha-蒎烯 + Cl + NO 体系拟合峰表第 193 条 | 原文离子式: C10H14IO4-，原文 m/z 324.994 Th（[M+I]-，算得 324.994，Δ 0.2 mDa） | DBE 4，整数 ⇒ 闭壳层 | 第 0 步依据：SI Table S1 表头明写 ""m/z (**I- included**)"" + ""Elemental formula""，即列出的是**离子式**（含碘）。中性式 = 离子式 − I（团簇加合）；不含 I 的离子按 [M-H]- 还原（中性 = 离子 + H）。645 行全部用给出的三位小数 m/z 独立验算通过（校验 A） | source: SI Table S1"
C11H16ClO,I-,adduct,FIGAERO-I-CIMS (HR-ToF-CIMS),gas/particle,chamber; UT Austin environmental chamber; alpha-pinene + Cl2/UV with NO (alpha-pinene+Cl+NO system),chamber,,"Masoud and Ruiz, 2021, ACS Earth Space Chem.",10.1021/acsearthspacechem.1c00150,"alpha-蒎烯 + Cl + NO 体系拟合峰表第 194 条 | 原文离子式: C11H16ClIO-，原文 m/z 325.994 Th（[M+I]-，算得 325.994，Δ 0.0 mDa） | DBE 3.5，半整数 ⇒ 开壳层自由基 | 第 0 步依据：SI Table S1 表头明写 ""m/z (**I- included**)"" + ""Elemental formula""，即列出的是**离子式**（含碘）。中性式 = 离子式 − I（团簇加合）；不含 I 的离子按 [M-H]- 还原（中性 = 离子 + H）。645 行全部用给出的三位小数 m/z 独立验算通过（校验 A） | source: SI Table S1"
C10H10Cl2,I-,adduct,FIGAERO-I-CIMS (HR-ToF-CIMS),gas/particle,chamber; UT Austin environmental chamber; alpha-pinene + Cl2/UV with NO (alpha-pinene+Cl+NO system),chamber,,"Masoud and Ruiz, 2021, ACS Earth Space Chem.",10.1021/acsearthspacechem.1c00150,"alpha-蒎烯 + Cl + NO 体系拟合峰表第 195 条 | 原文离子式: C10H10Cl2I-，原文 m/z 326.921 Th（[M+I]-，算得 326.921，Δ 0.0 mDa） | DBE 5，整数 ⇒ 闭壳层 | 第 0 步依据：SI Table S1 表头明写 ""m/z (**I- included**)"" + ""Elemental formula""，即列出的是**离子式**（含碘）。中性式 = 离子式 − I（团簇加合）；不含 I 的离子按 [M-H]- 还原（中性 = 离子 + H）。645 行全部用给出的三位小数 m/z 独立验算通过（校验 A） | source: SI Table S1"
C10H13ClO2,I-,adduct,FIGAERO-I-CIMS (HR-ToF-CIMS),gas/particle,chamber; UT Austin environmental chamber; alpha-pinene + Cl2/UV with NO (alpha-pinene+Cl+NO system),chamber,,"Masoud and Ruiz, 2021, ACS Earth Space Chem.",10.1021/acsearthspacechem.1c00150,"alpha-蒎烯 + Cl + NO 体系拟合峰表第 196 条 | 原文离子式: C10H13ClIO2-，原文 m/z 326.965 Th（[M+I]-，算得 326.965，Δ 0.4 mDa） | DBE 4，整数 ⇒ 闭壳层 | 第 0 步依据：SI Table S1 表头明写 ""m/z (**I- included**)"" + ""Elemental formula""，即列出的是**离子式**（含碘）。中性式 = 离子式 − I（团簇加合）；不含 I 的离子按 [M-H]- 还原（中性 = 离子 + H）。645 行全部用给出的三位小数 m/z 独立验算通过（校验 A） | source: SI Table S1"
C8H12N2O4,I-,adduct,FIGAERO-I-CIMS (HR-ToF-CIMS),gas/particle,chamber; UT Austin environmental chamber; alpha-pinene + Cl2/UV with NO (alpha-pinene+Cl+NO system),chamber,,"Masoud and Ruiz, 2021, ACS Earth Space Chem.",10.1021/acsearthspacechem.1c00150,"alpha-蒎烯 + Cl + NO 体系拟合峰表第 197 条 | 原文离子式: C8H12N2IO4-，原文 m/z 326.985 Th（[M+I]-，算得 326.985，Δ 0.3 mDa） | DBE 2，整数 ⇒ 闭壳层 | 第 0 步依据：SI Table S1 表头明写 ""m/z (**I- included**)"" + ""Elemental formula""，即列出的是**离子式**（含碘）。中性式 = 离子式 − I（团簇加合）；不含 I 的离子按 [M-H]- 还原（中性 = 离子 + H）。645 行全部用给出的三位小数 m/z 独立验算通过（校验 A） | source: SI Table S1"
C10H16O4,I-,adduct,FIGAERO-I-CIMS (HR-ToF-CIMS),gas/particle,chamber; UT Austin environmental chamber; alpha-pinene + Cl2/UV with NO (alpha-pinene+Cl+NO system),chamber,,"Masoud and Ruiz, 2021, ACS Earth Space Chem.",10.1021/acsearthspacechem.1c00150,"alpha-蒎烯 + Cl + NO 体系拟合峰表第 198 条 | 原文离子式: C10H16IO4-，原文 m/z 327.01 Th（[M+I]-，算得 327.010，Δ 0.1 mDa） | DBE 3，整数 ⇒ 闭壳层 | 第 0 步依据：SI Table S1 表头明写 ""m/z (**I- included**)"" + ""Elemental formula""，即列出的是**离子式**（含碘）。中性式 = 离子式 − I（团簇加合）；不含 I 的离子按 [M-H]- 还原（中性 = 离子 + H）。645 行全部用给出的三位小数 m/z 独立验算通过（校验 A） | source: SI Table S1"
C8H11NO5,I-,adduct,FIGAERO-I-CIMS (HR-ToF-CIMS),gas/particle,chamber; UT Austin environmental chamber; alpha-pinene + Cl2/UV with NO (alpha-pinene+Cl+NO system),chamber,,"Masoud and Ruiz, 2021, ACS Earth Space Chem.",10.1021/acsearthspacechem.1c00150,"alpha-蒎烯 + Cl + NO 体系拟合峰表第 199 条 | 原文离子式: C8H11NIO5-，原文 m/z 327.969 Th（[M+I]-，算得 327.969，Δ 0.3 mDa） | DBE 3，整数 ⇒ 闭壳层 | 第 0 步依据：SI Table S1 表头明写 ""m/z (**I- included**)"" + ""Elemental formula""，即列出的是**离子式**（含碘）。中性式 = 离子式 − I（团簇加合）；不含 I 的离子按 [M-H]- 还原（中性 = 离子 + H）。645 行全部用给出的三位小数 m/z 独立验算通过（校验 A） | source: SI Table S1"
C9H11ClO3,I-,adduct,FIGAERO-I-CIMS (HR-ToF-CIMS),gas/particle,chamber; UT Austin environmental chamber; alpha-pinene + Cl2/UV with NO (alpha-pinene+Cl+NO system),chamber,,"Masoud and Ruiz, 2021, ACS Earth Space Chem.",10.1021/acsearthspacechem.1c00150,"alpha-蒎烯 + Cl + NO 体系拟合峰表第 200 条 | 原文离子式: C9H11ClIO3-，原文 m/z 328.945 Th（[M+I]-，算得 328.945，Δ 0.3 mDa） | DBE 4，整数 ⇒ 闭壳层 | 第 0 步依据：SI Table S1 表头明写 ""m/z (**I- included**)"" + ""Elemental formula""，即列出的是**离子式**（含碘）。中性式 = 离子式 − I（团簇加合）；不含 I 的离子按 [M-H]- 还原（中性 = 离子 + H）。645 行全部用给出的三位小数 m/z 独立验算通过（校验 A） | source: SI Table S1"
C10H15ClO2,I-,adduct,FIGAERO-I-CIMS (HR-ToF-CIMS),gas/particle,chamber; UT Austin environmental chamber; alpha-pinene + Cl2/UV with NO (alpha-pinene+Cl+NO system),chamber,,"Masoud and Ruiz, 2021, ACS Earth Space Chem.",10.1021/acsearthspacechem.1c00150,"alpha-蒎烯 + Cl + NO 体系拟合峰表第 201 条 | 原文离子式: C10H15ClIO2-，原文 m/z 328.981 Th（[M+I]-，算得 328.981，Δ 0.1 mDa） | DBE 3，整数 ⇒ 闭壳层 | 第 0 步依据：SI Table S1 表头明写 ""m/z (**I- included**)"" + ""Elemental formula""，即列出的是**离子式**（含碘）。中性式 = 离子式 − I（团簇加合）；不含 I 的离子按 [M-H]- 还原（中性 = 离子 + H）。645 行全部用给出的三位小数 m/z 独立验算通过（校验 A） | source: SI Table S1"
C10H18O4,I-,adduct,FIGAERO-I-CIMS (HR-ToF-CIMS),gas/particle,chamber; UT Austin environmental chamber; alpha-pinene + Cl2/UV with NO (alpha-pinene+Cl+NO system),chamber,,"Masoud and Ruiz, 2021, ACS Earth Space Chem.",10.1021/acsearthspacechem.1c00150,"alpha-蒎烯 + Cl + NO 体系拟合峰表第 202 条 | 原文离子式: C10H18IO4-，原文 m/z 329.026 Th（[M+I]-，算得 329.026，Δ 0.5 mDa） | DBE 2，整数 ⇒ 闭壳层 | 第 0 步依据：SI Table S1 表头明写 ""m/z (**I- included**)"" + ""Elemental formula""，即列出的是**离子式**（含碘）。中性式 = 离子式 − I（团簇加合）；不含 I 的离子按 [M-H]- 还原（中性 = 离子 + H）。645 行全部用给出的三位小数 m/z 独立验算通过（校验 A） | source: SI Table S1"
C9H12ClO3,I-,adduct,FIGAERO-I-CIMS (HR-ToF-CIMS),gas/particle,chamber; UT Austin environmental chamber; alpha-pinene + Cl2/UV with NO (alpha-pinene+Cl+NO system),chamber,,"Masoud and Ruiz, 2021, ACS Earth Space Chem.",10.1021/acsearthspacechem.1c00150,"alpha-蒎烯 + Cl + NO 体系拟合峰表第 203 条 | 原文离子式: C9H12ClIO3-，原文 m/z 329.953 Th（[M+I]-，算得 329.953，Δ 0.5 mDa） | DBE 3.5，半整数 ⇒ 开壳层自由基 | 第 0 步依据：SI Table S1 表头明写 ""m/z (**I- included**)"" + ""Elemental formula""，即列出的是**离子式**（含碘）。中性式 = 离子式 − I（团簇加合）；不含 I 的离子按 [M-H]- 还原（中性 = 离子 + H）。645 行全部用给出的三位小数 m/z 独立验算通过（校验 A） | source: SI Table S1"
C13H15O2,I-,adduct,FIGAERO-I-CIMS (HR-ToF-CIMS),gas/particle,chamber; UT Austin environmental chamber; alpha-pinene + Cl2/UV with NO (alpha-pinene+Cl+NO system),chamber,,"Masoud and Ruiz, 2021, ACS Earth Space Chem.",10.1021/acsearthspacechem.1c00150,"alpha-蒎烯 + Cl + NO 体系拟合峰表第 204 条 | 原文离子式: C13H15IO2-，原文 m/z 330.012 Th（[M+I]-，算得 330.012，Δ 0.2 mDa） | DBE 6.5，半整数 ⇒ 开壳层自由基 | 第 0 步依据：SI Table S1 表头明写 ""m/z (**I- included**)"" + ""Elemental formula""，即列出的是**离子式**（含碘）。中性式 = 离子式 − I（团簇加合）；不含 I 的离子按 [M-H]- 还原（中性 = 离子 + H）。645 行全部用给出的三位小数 m/z 独立验算通过（校验 A） | source: SI Table S1"
C10H14Cl2,I-,adduct,FIGAERO-I-CIMS (HR-ToF-CIMS),gas/particle,chamber; UT Austin environmental chamber; alpha-pinene + Cl2/UV with NO (alpha-pinene+Cl+NO system),chamber,,"Masoud and Ruiz, 2021, ACS Earth Space Chem.",10.1021/acsearthspacechem.1c00150,"alpha-蒎烯 + Cl + NO 体系拟合峰表第 205 条 | 原文离子式: C10H14Cl2I-，原文 m/z 330.952 Th（[M+I]-，算得 330.952，Δ 0.3 mDa） | DBE 3，整数 ⇒ 闭壳层 | 第 0 步依据：SI Table S1 表头明写 ""m/z (**I- included**)"" + ""Elemental formula""，即列出的是**离子式**（含碘）。中性式 = 离子式 − I（团簇加合）；不含 I 的离子按 [M-H]- 还原（中性 = 离子 + H）。645 行全部用给出的三位小数 m/z 独立验算通过（校验 A） | source: SI Table S1"
C8H12O6,I-,adduct,FIGAERO-I-CIMS (HR-ToF-CIMS),gas/particle,chamber; UT Austin environmental chamber; alpha-pinene + Cl2/UV with NO (alpha-pinene+Cl+NO system),chamber,,"Masoud and Ruiz, 2021, ACS Earth Space Chem.",10.1021/acsearthspacechem.1c00150,"alpha-蒎烯 + Cl + NO 体系拟合峰表第 206 条 | 原文离子式: C8H12IO6-，原文 m/z 330.968 Th（[M+I]-，算得 330.968，Δ 0.4 mDa） | DBE 3，整数 ⇒ 闭壳层 | 第 0 步依据：SI Table S1 表头明写 ""m/z (**I- included**)"" + ""Elemental formula""，即列出的是**离子式**（含碘）。中性式 = 离子式 − I（团簇加合）；不含 I 的离子按 [M-H]- 还原（中性 = 离子 + H）。645 行全部用给出的三位小数 m/z 独立验算通过（校验 A） | source: SI Table S1"
C8H10ClO4,I-,adduct,FIGAERO-I-CIMS (HR-ToF-CIMS),gas/particle,chamber; UT Austin environmental chamber; alpha-pinene + Cl2/UV with NO (alpha-pinene+Cl+NO system),chamber,,"Masoud and Ruiz, 2021, ACS Earth Space Chem.",10.1021/acsearthspacechem.1c00150,"alpha-蒎烯 + Cl + NO 体系拟合峰表第 208 条 | 原文离子式: C8H10ClIO4-，原文 m/z 331.932 Th（[M+I]-，算得 331.932，Δ 0.2 mDa） | DBE 3.5，半整数 ⇒ 开壳层自由基 | 第 0 步依据：SI Table S1 表头明写 ""m/z (**I- included**)"" + ""Elemental formula""，即列出的是**离子式**（含碘）。中性式 = 离子式 − I（团簇加合）；不含 I 的离子按 [M-H]- 还原（中性 = 离子 + H）。645 行全部用给出的三位小数 m/z 独立验算通过（校验 A） | source: SI Table S1"
C7H11NO6,I-,adduct,FIGAERO-I-CIMS (HR-ToF-CIMS),gas/particle,chamber; UT Austin environmental chamber; alpha-pinene + Cl2/UV with NO (alpha-pinene+Cl+NO system),chamber,,"Masoud and Ruiz, 2021, ACS Earth Space Chem.",10.1021/acsearthspacechem.1c00150,"alpha-蒎烯 + Cl + NO 体系拟合峰表第 209 条 | 原文离子式: C7H11NIO6-，原文 m/z 331.964 Th（[M+I]-，算得 331.964，Δ 0.3 mDa） | DBE 2，整数 ⇒ 闭壳层 | 第 0 步依据：SI Table S1 表头明写 ""m/z (**I- included**)"" + ""Elemental formula""，即列出的是**离子式**（含碘）。中性式 = 离子式 − I（团簇加合）；不含 I 的离子按 [M-H]- 还原（中性 = 离子 + H）。645 行全部用给出的三位小数 m/z 独立验算通过（校验 A） | source: SI Table S1"
C8H13O6,I-,adduct,FIGAERO-I-CIMS (HR-ToF-CIMS),gas/particle,chamber; UT Austin environmental chamber; alpha-pinene + Cl2/UV with NO (alpha-pinene+Cl+NO system),chamber,,"Masoud and Ruiz, 2021, ACS Earth Space Chem.",10.1021/acsearthspacechem.1c00150,"alpha-蒎烯 + Cl + NO 体系拟合峰表第 210 条 | 原文离子式: C8H13IO6-，原文 m/z 331.976 Th（[M+I]-，算得 331.976，Δ 0.2 mDa） | DBE 2.5，半整数 ⇒ 开壳层自由基 | 第 0 步依据：SI Table S1 表头明写 ""m/z (**I- included**)"" + ""Elemental formula""，即列出的是**离子式**（含碘）。中性式 = 离子式 − I（团簇加合）；不含 I 的离子按 [M-H]- 还原（中性 = 离子 + H）。645 行全部用给出的三位小数 m/z 独立验算通过（校验 A） | source: SI Table S1"
C11H7ClO2,I-,adduct,FIGAERO-I-CIMS (HR-ToF-CIMS),gas/particle,chamber; UT Austin environmental chamber; alpha-pinene + Cl2/UV with NO (alpha-pinene+Cl+NO system),chamber,,"Masoud and Ruiz, 2021, ACS Earth Space Chem.",10.1021/acsearthspacechem.1c00150,"alpha-蒎烯 + Cl + NO 体系拟合峰表第 211 条 | 原文离子式: C11H7ClIO2-，原文 m/z 332.918 Th（[M+I]-，算得 332.918，Δ 0.5 mDa） | DBE 8，整数 ⇒ 闭壳层 | 第 0 步依据：SI Table S1 表头明写 ""m/z (**I- included**)"" + ""Elemental formula""，即列出的是**离子式**（含碘）。中性式 = 离子式 − I（团簇加合）；不含 I 的离子按 [M-H]- 还原（中性 = 离子 + H）。645 行全部用给出的三位小数 m/z 独立验算通过（校验 A） | source: SI Table S1"
C12H11ClO,I-,adduct,FIGAERO-I-CIMS (HR-ToF-CIMS),gas/particle,chamber; UT Austin environmental chamber; alpha-pinene + Cl2/UV with NO (alpha-pinene+Cl+NO system),chamber,,"Masoud and Ruiz, 2021, ACS Earth Space Chem.",10.1021/acsearthspacechem.1c00150,"alpha-蒎烯 + Cl + NO 体系拟合峰表第 212 条 | 原文离子式: C12H11ClIO-，原文 m/z 332.955 Th（[M+I]-，算得 332.955，Δ 0.1 mDa） | DBE 7，整数 ⇒ 闭壳层 | 第 0 步依据：SI Table S1 表头明写 ""m/z (**I- included**)"" + ""Elemental formula""，即列出的是**离子式**（含碘）。中性式 = 离子式 − I（团簇加合）；不含 I 的离子按 [M-H]- 还原（中性 = 离子 + H）。645 行全部用给出的三位小数 m/z 独立验算通过（校验 A） | source: SI Table S1"
C12H14O3,I-,adduct,FIGAERO-I-CIMS (HR-ToF-CIMS),gas/particle,chamber; UT Austin environmental chamber; alpha-pinene + Cl2/UV with NO (alpha-pinene+Cl+NO system),chamber,,"Masoud and Ruiz, 2021, ACS Earth Space Chem.",10.1021/acsearthspacechem.1c00150,"alpha-蒎烯 + Cl + NO 体系拟合峰表第 213 条 | 原文离子式: C12H14IO3-，原文 m/z 332.999 Th（[M+I]-，算得 332.999，Δ 0.3 mDa） | DBE 6，整数 ⇒ 闭壳层 | 第 0 步依据：SI Table S1 表头明写 ""m/z (**I- included**)"" + ""Elemental formula""，即列出的是**离子式**（含碘）。中性式 = 离子式 − I（团簇加合）；不含 I 的离子按 [M-H]- 还原（中性 = 离子 + H）。645 行全部用给出的三位小数 m/z 独立验算通过（校验 A） | source: SI Table S1"
C9H16ClO3,I-,adduct,FIGAERO-I-CIMS (HR-ToF-CIMS),gas/particle,chamber; UT Austin environmental chamber; alpha-pinene + Cl2/UV with NO (alpha-pinene+Cl+NO system),chamber,,"Masoud and Ruiz, 2021, ACS Earth Space Chem.",10.1021/acsearthspacechem.1c00150,"alpha-蒎烯 + Cl + NO 体系拟合峰表第 215 条 | 原文离子式: C9H16ClIO3-，原文 m/z 333.984 Th（[M+I]-，算得 333.984，Δ 0.2 mDa） | DBE 1.5，半整数 ⇒ 开壳层自由基 | 第 0 步依据：SI Table S1 表头明写 ""m/z (**I- included**)"" + ""Elemental formula""，即列出的是**离子式**（含碘）。中性式 = 离子式 − I（团簇加合）；不含 I 的离子按 [M-H]- 还原（中性 = 离子 + H）。645 行全部用给出的三位小数 m/z 独立验算通过（校验 A） | source: SI Table S1"
C8H10Cl2O2,I-,adduct,FIGAERO-I-CIMS (HR-ToF-CIMS),gas/particle,chamber; UT Austin environmental chamber; alpha-pinene + Cl2/UV with NO (alpha-pinene+Cl+NO system),chamber,,"Masoud and Ruiz, 2021, ACS Earth Space Chem.",10.1021/acsearthspacechem.1c00150,"alpha-蒎烯 + Cl + NO 体系拟合峰表第 216 条 | 原文离子式: C8H10Cl2IO2-，原文 m/z 334.911 Th（[M+I]-，算得 334.911，Δ 0.2 mDa） | DBE 3，整数 ⇒ 闭壳层 | 第 0 步依据：SI Table S1 表头明写 ""m/z (**I- included**)"" + ""Elemental formula""，即列出的是**离子式**（含碘）。中性式 = 离子式 − I（团簇加合）；不含 I 的离子按 [M-H]- 还原（中性 = 离子 + H）。645 行全部用给出的三位小数 m/z 独立验算通过（校验 A） | source: SI Table S1"
C10H8O5,I-,adduct,FIGAERO-I-CIMS (HR-ToF-CIMS),gas/particle,chamber; UT Austin environmental chamber; alpha-pinene + Cl2/UV with NO (alpha-pinene+Cl+NO system),chamber,,"Masoud and Ruiz, 2021, ACS Earth Space Chem.",10.1021/acsearthspacechem.1c00150,"alpha-蒎烯 + Cl + NO 体系拟合峰表第 217 条 | 原文离子式: C10H8IO5-，原文 m/z 334.942 Th（[M+I]-，算得 334.942，Δ 0.2 mDa） | DBE 7，整数 ⇒ 闭壳层 | 第 0 步依据：SI Table S1 表头明写 ""m/z (**I- included**)"" + ""Elemental formula""，即列出的是**离子式**（含碘）。中性式 = 离子式 − I（团簇加合）；不含 I 的离子按 [M-H]- 还原（中性 = 离子 + H）。645 行全部用给出的三位小数 m/z 独立验算通过（校验 A） | source: SI Table S1"
C11H12O4,I-,adduct,FIGAERO-I-CIMS (HR-ToF-CIMS),gas/particle,chamber; UT Austin environmental chamber; alpha-pinene + Cl2/UV with NO (alpha-pinene+Cl+NO system),chamber,,"Masoud and Ruiz, 2021, ACS Earth Space Chem.",10.1021/acsearthspacechem.1c00150,"alpha-蒎烯 + Cl + NO 体系拟合峰表第 218 条 | 原文离子式: C11H12IO4-，原文 m/z 334.979 Th（[M+I]-，算得 334.979，Δ 0.4 mDa） | DBE 6，整数 ⇒ 闭壳层 | 第 0 步依据：SI Table S1 表头明写 ""m/z (**I- included**)"" + ""Elemental formula""，即列出的是**离子式**（含碘）。中性式 = 离子式 − I（团簇加合）；不含 I 的离子按 [M-H]- 还原（中性 = 离子 + H）。645 行全部用给出的三位小数 m/z 独立验算通过（校验 A） | source: SI Table S1"
C5H7NO8,I-,adduct,FIGAERO-I-CIMS (HR-ToF-CIMS),gas/particle,chamber; UT Austin environmental chamber; alpha-pinene + Cl2/UV with NO (alpha-pinene+Cl+NO system),chamber,,"Masoud and Ruiz, 2021, ACS Earth Space Chem.",10.1021/acsearthspacechem.1c00150,"alpha-蒎烯 + Cl + NO 体系拟合峰表第 220 条 | 原文离子式: C5H7NIO8-，原文 m/z 335.922 Th（[M+I]-，算得 335.922，Δ 0.2 mDa） | DBE 2，整数 ⇒ 闭壳层 | 第 0 步依据：SI Table S1 表头明写 ""m/z (**I- included**)"" + ""Elemental formula""，即列出的是**离子式**（含碘）。中性式 = 离子式 − I（团簇加合）；不含 I 的离子按 [M-H]- 还原（中性 = 离子 + H）。645 行全部用给出的三位小数 m/z 独立验算通过（校验 A） | source: SI Table S1"
C10H8ClNO2,I-,adduct,FIGAERO-I-CIMS (HR-ToF-CIMS),gas/particle,chamber; UT Austin environmental chamber; alpha-pinene + Cl2/UV with NO (alpha-pinene+Cl+NO system),chamber,,"Masoud and Ruiz, 2021, ACS Earth Space Chem.",10.1021/acsearthspacechem.1c00150,"alpha-蒎烯 + Cl + NO 体系拟合峰表第 221 条 | 原文离子式: C10H8NClIO2-，原文 m/z 335.929 Th（[M+I]-，算得 335.929，Δ 0.4 mDa） | DBE 6，整数 ⇒ 闭壳层 | 第 0 步依据：SI Table S1 表头明写 ""m/z (**I- included**)"" + ""Elemental formula""，即列出的是**离子式**（含碘）。中性式 = 离子式 − I（团簇加合）；不含 I 的离子按 [M-H]- 还原（中性 = 离子 + H）。645 行全部用给出的三位小数 m/z 独立验算通过（校验 A） | source: SI Table S1"
C7H11ClO5,I-,adduct,FIGAERO-I-CIMS (HR-ToF-CIMS),gas/particle,chamber; UT Austin environmental chamber; alpha-pinene + Cl2/UV with NO (alpha-pinene+Cl+NO system),chamber,,"Masoud and Ruiz, 2021, ACS Earth Space Chem.",10.1021/acsearthspacechem.1c00150,"alpha-蒎烯 + Cl + NO 体系拟合峰表第 222 条 | 原文离子式: C7H11ClIO5-，原文 m/z 336.935 Th（[M+I]-，算得 336.935，Δ 0.5 mDa） | DBE 2，整数 ⇒ 闭壳层 | 第 0 步依据：SI Table S1 表头明写 ""m/z (**I- included**)"" + ""Elemental formula""，即列出的是**离子式**（含碘）。中性式 = 离子式 − I（团簇加合）；不含 I 的离子按 [M-H]- 还原（中性 = 离子 + H）。645 行全部用给出的三位小数 m/z 独立验算通过（校验 A） | source: SI Table S1"
C10H10O5,I-,adduct,FIGAERO-I-CIMS (HR-ToF-CIMS),gas/particle,chamber; UT Austin environmental chamber; alpha-pinene + Cl2/UV with NO (alpha-pinene+Cl+NO system),chamber,,"Masoud and Ruiz, 2021, ACS Earth Space Chem.",10.1021/acsearthspacechem.1c00150,"alpha-蒎烯 + Cl + NO 体系拟合峰表第 223 条 | 原文离子式: C10H10IO5-，原文 m/z 336.958 Th（[M+I]-，算得 336.958，Δ 0.2 mDa） | DBE 6，整数 ⇒ 闭壳层 | 第 0 步依据：SI Table S1 表头明写 ""m/z (**I- included**)"" + ""Elemental formula""，即列出的是**离子式**（含碘）。中性式 = 离子式 − I（团簇加合）；不含 I 的离子按 [M-H]- 还原（中性 = 离子 + H）。645 行全部用给出的三位小数 m/z 独立验算通过（校验 A） | source: SI Table S1"
C11H14O4,I-,adduct,FIGAERO-I-CIMS (HR-ToF-CIMS),gas/particle,chamber; UT Austin environmental chamber; alpha-pinene + Cl2/UV with NO (alpha-pinene+Cl+NO system),chamber,,"Masoud and Ruiz, 2021, ACS Earth Space Chem.",10.1021/acsearthspacechem.1c00150,"alpha-蒎烯 + Cl + NO 体系拟合峰表第 224 条 | 原文离子式: C11H14IO4-，原文 m/z 336.994 Th（[M+I]-，算得 336.994，Δ 0.2 mDa） | DBE 5，整数 ⇒ 闭壳层 | 第 0 步依据：SI Table S1 表头明写 ""m/z (**I- included**)"" + ""Elemental formula""，即列出的是**离子式**（含碘）。中性式 = 离子式 − I（团簇加合）；不含 I 的离子按 [M-H]- 还原（中性 = 离子 + H）。645 行全部用给出的三位小数 m/z 独立验算通过（校验 A） | source: SI Table S1"
C14H20Cl2O5,I-,deprot,FIGAERO-I-CIMS (HR-ToF-CIMS),gas/particle,chamber; UT Austin environmental chamber; alpha-pinene + Cl2/UV with NO (alpha-pinene+Cl+NO system),chamber,,"Masoud and Ruiz, 2021, ACS Earth Space Chem.",10.1021/acsearthspacechem.1c00150,"alpha-蒎烯 + Cl + NO 体系拟合峰表第 225 条 | 原文离子式: C14H19Cl2O5-，原文 m/z 337.062 Th（[M-H]-，算得 337.062，Δ 0.5 mDa） | DBE 4，整数 ⇒ 闭壳层 | 第 0 步依据：SI Table S1 表头明写 ""m/z (**I- included**)"" + ""Elemental formula""，即列出的是**离子式**（含碘）。中性式 = 离子式 − I（团簇加合）；不含 I 的离子按 [M-H]- 还原（中性 = 离子 + H）。645 行全部用给出的三位小数 m/z 独立验算通过（校验 A） | source: SI Table S1"
C8H5NO6,I-,adduct,FIGAERO-I-CIMS (HR-ToF-CIMS),gas/particle,chamber; UT Austin environmental chamber; alpha-pinene + Cl2/UV with NO (alpha-pinene+Cl+NO system),chamber,,"Masoud and Ruiz, 2021, ACS Earth Space Chem.",10.1021/acsearthspacechem.1c00150,"alpha-蒎烯 + Cl + NO 体系拟合峰表第 226 条 | 原文离子式: C8H5NIO6-，原文 m/z 337.917 Th（[M+I]-，算得 337.917，Δ 0.3 mDa） | DBE 6，整数 ⇒ 闭壳层 | 第 0 步依据：SI Table S1 表头明写 ""m/z (**I- included**)"" + ""Elemental formula""，即列出的是**离子式**（含碘）。中性式 = 离子式 − I（团簇加合）；不含 I 的离子按 [M-H]- 还原（中性 = 离子 + H）。645 行全部用给出的三位小数 m/z 独立验算通过（校验 A） | source: SI Table S1"
C10H11O5,I-,adduct,FIGAERO-I-CIMS (HR-ToF-CIMS),gas/particle,chamber; UT Austin environmental chamber; alpha-pinene + Cl2/UV with NO (alpha-pinene+Cl+NO system),chamber,,"Masoud and Ruiz, 2021, ACS Earth Space Chem.",10.1021/acsearthspacechem.1c00150,"alpha-蒎烯 + Cl + NO 体系拟合峰表第 227 条 | 原文离子式: C10H11IO5-，原文 m/z 337.966 Th（[M+I]-，算得 337.966，Δ 0.3 mDa） | DBE 5.5，半整数 ⇒ 开壳层自由基 | 第 0 步依据：SI Table S1 表头明写 ""m/z (**I- included**)"" + ""Elemental formula""，即列出的是**离子式**（含碘）。中性式 = 离子式 − I（团簇加合）；不含 I 的离子按 [M-H]- 还原（中性 = 离子 + H）。645 行全部用给出的三位小数 m/z 独立验算通过（校验 A） | source: SI Table S1"
C8H14Cl2O2,I-,adduct,FIGAERO-I-CIMS (HR-ToF-CIMS),gas/particle,chamber; UT Austin environmental chamber; alpha-pinene + Cl2/UV with NO (alpha-pinene+Cl+NO system),chamber,,"Masoud and Ruiz, 2021, ACS Earth Space Chem.",10.1021/acsearthspacechem.1c00150,"alpha-蒎烯 + Cl + NO 体系拟合峰表第 228 条 | 原文离子式: C8H14Cl2IO2-，原文 m/z 338.942 Th（[M+I]-，算得 338.942，Δ 0.1 mDa） | DBE 1，整数 ⇒ 闭壳层 | 第 0 步依据：SI Table S1 表头明写 ""m/z (**I- included**)"" + ""Elemental formula""，即列出的是**离子式**（含碘）。中性式 = 离子式 − I（团簇加合）；不含 I 的离子按 [M-H]- 还原（中性 = 离子 + H）。645 行全部用给出的三位小数 m/z 独立验算通过（校验 A） | source: SI Table S1"
C10H12O5,I-,adduct,FIGAERO-I-CIMS (HR-ToF-CIMS),gas/particle,chamber; UT Austin environmental chamber; alpha-pinene + Cl2/UV with NO (alpha-pinene+Cl+NO system),chamber,,"Masoud and Ruiz, 2021, ACS Earth Space Chem.",10.1021/acsearthspacechem.1c00150,"alpha-蒎烯 + Cl + NO 体系拟合峰表第 229 条 | 原文离子式: C10H12IO5-，原文 m/z 338.973 Th（[M+I]-，算得 338.973，Δ 0.5 mDa） | DBE 5，整数 ⇒ 闭壳层 | 第 0 步依据：SI Table S1 表头明写 ""m/z (**I- included**)"" + ""Elemental formula""，即列出的是**离子式**（含碘）。中性式 = 离子式 − I（团簇加合）；不含 I 的离子按 [M-H]- 还原（中性 = 离子 + H）。645 行全部用给出的三位小数 m/z 独立验算通过（校验 A） | source: SI Table S1"
C11H16O4,I-,adduct,FIGAERO-I-CIMS (HR-ToF-CIMS),gas/particle,chamber; UT Austin environmental chamber; alpha-pinene + Cl2/UV with NO (alpha-pinene+Cl+NO system),chamber,,"Masoud and Ruiz, 2021, ACS Earth Space Chem.",10.1021/acsearthspacechem.1c00150,"alpha-蒎烯 + Cl + NO 体系拟合峰表第 230 条 | 原文离子式: C11H16IO4-，原文 m/z 339.01 Th（[M+I]-，算得 339.010，Δ 0.1 mDa） | DBE 4，整数 ⇒ 闭壳层 | 第 0 步依据：SI Table S1 表头明写 ""m/z (**I- included**)"" + ""Elemental formula""，即列出的是**离子式**（含碘）。中性式 = 离子式 − I（团簇加合）；不含 I 的离子按 [M-H]- 还原（中性 = 离子 + H）。645 行全部用给出的三位小数 m/z 独立验算通过（校验 A） | source: SI Table S1"
C4H7NO9,I-,adduct,FIGAERO-I-CIMS (HR-ToF-CIMS),gas/particle,chamber; UT Austin environmental chamber; alpha-pinene + Cl2/UV with NO (alpha-pinene+Cl+NO system),chamber,,"Masoud and Ruiz, 2021, ACS Earth Space Chem.",10.1021/acsearthspacechem.1c00150,"alpha-蒎烯 + Cl + NO 体系拟合峰表第 231 条 | 原文离子式: C4H7NIO9-，原文 m/z 339.917 Th（[M+I]-，算得 339.917，Δ 0.1 mDa） | DBE 1，整数 ⇒ 闭壳层 | 第 0 步依据：SI Table S1 表头明写 ""m/z (**I- included**)"" + ""Elemental formula""，即列出的是**离子式**（含碘）。中性式 = 离子式 − I（团簇加合）；不含 I 的离子按 [M-H]- 还原（中性 = 离子 + H）。645 行全部用给出的三位小数 m/z 独立验算通过（校验 A） | source: SI Table S1"
C11H14ClO2,I-,adduct,FIGAERO-I-CIMS (HR-ToF-CIMS),gas/particle,chamber; UT Austin environmental chamber; alpha-pinene + Cl2/UV with NO (alpha-pinene+Cl+NO system),chamber,,"Masoud and Ruiz, 2021, ACS Earth Space Chem.",10.1021/acsearthspacechem.1c00150,"alpha-蒎烯 + Cl + NO 体系拟合峰表第 232 条 | 原文离子式: C11H14ClIO2-，原文 m/z 339.973 Th（[M+I]-，算得 339.973，Δ 0.3 mDa） | DBE 4.5，半整数 ⇒ 开壳层自由基 | 第 0 步依据：SI Table S1 表头明写 ""m/z (**I- included**)"" + ""Elemental formula""，即列出的是**离子式**（含碘）。中性式 = 离子式 − I（团簇加合）；不含 I 的离子按 [M-H]- 还原（中性 = 离子 + H）。645 行全部用给出的三位小数 m/z 独立验算通过（校验 A） | source: SI Table S1"
C10H15NO4,I-,adduct,FIGAERO-I-CIMS (HR-ToF-CIMS),gas/particle,chamber; UT Austin environmental chamber; alpha-pinene + Cl2/UV with NO (alpha-pinene+Cl+NO system),chamber,,"Masoud and Ruiz, 2021, ACS Earth Space Chem.",10.1021/acsearthspacechem.1c00150,"alpha-蒎烯 + Cl + NO 体系拟合峰表第 233 条 | 原文离子式: C10H15NIO4-，原文 m/z 340.005 Th（[M+I]-，算得 340.005，Δ 0.1 mDa） | DBE 3，整数 ⇒ 闭壳层 | 第 0 步依据：SI Table S1 表头明写 ""m/z (**I- included**)"" + ""Elemental formula""，即列出的是**离子式**（含碘）。中性式 = 离子式 − I（团簇加合）；不含 I 的离子按 [M-H]- 还原（中性 = 离子 + H）。645 行全部用给出的三位小数 m/z 独立验算通过（校验 A） | source: SI Table S1"
C9H10O6,I-,adduct,FIGAERO-I-CIMS (HR-ToF-CIMS),gas/particle,chamber; UT Austin environmental chamber; alpha-pinene + Cl2/UV with NO (alpha-pinene+Cl+NO system),chamber,,"Masoud and Ruiz, 2021, ACS Earth Space Chem.",10.1021/acsearthspacechem.1c00150,"alpha-蒎烯 + Cl + NO 体系拟合峰表第 234 条 | 原文离子式: C9H10IO6-，原文 m/z 340.953 Th（[M+I]-，算得 340.953，Δ 0.2 mDa） | DBE 5，整数 ⇒ 闭壳层 | 第 0 步依据：SI Table S1 表头明写 ""m/z (**I- included**)"" + ""Elemental formula""，即列出的是**离子式**（含碘）。中性式 = 离子式 − I（团簇加合）；不含 I 的离子按 [M-H]- 还原（中性 = 离子 + H）。645 行全部用给出的三位小数 m/z 独立验算通过（校验 A） | source: SI Table S1"
C10H14O5,I-,adduct,FIGAERO-I-CIMS (HR-ToF-CIMS),gas/particle,chamber; UT Austin environmental chamber; alpha-pinene + Cl2/UV with NO (alpha-pinene+Cl+NO system),chamber,,"Masoud and Ruiz, 2021, ACS Earth Space Chem.",10.1021/acsearthspacechem.1c00150,"alpha-蒎烯 + Cl + NO 体系拟合峰表第 235 条 | 原文离子式: C10H14IO5-，原文 m/z 340.989 Th（[M+I]-，算得 340.989，Δ 0.1 mDa） | DBE 4，整数 ⇒ 闭壳层 | 第 0 步依据：SI Table S1 表头明写 ""m/z (**I- included**)"" + ""Elemental formula""，即列出的是**离子式**（含碘）。中性式 = 离子式 − I（团簇加合）；不含 I 的离子按 [M-H]- 还原（中性 = 离子 + H）。645 行全部用给出的三位小数 m/z 独立验算通过（校验 A） | source: SI Table S1"
C15H18O9,I-,deprot,FIGAERO-I-CIMS (HR-ToF-CIMS),gas/particle,chamber; UT Austin environmental chamber; alpha-pinene + Cl2/UV with NO (alpha-pinene+Cl+NO system),chamber,,"Masoud and Ruiz, 2021, ACS Earth Space Chem.",10.1021/acsearthspacechem.1c00150,"alpha-蒎烯 + Cl + NO 体系拟合峰表第 236 条 | 原文离子式: C15H17O9-，原文 m/z 341.088 Th（[M-H]-，算得 341.088，Δ 0.2 mDa） | DBE 7，整数 ⇒ 闭壳层 | 第 0 步依据：SI Table S1 表头明写 ""m/z (**I- included**)"" + ""Elemental formula""，即列出的是**离子式**（含碘）。中性式 = 离子式 − I（团簇加合）；不含 I 的离子按 [M-H]- 还原（中性 = 离子 + H）。645 行全部用给出的三位小数 m/z 独立验算通过（校验 A） | source: SI Table S1"
C9H8ClO4,I-,adduct,FIGAERO-I-CIMS (HR-ToF-CIMS),gas/particle,chamber; UT Austin environmental chamber; alpha-pinene + Cl2/UV with NO (alpha-pinene+Cl+NO system),chamber,,"Masoud and Ruiz, 2021, ACS Earth Space Chem.",10.1021/acsearthspacechem.1c00150,"alpha-蒎烯 + Cl + NO 体系拟合峰表第 237 条 | 原文离子式: C9H8ClIO4-，原文 m/z 341.916 Th（[M+I]-，算得 341.916，Δ 0.1 mDa） | DBE 5.5，半整数 ⇒ 开壳层自由基 | 第 0 步依据：SI Table S1 表头明写 ""m/z (**I- included**)"" + ""Elemental formula""，即列出的是**离子式**（含碘）。中性式 = 离子式 − I（团簇加合）；不含 I 的离子按 [M-H]- 还原（中性 = 离子 + H）。645 行全部用给出的三位小数 m/z 独立验算通过（校验 A） | source: SI Table S1"
C9H13NO5,I-,adduct,FIGAERO-I-CIMS (HR-ToF-CIMS),gas/particle,chamber; UT Austin environmental chamber; alpha-pinene + Cl2/UV with NO (alpha-pinene+Cl+NO system),chamber,,"Masoud and Ruiz, 2021, ACS Earth Space Chem.",10.1021/acsearthspacechem.1c00150,"alpha-蒎烯 + Cl + NO 体系拟合峰表第 238 条 | 原文离子式: C9H13NIO5-，原文 m/z 341.984 Th（[M+I]-，算得 341.984，Δ 0.4 mDa） | DBE 3，整数 ⇒ 闭壳层 | 第 0 步依据：SI Table S1 表头明写 ""m/z (**I- included**)"" + ""Elemental formula""，即列出的是**离子式**（含碘）。中性式 = 离子式 − I（团簇加合）；不含 I 的离子按 [M-H]- 还原（中性 = 离子 + H）。645 行全部用给出的三位小数 m/z 独立验算通过（校验 A） | source: SI Table S1"
C10H17NO4,I-,adduct,FIGAERO-I-CIMS (HR-ToF-CIMS),gas/particle,chamber; UT Austin environmental chamber; alpha-pinene + Cl2/UV with NO (alpha-pinene+Cl+NO system),chamber,,"Masoud and Ruiz, 2021, ACS Earth Space Chem.",10.1021/acsearthspacechem.1c00150,"alpha-蒎烯 + Cl + NO 体系拟合峰表第 239 条 | 原文离子式: C10H17NIO4-，原文 m/z 342.021 Th（[M+I]-，算得 342.021，Δ 0.2 mDa） | DBE 2，整数 ⇒ 闭壳层 | 第 0 步依据：SI Table S1 表头明写 ""m/z (**I- included**)"" + ""Elemental formula""，即列出的是**离子式**（含碘）。中性式 = 离子式 − I（团簇加合）；不含 I 的离子按 [M-H]- 还原（中性 = 离子 + H）。645 行全部用给出的三位小数 m/z 独立验算通过（校验 A） | source: SI Table S1"
C9H6Cl2O10,I-,deprot,FIGAERO-I-CIMS (HR-ToF-CIMS),gas/particle,chamber; UT Austin environmental chamber; alpha-pinene + Cl2/UV with NO (alpha-pinene+Cl+NO system),chamber,,"Masoud and Ruiz, 2021, ACS Earth Space Chem.",10.1021/acsearthspacechem.1c00150,"alpha-蒎烯 + Cl + NO 体系拟合峰表第 240 条 | 原文离子式: C9H5Cl2O10-，原文 m/z 342.927 Th（[M-H]-，算得 342.927，Δ 0.5 mDa） | DBE 6，整数 ⇒ 闭壳层 | 第 0 步依据：SI Table S1 表头明写 ""m/z (**I- included**)"" + ""Elemental formula""，即列出的是**离子式**（含碘）。中性式 = 离子式 − I（团簇加合）；不含 I 的离子按 [M-H]- 还原（中性 = 离子 + H）。645 行全部用给出的三位小数 m/z 独立验算通过（校验 A） | source: SI Table S1"
C8H12N2O5,I-,adduct,FIGAERO-I-CIMS (HR-ToF-CIMS),gas/particle,chamber; UT Austin environmental chamber; alpha-pinene + Cl2/UV with NO (alpha-pinene+Cl+NO system),chamber,,"Masoud and Ruiz, 2021, ACS Earth Space Chem.",10.1021/acsearthspacechem.1c00150,"alpha-蒎烯 + Cl + NO 体系拟合峰表第 241 条 | 原文离子式: C8H12N2IO5-，原文 m/z 342.98 Th（[M+I]-，算得 342.980，Δ 0.4 mDa） | DBE 2，整数 ⇒ 闭壳层 | 第 0 步依据：SI Table S1 表头明写 ""m/z (**I- included**)"" + ""Elemental formula""，即列出的是**离子式**（含碘）。中性式 = 离子式 − I（团簇加合）；不含 I 的离子按 [M-H]- 还原（中性 = 离子 + H）。645 行全部用给出的三位小数 m/z 独立验算通过（校验 A） | source: SI Table S1"
C10H16O5,I-,adduct,FIGAERO-I-CIMS (HR-ToF-CIMS),gas/particle,chamber; UT Austin environmental chamber; alpha-pinene + Cl2/UV with NO (alpha-pinene+Cl+NO system),chamber,,"Masoud and Ruiz, 2021, ACS Earth Space Chem.",10.1021/acsearthspacechem.1c00150,"alpha-蒎烯 + Cl + NO 体系拟合峰表第 242 条 | 原文离子式: C10H16IO5-，原文 m/z 343.005 Th（[M+I]-，算得 343.005，Δ 0.2 mDa） | DBE 3，整数 ⇒ 闭壳层 | 第 0 步依据：SI Table S1 表头明写 ""m/z (**I- included**)"" + ""Elemental formula""，即列出的是**离子式**（含碘）。中性式 = 离子式 − I（团簇加合）；不含 I 的离子按 [M-H]- 还原（中性 = 离子 + H）。645 行全部用给出的三位小数 m/z 独立验算通过（校验 A） | source: SI Table S1"
C8H11NO6,I-,adduct,FIGAERO-I-CIMS (HR-ToF-CIMS),gas/particle,chamber; UT Austin environmental chamber; alpha-pinene + Cl2/UV with NO (alpha-pinene+Cl+NO system),chamber,,"Masoud and Ruiz, 2021, ACS Earth Space Chem.",10.1021/acsearthspacechem.1c00150,"alpha-蒎烯 + Cl + NO 体系拟合峰表第 243 条 | 原文离子式: C8H11NIO6-，原文 m/z 343.964 Th（[M+I]-，算得 343.964，Δ 0.3 mDa） | DBE 3，整数 ⇒ 闭壳层 | 第 0 步依据：SI Table S1 表头明写 ""m/z (**I- included**)"" + ""Elemental formula""，即列出的是**离子式**（含碘）。中性式 = 离子式 − I（团簇加合）；不含 I 的离子按 [M-H]- 还原（中性 = 离子 + H）。645 行全部用给出的三位小数 m/z 独立验算通过（校验 A） | source: SI Table S1"
C13H13O3,I-,adduct,FIGAERO-I-CIMS (HR-ToF-CIMS),gas/particle,chamber; UT Austin environmental chamber; alpha-pinene + Cl2/UV with NO (alpha-pinene+Cl+NO system),chamber,,"Masoud and Ruiz, 2021, ACS Earth Space Chem.",10.1021/acsearthspacechem.1c00150,"alpha-蒎烯 + Cl + NO 体系拟合峰表第 244 条 | 原文离子式: C13H13IO3-，原文 m/z 343.991 Th（[M+I]-，算得 343.991，Δ 0.5 mDa） | DBE 7.5，半整数 ⇒ 开壳层自由基 | 第 0 步依据：SI Table S1 表头明写 ""m/z (**I- included**)"" + ""Elemental formula""，即列出的是**离子式**（含碘）。中性式 = 离子式 − I（团簇加合）；不含 I 的离子按 [M-H]- 还原（中性 = 离子 + H）。645 行全部用给出的三位小数 m/z 独立验算通过（校验 A） | source: SI Table S1"
C10H19NO4,I-,adduct,FIGAERO-I-CIMS (HR-ToF-CIMS),gas/particle,chamber; UT Austin environmental chamber; alpha-pinene + Cl2/UV with NO (alpha-pinene+Cl+NO system),chamber,,"Masoud and Ruiz, 2021, ACS Earth Space Chem.",10.1021/acsearthspacechem.1c00150,"alpha-蒎烯 + Cl + NO 体系拟合峰表第 245 条 | 原文离子式: C10H19NIO4-，原文 m/z 344.036 Th（[M+I]-，算得 344.036，Δ 0.4 mDa） | DBE 1，整数 ⇒ 闭壳层 | 第 0 步依据：SI Table S1 表头明写 ""m/z (**I- included**)"" + ""Elemental formula""，即列出的是**离子式**（含碘）。中性式 = 离子式 − I（团簇加合）；不含 I 的离子按 [M-H]- 还原（中性 = 离子 + H）。645 行全部用给出的三位小数 m/z 独立验算通过（校验 A） | source: SI Table S1"
C10H15ClO3,I-,adduct,FIGAERO-I-CIMS (HR-ToF-CIMS),gas/particle,chamber; UT Austin environmental chamber; alpha-pinene + Cl2/UV with NO (alpha-pinene+Cl+NO system),chamber,,"Masoud and Ruiz, 2021, ACS Earth Space Chem.",10.1021/acsearthspacechem.1c00150,"alpha-蒎烯 + Cl + NO 体系拟合峰表第 246 条 | 原文离子式: C10H15ClIO3-，原文 m/z 344.976 Th（[M+I]-，算得 344.976，Δ 0.0 mDa） | DBE 3，整数 ⇒ 闭壳层 | 第 0 步依据：SI Table S1 表头明写 ""m/z (**I- included**)"" + ""Elemental formula""，即列出的是**离子式**（含碘）。中性式 = 离子式 − I（团簇加合）；不含 I 的离子按 [M-H]- 还原（中性 = 离子 + H）。645 行全部用给出的三位小数 m/z 独立验算通过（校验 A） | source: SI Table S1"
C10H18O5,I-,adduct,FIGAERO-I-CIMS (HR-ToF-CIMS),gas/particle,chamber; UT Austin environmental chamber; alpha-pinene + Cl2/UV with NO (alpha-pinene+Cl+NO system),chamber,,"Masoud and Ruiz, 2021, ACS Earth Space Chem.",10.1021/acsearthspacechem.1c00150,"alpha-蒎烯 + Cl + NO 体系拟合峰表第 247 条 | 原文离子式: C10H18IO5-，原文 m/z 345.02 Th（[M+I]-，算得 345.020，Δ 0.4 mDa） | DBE 2，整数 ⇒ 闭壳层 | 第 0 步依据：SI Table S1 表头明写 ""m/z (**I- included**)"" + ""Elemental formula""，即列出的是**离子式**（含碘）。中性式 = 离子式 − I（团簇加合）；不含 I 的离子按 [M-H]- 还原（中性 = 离子 + H）。645 行全部用给出的三位小数 m/z 独立验算通过（校验 A） | source: SI Table S1"
C7H9NO7,I-,adduct,FIGAERO-I-CIMS (HR-ToF-CIMS),gas/particle,chamber; UT Austin environmental chamber; alpha-pinene + Cl2/UV with NO (alpha-pinene+Cl+NO system),chamber,,"Masoud and Ruiz, 2021, ACS Earth Space Chem.",10.1021/acsearthspacechem.1c00150,"alpha-蒎烯 + Cl + NO 体系拟合峰表第 248 条 | 原文离子式: C7H9NIO7-，原文 m/z 345.943 Th（[M+I]-，算得 345.943，Δ 0.1 mDa） | DBE 3，整数 ⇒ 闭壳层 | 第 0 步依据：SI Table S1 表头明写 ""m/z (**I- included**)"" + ""Elemental formula""，即列出的是**离子式**（含碘）。中性式 = 离子式 − I（团簇加合）；不含 I 的离子按 [M-H]- 还原（中性 = 离子 + H）。645 行全部用给出的三位小数 m/z 独立验算通过（校验 A） | source: SI Table S1"
C8H13NO6,I-,adduct,FIGAERO-I-CIMS (HR-ToF-CIMS),gas/particle,chamber; UT Austin environmental chamber; alpha-pinene + Cl2/UV with NO (alpha-pinene+Cl+NO system),chamber,,"Masoud and Ruiz, 2021, ACS Earth Space Chem.",10.1021/acsearthspacechem.1c00150,"alpha-蒎烯 + Cl + NO 体系拟合峰表第 249 条 | 原文离子式: C8H13NIO6-，原文 m/z 345.979 Th（[M+I]-，算得 345.979，Δ 0.3 mDa） | DBE 2，整数 ⇒ 闭壳层 | 第 0 步依据：SI Table S1 表头明写 ""m/z (**I- included**)"" + ""Elemental formula""，即列出的是**离子式**（含碘）。中性式 = 离子式 − I（团簇加合）；不含 I 的离子按 [M-H]- 还原（中性 = 离子 + H）。645 行全部用给出的三位小数 m/z 独立验算通过（校验 A） | source: SI Table S1"
C8H9ClO5,I-,adduct,FIGAERO-I-CIMS (HR-ToF-CIMS),gas/particle,chamber; UT Austin environmental chamber; alpha-pinene + Cl2/UV with NO (alpha-pinene+Cl+NO system),chamber,,"Masoud and Ruiz, 2021, ACS Earth Space Chem.",10.1021/acsearthspacechem.1c00150,"alpha-蒎烯 + Cl + NO 体系拟合峰表第 250 条 | 原文离子式: C8H9ClIO5-，原文 m/z 346.919 Th（[M+I]-，算得 346.919，Δ 0.1 mDa） | DBE 4，整数 ⇒ 闭壳层 | 第 0 步依据：SI Table S1 表头明写 ""m/z (**I- included**)"" + ""Elemental formula""，即列出的是**离子式**（含碘）。中性式 = 离子式 − I（团簇加合）；不含 I 的离子按 [M-H]- 还原（中性 = 离子 + H）。645 行全部用给出的三位小数 m/z 独立验算通过（校验 A） | source: SI Table S1"
C8H12O7,I-,adduct,FIGAERO-I-CIMS (HR-ToF-CIMS),gas/particle,chamber; UT Austin environmental chamber; alpha-pinene + Cl2/UV with NO (alpha-pinene+Cl+NO system),chamber,,"Masoud and Ruiz, 2021, ACS Earth Space Chem.",10.1021/acsearthspacechem.1c00150,"alpha-蒎烯 + Cl + NO 体系拟合峰表第 251 条 | 原文离子式: C8H12IO7-，原文 m/z 346.963 Th（[M+I]-，算得 346.963，Δ 0.3 mDa） | DBE 3，整数 ⇒ 闭壳层 | 第 0 步依据：SI Table S1 表头明写 ""m/z (**I- included**)"" + ""Elemental formula""，即列出的是**离子式**（含碘）。中性式 = 离子式 − I（团簇加合）；不含 I 的离子按 [M-H]- 还原（中性 = 离子 + H）。645 行全部用给出的三位小数 m/z 独立验算通过（校验 A） | source: SI Table S1"
C8H10ClO5,I-,adduct,FIGAERO-I-CIMS (HR-ToF-CIMS),gas/particle,chamber; UT Austin environmental chamber; alpha-pinene + Cl2/UV with NO (alpha-pinene+Cl+NO system),chamber,,"Masoud and Ruiz, 2021, ACS Earth Space Chem.",10.1021/acsearthspacechem.1c00150,"alpha-蒎烯 + Cl + NO 体系拟合峰表第 252 条 | 原文离子式: C8H10ClIO5-，原文 m/z 347.927 Th（[M+I]-，算得 347.927，Δ 0.3 mDa） | DBE 3.5，半整数 ⇒ 开壳层自由基 | 第 0 步依据：SI Table S1 表头明写 ""m/z (**I- included**)"" + ""Elemental formula""，即列出的是**离子式**（含碘）。中性式 = 离子式 − I（团簇加合）；不含 I 的离子按 [M-H]- 还原（中性 = 离子 + H）。645 行全部用给出的三位小数 m/z 独立验算通过（校验 A） | source: SI Table S1"
C7H11NO7,I-,adduct,FIGAERO-I-CIMS (HR-ToF-CIMS),gas/particle,chamber; UT Austin environmental chamber; alpha-pinene + Cl2/UV with NO (alpha-pinene+Cl+NO system),chamber,,"Masoud and Ruiz, 2021, ACS Earth Space Chem.",10.1021/acsearthspacechem.1c00150,"alpha-蒎烯 + Cl + NO 体系拟合峰表第 253 条 | 原文离子式: C7H11NIO7-，原文 m/z 347.959 Th（[M+I]-，算得 347.959，Δ 0.4 mDa） | DBE 2，整数 ⇒ 闭壳层 | 第 0 步依据：SI Table S1 表头明写 ""m/z (**I- included**)"" + ""Elemental formula""，即列出的是**离子式**（含碘）。中性式 = 离子式 − I（团簇加合）；不含 I 的离子按 [M-H]- 还原（中性 = 离子 + H）。645 行全部用给出的三位小数 m/z 独立验算通过（校验 A） | source: SI Table S1"
C8H15NO6,I-,adduct,FIGAERO-I-CIMS (HR-ToF-CIMS),gas/particle,chamber; UT Austin environmental chamber; alpha-pinene + Cl2/UV with NO (alpha-pinene+Cl+NO system),chamber,,"Masoud and Ruiz, 2021, ACS Earth Space Chem.",10.1021/acsearthspacechem.1c00150,"alpha-蒎烯 + Cl + NO 体系拟合峰表第 254 条 | 原文离子式: C8H15NIO6-，原文 m/z 347.995 Th（[M+I]-，算得 347.995，Δ 0.0 mDa） | DBE 1，整数 ⇒ 闭壳层 | 第 0 步依据：SI Table S1 表头明写 ""m/z (**I- included**)"" + ""Elemental formula""，即列出的是**离子式**（含碘）。中性式 = 离子式 − I（团簇加合）；不含 I 的离子按 [M-H]- 还原（中性 = 离子 + H）。645 行全部用给出的三位小数 m/z 独立验算通过（校验 A） | source: SI Table S1"
C8H8Cl2O3,I-,adduct,FIGAERO-I-CIMS (HR-ToF-CIMS),gas/particle,chamber; UT Austin environmental chamber; alpha-pinene + Cl2/UV with NO (alpha-pinene+Cl+NO system),chamber,,"Masoud and Ruiz, 2021, ACS Earth Space Chem.",10.1021/acsearthspacechem.1c00150,"alpha-蒎烯 + Cl + NO 体系拟合峰表第 256 条 | 原文离子式: C8H8Cl2IO3-，原文 m/z 348.89 Th（[M+I]-，算得 348.890，Δ 0.1 mDa） | DBE 4，整数 ⇒ 闭壳层 | 第 0 步依据：SI Table S1 表头明写 ""m/z (**I- included**)"" + ""Elemental formula""，即列出的是**离子式**（含碘）。中性式 = 离子式 − I（团簇加合）；不含 I 的离子按 [M-H]- 还原（中性 = 离子 + H）。645 行全部用给出的三位小数 m/z 独立验算通过（校验 A） | source: SI Table S1"
C12H11ClO2,I-,adduct,FIGAERO-I-CIMS (HR-ToF-CIMS),gas/particle,chamber; UT Austin environmental chamber; alpha-pinene + Cl2/UV with NO (alpha-pinene+Cl+NO system),chamber,,"Masoud and Ruiz, 2021, ACS Earth Space Chem.",10.1021/acsearthspacechem.1c00150,"alpha-蒎烯 + Cl + NO 体系拟合峰表第 257 条 | 原文离子式: C12H11ClIO2-，原文 m/z 348.95 Th（[M+I]-，算得 348.950，Δ 0.2 mDa） | DBE 7，整数 ⇒ 闭壳层 | 第 0 步依据：SI Table S1 表头明写 ""m/z (**I- included**)"" + ""Elemental formula""，即列出的是**离子式**（含碘）。中性式 = 离子式 − I（团簇加合）；不含 I 的离子按 [M-H]- 还原（中性 = 离子 + H）。645 行全部用给出的三位小数 m/z 独立验算通过（校验 A） | source: SI Table S1"
C8H14O7,I-,adduct,FIGAERO-I-CIMS (HR-ToF-CIMS),gas/particle,chamber; UT Austin environmental chamber; alpha-pinene + Cl2/UV with NO (alpha-pinene+Cl+NO system),chamber,,"Masoud and Ruiz, 2021, ACS Earth Space Chem.",10.1021/acsearthspacechem.1c00150,"alpha-蒎烯 + Cl + NO 体系拟合峰表第 258 条 | 原文离子式: C8H14IO7-，原文 m/z 348.979 Th（[M+I]-，算得 348.979，Δ 0.0 mDa） | DBE 2，整数 ⇒ 闭壳层 | 第 0 步依据：SI Table S1 表头明写 ""m/z (**I- included**)"" + ""Elemental formula""，即列出的是**离子式**（含碘）。中性式 = 离子式 − I（团簇加合）；不含 I 的离子按 [M-H]- 还原（中性 = 离子 + H）。645 行全部用给出的三位小数 m/z 独立验算通过（校验 A） | source: SI Table S1"
C8H9Cl2O3,I-,adduct,FIGAERO-I-CIMS (HR-ToF-CIMS),gas/particle,chamber; UT Austin environmental chamber; alpha-pinene + Cl2/UV with NO (alpha-pinene+Cl+NO system),chamber,,"Masoud and Ruiz, 2021, ACS Earth Space Chem.",10.1021/acsearthspacechem.1c00150,"alpha-蒎烯 + Cl + NO 体系拟合峰表第 259 条 | 原文离子式: C8H9Cl2IO3-，原文 m/z 349.898 Th（[M+I]-，算得 349.898，Δ 0.1 mDa） | DBE 3.5，半整数 ⇒ 开壳层自由基 | 第 0 步依据：SI Table S1 表头明写 ""m/z (**I- included**)"" + ""Elemental formula""，即列出的是**离子式**（含碘）。中性式 = 离子式 − I（团簇加合）；不含 I 的离子按 [M-H]- 还原（中性 = 离子 + H）。645 行全部用给出的三位小数 m/z 独立验算通过（校验 A） | source: SI Table S1"
C6H9NO8,I-,adduct,FIGAERO-I-CIMS (HR-ToF-CIMS),gas/particle,chamber; UT Austin environmental chamber; alpha-pinene + Cl2/UV with NO (alpha-pinene+Cl+NO system),chamber,,"Masoud and Ruiz, 2021, ACS Earth Space Chem.",10.1021/acsearthspacechem.1c00150,"alpha-蒎烯 + Cl + NO 体系拟合峰表第 260 条 | 原文离子式: C6H9NIO8-，原文 m/z 349.938 Th（[M+I]-，算得 349.938，Δ 0.2 mDa） | DBE 2，整数 ⇒ 闭壳层 | 第 0 步依据：SI Table S1 表头明写 ""m/z (**I- included**)"" + ""Elemental formula""，即列出的是**离子式**（含碘）。中性式 = 离子式 − I（团簇加合）；不含 I 的离子按 [M-H]- 还原（中性 = 离子 + H）。645 行全部用给出的三位小数 m/z 独立验算通过（校验 A） | source: SI Table S1"
C7H13NO7,I-,adduct,FIGAERO-I-CIMS (HR-ToF-CIMS),gas/particle,chamber; UT Austin environmental chamber; alpha-pinene + Cl2/UV with NO (alpha-pinene+Cl+NO system),chamber,,"Masoud and Ruiz, 2021, ACS Earth Space Chem.",10.1021/acsearthspacechem.1c00150,"alpha-蒎烯 + Cl + NO 体系拟合峰表第 261 条 | 原文离子式: C7H13NIO7-，原文 m/z 349.974 Th（[M+I]-，算得 349.974，Δ 0.2 mDa） | DBE 1，整数 ⇒ 闭壳层 | 第 0 步依据：SI Table S1 表头明写 ""m/z (**I- included**)"" + ""Elemental formula""，即列出的是**离子式**（含碘）。中性式 = 离子式 − I（团簇加合）；不含 I 的离子按 [M-H]- 还原（中性 = 离子 + H）。645 行全部用给出的三位小数 m/z 独立验算通过（校验 A） | source: SI Table S1"
C8H10Cl2O3,I-,adduct,FIGAERO-I-CIMS (HR-ToF-CIMS),gas/particle,chamber; UT Austin environmental chamber; alpha-pinene + Cl2/UV with NO (alpha-pinene+Cl+NO system),chamber,,"Masoud and Ruiz, 2021, ACS Earth Space Chem.",10.1021/acsearthspacechem.1c00150,"alpha-蒎烯 + Cl + NO 体系拟合峰表第 262 条 | 原文离子式: C8H10Cl2IO3-，原文 m/z 350.906 Th（[M+I]-，算得 350.906，Δ 0.3 mDa） | DBE 3，整数 ⇒ 闭壳层 | 第 0 步依据：SI Table S1 表头明写 ""m/z (**I- included**)"" + ""Elemental formula""，即列出的是**离子式**（含碘）。中性式 = 离子式 − I（团簇加合）；不含 I 的离子按 [M-H]- 还原（中性 = 离子 + H）。645 行全部用给出的三位小数 m/z 独立验算通过（校验 A） | source: SI Table S1"
C10H8O6,I-,adduct,FIGAERO-I-CIMS (HR-ToF-CIMS),gas/particle,chamber; UT Austin environmental chamber; alpha-pinene + Cl2/UV with NO (alpha-pinene+Cl+NO system),chamber,,"Masoud and Ruiz, 2021, ACS Earth Space Chem.",10.1021/acsearthspacechem.1c00150,"alpha-蒎烯 + Cl + NO 体系拟合峰表第 263 条 | 原文离子式: C10H8IO6-，原文 m/z 350.937 Th（[M+I]-，算得 350.937，Δ 0.1 mDa） | DBE 7，整数 ⇒ 闭壳层 | 第 0 步依据：SI Table S1 表头明写 ""m/z (**I- included**)"" + ""Elemental formula""，即列出的是**离子式**（含碘）。中性式 = 离子式 − I（团簇加合）；不含 I 的离子按 [M-H]- 还原（中性 = 离子 + H）。645 行全部用给出的三位小数 m/z 独立验算通过（校验 A） | source: SI Table S1"
C8H16O7,I-,adduct,FIGAERO-I-CIMS (HR-ToF-CIMS),gas/particle,chamber; UT Austin environmental chamber; alpha-pinene + Cl2/UV with NO (alpha-pinene+Cl+NO system),chamber,,"Masoud and Ruiz, 2021, ACS Earth Space Chem.",10.1021/acsearthspacechem.1c00150,"alpha-蒎烯 + Cl + NO 体系拟合峰表第 264 条 | 原文离子式: C8H16IO7-，原文 m/z 350.995 Th（[M+I]-，算得 350.995，Δ 0.4 mDa） | DBE 1，整数 ⇒ 闭壳层 | 第 0 步依据：SI Table S1 表头明写 ""m/z (**I- included**)"" + ""Elemental formula""，即列出的是**离子式**（含碘）。中性式 = 离子式 − I（团簇加合）；不含 I 的离子按 [M-H]- 还原（中性 = 离子 + H）。645 行全部用给出的三位小数 m/z 独立验算通过（校验 A） | source: SI Table S1"
C9H16Cl2O2,I-,adduct,FIGAERO-I-CIMS (HR-ToF-CIMS),gas/particle,chamber; UT Austin environmental chamber; alpha-pinene + Cl2/UV with NO (alpha-pinene+Cl+NO system),chamber,,"Masoud and Ruiz, 2021, ACS Earth Space Chem.",10.1021/acsearthspacechem.1c00150,"alpha-蒎烯 + Cl + NO 体系拟合峰表第 266 条 | 原文离子式: C9H16Cl2IO2-，原文 m/z 352.958 Th（[M+I]-，算得 352.958，Δ 0.2 mDa） | DBE 1，整数 ⇒ 闭壳层 | 第 0 步依据：SI Table S1 表头明写 ""m/z (**I- included**)"" + ""Elemental formula""，即列出的是**离子式**（含碘）。中性式 = 离子式 − I（团簇加合）；不含 I 的离子按 [M-H]- 还原（中性 = 离子 + H）。645 行全部用给出的三位小数 m/z 独立验算通过（校验 A） | source: SI Table S1"
C10H14N2O4,I-,adduct,FIGAERO-I-CIMS (HR-ToF-CIMS),gas/particle,chamber; UT Austin environmental chamber; alpha-pinene + Cl2/UV with NO (alpha-pinene+Cl+NO system),chamber,,"Masoud and Ruiz, 2021, ACS Earth Space Chem.",10.1021/acsearthspacechem.1c00150,"alpha-蒎烯 + Cl + NO 体系拟合峰表第 267 条 | 原文离子式: C10H14N2IO4-，原文 m/z 353.0 Th（[M+I]-，算得 353.000，Δ 0.4 mDa） | DBE 3，整数 ⇒ 闭壳层 | 第 0 步依据：SI Table S1 表头明写 ""m/z (**I- included**)"" + ""Elemental formula""，即列出的是**离子式**（含碘）。中性式 = 离子式 − I（团簇加合）；不含 I 的离子按 [M-H]- 还原（中性 = 离子 + H）。645 行全部用给出的三位小数 m/z 独立验算通过（校验 A） | source: SI Table S1"
C13H19ClO9,I-,deprot,FIGAERO-I-CIMS (HR-ToF-CIMS),gas/particle,chamber; UT Austin environmental chamber; alpha-pinene + Cl2/UV with NO (alpha-pinene+Cl+NO system),chamber,,"Masoud and Ruiz, 2021, ACS Earth Space Chem.",10.1021/acsearthspacechem.1c00150,"alpha-蒎烯 + Cl + NO 体系拟合峰表第 268 条 | 原文离子式: C13H18ClO9-，原文 m/z 353.064 Th（[M-H]-，算得 353.064，Δ 0.5 mDa） | DBE 4，整数 ⇒ 闭壳层 | 第 0 步依据：SI Table S1 表头明写 ""m/z (**I- included**)"" + ""Elemental formula""，即列出的是**离子式**（含碘）。中性式 = 离子式 − I（团簇加合）；不含 I 的离子按 [M-H]- 还原（中性 = 离子 + H）。645 行全部用给出的三位小数 m/z 独立验算通过（校验 A） | source: SI Table S1"
C10H13NO5,I-,adduct,FIGAERO-I-CIMS (HR-ToF-CIMS),gas/particle,chamber; UT Austin environmental chamber; alpha-pinene + Cl2/UV with NO (alpha-pinene+Cl+NO system),chamber,,"Masoud and Ruiz, 2021, ACS Earth Space Chem.",10.1021/acsearthspacechem.1c00150,"alpha-蒎烯 + Cl + NO 体系拟合峰表第 269 条 | 原文离子式: C10H13NIO5-，原文 m/z 353.984 Th（[M+I]-，算得 353.984，Δ 0.4 mDa） | DBE 4，整数 ⇒ 闭壳层 | 第 0 步依据：SI Table S1 表头明写 ""m/z (**I- included**)"" + ""Elemental formula""，即列出的是**离子式**（含碘）。中性式 = 离子式 − I（团簇加合）；不含 I 的离子按 [M-H]- 还原（中性 = 离子 + H）。645 行全部用给出的三位小数 m/z 独立验算通过（校验 A） | source: SI Table S1"
C9H5ClO5,I-,adduct,FIGAERO-I-CIMS (HR-ToF-CIMS),gas/particle,chamber; UT Austin environmental chamber; alpha-pinene + Cl2/UV with NO (alpha-pinene+Cl+NO system),chamber,,"Masoud and Ruiz, 2021, ACS Earth Space Chem.",10.1021/acsearthspacechem.1c00150,"alpha-蒎烯 + Cl + NO 体系拟合峰表第 270 条 | 原文离子式: C9H5ClIO5-，原文 m/z 354.888 Th（[M+I]-，算得 354.888，Δ 0.4 mDa） | DBE 7，整数 ⇒ 闭壳层 | 第 0 步依据：SI Table S1 表头明写 ""m/z (**I- included**)"" + ""Elemental formula""，即列出的是**离子式**（含碘）。中性式 = 离子式 − I（团簇加合）；不含 I 的离子按 [M-H]- 还原（中性 = 离子 + H）。645 行全部用给出的三位小数 m/z 独立验算通过（校验 A） | source: SI Table S1"
C10H12O6,I-,adduct,FIGAERO-I-CIMS (HR-ToF-CIMS),gas/particle,chamber; UT Austin environmental chamber; alpha-pinene + Cl2/UV with NO (alpha-pinene+Cl+NO system),chamber,,"Masoud and Ruiz, 2021, ACS Earth Space Chem.",10.1021/acsearthspacechem.1c00150,"alpha-蒎烯 + Cl + NO 体系拟合峰表第 271 条 | 原文离子式: C10H12IO6-，原文 m/z 354.968 Th（[M+I]-，算得 354.968，Δ 0.4 mDa） | DBE 5，整数 ⇒ 闭壳层 | 第 0 步依据：SI Table S1 表头明写 ""m/z (**I- included**)"" + ""Elemental formula""，即列出的是**离子式**（含碘）。中性式 = 离子式 − I（团簇加合）；不含 I 的离子按 [M-H]- 还原（中性 = 离子 + H）。645 行全部用给出的三位小数 m/z 独立验算通过（校验 A） | source: SI Table S1"
C12H17ClO2,I-,adduct,FIGAERO-I-CIMS (HR-ToF-CIMS),gas/particle,chamber; UT Austin environmental chamber; alpha-pinene + Cl2/UV with NO (alpha-pinene+Cl+NO system),chamber,,"Masoud and Ruiz, 2021, ACS Earth Space Chem.",10.1021/acsearthspacechem.1c00150,"alpha-蒎烯 + Cl + NO 体系拟合峰表第 272 条 | 原文离子式: C12H17ClIO2-，原文 m/z 354.997 Th（[M+I]-，算得 354.997，Δ 0.3 mDa） | DBE 4，整数 ⇒ 闭壳层 | 第 0 步依据：SI Table S1 表头明写 ""m/z (**I- included**)"" + ""Elemental formula""，即列出的是**离子式**（含碘）。中性式 = 离子式 − I（团簇加合）；不含 I 的离子按 [M-H]- 还原（中性 = 离子 + H）。645 行全部用给出的三位小数 m/z 独立验算通过（校验 A） | source: SI Table S1"
C12H20O4,I-,adduct,FIGAERO-I-CIMS (HR-ToF-CIMS),gas/particle,chamber; UT Austin environmental chamber; alpha-pinene + Cl2/UV with NO (alpha-pinene+Cl+NO system),chamber,,"Masoud and Ruiz, 2021, ACS Earth Space Chem.",10.1021/acsearthspacechem.1c00150,"alpha-蒎烯 + Cl + NO 体系拟合峰表第 273 条 | 原文离子式: C12H20IO4-，原文 m/z 355.041 Th（[M+I]-，算得 355.041，Δ 0.2 mDa） | DBE 3，整数 ⇒ 闭壳层 | 第 0 步依据：SI Table S1 表头明写 ""m/z (**I- included**)"" + ""Elemental formula""，即列出的是**离子式**（含碘）。中性式 = 离子式 − I（团簇加合）；不含 I 的离子按 [M-H]- 还原（中性 = 离子 + H）。645 行全部用给出的三位小数 m/z 独立验算通过（校验 A） | source: SI Table S1"
C13H24O3,I-,adduct,FIGAERO-I-CIMS (HR-ToF-CIMS),gas/particle,chamber; UT Austin environmental chamber; alpha-pinene + Cl2/UV with NO (alpha-pinene+Cl+NO system),chamber,,"Masoud and Ruiz, 2021, ACS Earth Space Chem.",10.1021/acsearthspacechem.1c00150,"alpha-蒎烯 + Cl + NO 体系拟合峰表第 274 条 | 原文离子式: C13H24IO3-，原文 m/z 355.078 Th（[M+I]-，算得 355.078，Δ 0.4 mDa） | DBE 2，整数 ⇒ 闭壳层 | 第 0 步依据：SI Table S1 表头明写 ""m/z (**I- included**)"" + ""Elemental formula""，即列出的是**离子式**（含碘）。中性式 = 离子式 − I（团簇加合）；不含 I 的离子按 [M-H]- 还原（中性 = 离子 + H）。645 行全部用给出的三位小数 m/z 独立验算通过（校验 A） | source: SI Table S1"
C17H21ClO6,I-,deprot,FIGAERO-I-CIMS (HR-ToF-CIMS),gas/particle,chamber; UT Austin environmental chamber; alpha-pinene + Cl2/UV with NO (alpha-pinene+Cl+NO system),chamber,,"Masoud and Ruiz, 2021, ACS Earth Space Chem.",10.1021/acsearthspacechem.1c00150,"alpha-蒎烯 + Cl + NO 体系拟合峰表第 275 条 | 原文离子式: C17H20ClO6-，原文 m/z 355.095 Th（[M-H]-，算得 355.095，Δ 0.4 mDa） | DBE 7，整数 ⇒ 闭壳层 | 第 0 步依据：SI Table S1 表头明写 ""m/z (**I- included**)"" + ""Elemental formula""，即列出的是**离子式**（含碘）。中性式 = 离子式 − I（团簇加合）；不含 I 的离子按 [M-H]- 还原（中性 = 离子 + H）。645 行全部用给出的三位小数 m/z 独立验算通过（校验 A） | source: SI Table S1"
C10H12ClNO3,I-,adduct,FIGAERO-I-CIMS (HR-ToF-CIMS),gas/particle,chamber; UT Austin environmental chamber; alpha-pinene + Cl2/UV with NO (alpha-pinene+Cl+NO system),chamber,,"Masoud and Ruiz, 2021, ACS Earth Space Chem.",10.1021/acsearthspacechem.1c00150,"alpha-蒎烯 + Cl + NO 体系拟合峰表第 276 条 | 原文离子式: C10H12NClIO3-，原文 m/z 355.956 Th（[M+I]-，算得 355.956，Δ 0.4 mDa） | DBE 4，整数 ⇒ 闭壳层 | 第 0 步依据：SI Table S1 表头明写 ""m/z (**I- included**)"" + ""Elemental formula""，即列出的是**离子式**（含碘）。中性式 = 离子式 − I（团簇加合）；不含 I 的离子按 [M-H]- 还原（中性 = 离子 + H）。645 行全部用给出的三位小数 m/z 独立验算通过（校验 A） | source: SI Table S1"
C10H15NO5,I-,adduct,FIGAERO-I-CIMS (HR-ToF-CIMS),gas/particle,chamber; UT Austin environmental chamber; alpha-pinene + Cl2/UV with NO (alpha-pinene+Cl+NO system),chamber,,"Masoud and Ruiz, 2021, ACS Earth Space Chem.",10.1021/acsearthspacechem.1c00150,"alpha-蒎烯 + Cl + NO 体系拟合峰表第 277 条 | 原文离子式: C10H15NIO5-，原文 m/z 356.0 Th（[M+I]-，算得 356.000，Δ 0.0 mDa） | DBE 3，整数 ⇒ 闭壳层 | 第 0 步依据：SI Table S1 表头明写 ""m/z (**I- included**)"" + ""Elemental formula""，即列出的是**离子式**（含碘）。中性式 = 离子式 − I（团簇加合）；不含 I 的离子按 [M-H]- 还原（中性 = 离子 + H）。645 行全部用给出的三位小数 m/z 独立验算通过（校验 A） | source: SI Table S1"
C11H12Cl2O,I-,adduct,FIGAERO-I-CIMS (HR-ToF-CIMS),gas/particle,chamber; UT Austin environmental chamber; alpha-pinene + Cl2/UV with NO (alpha-pinene+Cl+NO system),chamber,,"Masoud and Ruiz, 2021, ACS Earth Space Chem.",10.1021/acsearthspacechem.1c00150,"alpha-蒎烯 + Cl + NO 体系拟合峰表第 279 条 | 原文离子式: C11H12Cl2IO-，原文 m/z 356.932 Th（[M+I]-，算得 356.932，Δ 0.5 mDa） | DBE 5，整数 ⇒ 闭壳层 | 第 0 步依据：SI Table S1 表头明写 ""m/z (**I- included**)"" + ""Elemental formula""，即列出的是**离子式**（含碘）。中性式 = 离子式 − I（团簇加合）；不含 I 的离子按 [M-H]- 还原（中性 = 离子 + H）。645 行全部用给出的三位小数 m/z 独立验算通过（校验 A） | source: SI Table S1"
C11H15ClO3,I-,adduct,FIGAERO-I-CIMS (HR-ToF-CIMS),gas/particle,chamber; UT Austin environmental chamber; alpha-pinene + Cl2/UV with NO (alpha-pinene+Cl+NO system),chamber,,"Masoud and Ruiz, 2021, ACS Earth Space Chem.",10.1021/acsearthspacechem.1c00150,"alpha-蒎烯 + Cl + NO 体系拟合峰表第 280 条 | 原文离子式: C11H15ClIO3-，原文 m/z 356.976 Th（[M+I]-，算得 356.976，Δ 0.0 mDa） | DBE 4，整数 ⇒ 闭壳层 | 第 0 步依据：SI Table S1 表头明写 ""m/z (**I- included**)"" + ""Elemental formula""，即列出的是**离子式**（含碘）。中性式 = 离子式 − I（团簇加合）；不含 I 的离子按 [M-H]- 还原（中性 = 离子 + H）。645 行全部用给出的三位小数 m/z 独立验算通过（校验 A） | source: SI Table S1"
C12H16Cl2O8,I-,deprot,FIGAERO-I-CIMS (HR-ToF-CIMS),gas/particle,chamber; UT Austin environmental chamber; alpha-pinene + Cl2/UV with NO (alpha-pinene+Cl+NO system),chamber,,"Masoud and Ruiz, 2021, ACS Earth Space Chem.",10.1021/acsearthspacechem.1c00150,"alpha-蒎烯 + Cl + NO 体系拟合峰表第 281 条 | 原文离子式: C12H15Cl2O8-，原文 m/z 357.015 Th（[M-H]-，算得 357.015，Δ 0.1 mDa） | DBE 4，整数 ⇒ 闭壳层 | 第 0 步依据：SI Table S1 表头明写 ""m/z (**I- included**)"" + ""Elemental formula""，即列出的是**离子式**（含碘）。中性式 = 离子式 − I（团簇加合）；不含 I 的离子按 [M-H]- 还原（中性 = 离子 + H）。645 行全部用给出的三位小数 m/z 独立验算通过（校验 A） | source: SI Table S1"
C16H19ClO7,I-,deprot,FIGAERO-I-CIMS (HR-ToF-CIMS),gas/particle,chamber; UT Austin environmental chamber; alpha-pinene + Cl2/UV with NO (alpha-pinene+Cl+NO system),chamber,,"Masoud and Ruiz, 2021, ACS Earth Space Chem.",10.1021/acsearthspacechem.1c00150,"alpha-蒎烯 + Cl + NO 体系拟合峰表第 282 条 | 原文离子式: C16H18ClO7-，原文 m/z 357.075 Th（[M-H]-，算得 357.075，Δ 0.3 mDa） | DBE 7，整数 ⇒ 闭壳层 | 第 0 步依据：SI Table S1 表头明写 ""m/z (**I- included**)"" + ""Elemental formula""，即列出的是**离子式**（含碘）。中性式 = 离子式 − I（团簇加合）；不含 I 的离子按 [M-H]- 还原（中性 = 离子 + H）。645 行全部用给出的三位小数 m/z 独立验算通过（校验 A） | source: SI Table S1"
C9H13NO6,I-,adduct,FIGAERO-I-CIMS (HR-ToF-CIMS),gas/particle,chamber; UT Austin environmental chamber; alpha-pinene + Cl2/UV with NO (alpha-pinene+Cl+NO system),chamber,,"Masoud and Ruiz, 2021, ACS Earth Space Chem.",10.1021/acsearthspacechem.1c00150,"alpha-蒎烯 + Cl + NO 体系拟合峰表第 283 条 | 原文离子式: C9H13NIO6-，原文 m/z 357.979 Th（[M+I]-，算得 357.979，Δ 0.3 mDa） | DBE 3，整数 ⇒ 闭壳层 | 第 0 步依据：SI Table S1 表头明写 ""m/z (**I- included**)"" + ""Elemental formula""，即列出的是**离子式**（含碘）。中性式 = 离子式 − I（团簇加合）；不含 I 的离子按 [M-H]- 还原（中性 = 离子 + H）。645 行全部用给出的三位小数 m/z 独立验算通过（校验 A） | source: SI Table S1"
C10H15O6,I-,adduct,FIGAERO-I-CIMS (HR-ToF-CIMS),gas/particle,chamber; UT Austin environmental chamber; alpha-pinene + Cl2/UV with NO (alpha-pinene+Cl+NO system),chamber,,"Masoud and Ruiz, 2021, ACS Earth Space Chem.",10.1021/acsearthspacechem.1c00150,"alpha-蒎烯 + Cl + NO 体系拟合峰表第 284 条 | 原文离子式: C10H15IO6-，原文 m/z 357.992 Th（[M+I]-，算得 357.992，Δ 0.1 mDa） | DBE 3.5，半整数 ⇒ 开壳层自由基 | 第 0 步依据：SI Table S1 表头明写 ""m/z (**I- included**)"" + ""Elemental formula""，即列出的是**离子式**（含碘）。中性式 = 离子式 − I（团簇加合）；不含 I 的离子按 [M-H]- 还原（中性 = 离子 + H）。645 行全部用给出的三位小数 m/z 独立验算通过（校验 A） | source: SI Table S1"
C10H17NO5,I-,adduct,FIGAERO-I-CIMS (HR-ToF-CIMS),gas/particle,chamber; UT Austin environmental chamber; alpha-pinene + Cl2/UV with NO (alpha-pinene+Cl+NO system),chamber,,"Masoud and Ruiz, 2021, ACS Earth Space Chem.",10.1021/acsearthspacechem.1c00150,"alpha-蒎烯 + Cl + NO 体系拟合峰表第 285 条 | 原文离子式: C10H17NIO5-，原文 m/z 358.016 Th（[M+I]-，算得 358.016，Δ 0.3 mDa） | DBE 2，整数 ⇒ 闭壳层 | 第 0 步依据：SI Table S1 表头明写 ""m/z (**I- included**)"" + ""Elemental formula""，即列出的是**离子式**（含碘）。中性式 = 离子式 − I（团簇加合）；不含 I 的离子按 [M-H]- 还原（中性 = 离子 + H）。645 行全部用给出的三位小数 m/z 独立验算通过（校验 A） | source: SI Table S1"
C9H8Cl2NO2,I-,adduct,FIGAERO-I-CIMS (HR-ToF-CIMS),gas/particle,chamber; UT Austin environmental chamber; alpha-pinene + Cl2/UV with NO (alpha-pinene+Cl+NO system),chamber,,"Masoud and Ruiz, 2021, ACS Earth Space Chem.",10.1021/acsearthspacechem.1c00150,"alpha-蒎烯 + Cl + NO 体系拟合峰表第 286 条 | 原文离子式: C9H8NCl2IO2-，原文 m/z 358.898 Th（[M+I]-，算得 358.898，Δ 0.2 mDa） | DBE 4.5，半整数 ⇒ 开壳层自由基 | 第 0 步依据：SI Table S1 表头明写 ""m/z (**I- included**)"" + ""Elemental formula""，即列出的是**离子式**（含碘）。中性式 = 离子式 − I（团簇加合）；不含 I 的离子按 [M-H]- 还原（中性 = 离子 + H）。645 行全部用给出的三位小数 m/z 独立验算通过（校验 A） | source: SI Table S1"
C10H13ClO4,I-,adduct,FIGAERO-I-CIMS (HR-ToF-CIMS),gas/particle,chamber; UT Austin environmental chamber; alpha-pinene + Cl2/UV with NO (alpha-pinene+Cl+NO system),chamber,,"Masoud and Ruiz, 2021, ACS Earth Space Chem.",10.1021/acsearthspacechem.1c00150,"alpha-蒎烯 + Cl + NO 体系拟合峰表第 287 条 | 原文离子式: C10H13ClIO4-，原文 m/z 358.955 Th（[M+I]-，算得 358.955，Δ 0.3 mDa） | DBE 4，整数 ⇒ 闭壳层 | 第 0 步依据：SI Table S1 表头明写 ""m/z (**I- included**)"" + ""Elemental formula""，即列出的是**离子式**（含碘）。中性式 = 离子式 − I（团簇加合）；不含 I 的离子按 [M-H]- 还原（中性 = 离子 + H）。645 行全部用给出的三位小数 m/z 独立验算通过（校验 A） | source: SI Table S1"
C9H12O7,I-,adduct,FIGAERO-I-CIMS (HR-ToF-CIMS),gas/particle,chamber; UT Austin environmental chamber; alpha-pinene + Cl2/UV with NO (alpha-pinene+Cl+NO system),chamber,,"Masoud and Ruiz, 2021, ACS Earth Space Chem.",10.1021/acsearthspacechem.1c00150,"alpha-蒎烯 + Cl + NO 体系拟合峰表第 288 条 | 原文离子式: C9H12IO7-，原文 m/z 358.963 Th（[M+I]-，算得 358.963，Δ 0.3 mDa） | DBE 4，整数 ⇒ 闭壳层 | 第 0 步依据：SI Table S1 表头明写 ""m/z (**I- included**)"" + ""Elemental formula""，即列出的是**离子式**（含碘）。中性式 = 离子式 − I（团簇加合）；不含 I 的离子按 [M-H]- 还原（中性 = 离子 + H）。645 行全部用给出的三位小数 m/z 独立验算通过（校验 A） | source: SI Table S1"
C10H16O6,I-,adduct,FIGAERO-I-CIMS (HR-ToF-CIMS),gas/particle,chamber; UT Austin environmental chamber; alpha-pinene + Cl2/UV with NO (alpha-pinene+Cl+NO system),chamber,,"Masoud and Ruiz, 2021, ACS Earth Space Chem.",10.1021/acsearthspacechem.1c00150,"alpha-蒎烯 + Cl + NO 体系拟合峰表第 289 条 | 原文离子式: C10H16IO6-，原文 m/z 359.0 Th（[M+I]-，算得 359.000，Δ 0.3 mDa） | DBE 3，整数 ⇒ 闭壳层 | 第 0 步依据：SI Table S1 表头明写 ""m/z (**I- included**)"" + ""Elemental formula""，即列出的是**离子式**（含碘）。中性式 = 离子式 − I（团簇加合）；不含 I 的离子按 [M-H]- 还原（中性 = 离子 + H）。645 行全部用给出的三位小数 m/z 独立验算通过（校验 A） | source: SI Table S1"
C8H6ClO6,I-,adduct,FIGAERO-I-CIMS (HR-ToF-CIMS),gas/particle,chamber; UT Austin environmental chamber; alpha-pinene + Cl2/UV with NO (alpha-pinene+Cl+NO system),chamber,,"Masoud and Ruiz, 2021, ACS Earth Space Chem.",10.1021/acsearthspacechem.1c00150,"alpha-蒎烯 + Cl + NO 体系拟合峰表第 290 条 | 原文离子式: C8H6ClIO6-，原文 m/z 359.89 Th（[M+I]-，算得 359.890，Δ 0.3 mDa） | DBE 5.5，半整数 ⇒ 开壳层自由基 | 第 0 步依据：SI Table S1 表头明写 ""m/z (**I- included**)"" + ""Elemental formula""，即列出的是**离子式**（含碘）。中性式 = 离子式 − I（团簇加合）；不含 I 的离子按 [M-H]- 还原（中性 = 离子 + H）。645 行全部用给出的三位小数 m/z 独立验算通过（校验 A） | source: SI Table S1"
C10H14ClO4,I-,adduct,FIGAERO-I-CIMS (HR-ToF-CIMS),gas/particle,chamber; UT Austin environmental chamber; alpha-pinene + Cl2/UV with NO (alpha-pinene+Cl+NO system),chamber,,"Masoud and Ruiz, 2021, ACS Earth Space Chem.",10.1021/acsearthspacechem.1c00150,"alpha-蒎烯 + Cl + NO 体系拟合峰表第 291 条 | 原文离子式: C10H14ClIO4-，原文 m/z 359.963 Th（[M+I]-，算得 359.963，Δ 0.1 mDa） | DBE 3.5，半整数 ⇒ 开壳层自由基 | 第 0 步依据：SI Table S1 表头明写 ""m/z (**I- included**)"" + ""Elemental formula""，即列出的是**离子式**（含碘）。中性式 = 离子式 − I（团簇加合）；不含 I 的离子按 [M-H]- 还原（中性 = 离子 + H）。645 行全部用给出的三位小数 m/z 独立验算通过（校验 A） | source: SI Table S1"
C9H15NO6,I-,adduct,FIGAERO-I-CIMS (HR-ToF-CIMS),gas/particle,chamber; UT Austin environmental chamber; alpha-pinene + Cl2/UV with NO (alpha-pinene+Cl+NO system),chamber,,"Masoud and Ruiz, 2021, ACS Earth Space Chem.",10.1021/acsearthspacechem.1c00150,"alpha-蒎烯 + Cl + NO 体系拟合峰表第 292 条 | 原文离子式: C9H15NIO6-，原文 m/z 359.995 Th（[M+I]-，算得 359.995，Δ 0.0 mDa） | DBE 2，整数 ⇒ 闭壳层 | 第 0 步依据：SI Table S1 表头明写 ""m/z (**I- included**)"" + ""Elemental formula""，即列出的是**离子式**（含碘）。中性式 = 离子式 − I（团簇加合）；不含 I 的离子按 [M-H]- 还原（中性 = 离子 + H）。645 行全部用给出的三位小数 m/z 独立验算通过（校验 A） | source: SI Table S1"
C10H19NO5,I-,adduct,FIGAERO-I-CIMS (HR-ToF-CIMS),gas/particle,chamber; UT Austin environmental chamber; alpha-pinene + Cl2/UV with NO (alpha-pinene+Cl+NO system),chamber,,"Masoud and Ruiz, 2021, ACS Earth Space Chem.",10.1021/acsearthspacechem.1c00150,"alpha-蒎烯 + Cl + NO 体系拟合峰表第 293 条 | 原文离子式: C10H19NIO5-，原文 m/z 360.031 Th（[M+I]-，算得 360.031，Δ 0.3 mDa） | DBE 1，整数 ⇒ 闭壳层 | 第 0 步依据：SI Table S1 表头明写 ""m/z (**I- included**)"" + ""Elemental formula""，即列出的是**离子式**（含碘）。中性式 = 离子式 − I（团簇加合）；不含 I 的离子按 [M-H]- 还原（中性 = 离子 + H）。645 行全部用给出的三位小数 m/z 独立验算通过（校验 A） | source: SI Table S1"
C10H15ClO4,I-,adduct,FIGAERO-I-CIMS (HR-ToF-CIMS),gas/particle,chamber; UT Austin environmental chamber; alpha-pinene + Cl2/UV with NO (alpha-pinene+Cl+NO system),chamber,,"Masoud and Ruiz, 2021, ACS Earth Space Chem.",10.1021/acsearthspacechem.1c00150,"alpha-蒎烯 + Cl + NO 体系拟合峰表第 294 条 | 原文离子式: C10H15ClIO4-，原文 m/z 360.971 Th（[M+I]-，算得 360.971，Δ 0.1 mDa） | DBE 3，整数 ⇒ 闭壳层 | 第 0 步依据：SI Table S1 表头明写 ""m/z (**I- included**)"" + ""Elemental formula""，即列出的是**离子式**（含碘）。中性式 = 离子式 − I（团簇加合）；不含 I 的离子按 [M-H]- 还原（中性 = 离子 + H）。645 行全部用给出的三位小数 m/z 独立验算通过（校验 A） | source: SI Table S1"
C10H18O6,I-,adduct,FIGAERO-I-CIMS (HR-ToF-CIMS),gas/particle,chamber; UT Austin environmental chamber; alpha-pinene + Cl2/UV with NO (alpha-pinene+Cl+NO system),chamber,,"Masoud and Ruiz, 2021, ACS Earth Space Chem.",10.1021/acsearthspacechem.1c00150,"alpha-蒎烯 + Cl + NO 体系拟合峰表第 295 条 | 原文离子式: C10H18IO6-，原文 m/z 361.015 Th（[M+I]-，算得 361.015，Δ 0.4 mDa） | DBE 2，整数 ⇒ 闭壳层 | 第 0 步依据：SI Table S1 表头明写 ""m/z (**I- included**)"" + ""Elemental formula""，即列出的是**离子式**（含碘）。中性式 = 离子式 − I（团簇加合）；不含 I 的离子按 [M-H]- 还原（中性 = 离子 + H）。645 行全部用给出的三位小数 m/z 独立验算通过（校验 A） | source: SI Table S1"
C7H9NO8,I-,adduct,FIGAERO-I-CIMS (HR-ToF-CIMS),gas/particle,chamber; UT Austin environmental chamber; alpha-pinene + Cl2/UV with NO (alpha-pinene+Cl+NO system),chamber,,"Masoud and Ruiz, 2021, ACS Earth Space Chem.",10.1021/acsearthspacechem.1c00150,"alpha-蒎烯 + Cl + NO 体系拟合峰表第 296 条 | 原文离子式: C7H9NIO8-，原文 m/z 361.938 Th（[M+I]-，算得 361.938，Δ 0.2 mDa） | DBE 3，整数 ⇒ 闭壳层 | 第 0 步依据：SI Table S1 表头明写 ""m/z (**I- included**)"" + ""Elemental formula""，即列出的是**离子式**（含碘）。中性式 = 离子式 − I（团簇加合）；不含 I 的离子按 [M-H]- 还原（中性 = 离子 + H）。645 行全部用给出的三位小数 m/z 独立验算通过（校验 A） | source: SI Table S1"
C8H13NO7,I-,adduct,FIGAERO-I-CIMS (HR-ToF-CIMS),gas/particle,chamber; UT Austin environmental chamber; alpha-pinene + Cl2/UV with NO (alpha-pinene+Cl+NO system),chamber,,"Masoud and Ruiz, 2021, ACS Earth Space Chem.",10.1021/acsearthspacechem.1c00150,"alpha-蒎烯 + Cl + NO 体系拟合峰表第 297 条 | 原文离子式: C8H13NIO7-，原文 m/z 361.974 Th（[M+I]-，算得 361.974，Δ 0.2 mDa） | DBE 2，整数 ⇒ 闭壳层 | 第 0 步依据：SI Table S1 表头明写 ""m/z (**I- included**)"" + ""Elemental formula""，即列出的是**离子式**（含碘）。中性式 = 离子式 − I（团簇加合）；不含 I 的离子按 [M-H]- 还原（中性 = 离子 + H）。645 行全部用给出的三位小数 m/z 独立验算通过（校验 A） | source: SI Table S1"
C9H17NO6,I-,adduct,FIGAERO-I-CIMS (HR-ToF-CIMS),gas/particle,chamber; UT Austin environmental chamber; alpha-pinene + Cl2/UV with NO (alpha-pinene+Cl+NO system),chamber,,"Masoud and Ruiz, 2021, ACS Earth Space Chem.",10.1021/acsearthspacechem.1c00150,"alpha-蒎烯 + Cl + NO 体系拟合峰表第 298 条 | 原文离子式: C9H17NIO6-，原文 m/z 362.011 Th（[M+I]-，算得 362.011，Δ 0.4 mDa） | DBE 1，整数 ⇒ 闭壳层 | 第 0 步依据：SI Table S1 表头明写 ""m/z (**I- included**)"" + ""Elemental formula""，即列出的是**离子式**（含碘）。中性式 = 离子式 − I（团簇加合）；不含 I 的离子按 [M-H]- 还原（中性 = 离子 + H）。645 行全部用给出的三位小数 m/z 独立验算通过（校验 A） | source: SI Table S1"
C12H9ClO3,I-,adduct,FIGAERO-I-CIMS (HR-ToF-CIMS),gas/particle,chamber; UT Austin environmental chamber; alpha-pinene + Cl2/UV with NO (alpha-pinene+Cl+NO system),chamber,,"Masoud and Ruiz, 2021, ACS Earth Space Chem.",10.1021/acsearthspacechem.1c00150,"alpha-蒎烯 + Cl + NO 体系拟合峰表第 299 条 | 原文离子式: C12H9ClIO3-，原文 m/z 362.929 Th（[M+I]-，算得 362.929，Δ 0.0 mDa） | DBE 8，整数 ⇒ 闭壳层 | 第 0 步依据：SI Table S1 表头明写 ""m/z (**I- included**)"" + ""Elemental formula""，即列出的是**离子式**（含碘）。中性式 = 离子式 − I（团簇加合）；不含 I 的离子按 [M-H]- 还原（中性 = 离子 + H）。645 行全部用给出的三位小数 m/z 独立验算通过（校验 A） | source: SI Table S1"
C8H12O8,I-,adduct,FIGAERO-I-CIMS (HR-ToF-CIMS),gas/particle,chamber; UT Austin environmental chamber; alpha-pinene + Cl2/UV with NO (alpha-pinene+Cl+NO system),chamber,,"Masoud and Ruiz, 2021, ACS Earth Space Chem.",10.1021/acsearthspacechem.1c00150,"alpha-蒎烯 + Cl + NO 体系拟合峰表第 300 条 | 原文离子式: C8H12IO8-，原文 m/z 362.958 Th（[M+I]-，算得 362.958，Δ 0.2 mDa） | DBE 3，整数 ⇒ 闭壳层 | 第 0 步依据：SI Table S1 表头明写 ""m/z (**I- included**)"" + ""Elemental formula""，即列出的是**离子式**（含碘）。中性式 = 离子式 − I（团簇加合）；不含 I 的离子按 [M-H]- 还原（中性 = 离子 + H）。645 行全部用给出的三位小数 m/z 独立验算通过（校验 A） | source: SI Table S1"
C15H18Cl2O6,I-,deprot,FIGAERO-I-CIMS (HR-ToF-CIMS),gas/particle,chamber; UT Austin environmental chamber; alpha-pinene + Cl2/UV with NO (alpha-pinene+Cl+NO system),chamber,,"Masoud and Ruiz, 2021, ACS Earth Space Chem.",10.1021/acsearthspacechem.1c00150,"alpha-蒎烯 + Cl + NO 体系拟合峰表第 301 条 | 原文离子式: C15H17Cl2O6-，原文 m/z 363.041 Th（[M-H]-，算得 363.041，Δ 0.2 mDa） | DBE 6，整数 ⇒ 闭壳层 | 第 0 步依据：SI Table S1 表头明写 ""m/z (**I- included**)"" + ""Elemental formula""，即列出的是**离子式**（含碘）。中性式 = 离子式 − I（团簇加合）；不含 I 的离子按 [M-H]- 还原（中性 = 离子 + H）。645 行全部用给出的三位小数 m/z 独立验算通过（校验 A） | source: SI Table S1"
C6H7NO9,I-,adduct,FIGAERO-I-CIMS (HR-ToF-CIMS),gas/particle,chamber; UT Austin environmental chamber; alpha-pinene + Cl2/UV with NO (alpha-pinene+Cl+NO system),chamber,,"Masoud and Ruiz, 2021, ACS Earth Space Chem.",10.1021/acsearthspacechem.1c00150,"alpha-蒎烯 + Cl + NO 体系拟合峰表第 302 条 | 原文离子式: C6H7NIO9-，原文 m/z 363.917 Th（[M+I]-，算得 363.917，Δ 0.1 mDa） | DBE 3，整数 ⇒ 闭壳层 | 第 0 步依据：SI Table S1 表头明写 ""m/z (**I- included**)"" + ""Elemental formula""，即列出的是**离子式**（含碘）。中性式 = 离子式 − I（团簇加合）；不含 I 的离子按 [M-H]- 还原（中性 = 离子 + H）。645 行全部用给出的三位小数 m/z 独立验算通过（校验 A） | source: SI Table S1"
C7H11NO8,I-,adduct,FIGAERO-I-CIMS (HR-ToF-CIMS),gas/particle,chamber; UT Austin environmental chamber; alpha-pinene + Cl2/UV with NO (alpha-pinene+Cl+NO system),chamber,,"Masoud and Ruiz, 2021, ACS Earth Space Chem.",10.1021/acsearthspacechem.1c00150,"alpha-蒎烯 + Cl + NO 体系拟合峰表第 303 条 | 原文离子式: C7H11NIO8-，原文 m/z 363.953 Th（[M+I]-，算得 363.953，Δ 0.5 mDa） | DBE 2，整数 ⇒ 闭壳层 | 第 0 步依据：SI Table S1 表头明写 ""m/z (**I- included**)"" + ""Elemental formula""，即列出的是**离子式**（含碘）。中性式 = 离子式 − I（团簇加合）；不含 I 的离子按 [M-H]- 还原（中性 = 离子 + H）。645 行全部用给出的三位小数 m/z 独立验算通过（校验 A） | source: SI Table S1"
C8H13O8,I-,adduct,FIGAERO-I-CIMS (HR-ToF-CIMS),gas/particle,chamber; UT Austin environmental chamber; alpha-pinene + Cl2/UV with NO (alpha-pinene+Cl+NO system),chamber,,"Masoud and Ruiz, 2021, ACS Earth Space Chem.",10.1021/acsearthspacechem.1c00150,"alpha-蒎烯 + Cl + NO 体系拟合峰表第 304 条 | 原文离子式: C8H13IO8-，原文 m/z 363.966 Th（[M+I]-，算得 363.966，Δ 0.1 mDa） | DBE 2.5，半整数 ⇒ 开壳层自由基 | 第 0 步依据：SI Table S1 表头明写 ""m/z (**I- included**)"" + ""Elemental formula""，即列出的是**离子式**（含碘）。中性式 = 离子式 − I（团簇加合）；不含 I 的离子按 [M-H]- 还原（中性 = 离子 + H）。645 行全部用给出的三位小数 m/z 独立验算通过（校验 A） | source: SI Table S1"
C8H15NO7,I-,adduct,FIGAERO-I-CIMS (HR-ToF-CIMS),gas/particle,chamber; UT Austin environmental chamber; alpha-pinene + Cl2/UV with NO (alpha-pinene+Cl+NO system),chamber,,"Masoud and Ruiz, 2021, ACS Earth Space Chem.",10.1021/acsearthspacechem.1c00150,"alpha-蒎烯 + Cl + NO 体系拟合峰表第 305 条 | 原文离子式: C8H15NIO7-，原文 m/z 363.99 Th（[M+I]-，算得 363.990，Δ 0.1 mDa） | DBE 1，整数 ⇒ 闭壳层 | 第 0 步依据：SI Table S1 表头明写 ""m/z (**I- included**)"" + ""Elemental formula""，即列出的是**离子式**（含碘）。中性式 = 离子式 − I（团簇加合）；不含 I 的离子按 [M-H]- 还原（中性 = 离子 + H）。645 行全部用给出的三位小数 m/z 独立验算通过（校验 A） | source: SI Table S1"
C8H8Cl2O4,I-,adduct,FIGAERO-I-CIMS (HR-ToF-CIMS),gas/particle,chamber; UT Austin environmental chamber; alpha-pinene + Cl2/UV with NO (alpha-pinene+Cl+NO system),chamber,,"Masoud and Ruiz, 2021, ACS Earth Space Chem.",10.1021/acsearthspacechem.1c00150,"alpha-蒎烯 + Cl + NO 体系拟合峰表第 306 条 | 原文离子式: C8H8Cl2IO4-，原文 m/z 364.885 Th（[M+I]-，算得 364.885，Δ 0.0 mDa） | DBE 4，整数 ⇒ 闭壳层 | 第 0 步依据：SI Table S1 表头明写 ""m/z (**I- included**)"" + ""Elemental formula""，即列出的是**离子式**（含碘）。中性式 = 离子式 − I（团簇加合）；不含 I 的离子按 [M-H]- 还原（中性 = 离子 + H）。645 行全部用给出的三位小数 m/z 独立验算通过（校验 A） | source: SI Table S1"
C10H16Cl2O2,I-,adduct,FIGAERO-I-CIMS (HR-ToF-CIMS),gas/particle,chamber; UT Austin environmental chamber; alpha-pinene + Cl2/UV with NO (alpha-pinene+Cl+NO system),chamber,,"Masoud and Ruiz, 2021, ACS Earth Space Chem.",10.1021/acsearthspacechem.1c00150,"alpha-蒎烯 + Cl + NO 体系拟合峰表第 307 条 | 原文离子式: C10H16Cl2IO2-，原文 m/z 364.958 Th（[M+I]-，算得 364.958，Δ 0.2 mDa） | DBE 2，整数 ⇒ 闭壳层 | 第 0 步依据：SI Table S1 表头明写 ""m/z (**I- included**)"" + ""Elemental formula""，即列出的是**离子式**（含碘）。中性式 = 离子式 − I（团簇加合）；不含 I 的离子按 [M-H]- 还原（中性 = 离子 + H）。645 行全部用给出的三位小数 m/z 独立验算通过（校验 A） | source: SI Table S1"
C8H14O8,I-,adduct,FIGAERO-I-CIMS (HR-ToF-CIMS),gas/particle,chamber; UT Austin environmental chamber; alpha-pinene + Cl2/UV with NO (alpha-pinene+Cl+NO system),chamber,,"Masoud and Ruiz, 2021, ACS Earth Space Chem.",10.1021/acsearthspacechem.1c00150,"alpha-蒎烯 + Cl + NO 体系拟合峰表第 308 条 | 原文离子式: C8H14IO8-，原文 m/z 364.974 Th（[M+I]-，算得 364.974，Δ 0.1 mDa） | DBE 2，整数 ⇒ 闭壳层 | 第 0 步依据：SI Table S1 表头明写 ""m/z (**I- included**)"" + ""Elemental formula""，即列出的是**离子式**（含碘）。中性式 = 离子式 − I（团簇加合）；不含 I 的离子按 [M-H]- 还原（中性 = 离子 + H）。645 行全部用给出的三位小数 m/z 独立验算通过（校验 A） | source: SI Table S1"
C6H9NO9,I-,adduct,FIGAERO-I-CIMS (HR-ToF-CIMS),gas/particle,chamber; UT Austin environmental chamber; alpha-pinene + Cl2/UV with NO (alpha-pinene+Cl+NO system),chamber,,"Masoud and Ruiz, 2021, ACS Earth Space Chem.",10.1021/acsearthspacechem.1c00150,"alpha-蒎烯 + Cl + NO 体系拟合峰表第 309 条 | 原文离子式: C6H9NIO9-，原文 m/z 365.933 Th（[M+I]-，算得 365.933，Δ 0.2 mDa） | DBE 2，整数 ⇒ 闭壳层 | 第 0 步依据：SI Table S1 表头明写 ""m/z (**I- included**)"" + ""Elemental formula""，即列出的是**离子式**（含碘）。中性式 = 离子式 − I（团簇加合）；不含 I 的离子按 [M-H]- 还原（中性 = 离子 + H）。645 行全部用给出的三位小数 m/z 独立验算通过（校验 A） | source: SI Table S1"
C7H13NO8,I-,adduct,FIGAERO-I-CIMS (HR-ToF-CIMS),gas/particle,chamber; UT Austin environmental chamber; alpha-pinene + Cl2/UV with NO (alpha-pinene+Cl+NO system),chamber,,"Masoud and Ruiz, 2021, ACS Earth Space Chem.",10.1021/acsearthspacechem.1c00150,"alpha-蒎烯 + Cl + NO 体系拟合峰表第 310 条 | 原文离子式: C7H13NIO8-，原文 m/z 365.969 Th（[M+I]-，算得 365.969，Δ 0.1 mDa） | DBE 1，整数 ⇒ 闭壳层 | 第 0 步依据：SI Table S1 表头明写 ""m/z (**I- included**)"" + ""Elemental formula""，即列出的是**离子式**（含碘）。中性式 = 离子式 − I（团簇加合）；不含 I 的离子按 [M-H]- 还原（中性 = 离子 + H）。645 行全部用给出的三位小数 m/z 独立验算通过（校验 A） | source: SI Table S1"
C8H10Cl2O4,I-,adduct,FIGAERO-I-CIMS (HR-ToF-CIMS),gas/particle,chamber; UT Austin environmental chamber; alpha-pinene + Cl2/UV with NO (alpha-pinene+Cl+NO system),chamber,,"Masoud and Ruiz, 2021, ACS Earth Space Chem.",10.1021/acsearthspacechem.1c00150,"alpha-蒎烯 + Cl + NO 体系拟合峰表第 311 条 | 原文离子式: C8H10Cl2IO4-，原文 m/z 366.901 Th（[M+I]-，算得 366.901，Δ 0.4 mDa） | DBE 3，整数 ⇒ 闭壳层 | 第 0 步依据：SI Table S1 表头明写 ""m/z (**I- included**)"" + ""Elemental formula""，即列出的是**离子式**（含碘）。中性式 = 离子式 − I（团簇加合）；不含 I 的离子按 [M-H]- 还原（中性 = 离子 + H）。645 行全部用给出的三位小数 m/z 独立验算通过（校验 A） | source: SI Table S1"
C10H12N2O5,I-,adduct,FIGAERO-I-CIMS (HR-ToF-CIMS),gas/particle,chamber; UT Austin environmental chamber; alpha-pinene + Cl2/UV with NO (alpha-pinene+Cl+NO system),chamber,,"Masoud and Ruiz, 2021, ACS Earth Space Chem.",10.1021/acsearthspacechem.1c00150,"alpha-蒎烯 + Cl + NO 体系拟合峰表第 312 条 | 原文离子式: C10H12N2IO5-，原文 m/z 366.98 Th（[M+I]-，算得 366.980，Δ 0.4 mDa） | DBE 4，整数 ⇒ 闭壳层 | 第 0 步依据：SI Table S1 表头明写 ""m/z (**I- included**)"" + ""Elemental formula""，即列出的是**离子式**（含碘）。中性式 = 离子式 − I（团簇加合）；不含 I 的离子按 [M-H]- 还原（中性 = 离子 + H）。645 行全部用给出的三位小数 m/z 独立验算通过（校验 A） | source: SI Table S1"
C10H21ClO4,I-,adduct,FIGAERO-I-CIMS (HR-ToF-CIMS),gas/particle,chamber; UT Austin environmental chamber; alpha-pinene + Cl2/UV with NO (alpha-pinene+Cl+NO system),chamber,,"Masoud and Ruiz, 2021, ACS Earth Space Chem.",10.1021/acsearthspacechem.1c00150,"alpha-蒎烯 + Cl + NO 体系拟合峰表第 313 条 | 原文离子式: C10H21ClIO4-，原文 m/z 367.018 Th（[M+I]-，算得 367.018，Δ 0.1 mDa） | DBE 0，整数 ⇒ 闭壳层 | 第 0 步依据：SI Table S1 表头明写 ""m/z (**I- included**)"" + ""Elemental formula""，即列出的是**离子式**（含碘）。中性式 = 离子式 − I（团簇加合）；不含 I 的离子按 [M-H]- 还原（中性 = 离子 + H）。645 行全部用给出的三位小数 m/z 独立验算通过（校验 A） | source: SI Table S1"
C14H24O3,I-,adduct,FIGAERO-I-CIMS (HR-ToF-CIMS),gas/particle,chamber; UT Austin environmental chamber; alpha-pinene + Cl2/UV with NO (alpha-pinene+Cl+NO system),chamber,,"Masoud and Ruiz, 2021, ACS Earth Space Chem.",10.1021/acsearthspacechem.1c00150,"alpha-蒎烯 + Cl + NO 体系拟合峰表第 314 条 | 原文离子式: C14H24IO3-，原文 m/z 367.078 Th（[M+I]-，算得 367.078，Δ 0.4 mDa） | DBE 3，整数 ⇒ 闭壳层 | 第 0 步依据：SI Table S1 表头明写 ""m/z (**I- included**)"" + ""Elemental formula""，即列出的是**离子式**（含碘）。中性式 = 离子式 − I（团簇加合）；不含 I 的离子按 [M-H]- 还原（中性 = 离子 + H）。645 行全部用给出的三位小数 m/z 独立验算通过（校验 A） | source: SI Table S1"
C9H5O8,I-,adduct,FIGAERO-I-CIMS (HR-ToF-CIMS),gas/particle,chamber; UT Austin environmental chamber; alpha-pinene + Cl2/UV with NO (alpha-pinene+Cl+NO system),chamber,,"Masoud and Ruiz, 2021, ACS Earth Space Chem.",10.1021/acsearthspacechem.1c00150,"alpha-蒎烯 + Cl + NO 体系拟合峰表第 315 条 | 原文离子式: C9H5IO8-，原文 m/z 367.903 Th（[M+I]-，算得 367.903，Δ 0.5 mDa） | DBE 7.5，半整数 ⇒ 开壳层自由基 | 第 0 步依据：SI Table S1 表头明写 ""m/z (**I- included**)"" + ""Elemental formula""，即列出的是**离子式**（含碘）。中性式 = 离子式 − I（团簇加合）；不含 I 的离子按 [M-H]- 还原（中性 = 离子 + H）。645 行全部用给出的三位小数 m/z 独立验算通过（校验 A） | source: SI Table S1"
C12H14ClO3,I-,adduct,FIGAERO-I-CIMS (HR-ToF-CIMS),gas/particle,chamber; UT Austin environmental chamber; alpha-pinene + Cl2/UV with NO (alpha-pinene+Cl+NO system),chamber,,"Masoud and Ruiz, 2021, ACS Earth Space Chem.",10.1021/acsearthspacechem.1c00150,"alpha-蒎烯 + Cl + NO 体系拟合峰表第 316 条 | 原文离子式: C12H14ClIO3-，原文 m/z 367.968 Th（[M+I]-，算得 367.968，Δ 0.2 mDa） | DBE 5.5，半整数 ⇒ 开壳层自由基 | 第 0 步依据：SI Table S1 表头明写 ""m/z (**I- included**)"" + ""Elemental formula""，即列出的是**离子式**（含碘）。中性式 = 离子式 − I（团簇加合）；不含 I 的离子按 [M-H]- 还原（中性 = 离子 + H）。645 行全部用给出的三位小数 m/z 独立验算通过（校验 A） | source: SI Table S1"
C14H22ClO9,I-,deprot,FIGAERO-I-CIMS (HR-ToF-CIMS),gas/particle,chamber; UT Austin environmental chamber; alpha-pinene + Cl2/UV with NO (alpha-pinene+Cl+NO system),chamber,,"Masoud and Ruiz, 2021, ACS Earth Space Chem.",10.1021/acsearthspacechem.1c00150,"alpha-蒎烯 + Cl + NO 体系拟合峰表第 318 条 | 原文离子式: C14H21ClO9-，原文 m/z 368.088 Th（[M-H]-，算得 368.088，Δ 0.0 mDa） | DBE 3.5，半整数 ⇒ 开壳层自由基 | 第 0 步依据：SI Table S1 表头明写 ""m/z (**I- included**)"" + ""Elemental formula""，即列出的是**离子式**（含碘）。中性式 = 离子式 − I（团簇加合）；不含 I 的离子按 [M-H]- 还原（中性 = 离子 + H）。645 行全部用给出的三位小数 m/z 独立验算通过（校验 A） | source: SI Table S1"
C10H12NO6,I-,adduct,FIGAERO-I-CIMS (HR-ToF-CIMS),gas/particle,chamber; UT Austin environmental chamber; alpha-pinene + Cl2/UV with NO (alpha-pinene+Cl+NO system),chamber,,"Masoud and Ruiz, 2021, ACS Earth Space Chem.",10.1021/acsearthspacechem.1c00150,"alpha-蒎烯 + Cl + NO 体系拟合峰表第 319 条 | 原文离子式: C10H12NIO6-，原文 m/z 368.971 Th（[M+I]-，算得 368.971，Δ 0.5 mDa） | DBE 4.5，半整数 ⇒ 开壳层自由基 | 第 0 步依据：SI Table S1 表头明写 ""m/z (**I- included**)"" + ""Elemental formula""，即列出的是**离子式**（含碘）。中性式 = 离子式 − I（团簇加合）；不含 I 的离子按 [M-H]- 还原（中性 = 离子 + H）。645 行全部用给出的三位小数 m/z 独立验算通过（校验 A） | source: SI Table S1"
C16H18O2,I-,adduct,FIGAERO-I-CIMS (HR-ToF-CIMS),gas/particle,chamber; UT Austin environmental chamber; alpha-pinene + Cl2/UV with NO (alpha-pinene+Cl+NO system),chamber,,"Masoud and Ruiz, 2021, ACS Earth Space Chem.",10.1021/acsearthspacechem.1c00150,"alpha-蒎烯 + Cl + NO 体系拟合峰表第 320 条 | 原文离子式: C16H18IO2-，原文 m/z 369.036 Th（[M+I]-，算得 369.036，Δ 0.3 mDa） | DBE 8，整数 ⇒ 闭壳层 | 第 0 步依据：SI Table S1 表头明写 ""m/z (**I- included**)"" + ""Elemental formula""，即列出的是**离子式**（含碘）。中性式 = 离子式 − I（团簇加合）；不含 I 的离子按 [M-H]- 还原（中性 = 离子 + H）。645 行全部用给出的三位小数 m/z 独立验算通过（校验 A） | source: SI Table S1"
C15H24Cl2O6,I-,deprot,FIGAERO-I-CIMS (HR-ToF-CIMS),gas/particle,chamber; UT Austin environmental chamber; alpha-pinene + Cl2/UV with NO (alpha-pinene+Cl+NO system),chamber,,"Masoud and Ruiz, 2021, ACS Earth Space Chem.",10.1021/acsearthspacechem.1c00150,"alpha-蒎烯 + Cl + NO 体系拟合峰表第 321 条 | 原文离子式: C15H23Cl2O6-，原文 m/z 369.088 Th（[M-H]-，算得 369.088，Δ 0.3 mDa） | DBE 3，整数 ⇒ 闭壳层 | 第 0 步依据：SI Table S1 表头明写 ""m/z (**I- included**)"" + ""Elemental formula""，即列出的是**离子式**（含碘）。中性式 = 离子式 − I（团簇加合）；不含 I 的离子按 [M-H]- 还原（中性 = 离子 + H）。645 行全部用给出的三位小数 m/z 独立验算通过（校验 A） | source: SI Table S1"
C18H23ClO6,I-,deprot,FIGAERO-I-CIMS (HR-ToF-CIMS),gas/particle,chamber; UT Austin environmental chamber; alpha-pinene + Cl2/UV with NO (alpha-pinene+Cl+NO system),chamber,,"Masoud and Ruiz, 2021, ACS Earth Space Chem.",10.1021/acsearthspacechem.1c00150,"alpha-蒎烯 + Cl + NO 体系拟合峰表第 322 条 | 原文离子式: C18H22ClO6-，原文 m/z 369.111 Th（[M-H]-，算得 369.111，Δ 0.0 mDa） | DBE 7，整数 ⇒ 闭壳层 | 第 0 步依据：SI Table S1 表头明写 ""m/z (**I- included**)"" + ""Elemental formula""，即列出的是**离子式**（含碘）。中性式 = 离子式 − I（团簇加合）；不含 I 的离子按 [M-H]- 还原（中性 = 离子 + H）。645 行全部用给出的三位小数 m/z 独立验算通过（校验 A） | source: SI Table S1"
C11H14ClNO3,I-,adduct,FIGAERO-I-CIMS (HR-ToF-CIMS),gas/particle,chamber; UT Austin environmental chamber; alpha-pinene + Cl2/UV with NO (alpha-pinene+Cl+NO system),chamber,,"Masoud and Ruiz, 2021, ACS Earth Space Chem.",10.1021/acsearthspacechem.1c00150,"alpha-蒎烯 + Cl + NO 体系拟合峰表第 323 条 | 原文离子式: C11H14NClIO3-，原文 m/z 369.971 Th（[M+I]-，算得 369.971，Δ 0.2 mDa） | DBE 4，整数 ⇒ 闭壳层 | 第 0 步依据：SI Table S1 表头明写 ""m/z (**I- included**)"" + ""Elemental formula""，即列出的是**离子式**（含碘）。中性式 = 离子式 − I（团簇加合）；不含 I 的离子按 [M-H]- 还原（中性 = 离子 + H）。645 行全部用给出的三位小数 m/z 独立验算通过（校验 A） | source: SI Table S1"
C10H13NO6,I-,adduct,FIGAERO-I-CIMS (HR-ToF-CIMS),gas/particle,chamber; UT Austin environmental chamber; alpha-pinene + Cl2/UV with NO (alpha-pinene+Cl+NO system),chamber,,"Masoud and Ruiz, 2021, ACS Earth Space Chem.",10.1021/acsearthspacechem.1c00150,"alpha-蒎烯 + Cl + NO 体系拟合峰表第 324 条 | 原文离子式: C10H13NIO6-，原文 m/z 369.979 Th（[M+I]-，算得 369.979，Δ 0.3 mDa） | DBE 4，整数 ⇒ 闭壳层 | 第 0 步依据：SI Table S1 表头明写 ""m/z (**I- included**)"" + ""Elemental formula""，即列出的是**离子式**（含碘）。中性式 = 离子式 − I（团簇加合）；不含 I 的离子按 [M-H]- 还原（中性 = 离子 + H）。645 行全部用给出的三位小数 m/z 独立验算通过（校验 A） | source: SI Table S1"
C11H17NO5,I-,adduct,FIGAERO-I-CIMS (HR-ToF-CIMS),gas/particle,chamber; UT Austin environmental chamber; alpha-pinene + Cl2/UV with NO (alpha-pinene+Cl+NO system),chamber,,"Masoud and Ruiz, 2021, ACS Earth Space Chem.",10.1021/acsearthspacechem.1c00150,"alpha-蒎烯 + Cl + NO 体系拟合峰表第 325 条 | 原文离子式: C11H17NIO5-，原文 m/z 370.016 Th（[M+I]-，算得 370.016，Δ 0.3 mDa） | DBE 3，整数 ⇒ 闭壳层 | 第 0 步依据：SI Table S1 表头明写 ""m/z (**I- included**)"" + ""Elemental formula""，即列出的是**离子式**（含碘）。中性式 = 离子式 − I（团簇加合）；不含 I 的离子按 [M-H]- 还原（中性 = 离子 + H）。645 行全部用给出的三位小数 m/z 独立验算通过（校验 A） | source: SI Table S1"
C10H12O7,I-,adduct,FIGAERO-I-CIMS (HR-ToF-CIMS),gas/particle,chamber; UT Austin environmental chamber; alpha-pinene + Cl2/UV with NO (alpha-pinene+Cl+NO system),chamber,,"Masoud and Ruiz, 2021, ACS Earth Space Chem.",10.1021/acsearthspacechem.1c00150,"alpha-蒎烯 + Cl + NO 体系拟合峰表第 327 条 | 原文离子式: C10H12IO7-，原文 m/z 370.963 Th（[M+I]-，算得 370.963，Δ 0.3 mDa） | DBE 5，整数 ⇒ 闭壳层 | 第 0 步依据：SI Table S1 表头明写 ""m/z (**I- included**)"" + ""Elemental formula""，即列出的是**离子式**（含碘）。中性式 = 离子式 − I（团簇加合）；不含 I 的离子按 [M-H]- 还原（中性 = 离子 + H）。645 行全部用给出的三位小数 m/z 独立验算通过（校验 A） | source: SI Table S1"
C12H17ClO3,I-,adduct,FIGAERO-I-CIMS (HR-ToF-CIMS),gas/particle,chamber; UT Austin environmental chamber; alpha-pinene + Cl2/UV with NO (alpha-pinene+Cl+NO system),chamber,,"Masoud and Ruiz, 2021, ACS Earth Space Chem.",10.1021/acsearthspacechem.1c00150,"alpha-蒎烯 + Cl + NO 体系拟合峰表第 328 条 | 原文离子式: C12H17ClIO3-，原文 m/z 370.992 Th（[M+I]-，算得 370.992，Δ 0.4 mDa） | DBE 4，整数 ⇒ 闭壳层 | 第 0 步依据：SI Table S1 表头明写 ""m/z (**I- included**)"" + ""Elemental formula""，即列出的是**离子式**（含碘）。中性式 = 离子式 − I（团簇加合）；不含 I 的离子按 [M-H]- 还原（中性 = 离子 + H）。645 行全部用给出的三位小数 m/z 独立验算通过（校验 A） | source: SI Table S1"
C16H20O2,I-,adduct,FIGAERO-I-CIMS (HR-ToF-CIMS),gas/particle,chamber; UT Austin environmental chamber; alpha-pinene + Cl2/UV with NO (alpha-pinene+Cl+NO system),chamber,,"Masoud and Ruiz, 2021, ACS Earth Space Chem.",10.1021/acsearthspacechem.1c00150,"alpha-蒎烯 + Cl + NO 体系拟合峰表第 329 条 | 原文离子式: C16H20IO2-，原文 m/z 371.051 Th（[M+I]-，算得 371.051，Δ 0.4 mDa） | DBE 7，整数 ⇒ 闭壳层 | 第 0 步依据：SI Table S1 表头明写 ""m/z (**I- included**)"" + ""Elemental formula""，即列出的是**离子式**（含碘）。中性式 = 离子式 − I（团簇加合）；不含 I 的离子按 [M-H]- 还原（中性 = 离子 + H）。645 行全部用给出的三位小数 m/z 独立验算通过（校验 A） | source: SI Table S1"
C10H10ClO5,I-,adduct,FIGAERO-I-CIMS (HR-ToF-CIMS),gas/particle,chamber; UT Austin environmental chamber; alpha-pinene + Cl2/UV with NO (alpha-pinene+Cl+NO system),chamber,,"Masoud and Ruiz, 2021, ACS Earth Space Chem.",10.1021/acsearthspacechem.1c00150,"alpha-蒎烯 + Cl + NO 体系拟合峰表第 330 条 | 原文离子式: C10H10ClIO5-，原文 m/z 371.927 Th（[M+I]-，算得 371.927，Δ 0.3 mDa） | DBE 5.5，半整数 ⇒ 开壳层自由基 | 第 0 步依据：SI Table S1 表头明写 ""m/z (**I- included**)"" + ""Elemental formula""，即列出的是**离子式**（含碘）。中性式 = 离子式 − I（团簇加合）；不含 I 的离子按 [M-H]- 还原（中性 = 离子 + H）。645 行全部用给出的三位小数 m/z 独立验算通过（校验 A） | source: SI Table S1"
C11H11Cl2O10,I-,deprot,FIGAERO-I-CIMS (HR-ToF-CIMS),gas/particle,chamber; UT Austin environmental chamber; alpha-pinene + Cl2/UV with NO (alpha-pinene+Cl+NO system),chamber,,"Masoud and Ruiz, 2021, ACS Earth Space Chem.",10.1021/acsearthspacechem.1c00150,"alpha-蒎烯 + Cl + NO 体系拟合峰表第 331 条 | 原文离子式: C11H10Cl2O10-，原文 m/z 371.966 Th（[M-H]-，算得 371.966，Δ 0.3 mDa） | DBE 5.5，半整数 ⇒ 开壳层自由基 | 第 0 步依据：SI Table S1 表头明写 ""m/z (**I- included**)"" + ""Elemental formula""，即列出的是**离子式**（含碘）。中性式 = 离子式 − I（团簇加合）；不含 I 的离子按 [M-H]- 还原（中性 = 离子 + H）。645 行全部用给出的三位小数 m/z 独立验算通过（校验 A） | source: SI Table S1"
C10H15NO6,I-,adduct,FIGAERO-I-CIMS (HR-ToF-CIMS),gas/particle,chamber; UT Austin environmental chamber; alpha-pinene + Cl2/UV with NO (alpha-pinene+Cl+NO system),chamber,,"Masoud and Ruiz, 2021, ACS Earth Space Chem.",10.1021/acsearthspacechem.1c00150,"alpha-蒎烯 + Cl + NO 体系拟合峰表第 332 条 | 原文离子式: C10H15NIO6-，原文 m/z 371.995 Th（[M+I]-，算得 371.995，Δ 0.0 mDa） | DBE 3，整数 ⇒ 闭壳层 | 第 0 步依据：SI Table S1 表头明写 ""m/z (**I- included**)"" + ""Elemental formula""，即列出的是**离子式**（含碘）。中性式 = 离子式 − I（团簇加合）；不含 I 的离子按 [M-H]- 还原（中性 = 离子 + H）。645 行全部用给出的三位小数 m/z 独立验算通过（校验 A） | source: SI Table S1"
C9H7ClO6,I-,adduct,FIGAERO-I-CIMS (HR-ToF-CIMS),gas/particle,chamber; UT Austin environmental chamber; alpha-pinene + Cl2/UV with NO (alpha-pinene+Cl+NO system),chamber,,"Masoud and Ruiz, 2021, ACS Earth Space Chem.",10.1021/acsearthspacechem.1c00150,"alpha-蒎烯 + Cl + NO 体系拟合峰表第 333 条 | 原文离子式: C9H7ClIO6-，原文 m/z 372.898 Th（[M+I]-，算得 372.898，Δ 0.1 mDa） | DBE 6，整数 ⇒ 闭壳层 | 第 0 步依据：SI Table S1 表头明写 ""m/z (**I- included**)"" + ""Elemental formula""，即列出的是**离子式**（含碘）。中性式 = 离子式 − I（团簇加合）；不含 I 的离子按 [M-H]- 还原（中性 = 离子 + H）。645 行全部用给出的三位小数 m/z 独立验算通过（校验 A） | source: SI Table S1"
C8H10N2O7,I-,adduct,FIGAERO-I-CIMS (HR-ToF-CIMS),gas/particle,chamber; UT Austin environmental chamber; alpha-pinene + Cl2/UV with NO (alpha-pinene+Cl+NO system),chamber,,"Masoud and Ruiz, 2021, ACS Earth Space Chem.",10.1021/acsearthspacechem.1c00150,"alpha-蒎烯 + Cl + NO 体系拟合峰表第 334 条 | 原文离子式: C8H10N2IO7-，原文 m/z 372.954 Th（[M+I]-，算得 372.954，Δ 0.2 mDa） | DBE 3，整数 ⇒ 闭壳层 | 第 0 步依据：SI Table S1 表头明写 ""m/z (**I- included**)"" + ""Elemental formula""，即列出的是**离子式**（含碘）。中性式 = 离子式 − I（团簇加合）；不含 I 的离子按 [M-H]- 还原（中性 = 离子 + H）。645 行全部用给出的三位小数 m/z 独立验算通过（校验 A） | source: SI Table S1"
C10H18N2O5,I-,adduct,FIGAERO-I-CIMS (HR-ToF-CIMS),gas/particle,chamber; UT Austin environmental chamber; alpha-pinene + Cl2/UV with NO (alpha-pinene+Cl+NO system),chamber,,"Masoud and Ruiz, 2021, ACS Earth Space Chem.",10.1021/acsearthspacechem.1c00150,"alpha-蒎烯 + Cl + NO 体系拟合峰表第 335 条 | 原文离子式: C10H18N2IO5-，原文 m/z 373.027 Th（[M+I]-，算得 373.027，Δ 0.4 mDa） | DBE 1，整数 ⇒ 闭壳层 | 第 0 步依据：SI Table S1 表头明写 ""m/z (**I- included**)"" + ""Elemental formula""，即列出的是**离子式**（含碘）。中性式 = 离子式 − I（团簇加合）；不含 I 的离子按 [M-H]- 还原（中性 = 离子 + H）。645 行全部用给出的三位小数 m/z 独立验算通过（校验 A） | source: SI Table S1"
C10H12ClO5,I-,adduct,FIGAERO-I-CIMS (HR-ToF-CIMS),gas/particle,chamber; UT Austin environmental chamber; alpha-pinene + Cl2/UV with NO (alpha-pinene+Cl+NO system),chamber,,"Masoud and Ruiz, 2021, ACS Earth Space Chem.",10.1021/acsearthspacechem.1c00150,"alpha-蒎烯 + Cl + NO 体系拟合峰表第 336 条 | 原文离子式: C10H12ClIO5-，原文 m/z 373.942 Th（[M+I]-，算得 373.942，Δ 0.3 mDa） | DBE 4.5，半整数 ⇒ 开壳层自由基 | 第 0 步依据：SI Table S1 表头明写 ""m/z (**I- included**)"" + ""Elemental formula""，即列出的是**离子式**（含碘）。中性式 = 离子式 − I（团簇加合）；不含 I 的离子按 [M-H]- 还原（中性 = 离子 + H）。645 行全部用给出的三位小数 m/z 独立验算通过（校验 A） | source: SI Table S1"
C9H13NO7,I-,adduct,FIGAERO-I-CIMS (HR-ToF-CIMS),gas/particle,chamber; UT Austin environmental chamber; alpha-pinene + Cl2/UV with NO (alpha-pinene+Cl+NO system),chamber,,"Masoud and Ruiz, 2021, ACS Earth Space Chem.",10.1021/acsearthspacechem.1c00150,"alpha-蒎烯 + Cl + NO 体系拟合峰表第 337 条 | 原文离子式: C9H13NIO7-，原文 m/z 373.974 Th（[M+I]-，算得 373.974，Δ 0.2 mDa） | DBE 3，整数 ⇒ 闭壳层 | 第 0 步依据：SI Table S1 表头明写 ""m/z (**I- included**)"" + ""Elemental formula""，即列出的是**离子式**（含碘）。中性式 = 离子式 − I（团簇加合）；不含 I 的离子按 [M-H]- 还原（中性 = 离子 + H）。645 行全部用给出的三位小数 m/z 独立验算通过（校验 A） | source: SI Table S1"
C10H17NO6,I-,adduct,FIGAERO-I-CIMS (HR-ToF-CIMS),gas/particle,chamber; UT Austin environmental chamber; alpha-pinene + Cl2/UV with NO (alpha-pinene+Cl+NO system),chamber,,"Masoud and Ruiz, 2021, ACS Earth Space Chem.",10.1021/acsearthspacechem.1c00150,"alpha-蒎烯 + Cl + NO 体系拟合峰表第 338 条 | 原文离子式: C10H17NIO6-，原文 m/z 374.011 Th（[M+I]-，算得 374.011，Δ 0.4 mDa） | DBE 2，整数 ⇒ 闭壳层 | 第 0 步依据：SI Table S1 表头明写 ""m/z (**I- included**)"" + ""Elemental formula""，即列出的是**离子式**（含碘）。中性式 = 离子式 − I（团簇加合）；不含 I 的离子按 [M-H]- 还原（中性 = 离子 + H）。645 行全部用给出的三位小数 m/z 独立验算通过（校验 A） | source: SI Table S1"
C15H21NO2,I-,adduct,FIGAERO-I-CIMS (HR-ToF-CIMS),gas/particle,chamber; UT Austin environmental chamber; alpha-pinene + Cl2/UV with NO (alpha-pinene+Cl+NO system),chamber,,"Masoud and Ruiz, 2021, ACS Earth Space Chem.",10.1021/acsearthspacechem.1c00150,"alpha-蒎烯 + Cl + NO 体系拟合峰表第 339 条 | 原文离子式: C15H21NIO2-，原文 m/z 374.062 Th（[M+I]-，算得 374.062，Δ 0.3 mDa） | DBE 5，整数 ⇒ 闭壳层 | 第 0 步依据：SI Table S1 表头明写 ""m/z (**I- included**)"" + ""Elemental formula""，即列出的是**离子式**（含碘）。中性式 = 离子式 − I（团簇加合）；不含 I 的离子按 [M-H]- 还原（中性 = 离子 + H）。645 行全部用给出的三位小数 m/z 独立验算通过（校验 A） | source: SI Table S1"
C10H13ClO5,I-,adduct,FIGAERO-I-CIMS (HR-ToF-CIMS),gas/particle,chamber; UT Austin environmental chamber; alpha-pinene + Cl2/UV with NO (alpha-pinene+Cl+NO system),chamber,,"Masoud and Ruiz, 2021, ACS Earth Space Chem.",10.1021/acsearthspacechem.1c00150,"alpha-蒎烯 + Cl + NO 体系拟合峰表第 340 条 | 原文离子式: C10H13ClIO5-，原文 m/z 374.95 Th（[M+I]-，算得 374.950，Δ 0.2 mDa） | DBE 4，整数 ⇒ 闭壳层 | 第 0 步依据：SI Table S1 表头明写 ""m/z (**I- included**)"" + ""Elemental formula""，即列出的是**离子式**（含碘）。中性式 = 离子式 − I（团簇加合）；不含 I 的离子按 [M-H]- 还原（中性 = 离子 + H）。645 行全部用给出的三位小数 m/z 独立验算通过（校验 A） | source: SI Table S1"
C10H16O7,I-,adduct,FIGAERO-I-CIMS (HR-ToF-CIMS),gas/particle,chamber; UT Austin environmental chamber; alpha-pinene + Cl2/UV with NO (alpha-pinene+Cl+NO system),chamber,,"Masoud and Ruiz, 2021, ACS Earth Space Chem.",10.1021/acsearthspacechem.1c00150,"alpha-蒎烯 + Cl + NO 体系拟合峰表第 341 条 | 原文离子式: C10H16IO7-，原文 m/z 374.995 Th（[M+I]-，算得 374.995，Δ 0.4 mDa） | DBE 3，整数 ⇒ 闭壳层 | 第 0 步依据：SI Table S1 表头明写 ""m/z (**I- included**)"" + ""Elemental formula""，即列出的是**离子式**（含碘）。中性式 = 离子式 − I（团簇加合）；不含 I 的离子按 [M-H]- 还原（中性 = 离子 + H）。645 行全部用给出的三位小数 m/z 独立验算通过（校验 A） | source: SI Table S1"
C13H22Cl2O8,I-,deprot,FIGAERO-I-CIMS (HR-ToF-CIMS),gas/particle,chamber; UT Austin environmental chamber; alpha-pinene + Cl2/UV with NO (alpha-pinene+Cl+NO system),chamber,,"Masoud and Ruiz, 2021, ACS Earth Space Chem.",10.1021/acsearthspacechem.1c00150,"alpha-蒎烯 + Cl + NO 体系拟合峰表第 342 条 | 原文离子式: C13H21Cl2O8-，原文 m/z 375.062 Th（[M-H]-，算得 375.062，Δ 0.1 mDa） | DBE 2，整数 ⇒ 闭壳层 | 第 0 步依据：SI Table S1 表头明写 ""m/z (**I- included**)"" + ""Elemental formula""，即列出的是**离子式**（含碘）。中性式 = 离子式 − I（团簇加合）；不含 I 的离子按 [M-H]- 还原（中性 = 离子 + H）。645 行全部用给出的三位小数 m/z 独立验算通过（校验 A） | source: SI Table S1"
C8H11NO8,I-,adduct,FIGAERO-I-CIMS (HR-ToF-CIMS),gas/particle,chamber; UT Austin environmental chamber; alpha-pinene + Cl2/UV with NO (alpha-pinene+Cl+NO system),chamber,,"Masoud and Ruiz, 2021, ACS Earth Space Chem.",10.1021/acsearthspacechem.1c00150,"alpha-蒎烯 + Cl + NO 体系拟合峰表第 343 条 | 原文离子式: C8H11NIO8-，原文 m/z 375.953 Th（[M+I]-，算得 375.953，Δ 0.5 mDa） | DBE 3，整数 ⇒ 闭壳层 | 第 0 步依据：SI Table S1 表头明写 ""m/z (**I- included**)"" + ""Elemental formula""，即列出的是**离子式**（含碘）。中性式 = 离子式 − I（团簇加合）；不含 I 的离子按 [M-H]- 还原（中性 = 离子 + H）。645 行全部用给出的三位小数 m/z 独立验算通过（校验 A） | source: SI Table S1"
C9H15NO7,I-,adduct,FIGAERO-I-CIMS (HR-ToF-CIMS),gas/particle,chamber; UT Austin environmental chamber; alpha-pinene + Cl2/UV with NO (alpha-pinene+Cl+NO system),chamber,,"Masoud and Ruiz, 2021, ACS Earth Space Chem.",10.1021/acsearthspacechem.1c00150,"alpha-蒎烯 + Cl + NO 体系拟合峰表第 344 条 | 原文离子式: C9H15NIO7-，原文 m/z 375.99 Th（[M+I]-，算得 375.990，Δ 0.1 mDa） | DBE 2，整数 ⇒ 闭壳层 | 第 0 步依据：SI Table S1 表头明写 ""m/z (**I- included**)"" + ""Elemental formula""，即列出的是**离子式**（含碘）。中性式 = 离子式 − I（团簇加合）；不含 I 的离子按 [M-H]- 还原（中性 = 离子 + H）。645 行全部用给出的三位小数 m/z 独立验算通过（校验 A） | source: SI Table S1"
C10H19NO6,I-,adduct,FIGAERO-I-CIMS (HR-ToF-CIMS),gas/particle,chamber; UT Austin environmental chamber; alpha-pinene + Cl2/UV with NO (alpha-pinene+Cl+NO system),chamber,,"Masoud and Ruiz, 2021, ACS Earth Space Chem.",10.1021/acsearthspacechem.1c00150,"alpha-蒎烯 + Cl + NO 体系拟合峰表第 345 条 | 原文离子式: C10H19NIO6-，原文 m/z 376.026 Th（[M+I]-，算得 376.026，Δ 0.3 mDa） | DBE 1，整数 ⇒ 闭壳层 | 第 0 步依据：SI Table S1 表头明写 ""m/z (**I- included**)"" + ""Elemental formula""，即列出的是**离子式**（含碘）。中性式 = 离子式 − I（团簇加合）；不含 I 的离子按 [M-H]- 还原（中性 = 离子 + H）。645 行全部用给出的三位小数 m/z 独立验算通过（校验 A） | source: SI Table S1"
C8H7ClO7,I-,adduct,FIGAERO-I-CIMS (HR-ToF-CIMS),gas/particle,chamber; UT Austin environmental chamber; alpha-pinene + Cl2/UV with NO (alpha-pinene+Cl+NO system),chamber,,"Masoud and Ruiz, 2021, ACS Earth Space Chem.",10.1021/acsearthspacechem.1c00150,"alpha-蒎烯 + Cl + NO 体系拟合峰表第 347 条 | 原文离子式: C8H7ClIO7-，原文 m/z 376.893 Th（[M+I]-，算得 376.893，Δ 0.1 mDa） | DBE 5，整数 ⇒ 闭壳层 | 第 0 步依据：SI Table S1 表头明写 ""m/z (**I- included**)"" + ""Elemental formula""，即列出的是**离子式**（含碘）。中性式 = 离子式 − I（团簇加合）；不含 I 的离子按 [M-H]- 还原（中性 = 离子 + H）。645 行全部用给出的三位小数 m/z 独立验算通过（校验 A） | source: SI Table S1"
C10H15ClO5,I-,adduct,FIGAERO-I-CIMS (HR-ToF-CIMS),gas/particle,chamber; UT Austin environmental chamber; alpha-pinene + Cl2/UV with NO (alpha-pinene+Cl+NO system),chamber,,"Masoud and Ruiz, 2021, ACS Earth Space Chem.",10.1021/acsearthspacechem.1c00150,"alpha-蒎烯 + Cl + NO 体系拟合峰表第 348 条 | 原文离子式: C10H15ClIO5-，原文 m/z 376.966 Th（[M+I]-，算得 376.966，Δ 0.2 mDa） | DBE 3，整数 ⇒ 闭壳层 | 第 0 步依据：SI Table S1 表头明写 ""m/z (**I- included**)"" + ""Elemental formula""，即列出的是**离子式**（含碘）。中性式 = 离子式 − I（团簇加合）；不含 I 的离子按 [M-H]- 还原（中性 = 离子 + H）。645 行全部用给出的三位小数 m/z 独立验算通过（校验 A） | source: SI Table S1"
C13H24Cl2O8,I-,deprot,FIGAERO-I-CIMS (HR-ToF-CIMS),gas/particle,chamber; UT Austin environmental chamber; alpha-pinene + Cl2/UV with NO (alpha-pinene+Cl+NO system),chamber,,"Masoud and Ruiz, 2021, ACS Earth Space Chem.",10.1021/acsearthspacechem.1c00150,"alpha-蒎烯 + Cl + NO 体系拟合峰表第 349 条 | 原文离子式: C13H23Cl2O8-，原文 m/z 377.078 Th（[M-H]-，算得 377.078，Δ 0.5 mDa） | DBE 1，整数 ⇒ 闭壳层 | 第 0 步依据：SI Table S1 表头明写 ""m/z (**I- included**)"" + ""Elemental formula""，即列出的是**离子式**（含碘）。中性式 = 离子式 − I（团簇加合）；不含 I 的离子按 [M-H]- 还原（中性 = 离子 + H）。645 行全部用给出的三位小数 m/z 独立验算通过（校验 A） | source: SI Table S1"
C12H11O6,I-,adduct,FIGAERO-I-CIMS (HR-ToF-CIMS),gas/particle,chamber; UT Austin environmental chamber; alpha-pinene + Cl2/UV with NO (alpha-pinene+Cl+NO system),chamber,,"Masoud and Ruiz, 2021, ACS Earth Space Chem.",10.1021/acsearthspacechem.1c00150,"alpha-蒎烯 + Cl + NO 体系拟合峰表第 350 条 | 原文离子式: C12H11IO6-，原文 m/z 377.961 Th（[M+I]-，算得 377.961，Δ 0.4 mDa） | DBE 7.5，半整数 ⇒ 开壳层自由基 | 第 0 步依据：SI Table S1 表头明写 ""m/z (**I- included**)"" + ""Elemental formula""，即列出的是**离子式**（含碘）。中性式 = 离子式 − I（团簇加合）；不含 I 的离子按 [M-H]- 还原（中性 = 离子 + H）。645 行全部用给出的三位小数 m/z 独立验算通过（校验 A） | source: SI Table S1"
C9H17NO7,I-,adduct,FIGAERO-I-CIMS (HR-ToF-CIMS),gas/particle,chamber; UT Austin environmental chamber; alpha-pinene + Cl2/UV with NO (alpha-pinene+Cl+NO system),chamber,,"Masoud and Ruiz, 2021, ACS Earth Space Chem.",10.1021/acsearthspacechem.1c00150,"alpha-蒎烯 + Cl + NO 体系拟合峰表第 351 条 | 原文离子式: C9H17NIO7-，原文 m/z 378.006 Th（[M+I]-，算得 378.006，Δ 0.5 mDa） | DBE 1，整数 ⇒ 闭壳层 | 第 0 步依据：SI Table S1 表头明写 ""m/z (**I- included**)"" + ""Elemental formula""，即列出的是**离子式**（含碘）。中性式 = 离子式 − I（团簇加合）；不含 I 的离子按 [M-H]- 还原（中性 = 离子 + H）。645 行全部用给出的三位小数 m/z 独立验算通过（校验 A） | source: SI Table S1"
C14H21NO3,I-,adduct,FIGAERO-I-CIMS (HR-ToF-CIMS),gas/particle,chamber; UT Austin environmental chamber; alpha-pinene + Cl2/UV with NO (alpha-pinene+Cl+NO system),chamber,,"Masoud and Ruiz, 2021, ACS Earth Space Chem.",10.1021/acsearthspacechem.1c00150,"alpha-蒎烯 + Cl + NO 体系拟合峰表第 352 条 | 原文离子式: C14H21NIO3-，原文 m/z 378.057 Th（[M+I]-，算得 378.057，Δ 0.2 mDa） | DBE 4，整数 ⇒ 闭壳层 | 第 0 步依据：SI Table S1 表头明写 ""m/z (**I- included**)"" + ""Elemental formula""，即列出的是**离子式**（含碘）。中性式 = 离子式 − I（团簇加合）；不含 I 的离子按 [M-H]- 还原（中性 = 离子 + H）。645 行全部用给出的三位小数 m/z 独立验算通过（校验 A） | source: SI Table S1"
C11H8O7,I-,adduct,FIGAERO-I-CIMS (HR-ToF-CIMS),gas/particle,chamber; UT Austin environmental chamber; alpha-pinene + Cl2/UV with NO (alpha-pinene+Cl+NO system),chamber,,"Masoud and Ruiz, 2021, ACS Earth Space Chem.",10.1021/acsearthspacechem.1c00150,"alpha-蒎烯 + Cl + NO 体系拟合峰表第 353 条 | 原文离子式: C11H8IO7-，原文 m/z 378.932 Th（[M+I]-，算得 378.932，Δ 0.0 mDa） | DBE 8，整数 ⇒ 闭壳层 | 第 0 步依据：SI Table S1 表头明写 ""m/z (**I- included**)"" + ""Elemental formula""，即列出的是**离子式**（含碘）。中性式 = 离子式 − I（团簇加合）；不含 I 的离子按 [M-H]- 还原（中性 = 离子 + H）。645 行全部用给出的三位小数 m/z 独立验算通过（校验 A） | source: SI Table S1"
C12H12O6,I-,adduct,FIGAERO-I-CIMS (HR-ToF-CIMS),gas/particle,chamber; UT Austin environmental chamber; alpha-pinene + Cl2/UV with NO (alpha-pinene+Cl+NO system),chamber,,"Masoud and Ruiz, 2021, ACS Earth Space Chem.",10.1021/acsearthspacechem.1c00150,"alpha-蒎烯 + Cl + NO 体系拟合峰表第 354 条 | 原文离子式: C12H12IO6-，原文 m/z 378.968 Th（[M+I]-，算得 378.968，Δ 0.4 mDa） | DBE 7，整数 ⇒ 闭壳层 | 第 0 步依据：SI Table S1 表头明写 ""m/z (**I- included**)"" + ""Elemental formula""，即列出的是**离子式**（含碘）。中性式 = 离子式 − I（团簇加合）；不含 I 的离子按 [M-H]- 还原（中性 = 离子 + H）。645 行全部用给出的三位小数 m/z 独立验算通过（校验 A） | source: SI Table S1"
C14H20O4,I-,adduct,FIGAERO-I-CIMS (HR-ToF-CIMS),gas/particle,chamber; UT Austin environmental chamber; alpha-pinene + Cl2/UV with NO (alpha-pinene+Cl+NO system),chamber,,"Masoud and Ruiz, 2021, ACS Earth Space Chem.",10.1021/acsearthspacechem.1c00150,"alpha-蒎烯 + Cl + NO 体系拟合峰表第 355 条 | 原文离子式: C14H20IO4-，原文 m/z 379.041 Th（[M+I]-，算得 379.041，Δ 0.2 mDa） | DBE 5，整数 ⇒ 闭壳层 | 第 0 步依据：SI Table S1 表头明写 ""m/z (**I- included**)"" + ""Elemental formula""，即列出的是**离子式**（含碘）。中性式 = 离子式 − I（团簇加合）；不含 I 的离子按 [M-H]- 还原（中性 = 离子 + H）。645 行全部用给出的三位小数 m/z 独立验算通过（校验 A） | source: SI Table S1"
C7H11NO9,I-,adduct,FIGAERO-I-CIMS (HR-ToF-CIMS),gas/particle,chamber; UT Austin environmental chamber; alpha-pinene + Cl2/UV with NO (alpha-pinene+Cl+NO system),chamber,,"Masoud and Ruiz, 2021, ACS Earth Space Chem.",10.1021/acsearthspacechem.1c00150,"alpha-蒎烯 + Cl + NO 体系拟合峰表第 356 条 | 原文离子式: C7H11NIO9-，原文 m/z 379.948 Th（[M+I]-，算得 379.948，Δ 0.4 mDa） | DBE 2，整数 ⇒ 闭壳层 | 第 0 步依据：SI Table S1 表头明写 ""m/z (**I- included**)"" + ""Elemental formula""，即列出的是**离子式**（含碘）。中性式 = 离子式 − I（团簇加合）；不含 I 的离子按 [M-H]- 还原（中性 = 离子 + H）。645 行全部用给出的三位小数 m/z 独立验算通过（校验 A） | source: SI Table S1"
C8H15NO8,I-,adduct,FIGAERO-I-CIMS (HR-ToF-CIMS),gas/particle,chamber; UT Austin environmental chamber; alpha-pinene + Cl2/UV with NO (alpha-pinene+Cl+NO system),chamber,,"Masoud and Ruiz, 2021, ACS Earth Space Chem.",10.1021/acsearthspacechem.1c00150,"alpha-蒎烯 + Cl + NO 体系拟合峰表第 357 条 | 原文离子式: C8H15NIO8-，原文 m/z 379.985 Th（[M+I]-，算得 379.985，Δ 0.2 mDa） | DBE 1，整数 ⇒ 闭壳层 | 第 0 步依据：SI Table S1 表头明写 ""m/z (**I- included**)"" + ""Elemental formula""，即列出的是**离子式**（含碘）。中性式 = 离子式 − I（团簇加合）；不含 I 的离子按 [M-H]- 还原（中性 = 离子 + H）。645 行全部用给出的三位小数 m/z 独立验算通过（校验 A） | source: SI Table S1"
C11H11O7,I-,adduct,FIGAERO-I-CIMS (HR-ToF-CIMS),gas/particle,chamber; UT Austin environmental chamber; alpha-pinene + Cl2/UV with NO (alpha-pinene+Cl+NO system),chamber,,"Masoud and Ruiz, 2021, ACS Earth Space Chem.",10.1021/acsearthspacechem.1c00150,"alpha-蒎烯 + Cl + NO 体系拟合峰表第 359 条 | 原文离子式: C11H11IO7-，原文 m/z 381.955 Th（[M+I]-，算得 381.955，Δ 0.5 mDa） | DBE 6.5，半整数 ⇒ 开壳层自由基 | 第 0 步依据：SI Table S1 表头明写 ""m/z (**I- included**)"" + ""Elemental formula""，即列出的是**离子式**（含碘）。中性式 = 离子式 − I（团簇加合）；不含 I 的离子按 [M-H]- 还原（中性 = 离子 + H）。645 行全部用给出的三位小数 m/z 独立验算通过（校验 A） | source: SI Table S1"
C11H13NO6,I-,adduct,FIGAERO-I-CIMS (HR-ToF-CIMS),gas/particle,chamber; UT Austin environmental chamber; alpha-pinene + Cl2/UV with NO (alpha-pinene+Cl+NO system),chamber,,"Masoud and Ruiz, 2021, ACS Earth Space Chem.",10.1021/acsearthspacechem.1c00150,"alpha-蒎烯 + Cl + NO 体系拟合峰表第 360 条 | 原文离子式: C11H13NIO6-，原文 m/z 381.979 Th（[M+I]-，算得 381.979，Δ 0.3 mDa） | DBE 5，整数 ⇒ 闭壳层 | 第 0 步依据：SI Table S1 表头明写 ""m/z (**I- included**)"" + ""Elemental formula""，即列出的是**离子式**（含碘）。中性式 = 离子式 − I（团簇加合）；不含 I 的离子按 [M-H]- 还原（中性 = 离子 + H）。645 行全部用给出的三位小数 m/z 独立验算通过（校验 A） | source: SI Table S1"
C10H5ClO6,I-,adduct,FIGAERO-I-CIMS (HR-ToF-CIMS),gas/particle,chamber; UT Austin environmental chamber; alpha-pinene + Cl2/UV with NO (alpha-pinene+Cl+NO system),chamber,,"Masoud and Ruiz, 2021, ACS Earth Space Chem.",10.1021/acsearthspacechem.1c00150,"alpha-蒎烯 + Cl + NO 体系拟合峰表第 362 条 | 原文离子式: C10H5ClIO6-，原文 m/z 382.882 Th（[M+I]-，算得 382.882，Δ 0.5 mDa） | DBE 8，整数 ⇒ 闭壳层 | 第 0 步依据：SI Table S1 表头明写 ""m/z (**I- included**)"" + ""Elemental formula""，即列出的是**离子式**（含碘）。中性式 = 离子式 − I（团簇加合）；不含 I 的离子按 [M-H]- 还原（中性 = 离子 + H）。645 行全部用给出的三位小数 m/z 独立验算通过（校验 A） | source: SI Table S1"
C10H10NO7,I-,adduct,FIGAERO-I-CIMS (HR-ToF-CIMS),gas/particle,chamber; UT Austin environmental chamber; alpha-pinene + Cl2/UV with NO (alpha-pinene+Cl+NO system),chamber,,"Masoud and Ruiz, 2021, ACS Earth Space Chem.",10.1021/acsearthspacechem.1c00150,"alpha-蒎烯 + Cl + NO 体系拟合峰表第 363 条 | 原文离子式: C10H10NIO7-，原文 m/z 382.951 Th（[M+I]-，算得 382.951，Δ 0.3 mDa） | DBE 5.5，半整数 ⇒ 开壳层自由基 | 第 0 步依据：SI Table S1 表头明写 ""m/z (**I- included**)"" + ""Elemental formula""，即列出的是**离子式**（含碘）。中性式 = 离子式 − I（团簇加合）；不含 I 的离子按 [M-H]- 还原（中性 = 离子 + H）。645 行全部用给出的三位小数 m/z 独立验算通过（校验 A） | source: SI Table S1"
C12H16O6,I-,adduct,FIGAERO-I-CIMS (HR-ToF-CIMS),gas/particle,chamber; UT Austin environmental chamber; alpha-pinene + Cl2/UV with NO (alpha-pinene+Cl+NO system),chamber,,"Masoud and Ruiz, 2021, ACS Earth Space Chem.",10.1021/acsearthspacechem.1c00150,"alpha-蒎烯 + Cl + NO 体系拟合峰表第 364 条 | 原文离子式: C12H16IO6-，原文 m/z 383.0 Th（[M+I]-，算得 383.000，Δ 0.3 mDa） | DBE 5，整数 ⇒ 闭壳层 | 第 0 步依据：SI Table S1 表头明写 ""m/z (**I- included**)"" + ""Elemental formula""，即列出的是**离子式**（含碘）。中性式 = 离子式 − I（团簇加合）；不含 I 的离子按 [M-H]- 还原（中性 = 离子 + H）。645 行全部用给出的三位小数 m/z 独立验算通过（校验 A） | source: SI Table S1"
C17H20O2,I-,adduct,FIGAERO-I-CIMS (HR-ToF-CIMS),gas/particle,chamber; UT Austin environmental chamber; alpha-pinene + Cl2/UV with NO (alpha-pinene+Cl+NO system),chamber,,"Masoud and Ruiz, 2021, ACS Earth Space Chem.",10.1021/acsearthspacechem.1c00150,"alpha-蒎烯 + Cl + NO 体系拟合峰表第 365 条 | 原文离子式: C17H20IO2-，原文 m/z 383.051 Th（[M+I]-，算得 383.051，Δ 0.4 mDa） | DBE 8，整数 ⇒ 闭壳层 | 第 0 步依据：SI Table S1 表头明写 ""m/z (**I- included**)"" + ""Elemental formula""，即列出的是**离子式**（含碘）。中性式 = 离子式 − I（团簇加合）；不含 I 的离子按 [M-H]- 还原（中性 = 离子 + H）。645 行全部用给出的三位小数 m/z 独立验算通过（校验 A） | source: SI Table S1"
C10H9O8,I-,adduct,FIGAERO-I-CIMS (HR-ToF-CIMS),gas/particle,chamber; UT Austin environmental chamber; alpha-pinene + Cl2/UV with NO (alpha-pinene+Cl+NO system),chamber,,"Masoud and Ruiz, 2021, ACS Earth Space Chem.",10.1021/acsearthspacechem.1c00150,"alpha-蒎烯 + Cl + NO 体系拟合峰表第 368 条 | 原文离子式: C10H9IO8-，原文 m/z 383.935 Th（[M+I]-，算得 383.935，Δ 0.2 mDa） | DBE 6.5，半整数 ⇒ 开壳层自由基 | 第 0 步依据：SI Table S1 表头明写 ""m/z (**I- included**)"" + ""Elemental formula""，即列出的是**离子式**（含碘）。中性式 = 离子式 − I（团簇加合）；不含 I 的离子按 [M-H]- 还原（中性 = 离子 + H）。645 行全部用给出的三位小数 m/z 独立验算通过（校验 A） | source: SI Table S1"
C11H13O7,I-,adduct,FIGAERO-I-CIMS (HR-ToF-CIMS),gas/particle,chamber; UT Austin environmental chamber; alpha-pinene + Cl2/UV with NO (alpha-pinene+Cl+NO system),chamber,,"Masoud and Ruiz, 2021, ACS Earth Space Chem.",10.1021/acsearthspacechem.1c00150,"alpha-蒎烯 + Cl + NO 体系拟合峰表第 369 条 | 原文离子式: C11H13IO7-，原文 m/z 383.971 Th（[M+I]-，算得 383.971，Δ 0.1 mDa） | DBE 5.5，半整数 ⇒ 开壳层自由基 | 第 0 步依据：SI Table S1 表头明写 ""m/z (**I- included**)"" + ""Elemental formula""，即列出的是**离子式**（含碘）。中性式 = 离子式 − I（团簇加合）；不含 I 的离子按 [M-H]- 还原（中性 = 离子 + H）。645 行全部用给出的三位小数 m/z 独立验算通过（校验 A） | source: SI Table S1"
C12H12Cl2O2,I-,adduct,FIGAERO-I-CIMS (HR-ToF-CIMS),gas/particle,chamber; UT Austin environmental chamber; alpha-pinene + Cl2/UV with NO (alpha-pinene+Cl+NO system),chamber,,"Masoud and Ruiz, 2021, ACS Earth Space Chem.",10.1021/acsearthspacechem.1c00150,"alpha-蒎烯 + Cl + NO 体系拟合峰表第 370 条 | 原文离子式: C12H12Cl2IO2-，原文 m/z 384.926 Th（[M+I]-，算得 384.926，Δ 0.5 mDa） | DBE 6，整数 ⇒ 闭壳层 | 第 0 步依据：SI Table S1 表头明写 ""m/z (**I- included**)"" + ""Elemental formula""，即列出的是**离子式**（含碘）。中性式 = 离子式 − I（团簇加合）；不含 I 的离子按 [M-H]- 还原（中性 = 离子 + H）。645 行全部用给出的三位小数 m/z 独立验算通过（校验 A） | source: SI Table S1"
C11H14O7,I-,adduct,FIGAERO-I-CIMS (HR-ToF-CIMS),gas/particle,chamber; UT Austin environmental chamber; alpha-pinene + Cl2/UV with NO (alpha-pinene+Cl+NO system),chamber,,"Masoud and Ruiz, 2021, ACS Earth Space Chem.",10.1021/acsearthspacechem.1c00150,"alpha-蒎烯 + Cl + NO 体系拟合峰表第 371 条 | 原文离子式: C11H14IO7-，原文 m/z 384.979 Th（[M+I]-，算得 384.979，Δ 0.0 mDa） | DBE 5，整数 ⇒ 闭壳层 | 第 0 步依据：SI Table S1 表头明写 ""m/z (**I- included**)"" + ""Elemental formula""，即列出的是**离子式**（含碘）。中性式 = 离子式 − I（团簇加合）；不含 I 的离子按 [M-H]- 还原（中性 = 离子 + H）。645 行全部用给出的三位小数 m/z 独立验算通过（校验 A） | source: SI Table S1"
C12H18O6,I-,adduct,FIGAERO-I-CIMS (HR-ToF-CIMS),gas/particle,chamber; UT Austin environmental chamber; alpha-pinene + Cl2/UV with NO (alpha-pinene+Cl+NO system),chamber,,"Masoud and Ruiz, 2021, ACS Earth Space Chem.",10.1021/acsearthspacechem.1c00150,"alpha-蒎烯 + Cl + NO 体系拟合峰表第 372 条 | 原文离子式: C12H18IO6-，原文 m/z 385.015 Th（[M+I]-，算得 385.015，Δ 0.4 mDa） | DBE 4，整数 ⇒ 闭壳层 | 第 0 步依据：SI Table S1 表头明写 ""m/z (**I- included**)"" + ""Elemental formula""，即列出的是**离子式**（含碘）。中性式 = 离子式 − I（团簇加合）；不含 I 的离子按 [M-H]- 还原（中性 = 离子 + H）。645 行全部用给出的三位小数 m/z 独立验算通过（校验 A） | source: SI Table S1"
C18H23ClO7,I-,deprot,FIGAERO-I-CIMS (HR-ToF-CIMS),gas/particle,chamber; UT Austin environmental chamber; alpha-pinene + Cl2/UV with NO (alpha-pinene+Cl+NO system),chamber,,"Masoud and Ruiz, 2021, ACS Earth Space Chem.",10.1021/acsearthspacechem.1c00150,"alpha-蒎烯 + Cl + NO 体系拟合峰表第 373 条 | 原文离子式: C18H22ClO7-，原文 m/z 385.106 Th（[M-H]-，算得 385.106，Δ 0.0 mDa） | DBE 7，整数 ⇒ 闭壳层 | 第 0 步依据：SI Table S1 表头明写 ""m/z (**I- included**)"" + ""Elemental formula""，即列出的是**离子式**（含碘）。中性式 = 离子式 − I（团簇加合）；不含 I 的离子按 [M-H]- 还原（中性 = 离子 + H）。645 行全部用给出的三位小数 m/z 独立验算通过（校验 A） | source: SI Table S1"
C8H7N2O8,I-,adduct,FIGAERO-I-CIMS (HR-ToF-CIMS),gas/particle,chamber; UT Austin environmental chamber; alpha-pinene + Cl2/UV with NO (alpha-pinene+Cl+NO system),chamber,,"Masoud and Ruiz, 2021, ACS Earth Space Chem.",10.1021/acsearthspacechem.1c00150,"alpha-蒎烯 + Cl + NO 体系拟合峰表第 374 条 | 原文离子式: C8H7N2IO8-，原文 m/z 385.925 Th（[M+I]-，算得 385.925，Δ 0.3 mDa） | DBE 4.5，半整数 ⇒ 开壳层自由基 | 第 0 步依据：SI Table S1 表头明写 ""m/z (**I- included**)"" + ""Elemental formula""，即列出的是**离子式**（含碘）。中性式 = 离子式 − I（团簇加合）；不含 I 的离子按 [M-H]- 还原（中性 = 离子 + H）。645 行全部用给出的三位小数 m/z 独立验算通过（校验 A） | source: SI Table S1"
C10H13NO7,I-,adduct,FIGAERO-I-CIMS (HR-ToF-CIMS),gas/particle,chamber; UT Austin environmental chamber; alpha-pinene + Cl2/UV with NO (alpha-pinene+Cl+NO system),chamber,,"Masoud and Ruiz, 2021, ACS Earth Space Chem.",10.1021/acsearthspacechem.1c00150,"alpha-蒎烯 + Cl + NO 体系拟合峰表第 375 条 | 原文离子式: C10H13NIO7-，原文 m/z 385.974 Th（[M+I]-，算得 385.974，Δ 0.2 mDa） | DBE 4，整数 ⇒ 闭壳层 | 第 0 步依据：SI Table S1 表头明写 ""m/z (**I- included**)"" + ""Elemental formula""，即列出的是**离子式**（含碘）。中性式 = 离子式 − I（团簇加合）；不含 I 的离子按 [M-H]- 还原（中性 = 离子 + H）。645 行全部用给出的三位小数 m/z 独立验算通过（校验 A） | source: SI Table S1"
C13H20ClO3,I-,adduct,FIGAERO-I-CIMS (HR-ToF-CIMS),gas/particle,chamber; UT Austin environmental chamber; alpha-pinene + Cl2/UV with NO (alpha-pinene+Cl+NO system),chamber,,"Masoud and Ruiz, 2021, ACS Earth Space Chem.",10.1021/acsearthspacechem.1c00150,"alpha-蒎烯 + Cl + NO 体系拟合峰表第 376 条 | 原文离子式: C13H20ClIO3-，原文 m/z 386.015 Th（[M+I]-，算得 386.015，Δ 0.1 mDa） | DBE 3.5，半整数 ⇒ 开壳层自由基 | 第 0 步依据：SI Table S1 表头明写 ""m/z (**I- included**)"" + ""Elemental formula""，即列出的是**离子式**（含碘）。中性式 = 离子式 − I（团簇加合）；不含 I 的离子按 [M-H]- 还原（中性 = 离子 + H）。645 行全部用给出的三位小数 m/z 独立验算通过（校验 A） | source: SI Table S1"
C11H12Cl2NO2,I-,adduct,FIGAERO-I-CIMS (HR-ToF-CIMS),gas/particle,chamber; UT Austin environmental chamber; alpha-pinene + Cl2/UV with NO (alpha-pinene+Cl+NO system),chamber,,"Masoud and Ruiz, 2021, ACS Earth Space Chem.",10.1021/acsearthspacechem.1c00150,"alpha-蒎烯 + Cl + NO 体系拟合峰表第 378 条 | 原文离子式: C11H12NCl2IO2-，原文 m/z 386.93 Th（[M+I]-，算得 386.930，Δ 0.5 mDa） | DBE 4.5，半整数 ⇒ 开壳层自由基 | 第 0 步依据：SI Table S1 表头明写 ""m/z (**I- included**)"" + ""Elemental formula""，即列出的是**离子式**（含碘）。中性式 = 离子式 − I（团簇加合）；不含 I 的离子按 [M-H]- 还原（中性 = 离子 + H）。645 行全部用给出的三位小数 m/z 独立验算通过（校验 A） | source: SI Table S1"
C12H20O6,I-,adduct,FIGAERO-I-CIMS (HR-ToF-CIMS),gas/particle,chamber; UT Austin environmental chamber; alpha-pinene + Cl2/UV with NO (alpha-pinene+Cl+NO system),chamber,,"Masoud and Ruiz, 2021, ACS Earth Space Chem.",10.1021/acsearthspacechem.1c00150,"alpha-蒎烯 + Cl + NO 体系拟合峰表第 380 条 | 原文离子式: C12H20IO6-，原文 m/z 387.031 Th（[M+I]-，算得 387.031，Δ 0.0 mDa） | DBE 3，整数 ⇒ 闭壳层 | 第 0 步依据：SI Table S1 表头明写 ""m/z (**I- included**)"" + ""Elemental formula""，即列出的是**离子式**（含碘）。中性式 = 离子式 − I（团簇加合）；不含 I 的离子按 [M-H]- 还原（中性 = 离子 + H）。645 行全部用给出的三位小数 m/z 独立验算通过（校验 A） | source: SI Table S1"
C10H10ClO6,I-,adduct,FIGAERO-I-CIMS (HR-ToF-CIMS),gas/particle,chamber; UT Austin environmental chamber; alpha-pinene + Cl2/UV with NO (alpha-pinene+Cl+NO system),chamber,,"Masoud and Ruiz, 2021, ACS Earth Space Chem.",10.1021/acsearthspacechem.1c00150,"alpha-蒎烯 + Cl + NO 体系拟合峰表第 382 条 | 原文离子式: C10H10ClIO6-，原文 m/z 387.922 Th（[M+I]-，算得 387.922，Δ 0.4 mDa） | DBE 5.5，半整数 ⇒ 开壳层自由基 | 第 0 步依据：SI Table S1 表头明写 ""m/z (**I- included**)"" + ""Elemental formula""，即列出的是**离子式**（含碘）。中性式 = 离子式 − I（团簇加合）；不含 I 的离子按 [M-H]- 还原（中性 = 离子 + H）。645 行全部用给出的三位小数 m/z 独立验算通过（校验 A） | source: SI Table S1"
C11H14ClO5,I-,adduct,FIGAERO-I-CIMS (HR-ToF-CIMS),gas/particle,chamber; UT Austin environmental chamber; alpha-pinene + Cl2/UV with NO (alpha-pinene+Cl+NO system),chamber,,"Masoud and Ruiz, 2021, ACS Earth Space Chem.",10.1021/acsearthspacechem.1c00150,"alpha-蒎烯 + Cl + NO 体系拟合峰表第 383 条 | 原文离子式: C11H14ClIO5-，原文 m/z 387.958 Th（[M+I]-，算得 387.958，Δ 0.0 mDa） | DBE 4.5，半整数 ⇒ 开壳层自由基 | 第 0 步依据：SI Table S1 表头明写 ""m/z (**I- included**)"" + ""Elemental formula""，即列出的是**离子式**（含碘）。中性式 = 离子式 − I（团簇加合）；不含 I 的离子按 [M-H]- 还原（中性 = 离子 + H）。645 行全部用给出的三位小数 m/z 独立验算通过（校验 A） | source: SI Table S1"
C10H15NO7,I-,adduct,FIGAERO-I-CIMS (HR-ToF-CIMS),gas/particle,chamber; UT Austin environmental chamber; alpha-pinene + Cl2/UV with NO (alpha-pinene+Cl+NO system),chamber,,"Masoud and Ruiz, 2021, ACS Earth Space Chem.",10.1021/acsearthspacechem.1c00150,"alpha-蒎烯 + Cl + NO 体系拟合峰表第 384 条 | 原文离子式: C10H15NIO7-，原文 m/z 387.99 Th（[M+I]-，算得 387.990，Δ 0.1 mDa） | DBE 3，整数 ⇒ 闭壳层 | 第 0 步依据：SI Table S1 表头明写 ""m/z (**I- included**)"" + ""Elemental formula""，即列出的是**离子式**（含碘）。中性式 = 离子式 − I（团簇加合）；不含 I 的离子按 [M-H]- 还原（中性 = 离子 + H）。645 行全部用给出的三位小数 m/z 独立验算通过（校验 A） | source: SI Table S1"
C16H23NO2,I-,adduct,FIGAERO-I-CIMS (HR-ToF-CIMS),gas/particle,chamber; UT Austin environmental chamber; alpha-pinene + Cl2/UV with NO (alpha-pinene+Cl+NO system),chamber,,"Masoud and Ruiz, 2021, ACS Earth Space Chem.",10.1021/acsearthspacechem.1c00150,"alpha-蒎烯 + Cl + NO 体系拟合峰表第 385 条 | 原文离子式: C16H23NIO2-，原文 m/z 388.078 Th（[M+I]-，算得 388.078，Δ 0.1 mDa） | DBE 5，整数 ⇒ 闭壳层 | 第 0 步依据：SI Table S1 表头明写 ""m/z (**I- included**)"" + ""Elemental formula""，即列出的是**离子式**（含碘）。中性式 = 离子式 − I（团簇加合）；不含 I 的离子按 [M-H]- 还原（中性 = 离子 + H）。645 行全部用给出的三位小数 m/z 独立验算通过（校验 A） | source: SI Table S1"
C11H12Cl2O3,I-,adduct,FIGAERO-I-CIMS (HR-ToF-CIMS),gas/particle,chamber; UT Austin environmental chamber; alpha-pinene + Cl2/UV with NO (alpha-pinene+Cl+NO system),chamber,,"Masoud and Ruiz, 2021, ACS Earth Space Chem.",10.1021/acsearthspacechem.1c00150,"alpha-蒎烯 + Cl + NO 体系拟合峰表第 386 条 | 原文离子式: C11H12Cl2IO3-，原文 m/z 388.921 Th（[M+I]-，算得 388.921，Δ 0.4 mDa） | DBE 5，整数 ⇒ 闭壳层 | 第 0 步依据：SI Table S1 表头明写 ""m/z (**I- included**)"" + ""Elemental formula""，即列出的是**离子式**（含碘）。中性式 = 离子式 − I（团簇加合）；不含 I 的离子按 [M-H]- 还原（中性 = 离子 + H）。645 行全部用给出的三位小数 m/z 独立验算通过（校验 A） | source: SI Table S1"
C10H14O8,I-,adduct,FIGAERO-I-CIMS (HR-ToF-CIMS),gas/particle,chamber; UT Austin environmental chamber; alpha-pinene + Cl2/UV with NO (alpha-pinene+Cl+NO system),chamber,,"Masoud and Ruiz, 2021, ACS Earth Space Chem.",10.1021/acsearthspacechem.1c00150,"alpha-蒎烯 + Cl + NO 体系拟合峰表第 387 条 | 原文离子式: C10H14IO8-，原文 m/z 388.974 Th（[M+I]-，算得 388.974，Δ 0.1 mDa） | DBE 4，整数 ⇒ 闭壳层 | 第 0 步依据：SI Table S1 表头明写 ""m/z (**I- included**)"" + ""Elemental formula""，即列出的是**离子式**（含碘）。中性式 = 离子式 − I（团簇加合）；不含 I 的离子按 [M-H]- 还原（中性 = 离子 + H）。645 行全部用给出的三位小数 m/z 独立验算通过（校验 A） | source: SI Table S1"
C11H18O7,I-,adduct,FIGAERO-I-CIMS (HR-ToF-CIMS),gas/particle,chamber; UT Austin environmental chamber; alpha-pinene + Cl2/UV with NO (alpha-pinene+Cl+NO system),chamber,,"Masoud and Ruiz, 2021, ACS Earth Space Chem.",10.1021/acsearthspacechem.1c00150,"alpha-蒎烯 + Cl + NO 体系拟合峰表第 388 条 | 原文离子式: C11H18IO7-，原文 m/z 389.01 Th（[M+I]-，算得 389.010，Δ 0.3 mDa） | DBE 3，整数 ⇒ 闭壳层 | 第 0 步依据：SI Table S1 表头明写 ""m/z (**I- included**)"" + ""Elemental formula""，即列出的是**离子式**（含碘）。中性式 = 离子式 − I（团簇加合）；不含 I 的离子按 [M-H]- 还原（中性 = 离子 + H）。645 行全部用给出的三位小数 m/z 独立验算通过（校验 A） | source: SI Table S1"
C9H13NO8,I-,adduct,FIGAERO-I-CIMS (HR-ToF-CIMS),gas/particle,chamber; UT Austin environmental chamber; alpha-pinene + Cl2/UV with NO (alpha-pinene+Cl+NO system),chamber,,"Masoud and Ruiz, 2021, ACS Earth Space Chem.",10.1021/acsearthspacechem.1c00150,"alpha-蒎烯 + Cl + NO 体系拟合峰表第 389 条 | 原文离子式: C9H13NIO8-，原文 m/z 389.969 Th（[M+I]-，算得 389.969，Δ 0.1 mDa） | DBE 3，整数 ⇒ 闭壳层 | 第 0 步依据：SI Table S1 表头明写 ""m/z (**I- included**)"" + ""Elemental formula""，即列出的是**离子式**（含碘）。中性式 = 离子式 − I（团簇加合）；不含 I 的离子按 [M-H]- 还原（中性 = 离子 + H）。645 行全部用给出的三位小数 m/z 独立验算通过（校验 A） | source: SI Table S1"
C10H15O8,I-,adduct,FIGAERO-I-CIMS (HR-ToF-CIMS),gas/particle,chamber; UT Austin environmental chamber; alpha-pinene + Cl2/UV with NO (alpha-pinene+Cl+NO system),chamber,,"Masoud and Ruiz, 2021, ACS Earth Space Chem.",10.1021/acsearthspacechem.1c00150,"alpha-蒎烯 + Cl + NO 体系拟合峰表第 390 条 | 原文离子式: C10H15IO8-，原文 m/z 389.982 Th（[M+I]-，算得 389.982，Δ 0.3 mDa） | DBE 3.5，半整数 ⇒ 开壳层自由基 | 第 0 步依据：SI Table S1 表头明写 ""m/z (**I- included**)"" + ""Elemental formula""，即列出的是**离子式**（含碘）。中性式 = 离子式 − I（团簇加合）；不含 I 的离子按 [M-H]- 还原（中性 = 离子 + H）。645 行全部用给出的三位小数 m/z 独立验算通过（校验 A） | source: SI Table S1"
C10H17NO7,I-,adduct,FIGAERO-I-CIMS (HR-ToF-CIMS),gas/particle,chamber; UT Austin environmental chamber; alpha-pinene + Cl2/UV with NO (alpha-pinene+Cl+NO system),chamber,,"Masoud and Ruiz, 2021, ACS Earth Space Chem.",10.1021/acsearthspacechem.1c00150,"alpha-蒎烯 + Cl + NO 体系拟合峰表第 391 条 | 原文离子式: C10H17NIO7-，原文 m/z 390.006 Th（[M+I]-，算得 390.006，Δ 0.5 mDa） | DBE 2，整数 ⇒ 闭壳层 | 第 0 步依据：SI Table S1 表头明写 ""m/z (**I- included**)"" + ""Elemental formula""，即列出的是**离子式**（含碘）。中性式 = 离子式 − I（团簇加合）；不含 I 的离子按 [M-H]- 还原（中性 = 离子 + H）。645 行全部用给出的三位小数 m/z 独立验算通过（校验 A） | source: SI Table S1"
C16H25NO2,I-,adduct,FIGAERO-I-CIMS (HR-ToF-CIMS),gas/particle,chamber; UT Austin environmental chamber; alpha-pinene + Cl2/UV with NO (alpha-pinene+Cl+NO system),chamber,,"Masoud and Ruiz, 2021, ACS Earth Space Chem.",10.1021/acsearthspacechem.1c00150,"alpha-蒎烯 + Cl + NO 体系拟合峰表第 392 条 | 原文离子式: C16H25NIO2-，原文 m/z 390.094 Th（[M+I]-，算得 390.094，Δ 0.4 mDa） | DBE 4，整数 ⇒ 闭壳层 | 第 0 步依据：SI Table S1 表头明写 ""m/z (**I- included**)"" + ""Elemental formula""，即列出的是**离子式**（含碘）。中性式 = 离子式 − I（团簇加合）；不含 I 的离子按 [M-H]- 还原（中性 = 离子 + H）。645 行全部用给出的三位小数 m/z 独立验算通过（校验 A） | source: SI Table S1"
C10H10Cl2O4,I-,adduct,FIGAERO-I-CIMS (HR-ToF-CIMS),gas/particle,chamber; UT Austin environmental chamber; alpha-pinene + Cl2/UV with NO (alpha-pinene+Cl+NO system),chamber,,"Masoud and Ruiz, 2021, ACS Earth Space Chem.",10.1021/acsearthspacechem.1c00150,"alpha-蒎烯 + Cl + NO 体系拟合峰表第 393 条 | 原文离子式: C10H10Cl2IO4-，原文 m/z 390.901 Th（[M+I]-，算得 390.901，Δ 0.4 mDa） | DBE 5，整数 ⇒ 闭壳层 | 第 0 步依据：SI Table S1 表头明写 ""m/z (**I- included**)"" + ""Elemental formula""，即列出的是**离子式**（含碘）。中性式 = 离子式 − I（团簇加合）；不含 I 的离子按 [M-H]- 还原（中性 = 离子 + H）。645 行全部用给出的三位小数 m/z 独立验算通过（校验 A） | source: SI Table S1"
C11H14Cl2O3,I-,adduct,FIGAERO-I-CIMS (HR-ToF-CIMS),gas/particle,chamber; UT Austin environmental chamber; alpha-pinene + Cl2/UV with NO (alpha-pinene+Cl+NO system),chamber,,"Masoud and Ruiz, 2021, ACS Earth Space Chem.",10.1021/acsearthspacechem.1c00150,"alpha-蒎烯 + Cl + NO 体系拟合峰表第 394 条 | 原文离子式: C11H14Cl2IO3-，原文 m/z 390.937 Th（[M+I]-，算得 390.937，Δ 0.0 mDa） | DBE 4，整数 ⇒ 闭壳层 | 第 0 步依据：SI Table S1 表头明写 ""m/z (**I- included**)"" + ""Elemental formula""，即列出的是**离子式**（含碘）。中性式 = 离子式 − I（团簇加合）；不含 I 的离子按 [M-H]- 还原（中性 = 离子 + H）。645 行全部用给出的三位小数 m/z 独立验算通过（校验 A） | source: SI Table S1"
C10H16O8,I-,adduct,FIGAERO-I-CIMS (HR-ToF-CIMS),gas/particle,chamber; UT Austin environmental chamber; alpha-pinene + Cl2/UV with NO (alpha-pinene+Cl+NO system),chamber,,"Masoud and Ruiz, 2021, ACS Earth Space Chem.",10.1021/acsearthspacechem.1c00150,"alpha-蒎烯 + Cl + NO 体系拟合峰表第 395 条 | 原文离子式: C10H16IO8-，原文 m/z 390.99 Th（[M+I]-，算得 390.990，Δ 0.5 mDa） | DBE 3，整数 ⇒ 闭壳层 | 第 0 步依据：SI Table S1 表头明写 ""m/z (**I- included**)"" + ""Elemental formula""，即列出的是**离子式**（含碘）。中性式 = 离子式 − I（团簇加合）；不含 I 的离子按 [M-H]- 还原（中性 = 离子 + H）。645 行全部用给出的三位小数 m/z 独立验算通过（校验 A） | source: SI Table S1"
C16H24O3,I-,adduct,FIGAERO-I-CIMS (HR-ToF-CIMS),gas/particle,chamber; UT Austin environmental chamber; alpha-pinene + Cl2/UV with NO (alpha-pinene+Cl+NO system),chamber,,"Masoud and Ruiz, 2021, ACS Earth Space Chem.",10.1021/acsearthspacechem.1c00150,"alpha-蒎烯 + Cl + NO 体系拟合峰表第 396 条 | 原文离子式: C16H24IO3-，原文 m/z 391.078 Th（[M+I]-，算得 391.078，Δ 0.4 mDa） | DBE 5，整数 ⇒ 闭壳层 | 第 0 步依据：SI Table S1 表头明写 ""m/z (**I- included**)"" + ""Elemental formula""，即列出的是**离子式**（含碘）。中性式 = 离子式 − I（团簇加合）；不含 I 的离子按 [M-H]- 还原（中性 = 离子 + H）。645 行全部用给出的三位小数 m/z 独立验算通过（校验 A） | source: SI Table S1"
C8H11NO9,I-,adduct,FIGAERO-I-CIMS (HR-ToF-CIMS),gas/particle,chamber; UT Austin environmental chamber; alpha-pinene + Cl2/UV with NO (alpha-pinene+Cl+NO system),chamber,,"Masoud and Ruiz, 2021, ACS Earth Space Chem.",10.1021/acsearthspacechem.1c00150,"alpha-蒎烯 + Cl + NO 体系拟合峰表第 397 条 | 原文离子式: C8H11NIO9-，原文 m/z 391.948 Th（[M+I]-，算得 391.948，Δ 0.4 mDa） | DBE 3，整数 ⇒ 闭壳层 | 第 0 步依据：SI Table S1 表头明写 ""m/z (**I- included**)"" + ""Elemental formula""，即列出的是**离子式**（含碘）。中性式 = 离子式 − I（团簇加合）；不含 I 的离子按 [M-H]- 还原（中性 = 离子 + H）。645 行全部用给出的三位小数 m/z 独立验算通过（校验 A） | source: SI Table S1"
C9H15NO8,I-,adduct,FIGAERO-I-CIMS (HR-ToF-CIMS),gas/particle,chamber; UT Austin environmental chamber; alpha-pinene + Cl2/UV with NO (alpha-pinene+Cl+NO system),chamber,,"Masoud and Ruiz, 2021, ACS Earth Space Chem.",10.1021/acsearthspacechem.1c00150,"alpha-蒎烯 + Cl + NO 体系拟合峰表第 398 条 | 原文离子式: C9H15NIO8-，原文 m/z 391.985 Th（[M+I]-，算得 391.985，Δ 0.2 mDa） ；同一分子在同一谱图中亦以 [M-H]- 形式出现（拟合峰表第 72 条，264.072 Th）——按去重键 formula+reagent+reference 合并为一条，detection 取加合支 | DBE 2，整数 ⇒ 闭壳层 | 第 0 步依据：SI Table S1 表头明写 ""m/z (**I- included**)"" + ""Elemental formula""，即列出的是**离子式**（含碘）。中性式 = 离子式 − I（团簇加合）；不含 I 的离子按 [M-H]- 还原（中性 = 离子 + H）。645 行全部用给出的三位小数 m/z 独立验算通过（校验 A） | source: SI Table S1"
C10H19NO7,I-,adduct,FIGAERO-I-CIMS (HR-ToF-CIMS),gas/particle,chamber; UT Austin environmental chamber; alpha-pinene + Cl2/UV with NO (alpha-pinene+Cl+NO system),chamber,,"Masoud and Ruiz, 2021, ACS Earth Space Chem.",10.1021/acsearthspacechem.1c00150,"alpha-蒎烯 + Cl + NO 体系拟合峰表第 399 条 | 原文离子式: C10H19NIO7-，原文 m/z 392.021 Th（[M+I]-，算得 392.021，Δ 0.2 mDa） | DBE 1，整数 ⇒ 闭壳层 | 第 0 步依据：SI Table S1 表头明写 ""m/z (**I- included**)"" + ""Elemental formula""，即列出的是**离子式**（含碘）。中性式 = 离子式 − I（团簇加合）；不含 I 的离子按 [M-H]- 还原（中性 = 离子 + H）。645 行全部用给出的三位小数 m/z 独立验算通过（校验 A） | source: SI Table S1"
C16H21Cl2NO6,I-,deprot,FIGAERO-I-CIMS (HR-ToF-CIMS),gas/particle,chamber; UT Austin environmental chamber; alpha-pinene + Cl2/UV with NO (alpha-pinene+Cl+NO system),chamber,,"Masoud and Ruiz, 2021, ACS Earth Space Chem.",10.1021/acsearthspacechem.1c00150,"alpha-蒎烯 + Cl + NO 体系拟合峰表第 400 条 | 原文离子式: C16H20NCl2O6-，原文 m/z 392.067 Th（[M-H]-，算得 392.067，Δ 0.3 mDa） | DBE 5，整数 ⇒ 闭壳层 | 第 0 步依据：SI Table S1 表头明写 ""m/z (**I- included**)"" + ""Elemental formula""，即列出的是**离子式**（含碘）。中性式 = 离子式 − I（团簇加合）；不含 I 的离子按 [M-H]- 还原（中性 = 离子 + H）。645 行全部用给出的三位小数 m/z 独立验算通过（校验 A） | source: SI Table S1"
C9H14O9,I-,adduct,FIGAERO-I-CIMS (HR-ToF-CIMS),gas/particle,chamber; UT Austin environmental chamber; alpha-pinene + Cl2/UV with NO (alpha-pinene+Cl+NO system),chamber,,"Masoud and Ruiz, 2021, ACS Earth Space Chem.",10.1021/acsearthspacechem.1c00150,"alpha-蒎烯 + Cl + NO 体系拟合峰表第 401 条 | 原文离子式: C9H14IO9-，原文 m/z 392.969 Th（[M+I]-，算得 392.969，Δ 0.2 mDa） | DBE 3，整数 ⇒ 闭壳层 | 第 0 步依据：SI Table S1 表头明写 ""m/z (**I- included**)"" + ""Elemental formula""，即列出的是**离子式**（含碘）。中性式 = 离子式 − I（团簇加合）；不含 I 的离子按 [M-H]- 还原（中性 = 离子 + H）。645 行全部用给出的三位小数 m/z 独立验算通过（校验 A） | source: SI Table S1"
C15H22O4,I-,adduct,FIGAERO-I-CIMS (HR-ToF-CIMS),gas/particle,chamber; UT Austin environmental chamber; alpha-pinene + Cl2/UV with NO (alpha-pinene+Cl+NO system),chamber,,"Masoud and Ruiz, 2021, ACS Earth Space Chem.",10.1021/acsearthspacechem.1c00150,"alpha-蒎烯 + Cl + NO 体系拟合峰表第 402 条 | 原文离子式: C15H22IO4-，原文 m/z 393.057 Th（[M+I]-，算得 393.057，Δ 0.2 mDa） | DBE 5，整数 ⇒ 闭壳层 | 第 0 步依据：SI Table S1 表头明写 ""m/z (**I- included**)"" + ""Elemental formula""，即列出的是**离子式**（含碘）。中性式 = 离子式 − I（团簇加合）；不含 I 的离子按 [M-H]- 还原（中性 = 离子 + H）。645 行全部用给出的三位小数 m/z 独立验算通过（校验 A） | source: SI Table S1"
C16H26O3,I-,adduct,FIGAERO-I-CIMS (HR-ToF-CIMS),gas/particle,chamber; UT Austin environmental chamber; alpha-pinene + Cl2/UV with NO (alpha-pinene+Cl+NO system),chamber,,"Masoud and Ruiz, 2021, ACS Earth Space Chem.",10.1021/acsearthspacechem.1c00150,"alpha-蒎烯 + Cl + NO 体系拟合峰表第 403 条 | 原文离子式: C16H26IO3-，原文 m/z 393.093 Th（[M+I]-，算得 393.093，Δ 0.2 mDa） | DBE 4，整数 ⇒ 闭壳层 | 第 0 步依据：SI Table S1 表头明写 ""m/z (**I- included**)"" + ""Elemental formula""，即列出的是**离子式**（含碘）。中性式 = 离子式 − I（团簇加合）；不含 I 的离子按 [M-H]- 还原（中性 = 离子 + H）。645 行全部用给出的三位小数 m/z 独立验算通过（校验 A） | source: SI Table S1"
C11H9NO7,I-,adduct,FIGAERO-I-CIMS (HR-ToF-CIMS),gas/particle,chamber; UT Austin environmental chamber; alpha-pinene + Cl2/UV with NO (alpha-pinene+Cl+NO system),chamber,,"Masoud and Ruiz, 2021, ACS Earth Space Chem.",10.1021/acsearthspacechem.1c00150,"alpha-蒎烯 + Cl + NO 体系拟合峰表第 404 条 | 原文离子式: C11H9NIO7-，原文 m/z 393.943 Th（[M+I]-，算得 393.943，Δ 0.1 mDa） | DBE 7，整数 ⇒ 闭壳层 | 第 0 步依据：SI Table S1 表头明写 ""m/z (**I- included**)"" + ""Elemental formula""，即列出的是**离子式**（含碘）。中性式 = 离子式 − I（团簇加合）；不含 I 的离子按 [M-H]- 还原（中性 = 离子 + H）。645 行全部用给出的三位小数 m/z 独立验算通过（校验 A） | source: SI Table S1"
C10H16ClO6,I-,adduct,FIGAERO-I-CIMS (HR-ToF-CIMS),gas/particle,chamber; UT Austin environmental chamber; alpha-pinene + Cl2/UV with NO (alpha-pinene+Cl+NO system),chamber,,"Masoud and Ruiz, 2021, ACS Earth Space Chem.",10.1021/acsearthspacechem.1c00150,"alpha-蒎烯 + Cl + NO 体系拟合峰表第 405 条 | 原文离子式: C10H16ClIO6-，原文 m/z 393.969 Th（[M+I]-，算得 393.969，Δ 0.4 mDa） | DBE 2.5，半整数 ⇒ 开壳层自由基 | 第 0 步依据：SI Table S1 表头明写 ""m/z (**I- included**)"" + ""Elemental formula""，即列出的是**离子式**（含碘）。中性式 = 离子式 − I（团簇加合）；不含 I 的离子按 [M-H]- 还原（中性 = 离子 + H）。645 行全部用给出的三位小数 m/z 独立验算通过（校验 A） | source: SI Table S1"
C9H10Cl2O5,I-,adduct,FIGAERO-I-CIMS (HR-ToF-CIMS),gas/particle,chamber; UT Austin environmental chamber; alpha-pinene + Cl2/UV with NO (alpha-pinene+Cl+NO system),chamber,,"Masoud and Ruiz, 2021, ACS Earth Space Chem.",10.1021/acsearthspacechem.1c00150,"alpha-蒎烯 + Cl + NO 体系拟合峰表第 406 条 | 原文离子式: C9H10Cl2IO5-，原文 m/z 394.896 Th（[M+I]-，算得 394.896，Δ 0.4 mDa） | DBE 4，整数 ⇒ 闭壳层 | 第 0 步依据：SI Table S1 表头明写 ""m/z (**I- included**)"" + ""Elemental formula""，即列出的是**离子式**（含碘）。中性式 = 离子式 − I（团簇加合）；不含 I 的离子按 [M-H]- 还原（中性 = 离子 + H）。645 行全部用给出的三位小数 m/z 独立验算通过（校验 A） | source: SI Table S1"
C13H13ClO4,I-,adduct,FIGAERO-I-CIMS (HR-ToF-CIMS),gas/particle,chamber; UT Austin environmental chamber; alpha-pinene + Cl2/UV with NO (alpha-pinene+Cl+NO system),chamber,,"Masoud and Ruiz, 2021, ACS Earth Space Chem.",10.1021/acsearthspacechem.1c00150,"alpha-蒎烯 + Cl + NO 体系拟合峰表第 407 条 | 原文离子式: C13H13ClIO4-，原文 m/z 394.955 Th（[M+I]-，算得 394.955，Δ 0.3 mDa） | DBE 7，整数 ⇒ 闭壳层 | 第 0 步依据：SI Table S1 表头明写 ""m/z (**I- included**)"" + ""Elemental formula""，即列出的是**离子式**（含碘）。中性式 = 离子式 − I（团簇加合）；不含 I 的离子按 [M-H]- 还原（中性 = 离子 + H）。645 行全部用给出的三位小数 m/z 独立验算通过（校验 A） | source: SI Table S1"
C9H16O9,I-,adduct,FIGAERO-I-CIMS (HR-ToF-CIMS),gas/particle,chamber; UT Austin environmental chamber; alpha-pinene + Cl2/UV with NO (alpha-pinene+Cl+NO system),chamber,,"Masoud and Ruiz, 2021, ACS Earth Space Chem.",10.1021/acsearthspacechem.1c00150,"alpha-蒎烯 + Cl + NO 体系拟合峰表第 408 条 | 原文离子式: C9H16IO9-，原文 m/z 394.984 Th（[M+I]-，算得 394.984，Δ 0.5 mDa） | DBE 2，整数 ⇒ 闭壳层 | 第 0 步依据：SI Table S1 表头明写 ""m/z (**I- included**)"" + ""Elemental formula""，即列出的是**离子式**（含碘）。中性式 = 离子式 − I（团簇加合）；不含 I 的离子按 [M-H]- 还原（中性 = 离子 + H）。645 行全部用给出的三位小数 m/z 独立验算通过（校验 A） | source: SI Table S1"
C14H20O5,I-,adduct,FIGAERO-I-CIMS (HR-ToF-CIMS),gas/particle,chamber; UT Austin environmental chamber; alpha-pinene + Cl2/UV with NO (alpha-pinene+Cl+NO system),chamber,,"Masoud and Ruiz, 2021, ACS Earth Space Chem.",10.1021/acsearthspacechem.1c00150,"alpha-蒎烯 + Cl + NO 体系拟合峰表第 409 条 | 原文离子式: C14H20IO5-，原文 m/z 395.036 Th（[M+I]-，算得 395.036，Δ 0.1 mDa） | DBE 5，整数 ⇒ 闭壳层 | 第 0 步依据：SI Table S1 表头明写 ""m/z (**I- included**)"" + ""Elemental formula""，即列出的是**离子式**（含碘）。中性式 = 离子式 − I（团簇加合）；不含 I 的离子按 [M-H]- 还原（中性 = 离子 + H）。645 行全部用给出的三位小数 m/z 独立验算通过（校验 A） | source: SI Table S1"
C16H28O3,I-,adduct,FIGAERO-I-CIMS (HR-ToF-CIMS),gas/particle,chamber; UT Austin environmental chamber; alpha-pinene + Cl2/UV with NO (alpha-pinene+Cl+NO system),chamber,,"Masoud and Ruiz, 2021, ACS Earth Space Chem.",10.1021/acsearthspacechem.1c00150,"alpha-蒎烯 + Cl + NO 体系拟合峰表第 410 条 | 原文离子式: C16H28IO3-，原文 m/z 395.109 Th（[M+I]-，算得 395.109，Δ 0.1 mDa） | DBE 3，整数 ⇒ 闭壳层 | 第 0 步依据：SI Table S1 表头明写 ""m/z (**I- included**)"" + ""Elemental formula""，即列出的是**离子式**（含碘）。中性式 = 离子式 − I（团簇加合）；不含 I 的离子按 [M-H]- 还原（中性 = 离子 + H）。645 行全部用给出的三位小数 m/z 独立验算通过（校验 A） | source: SI Table S1"
C9H11Cl2O5,I-,adduct,FIGAERO-I-CIMS (HR-ToF-CIMS),gas/particle,chamber; UT Austin environmental chamber; alpha-pinene + Cl2/UV with NO (alpha-pinene+Cl+NO system),chamber,,"Masoud and Ruiz, 2021, ACS Earth Space Chem.",10.1021/acsearthspacechem.1c00150,"alpha-蒎烯 + Cl + NO 体系拟合峰表第 411 条 | 原文离子式: C9H11Cl2IO5-，原文 m/z 395.903 Th（[M+I]-，算得 395.903，Δ 0.4 mDa） | DBE 3.5，半整数 ⇒ 开壳层自由基 | 第 0 步依据：SI Table S1 表头明写 ""m/z (**I- included**)"" + ""Elemental formula""，即列出的是**离子式**（含碘）。中性式 = 离子式 − I（团簇加合）；不含 I 的离子按 [M-H]- 还原（中性 = 离子 + H）。645 行全部用给出的三位小数 m/z 独立验算通过（校验 A） | source: SI Table S1"
C13H17O6,I-,adduct,FIGAERO-I-CIMS (HR-ToF-CIMS),gas/particle,chamber; UT Austin environmental chamber; alpha-pinene + Cl2/UV with NO (alpha-pinene+Cl+NO system),chamber,,"Masoud and Ruiz, 2021, ACS Earth Space Chem.",10.1021/acsearthspacechem.1c00150,"alpha-蒎烯 + Cl + NO 体系拟合峰表第 412 条 | 原文离子式: C13H17IO6-，原文 m/z 396.008 Th（[M+I]-，算得 396.008，Δ 0.5 mDa） | DBE 5.5，半整数 ⇒ 开壳层自由基 | 第 0 步依据：SI Table S1 表头明写 ""m/z (**I- included**)"" + ""Elemental formula""，即列出的是**离子式**（含碘）。中性式 = 离子式 − I（团簇加合）；不含 I 的离子按 [M-H]- 还原（中性 = 离子 + H）。645 行全部用给出的三位小数 m/z 独立验算通过（校验 A） | source: SI Table S1"
C11H10O8,I-,adduct,FIGAERO-I-CIMS (HR-ToF-CIMS),gas/particle,chamber; UT Austin environmental chamber; alpha-pinene + Cl2/UV with NO (alpha-pinene+Cl+NO system),chamber,,"Masoud and Ruiz, 2021, ACS Earth Space Chem.",10.1021/acsearthspacechem.1c00150,"alpha-蒎烯 + Cl + NO 体系拟合峰表第 413 条 | 原文离子式: C11H10IO8-，原文 m/z 396.943 Th（[M+I]-，算得 396.943，Δ 0.4 mDa） | DBE 7，整数 ⇒ 闭壳层 | 第 0 步依据：SI Table S1 表头明写 ""m/z (**I- included**)"" + ""Elemental formula""，即列出的是**离子式**（含碘）。中性式 = 离子式 − I（团簇加合）；不含 I 的离子按 [M-H]- 还原（中性 = 离子 + H）。645 行全部用给出的三位小数 m/z 独立验算通过（校验 A） | source: SI Table S1"
C12H18N2O5,I-,adduct,FIGAERO-I-CIMS (HR-ToF-CIMS),gas/particle,chamber; UT Austin environmental chamber; alpha-pinene + Cl2/UV with NO (alpha-pinene+Cl+NO system),chamber,,"Masoud and Ruiz, 2021, ACS Earth Space Chem.",10.1021/acsearthspacechem.1c00150,"alpha-蒎烯 + Cl + NO 体系拟合峰表第 415 条 | 原文离子式: C12H18N2IO5-，原文 m/z 397.027 Th（[M+I]-，算得 397.027，Δ 0.4 mDa） | DBE 3，整数 ⇒ 闭壳层 | 第 0 步依据：SI Table S1 表头明写 ""m/z (**I- included**)"" + ""Elemental formula""，即列出的是**离子式**（含碘）。中性式 = 离子式 − I（团簇加合）；不含 I 的离子按 [M-H]- 还原（中性 = 离子 + H）。645 行全部用给出的三位小数 m/z 独立验算通过（校验 A） | source: SI Table S1"
C16H27ClO9,I-,deprot,FIGAERO-I-CIMS (HR-ToF-CIMS),gas/particle,chamber; UT Austin environmental chamber; alpha-pinene + Cl2/UV with NO (alpha-pinene+Cl+NO system),chamber,,"Masoud and Ruiz, 2021, ACS Earth Space Chem.",10.1021/acsearthspacechem.1c00150,"alpha-蒎烯 + Cl + NO 体系拟合峰表第 417 条 | 原文离子式: C16H26ClO9-，原文 m/z 397.127 Th（[M-H]-，算得 397.127，Δ 0.1 mDa） | DBE 3，整数 ⇒ 闭壳层 | 第 0 步依据：SI Table S1 表头明写 ""m/z (**I- included**)"" + ""Elemental formula""，即列出的是**离子式**（含碘）。中性式 = 离子式 − I（团簇加合）；不含 I 的离子按 [M-H]- 还原（中性 = 离子 + H）。645 行全部用给出的三位小数 m/z 独立验算通过（校验 A） | source: SI Table S1"
C9H13Cl2O5,I-,adduct,FIGAERO-I-CIMS (HR-ToF-CIMS),gas/particle,chamber; UT Austin environmental chamber; alpha-pinene + Cl2/UV with NO (alpha-pinene+Cl+NO system),chamber,,"Masoud and Ruiz, 2021, ACS Earth Space Chem.",10.1021/acsearthspacechem.1c00150,"alpha-蒎烯 + Cl + NO 体系拟合峰表第 418 条 | 原文离子式: C9H13Cl2IO5-，原文 m/z 397.919 Th（[M+I]-，算得 397.919，Δ 0.0 mDa） | DBE 2.5，半整数 ⇒ 开壳层自由基 | 第 0 步依据：SI Table S1 表头明写 ""m/z (**I- included**)"" + ""Elemental formula""，即列出的是**离子式**（含碘）。中性式 = 离子式 − I（团簇加合）；不含 I 的离子按 [M-H]- 还原（中性 = 离子 + H）。645 行全部用给出的三位小数 m/z 独立验算通过（校验 A） | source: SI Table S1"
C12H14ClNO4,I-,adduct,FIGAERO-I-CIMS (HR-ToF-CIMS),gas/particle,chamber; UT Austin environmental chamber; alpha-pinene + Cl2/UV with NO (alpha-pinene+Cl+NO system),chamber,,"Masoud and Ruiz, 2021, ACS Earth Space Chem.",10.1021/acsearthspacechem.1c00150,"alpha-蒎烯 + Cl + NO 体系拟合峰表第 419 条 | 原文离子式: C12H14NClIO4-，原文 m/z 397.966 Th（[M+I]-，算得 397.966，Δ 0.2 mDa） | DBE 5，整数 ⇒ 闭壳层 | 第 0 步依据：SI Table S1 表头明写 ""m/z (**I- included**)"" + ""Elemental formula""，即列出的是**离子式**（含碘）。中性式 = 离子式 − I（团簇加合）；不含 I 的离子按 [M-H]- 还原（中性 = 离子 + H）。645 行全部用给出的三位小数 m/z 独立验算通过（校验 A） | source: SI Table S1"
C12H17NO6,I-,adduct,FIGAERO-I-CIMS (HR-ToF-CIMS),gas/particle,chamber; UT Austin environmental chamber; alpha-pinene + Cl2/UV with NO (alpha-pinene+Cl+NO system),chamber,,"Masoud and Ruiz, 2021, ACS Earth Space Chem.",10.1021/acsearthspacechem.1c00150,"alpha-蒎烯 + Cl + NO 体系拟合峰表第 420 条 | 原文离子式: C12H17NIO6-，原文 m/z 398.011 Th（[M+I]-，算得 398.011，Δ 0.4 mDa） | DBE 4，整数 ⇒ 闭壳层 | 第 0 步依据：SI Table S1 表头明写 ""m/z (**I- included**)"" + ""Elemental formula""，即列出的是**离子式**（含碘）。中性式 = 离子式 − I（团簇加合）；不含 I 的离子按 [M-H]- 还原（中性 = 离子 + H）。645 行全部用给出的三位小数 m/z 独立验算通过（校验 A） | source: SI Table S1"
C14H25NO4,I-,adduct,FIGAERO-I-CIMS (HR-ToF-CIMS),gas/particle,chamber; UT Austin environmental chamber; alpha-pinene + Cl2/UV with NO (alpha-pinene+Cl+NO system),chamber,,"Masoud and Ruiz, 2021, ACS Earth Space Chem.",10.1021/acsearthspacechem.1c00150,"alpha-蒎烯 + Cl + NO 体系拟合峰表第 421 条 | 原文离子式: C14H25NIO4-，原文 m/z 398.083 Th（[M+I]-，算得 398.083，Δ 0.4 mDa） | DBE 2，整数 ⇒ 闭壳层 | 第 0 步依据：SI Table S1 表头明写 ""m/z (**I- included**)"" + ""Elemental formula""，即列出的是**离子式**（含碘）。中性式 = 离子式 − I（团簇加合）；不含 I 的离子按 [M-H]- 还原（中性 = 离子 + H）。645 行全部用给出的三位小数 m/z 独立验算通过（校验 A） | source: SI Table S1"
C11H12O8,I-,adduct,FIGAERO-I-CIMS (HR-ToF-CIMS),gas/particle,chamber; UT Austin environmental chamber; alpha-pinene + Cl2/UV with NO (alpha-pinene+Cl+NO system),chamber,,"Masoud and Ruiz, 2021, ACS Earth Space Chem.",10.1021/acsearthspacechem.1c00150,"alpha-蒎烯 + Cl + NO 体系拟合峰表第 422 条 | 原文离子式: C11H12IO8-，原文 m/z 398.958 Th（[M+I]-，算得 398.958，Δ 0.2 mDa） | DBE 6，整数 ⇒ 闭壳层 | 第 0 步依据：SI Table S1 表头明写 ""m/z (**I- included**)"" + ""Elemental formula""，即列出的是**离子式**（含碘）。中性式 = 离子式 − I（团簇加合）；不含 I 的离子按 [M-H]- 还原（中性 = 离子 + H）。645 行全部用给出的三位小数 m/z 独立验算通过（校验 A） | source: SI Table S1"
C12H18NO6,I-,adduct,FIGAERO-I-CIMS (HR-ToF-CIMS),gas/particle,chamber; UT Austin environmental chamber; alpha-pinene + Cl2/UV with NO (alpha-pinene+Cl+NO system),chamber,,"Masoud and Ruiz, 2021, ACS Earth Space Chem.",10.1021/acsearthspacechem.1c00150,"alpha-蒎烯 + Cl + NO 体系拟合峰表第 423 条 | 原文离子式: C12H18NIO6-，原文 m/z 399.018 Th（[M+I]-，算得 399.018，Δ 0.4 mDa） | DBE 3.5，半整数 ⇒ 开壳层自由基 | 第 0 步依据：SI Table S1 表头明写 ""m/z (**I- included**)"" + ""Elemental formula""，即列出的是**离子式**（含碘）。中性式 = 离子式 − I（团簇加合）；不含 I 的离子按 [M-H]- 还原（中性 = 离子 + H）。645 行全部用给出的三位小数 m/z 独立验算通过（校验 A） | source: SI Table S1"
C13H15Cl2O2,I-,adduct,FIGAERO-I-CIMS (HR-ToF-CIMS),gas/particle,chamber; UT Austin environmental chamber; alpha-pinene + Cl2/UV with NO (alpha-pinene+Cl+NO system),chamber,,"Masoud and Ruiz, 2021, ACS Earth Space Chem.",10.1021/acsearthspacechem.1c00150,"alpha-蒎烯 + Cl + NO 体系拟合峰表第 424 条 | 原文离子式: C13H15Cl2IO2-，原文 m/z 399.95 Th（[M+I]-，算得 399.950，Δ 0.1 mDa） | DBE 5.5，半整数 ⇒ 开壳层自由基 | 第 0 步依据：SI Table S1 表头明写 ""m/z (**I- included**)"" + ""Elemental formula""，即列出的是**离子式**（含碘）。中性式 = 离子式 − I（团簇加合）；不含 I 的离子按 [M-H]- 还原（中性 = 离子 + H）。645 行全部用给出的三位小数 m/z 独立验算通过（校验 A） | source: SI Table S1"
C12H16ClNO4,I-,adduct,FIGAERO-I-CIMS (HR-ToF-CIMS),gas/particle,chamber; UT Austin environmental chamber; alpha-pinene + Cl2/UV with NO (alpha-pinene+Cl+NO system),chamber,,"Masoud and Ruiz, 2021, ACS Earth Space Chem.",10.1021/acsearthspacechem.1c00150,"alpha-蒎烯 + Cl + NO 体系拟合峰表第 425 条 | 原文离子式: C12H16NClIO4-，原文 m/z 399.982 Th（[M+I]-，算得 399.982，Δ 0.2 mDa） | DBE 4，整数 ⇒ 闭壳层 | 第 0 步依据：SI Table S1 表头明写 ""m/z (**I- included**)"" + ""Elemental formula""，即列出的是**离子式**（含碘）。中性式 = 离子式 − I（团簇加合）；不含 I 的离子按 [M-H]- 还原（中性 = 离子 + H）。645 行全部用给出的三位小数 m/z 独立验算通过（校验 A） | source: SI Table S1"
C13H20ClNO3,I-,adduct,FIGAERO-I-CIMS (HR-ToF-CIMS),gas/particle,chamber; UT Austin environmental chamber; alpha-pinene + Cl2/UV with NO (alpha-pinene+Cl+NO system),chamber,,"Masoud and Ruiz, 2021, ACS Earth Space Chem.",10.1021/acsearthspacechem.1c00150,"alpha-蒎烯 + Cl + NO 体系拟合峰表第 426 条 | 原文离子式: C13H20NClIO3-，原文 m/z 400.018 Th（[M+I]-，算得 400.018，Δ 0.2 mDa） | DBE 3，整数 ⇒ 闭壳层 | 第 0 步依据：SI Table S1 表头明写 ""m/z (**I- included**)"" + ""Elemental formula""，即列出的是**离子式**（含碘）。中性式 = 离子式 − I（团簇加合）；不含 I 的离子按 [M-H]- 还原（中性 = 离子 + H）。645 行全部用给出的三位小数 m/z 独立验算通过（校验 A） | source: SI Table S1"
C11H13ClNO5,I-,adduct,FIGAERO-I-CIMS (HR-ToF-CIMS),gas/particle,chamber; UT Austin environmental chamber; alpha-pinene + Cl2/UV with NO (alpha-pinene+Cl+NO system),chamber,,"Masoud and Ruiz, 2021, ACS Earth Space Chem.",10.1021/acsearthspacechem.1c00150,"alpha-蒎烯 + Cl + NO 体系拟合峰表第 427 条 | 原文离子式: C11H13NClIO5-，原文 m/z 400.953 Th（[M+I]-，算得 400.953，Δ 0.2 mDa） | DBE 4.5，半整数 ⇒ 开壳层自由基 | 第 0 步依据：SI Table S1 表头明写 ""m/z (**I- included**)"" + ""Elemental formula""，即列出的是**离子式**（含碘）。中性式 = 离子式 − I（团簇加合）；不含 I 的离子按 [M-H]- 还原（中性 = 离子 + H）。645 行全部用给出的三位小数 m/z 独立验算通过（校验 A） | source: SI Table S1"
C9H19ClO7,I-,adduct,FIGAERO-I-CIMS (HR-ToF-CIMS),gas/particle,chamber; UT Austin environmental chamber; alpha-pinene + Cl2/UV with NO (alpha-pinene+Cl+NO system),chamber,,"Masoud and Ruiz, 2021, ACS Earth Space Chem.",10.1021/acsearthspacechem.1c00150,"alpha-蒎烯 + Cl + NO 体系拟合峰表第 428 条 | 原文离子式: C9H19ClIO7-，原文 m/z 400.987 Th（[M+I]-，算得 400.987，Δ 0.0 mDa） | DBE 0，整数 ⇒ 闭壳层 | 第 0 步依据：SI Table S1 表头明写 ""m/z (**I- included**)"" + ""Elemental formula""，即列出的是**离子式**（含碘）。中性式 = 离子式 − I（团簇加合）；不含 I 的离子按 [M-H]- 还原（中性 = 离子 + H）。645 行全部用给出的三位小数 m/z 独立验算通过（校验 A） | source: SI Table S1"
C12H22N2O5,I-,adduct,FIGAERO-I-CIMS (HR-ToF-CIMS),gas/particle,chamber; UT Austin environmental chamber; alpha-pinene + Cl2/UV with NO (alpha-pinene+Cl+NO system),chamber,,"Masoud and Ruiz, 2021, ACS Earth Space Chem.",10.1021/acsearthspacechem.1c00150,"alpha-蒎烯 + Cl + NO 体系拟合峰表第 429 条 | 原文离子式: C12H22N2IO5-，原文 m/z 401.058 Th（[M+I]-，算得 401.058，Δ 0.1 mDa） | DBE 1，整数 ⇒ 闭壳层 | 第 0 步依据：SI Table S1 表头明写 ""m/z (**I- included**)"" + ""Elemental formula""，即列出的是**离子式**（含碘）。中性式 = 离子式 − I（团簇加合）；不含 I 的离子按 [M-H]- 还原（中性 = 离子 + H）。645 行全部用给出的三位小数 m/z 独立验算通过（校验 A） | source: SI Table S1"
C16H31ClO9,I-,deprot,FIGAERO-I-CIMS (HR-ToF-CIMS),gas/particle,chamber; UT Austin environmental chamber; alpha-pinene + Cl2/UV with NO (alpha-pinene+Cl+NO system),chamber,,"Masoud and Ruiz, 2021, ACS Earth Space Chem.",10.1021/acsearthspacechem.1c00150,"alpha-蒎烯 + Cl + NO 体系拟合峰表第 430 条 | 原文离子式: C16H30ClO9-，原文 m/z 401.158 Th（[M-H]-，算得 401.158，Δ 0.4 mDa） | DBE 1，整数 ⇒ 闭壳层 | 第 0 步依据：SI Table S1 表头明写 ""m/z (**I- included**)"" + ""Elemental formula""，即列出的是**离子式**（含碘）。中性式 = 离子式 − I（团簇加合）；不含 I 的离子按 [M-H]- 还原（中性 = 离子 + H）。645 行全部用给出的三位小数 m/z 独立验算通过（校验 A） | source: SI Table S1"
C10H13NO8,I-,adduct,FIGAERO-I-CIMS (HR-ToF-CIMS),gas/particle,chamber; UT Austin environmental chamber; alpha-pinene + Cl2/UV with NO (alpha-pinene+Cl+NO system),chamber,,"Masoud and Ruiz, 2021, ACS Earth Space Chem.",10.1021/acsearthspacechem.1c00150,"alpha-蒎烯 + Cl + NO 体系拟合峰表第 431 条 | 原文离子式: C10H13NIO8-，原文 m/z 401.969 Th（[M+I]-，算得 401.969，Δ 0.1 mDa） | DBE 4，整数 ⇒ 闭壳层 | 第 0 步依据：SI Table S1 表头明写 ""m/z (**I- included**)"" + ""Elemental formula""，即列出的是**离子式**（含碘）。中性式 = 离子式 − I（团簇加合）；不含 I 的离子按 [M-H]- 还原（中性 = 离子 + H）。645 行全部用给出的三位小数 m/z 独立验算通过（校验 A） | source: SI Table S1"
C12H18ClNO4,I-,adduct,FIGAERO-I-CIMS (HR-ToF-CIMS),gas/particle,chamber; UT Austin environmental chamber; alpha-pinene + Cl2/UV with NO (alpha-pinene+Cl+NO system),chamber,,"Masoud and Ruiz, 2021, ACS Earth Space Chem.",10.1021/acsearthspacechem.1c00150,"alpha-蒎烯 + Cl + NO 体系拟合峰表第 432 条 | 原文离子式: C12H18NClIO4-，原文 m/z 401.997 Th（[M+I]-，算得 401.997，Δ 0.5 mDa） | DBE 3，整数 ⇒ 闭壳层 | 第 0 步依据：SI Table S1 表头明写 ""m/z (**I- included**)"" + ""Elemental formula""，即列出的是**离子式**（含碘）。中性式 = 离子式 − I（团簇加合）；不含 I 的离子按 [M-H]- 还原（中性 = 离子 + H）。645 行全部用给出的三位小数 m/z 独立验算通过（校验 A） | source: SI Table S1"
C12H21NO6,I-,adduct,FIGAERO-I-CIMS (HR-ToF-CIMS),gas/particle,chamber; UT Austin environmental chamber; alpha-pinene + Cl2/UV with NO (alpha-pinene+Cl+NO system),chamber,,"Masoud and Ruiz, 2021, ACS Earth Space Chem.",10.1021/acsearthspacechem.1c00150,"alpha-蒎烯 + Cl + NO 体系拟合峰表第 433 条 | 原文离子式: C12H21NIO6-，原文 m/z 402.042 Th（[M+I]-，算得 402.042，Δ 0.1 mDa） | DBE 2，整数 ⇒ 闭壳层 | 第 0 步依据：SI Table S1 表头明写 ""m/z (**I- included**)"" + ""Elemental formula""，即列出的是**离子式**（含碘）。中性式 = 离子式 − I（团簇加合）；不含 I 的离子按 [M-H]- 还原（中性 = 离子 + H）。645 行全部用给出的三位小数 m/z 独立验算通过（校验 A） | source: SI Table S1"
C10H9ClO7,I-,adduct,FIGAERO-I-CIMS (HR-ToF-CIMS),gas/particle,chamber; UT Austin environmental chamber; alpha-pinene + Cl2/UV with NO (alpha-pinene+Cl+NO system),chamber,,"Masoud and Ruiz, 2021, ACS Earth Space Chem.",10.1021/acsearthspacechem.1c00150,"alpha-蒎烯 + Cl + NO 体系拟合峰表第 434 条 | 原文离子式: C10H9ClIO7-，原文 m/z 402.909 Th（[M+I]-，算得 402.909，Δ 0.3 mDa） | DBE 6，整数 ⇒ 闭壳层 | 第 0 步依据：SI Table S1 表头明写 ""m/z (**I- included**)"" + ""Elemental formula""，即列出的是**离子式**（含碘）。中性式 = 离子式 − I（团簇加合）；不含 I 的离子按 [M-H]- 还原（中性 = 离子 + H）。645 行全部用给出的三位小数 m/z 独立验算通过（校验 A） | source: SI Table S1"
C11H15ClNO5,I-,adduct,FIGAERO-I-CIMS (HR-ToF-CIMS),gas/particle,chamber; UT Austin environmental chamber; alpha-pinene + Cl2/UV with NO (alpha-pinene+Cl+NO system),chamber,,"Masoud and Ruiz, 2021, ACS Earth Space Chem.",10.1021/acsearthspacechem.1c00150,"alpha-蒎烯 + Cl + NO 体系拟合峰表第 435 条 | 原文离子式: C11H15NClIO5-，原文 m/z 402.969 Th（[M+I]-，算得 402.969，Δ 0.1 mDa） | DBE 3.5，半整数 ⇒ 开壳层自由基 | 第 0 步依据：SI Table S1 表头明写 ""m/z (**I- included**)"" + ""Elemental formula""，即列出的是**离子式**（含碘）。中性式 = 离子式 − I（团簇加合）；不含 I 的离子按 [M-H]- 还原（中性 = 离子 + H）。645 行全部用给出的三位小数 m/z 独立验算通过（校验 A） | source: SI Table S1"
C13H21ClO4,I-,adduct,FIGAERO-I-CIMS (HR-ToF-CIMS),gas/particle,chamber; UT Austin environmental chamber; alpha-pinene + Cl2/UV with NO (alpha-pinene+Cl+NO system),chamber,,"Masoud and Ruiz, 2021, ACS Earth Space Chem.",10.1021/acsearthspacechem.1c00150,"alpha-蒎烯 + Cl + NO 体系拟合峰表第 436 条 | 原文离子式: C13H21ClIO4-，原文 m/z 403.018 Th（[M+I]-，算得 403.018，Δ 0.1 mDa） | DBE 3，整数 ⇒ 闭壳层 | 第 0 步依据：SI Table S1 表头明写 ""m/z (**I- included**)"" + ""Elemental formula""，即列出的是**离子式**（含碘）。中性式 = 离子式 − I（团簇加合）；不含 I 的离子按 [M-H]- 还原（中性 = 离子 + H）。645 行全部用给出的三位小数 m/z 独立验算通过（校验 A） | source: SI Table S1"
C17H24O3,I-,adduct,FIGAERO-I-CIMS (HR-ToF-CIMS),gas/particle,chamber; UT Austin environmental chamber; alpha-pinene + Cl2/UV with NO (alpha-pinene+Cl+NO system),chamber,,"Masoud and Ruiz, 2021, ACS Earth Space Chem.",10.1021/acsearthspacechem.1c00150,"alpha-蒎烯 + Cl + NO 体系拟合峰表第 437 条 | 原文离子式: C17H24IO3-，原文 m/z 403.078 Th（[M+I]-，算得 403.078，Δ 0.4 mDa） | DBE 6，整数 ⇒ 闭壳层 | 第 0 步依据：SI Table S1 表头明写 ""m/z (**I- included**)"" + ""Elemental formula""，即列出的是**离子式**（含碘）。中性式 = 离子式 − I（团簇加合）；不含 I 的离子按 [M-H]- 还原（中性 = 离子 + H）。645 行全部用给出的三位小数 m/z 独立验算通过（校验 A） | source: SI Table S1"
C10H15NO8,I-,adduct,FIGAERO-I-CIMS (HR-ToF-CIMS),gas/particle,chamber; UT Austin environmental chamber; alpha-pinene + Cl2/UV with NO (alpha-pinene+Cl+NO system),chamber,,"Masoud and Ruiz, 2021, ACS Earth Space Chem.",10.1021/acsearthspacechem.1c00150,"alpha-蒎烯 + Cl + NO 体系拟合峰表第 438 条 | 原文离子式: C10H15NIO8-，原文 m/z 403.985 Th（[M+I]-，算得 403.985，Δ 0.2 mDa） | DBE 3，整数 ⇒ 闭壳层 | 第 0 步依据：SI Table S1 表头明写 ""m/z (**I- included**)"" + ""Elemental formula""，即列出的是**离子式**（含碘）。中性式 = 离子式 − I（团簇加合）；不含 I 的离子按 [M-H]- 还原（中性 = 离子 + H）。645 行全部用给出的三位小数 m/z 独立验算通过（校验 A） | source: SI Table S1"
C10H11ClO7,I-,adduct,FIGAERO-I-CIMS (HR-ToF-CIMS),gas/particle,chamber; UT Austin environmental chamber; alpha-pinene + Cl2/UV with NO (alpha-pinene+Cl+NO system),chamber,,"Masoud and Ruiz, 2021, ACS Earth Space Chem.",10.1021/acsearthspacechem.1c00150,"alpha-蒎烯 + Cl + NO 体系拟合峰表第 440 条 | 原文离子式: C10H11ClIO7-，原文 m/z 404.924 Th（[M+I]-，算得 404.924，Δ 0.4 mDa） | DBE 5，整数 ⇒ 闭壳层 | 第 0 步依据：SI Table S1 表头明写 ""m/z (**I- included**)"" + ""Elemental formula""，即列出的是**离子式**（含碘）。中性式 = 离子式 − I（团簇加合）；不含 I 的离子按 [M-H]- 还原（中性 = 离子 + H）。645 行全部用给出的三位小数 m/z 独立验算通过（校验 A） | source: SI Table S1"
C10H14O9,I-,adduct,FIGAERO-I-CIMS (HR-ToF-CIMS),gas/particle,chamber; UT Austin environmental chamber; alpha-pinene + Cl2/UV with NO (alpha-pinene+Cl+NO system),chamber,,"Masoud and Ruiz, 2021, ACS Earth Space Chem.",10.1021/acsearthspacechem.1c00150,"alpha-蒎烯 + Cl + NO 体系拟合峰表第 441 条 | 原文离子式: C10H14IO9-，原文 m/z 404.969 Th（[M+I]-，算得 404.969，Δ 0.2 mDa） | DBE 4，整数 ⇒ 闭壳层 | 第 0 步依据：SI Table S1 表头明写 ""m/z (**I- included**)"" + ""Elemental formula""，即列出的是**离子式**（含碘）。中性式 = 离子式 − I（团簇加合）；不含 I 的离子按 [M-H]- 还原（中性 = 离子 + H）。645 行全部用给出的三位小数 m/z 独立验算通过（校验 A） | source: SI Table S1"
C11H18O8,I-,adduct,FIGAERO-I-CIMS (HR-ToF-CIMS),gas/particle,chamber; UT Austin environmental chamber; alpha-pinene + Cl2/UV with NO (alpha-pinene+Cl+NO system),chamber,,"Masoud and Ruiz, 2021, ACS Earth Space Chem.",10.1021/acsearthspacechem.1c00150,"alpha-蒎烯 + Cl + NO 体系拟合峰表第 442 条 | 原文离子式: C11H18IO8-，原文 m/z 405.005 Th（[M+I]-，算得 405.005，Δ 0.2 mDa） | DBE 3，整数 ⇒ 闭壳层 | 第 0 步依据：SI Table S1 表头明写 ""m/z (**I- included**)"" + ""Elemental formula""，即列出的是**离子式**（含碘）。中性式 = 离子式 − I（团簇加合）；不含 I 的离子按 [M-H]- 还原（中性 = 离子 + H）。645 行全部用给出的三位小数 m/z 独立验算通过（校验 A） | source: SI Table S1"
C14H24Cl2O9,I-,deprot,FIGAERO-I-CIMS (HR-ToF-CIMS),gas/particle,chamber; UT Austin environmental chamber; alpha-pinene + Cl2/UV with NO (alpha-pinene+Cl+NO system),chamber,,"Masoud and Ruiz, 2021, ACS Earth Space Chem.",10.1021/acsearthspacechem.1c00150,"alpha-蒎烯 + Cl + NO 体系拟合峰表第 443 条 | 原文离子式: C14H23Cl2O9-，原文 m/z 405.072 Th（[M-H]-，算得 405.072，Δ 0.5 mDa） | DBE 2，整数 ⇒ 闭壳层 | 第 0 步依据：SI Table S1 表头明写 ""m/z (**I- included**)"" + ""Elemental formula""，即列出的是**离子式**（含碘）。中性式 = 离子式 − I（团簇加合）；不含 I 的离子按 [M-H]- 还原（中性 = 离子 + H）。645 行全部用给出的三位小数 m/z 独立验算通过（校验 A） | source: SI Table S1"
C10H12ClO7,I-,adduct,FIGAERO-I-CIMS (HR-ToF-CIMS),gas/particle,chamber; UT Austin environmental chamber; alpha-pinene + Cl2/UV with NO (alpha-pinene+Cl+NO system),chamber,,"Masoud and Ruiz, 2021, ACS Earth Space Chem.",10.1021/acsearthspacechem.1c00150,"alpha-蒎烯 + Cl + NO 体系拟合峰表第 444 条 | 原文离子式: C10H12ClIO7-，原文 m/z 405.932 Th（[M+I]-，算得 405.932，Δ 0.2 mDa） | DBE 4.5，半整数 ⇒ 开壳层自由基 | 第 0 步依据：SI Table S1 表头明写 ""m/z (**I- included**)"" + ""Elemental formula""，即列出的是**离子式**（含碘）。中性式 = 离子式 − I（团簇加合）；不含 I 的离子按 [M-H]- 还原（中性 = 离子 + H）。645 行全部用给出的三位小数 m/z 独立验算通过（校验 A） | source: SI Table S1"
C9H13NO9,I-,adduct,FIGAERO-I-CIMS (HR-ToF-CIMS),gas/particle,chamber; UT Austin environmental chamber; alpha-pinene + Cl2/UV with NO (alpha-pinene+Cl+NO system),chamber,,"Masoud and Ruiz, 2021, ACS Earth Space Chem.",10.1021/acsearthspacechem.1c00150,"alpha-蒎烯 + Cl + NO 体系拟合峰表第 445 条 | 原文离子式: C9H13NIO9-，原文 m/z 405.964 Th（[M+I]-，算得 405.964，Δ 0.1 mDa） | DBE 3，整数 ⇒ 闭壳层 | 第 0 步依据：SI Table S1 表头明写 ""m/z (**I- included**)"" + ""Elemental formula""，即列出的是**离子式**（含碘）。中性式 = 离子式 − I（团簇加合）；不含 I 的离子按 [M-H]- 还原（中性 = 离子 + H）。645 行全部用给出的三位小数 m/z 独立验算通过（校验 A） | source: SI Table S1"
C10H15O9,I-,adduct,FIGAERO-I-CIMS (HR-ToF-CIMS),gas/particle,chamber; UT Austin environmental chamber; alpha-pinene + Cl2/UV with NO (alpha-pinene+Cl+NO system),chamber,,"Masoud and Ruiz, 2021, ACS Earth Space Chem.",10.1021/acsearthspacechem.1c00150,"alpha-蒎烯 + Cl + NO 体系拟合峰表第 446 条 | 原文离子式: C10H15IO9-，原文 m/z 405.977 Th（[M+I]-，算得 405.977，Δ 0.4 mDa） | DBE 3.5，半整数 ⇒ 开壳层自由基 | 第 0 步依据：SI Table S1 表头明写 ""m/z (**I- included**)"" + ""Elemental formula""，即列出的是**离子式**（含碘）。中性式 = 离子式 − I（团簇加合）；不含 I 的离子按 [M-H]- 还原（中性 = 离子 + H）。645 行全部用给出的三位小数 m/z 独立验算通过（校验 A） | source: SI Table S1"
C10H17NO8,I-,adduct,FIGAERO-I-CIMS (HR-ToF-CIMS),gas/particle,chamber; UT Austin environmental chamber; alpha-pinene + Cl2/UV with NO (alpha-pinene+Cl+NO system),chamber,,"Masoud and Ruiz, 2021, ACS Earth Space Chem.",10.1021/acsearthspacechem.1c00150,"alpha-蒎烯 + Cl + NO 体系拟合峰表第 447 条 | 原文离子式: C10H17NIO8-，原文 m/z 406.0 Th（[M+I]-，算得 406.000，Δ 0.4 mDa） | DBE 2，整数 ⇒ 闭壳层 | 第 0 步依据：SI Table S1 表头明写 ""m/z (**I- included**)"" + ""Elemental formula""，即列出的是**离子式**（含碘）。中性式 = 离子式 − I（团簇加合）；不含 I 的离子按 [M-H]- 还原（中性 = 离子 + H）。645 行全部用给出的三位小数 m/z 独立验算通过（校验 A） | source: SI Table S1"
C10H10Cl2O5,I-,adduct,FIGAERO-I-CIMS (HR-ToF-CIMS),gas/particle,chamber; UT Austin environmental chamber; alpha-pinene + Cl2/UV with NO (alpha-pinene+Cl+NO system),chamber,,"Masoud and Ruiz, 2021, ACS Earth Space Chem.",10.1021/acsearthspacechem.1c00150,"alpha-蒎烯 + Cl + NO 体系拟合峰表第 448 条 | 原文离子式: C10H10Cl2IO5-，原文 m/z 406.896 Th（[M+I]-，算得 406.896，Δ 0.4 mDa） | DBE 5，整数 ⇒ 闭壳层 | 第 0 步依据：SI Table S1 表头明写 ""m/z (**I- included**)"" + ""Elemental formula""，即列出的是**离子式**（含碘）。中性式 = 离子式 − I（团簇加合）；不含 I 的离子按 [M-H]- 还原（中性 = 离子 + H）。645 行全部用给出的三位小数 m/z 独立验算通过（校验 A） | source: SI Table S1"
C14H13ClO4,I-,adduct,FIGAERO-I-CIMS (HR-ToF-CIMS),gas/particle,chamber; UT Austin environmental chamber; alpha-pinene + Cl2/UV with NO (alpha-pinene+Cl+NO system),chamber,,"Masoud and Ruiz, 2021, ACS Earth Space Chem.",10.1021/acsearthspacechem.1c00150,"alpha-蒎烯 + Cl + NO 体系拟合峰表第 449 条 | 原文离子式: C14H13ClIO4-，原文 m/z 406.955 Th（[M+I]-，算得 406.955，Δ 0.3 mDa） | DBE 8，整数 ⇒ 闭壳层 | 第 0 步依据：SI Table S1 表头明写 ""m/z (**I- included**)"" + ""Elemental formula""，即列出的是**离子式**（含碘）。中性式 = 离子式 − I（团簇加合）；不含 I 的离子按 [M-H]- 还原（中性 = 离子 + H）。645 行全部用给出的三位小数 m/z 独立验算通过（校验 A） | source: SI Table S1"
C10H16O9,I-,adduct,FIGAERO-I-CIMS (HR-ToF-CIMS),gas/particle,chamber; UT Austin environmental chamber; alpha-pinene + Cl2/UV with NO (alpha-pinene+Cl+NO system),chamber,,"Masoud and Ruiz, 2021, ACS Earth Space Chem.",10.1021/acsearthspacechem.1c00150,"alpha-蒎烯 + Cl + NO 体系拟合峰表第 450 条 | 原文离子式: C10H16IO9-，原文 m/z 406.984 Th（[M+I]-，算得 406.984，Δ 0.5 mDa） | DBE 3，整数 ⇒ 闭壳层 | 第 0 步依据：SI Table S1 表头明写 ""m/z (**I- included**)"" + ""Elemental formula""，即列出的是**离子式**（含碘）。中性式 = 离子式 − I（团簇加合）；不含 I 的离子按 [M-H]- 还原（中性 = 离子 + H）。645 行全部用给出的三位小数 m/z 独立验算通过（校验 A） | source: SI Table S1"
C11H20O8,I-,adduct,FIGAERO-I-CIMS (HR-ToF-CIMS),gas/particle,chamber; UT Austin environmental chamber; alpha-pinene + Cl2/UV with NO (alpha-pinene+Cl+NO system),chamber,,"Masoud and Ruiz, 2021, ACS Earth Space Chem.",10.1021/acsearthspacechem.1c00150,"alpha-蒎烯 + Cl + NO 体系拟合峰表第 451 条 | 原文离子式: C11H20IO8-，原文 m/z 407.021 Th（[M+I]-，算得 407.021，Δ 0.2 mDa） | DBE 2，整数 ⇒ 闭壳层 | 第 0 步依据：SI Table S1 表头明写 ""m/z (**I- included**)"" + ""Elemental formula""，即列出的是**离子式**（含碘）。中性式 = 离子式 − I（团簇加合）；不含 I 的离子按 [M-H]- 还原（中性 = 离子 + H）。645 行全部用给出的三位小数 m/z 独立验算通过（校验 A） | source: SI Table S1"
C8H11NO10,I-,adduct,FIGAERO-I-CIMS (HR-ToF-CIMS),gas/particle,chamber; UT Austin environmental chamber; alpha-pinene + Cl2/UV with NO (alpha-pinene+Cl+NO system),chamber,,"Masoud and Ruiz, 2021, ACS Earth Space Chem.",10.1021/acsearthspacechem.1c00150,"alpha-蒎烯 + Cl + NO 体系拟合峰表第 452 条 | 原文离子式: C8H11NIO10-，原文 m/z 407.943 Th（[M+I]-，算得 407.943，Δ 0.3 mDa） | DBE 3，整数 ⇒ 闭壳层 | 第 0 步依据：SI Table S1 表头明写 ""m/z (**I- included**)"" + ""Elemental formula""，即列出的是**离子式**（含碘）。中性式 = 离子式 − I（团簇加合）；不含 I 的离子按 [M-H]- 还原（中性 = 离子 + H）。645 行全部用给出的三位小数 m/z 独立验算通过（校验 A） | source: SI Table S1"
C9H15NO9,I-,adduct,FIGAERO-I-CIMS (HR-ToF-CIMS),gas/particle,chamber; UT Austin environmental chamber; alpha-pinene + Cl2/UV with NO (alpha-pinene+Cl+NO system),chamber,,"Masoud and Ruiz, 2021, ACS Earth Space Chem.",10.1021/acsearthspacechem.1c00150,"alpha-蒎烯 + Cl + NO 体系拟合峰表第 453 条 | 原文离子式: C9H15NIO9-，原文 m/z 407.98 Th（[M+I]-，算得 407.980，Δ 0.3 mDa） | DBE 2，整数 ⇒ 闭壳层 | 第 0 步依据：SI Table S1 表头明写 ""m/z (**I- included**)"" + ""Elemental formula""，即列出的是**离子式**（含碘）。中性式 = 离子式 − I（团簇加合）；不含 I 的离子按 [M-H]- 还原（中性 = 离子 + H）。645 行全部用给出的三位小数 m/z 独立验算通过（校验 A） | source: SI Table S1"
C10H15ClO7,I-,adduct,FIGAERO-I-CIMS (HR-ToF-CIMS),gas/particle,chamber; UT Austin environmental chamber; alpha-pinene + Cl2/UV with NO (alpha-pinene+Cl+NO system),chamber,,"Masoud and Ruiz, 2021, ACS Earth Space Chem.",10.1021/acsearthspacechem.1c00150,"alpha-蒎烯 + Cl + NO 体系拟合峰表第 454 条 | 原文离子式: C10H15ClIO7-，原文 m/z 408.956 Th（[M+I]-，算得 408.956，Δ 0.3 mDa） | DBE 3，整数 ⇒ 闭壳层 | 第 0 步依据：SI Table S1 表头明写 ""m/z (**I- included**)"" + ""Elemental formula""，即列出的是**离子式**（含碘）。中性式 = 离子式 − I（团簇加合）；不含 I 的离子按 [M-H]- 还原（中性 = 离子 + H）。645 行全部用给出的三位小数 m/z 独立验算通过（校验 A） | source: SI Table S1"
C16H20Cl2O8,I-,deprot,FIGAERO-I-CIMS (HR-ToF-CIMS),gas/particle,chamber; UT Austin environmental chamber; alpha-pinene + Cl2/UV with NO (alpha-pinene+Cl+NO system),chamber,,"Masoud and Ruiz, 2021, ACS Earth Space Chem.",10.1021/acsearthspacechem.1c00150,"alpha-蒎烯 + Cl + NO 体系拟合峰表第 455 条 | 原文离子式: C16H19Cl2O8-，原文 m/z 409.046 Th（[M-H]-，算得 409.046，Δ 0.2 mDa） | DBE 6，整数 ⇒ 闭壳层 | 第 0 步依据：SI Table S1 表头明写 ""m/z (**I- included**)"" + ""Elemental formula""，即列出的是**离子式**（含碘）。中性式 = 离子式 − I（团簇加合）；不含 I 的离子按 [M-H]- 还原（中性 = 离子 + H）。645 行全部用给出的三位小数 m/z 独立验算通过（校验 A） | source: SI Table S1"
C16H26O4,I-,adduct,FIGAERO-I-CIMS (HR-ToF-CIMS),gas/particle,chamber; UT Austin environmental chamber; alpha-pinene + Cl2/UV with NO (alpha-pinene+Cl+NO system),chamber,,"Masoud and Ruiz, 2021, ACS Earth Space Chem.",10.1021/acsearthspacechem.1c00150,"alpha-蒎烯 + Cl + NO 体系拟合峰表第 456 条 | 原文离子式: C16H26IO4-，原文 m/z 409.088 Th（[M+I]-，算得 409.088，Δ 0.1 mDa） | DBE 4，整数 ⇒ 闭壳层 | 第 0 步依据：SI Table S1 表头明写 ""m/z (**I- included**)"" + ""Elemental formula""，即列出的是**离子式**（含碘）。中性式 = 离子式 − I（团簇加合）；不含 I 的离子按 [M-H]- 还原（中性 = 离子 + H）。645 行全部用给出的三位小数 m/z 独立验算通过（校验 A） | source: SI Table S1"
C15H26N2O11,I-,deprot,FIGAERO-I-CIMS (HR-ToF-CIMS),gas/particle,chamber; UT Austin environmental chamber; alpha-pinene + Cl2/UV with NO (alpha-pinene+Cl+NO system),chamber,,"Masoud and Ruiz, 2021, ACS Earth Space Chem.",10.1021/acsearthspacechem.1c00150,"alpha-蒎烯 + Cl + NO 体系拟合峰表第 457 条 | 原文离子式: C15H25N2O11-，原文 m/z 409.146 Th（[M-H]-，算得 409.146，Δ 0.4 mDa） | DBE 2，整数 ⇒ 闭壳层 | 第 0 步依据：SI Table S1 表头明写 ""m/z (**I- included**)"" + ""Elemental formula""，即列出的是**离子式**（含碘）。中性式 = 离子式 − I（团簇加合）；不含 I 的离子按 [M-H]- 还原（中性 = 离子 + H）。645 行全部用给出的三位小数 m/z 独立验算通过（校验 A） | source: SI Table S1"
C12H10ClNO5,I-,adduct,FIGAERO-I-CIMS (HR-ToF-CIMS),gas/particle,chamber; UT Austin environmental chamber; alpha-pinene + Cl2/UV with NO (alpha-pinene+Cl+NO system),chamber,,"Masoud and Ruiz, 2021, ACS Earth Space Chem.",10.1021/acsearthspacechem.1c00150,"alpha-蒎烯 + Cl + NO 体系拟合峰表第 458 条 | 原文离子式: C12H10NClIO5-，原文 m/z 409.93 Th（[M+I]-，算得 409.930，Δ 0.2 mDa） | DBE 7，整数 ⇒ 闭壳层 | 第 0 步依据：SI Table S1 表头明写 ""m/z (**I- included**)"" + ""Elemental formula""，即列出的是**离子式**（含碘）。中性式 = 离子式 − I（团簇加合）；不含 I 的离子按 [M-H]- 还原（中性 = 离子 + H）。645 行全部用给出的三位小数 m/z 独立验算通过（校验 A） | source: SI Table S1"
C10H16ClO7,I-,adduct,FIGAERO-I-CIMS (HR-ToF-CIMS),gas/particle,chamber; UT Austin environmental chamber; alpha-pinene + Cl2/UV with NO (alpha-pinene+Cl+NO system),chamber,,"Masoud and Ruiz, 2021, ACS Earth Space Chem.",10.1021/acsearthspacechem.1c00150,"alpha-蒎烯 + Cl + NO 体系拟合峰表第 459 条 | 原文离子式: C10H16ClIO7-，原文 m/z 409.963 Th（[M+I]-，算得 409.963，Δ 0.5 mDa） | DBE 2.5，半整数 ⇒ 开壳层自由基 | 第 0 步依据：SI Table S1 表头明写 ""m/z (**I- included**)"" + ""Elemental formula""，即列出的是**离子式**（含碘）。中性式 = 离子式 − I（团簇加合）；不含 I 的离子按 [M-H]- 还原（中性 = 离子 + H）。645 行全部用给出的三位小数 m/z 独立验算通过（校验 A） | source: SI Table S1"
C10H16ClO15,I-,deprot,FIGAERO-I-CIMS (HR-ToF-CIMS),gas/particle,chamber; UT Austin environmental chamber; alpha-pinene + Cl2/UV with NO (alpha-pinene+Cl+NO system),chamber,,"Masoud and Ruiz, 2021, ACS Earth Space Chem.",10.1021/acsearthspacechem.1c00150,"alpha-蒎烯 + Cl + NO 体系拟合峰表第 460 条 | 原文离子式: C10H15ClO15-，原文 m/z 410.01 Th（[M-H]-，算得 410.010，Δ 0.5 mDa） | DBE 2.5，半整数 ⇒ 开壳层自由基 | 第 0 步依据：SI Table S1 表头明写 ""m/z (**I- included**)"" + ""Elemental formula""，即列出的是**离子式**（含碘）。中性式 = 离子式 − I（团簇加合）；不含 I 的离子按 [M-H]- 还原（中性 = 离子 + H）。645 行全部用给出的三位小数 m/z 独立验算通过（校验 A） | source: SI Table S1"
C12H12O8,I-,adduct,FIGAERO-I-CIMS (HR-ToF-CIMS),gas/particle,chamber; UT Austin environmental chamber; alpha-pinene + Cl2/UV with NO (alpha-pinene+Cl+NO system),chamber,,"Masoud and Ruiz, 2021, ACS Earth Space Chem.",10.1021/acsearthspacechem.1c00150,"alpha-蒎烯 + Cl + NO 体系拟合峰表第 462 条 | 原文离子式: C12H12IO8-，原文 m/z 410.958 Th（[M+I]-，算得 410.958，Δ 0.2 mDa） | DBE 7，整数 ⇒ 闭壳层 | 第 0 步依据：SI Table S1 表头明写 ""m/z (**I- included**)"" + ""Elemental formula""，即列出的是**离子式**（含碘）。中性式 = 离子式 − I（团簇加合）；不含 I 的离子按 [M-H]- 还原（中性 = 离子 + H）。645 行全部用给出的三位小数 m/z 独立验算通过（校验 A） | source: SI Table S1"
C15H21ClO3,I-,adduct,FIGAERO-I-CIMS (HR-ToF-CIMS),gas/particle,chamber; UT Austin environmental chamber; alpha-pinene + Cl2/UV with NO (alpha-pinene+Cl+NO system),chamber,,"Masoud and Ruiz, 2021, ACS Earth Space Chem.",10.1021/acsearthspacechem.1c00150,"alpha-蒎烯 + Cl + NO 体系拟合峰表第 463 条 | 原文离子式: C15H21ClIO3-，原文 m/z 411.023 Th（[M+I]-，算得 411.023，Δ 0.1 mDa） | DBE 5，整数 ⇒ 闭壳层 | 第 0 步依据：SI Table S1 表头明写 ""m/z (**I- included**)"" + ""Elemental formula""，即列出的是**离子式**（含碘）。中性式 = 离子式 − I（团簇加合）；不含 I 的离子按 [M-H]- 还原（中性 = 离子 + H）。645 行全部用给出的三位小数 m/z 独立验算通过（校验 A） | source: SI Table S1"
C14H20O14,I-,deprot,FIGAERO-I-CIMS (HR-ToF-CIMS),gas/particle,chamber; UT Austin environmental chamber; alpha-pinene + Cl2/UV with NO (alpha-pinene+Cl+NO system),chamber,,"Masoud and Ruiz, 2021, ACS Earth Space Chem.",10.1021/acsearthspacechem.1c00150,"alpha-蒎烯 + Cl + NO 体系拟合峰表第 464 条 | 原文离子式: C14H19O14-，原文 m/z 411.078 Th（[M-H]-，算得 411.078，Δ 0.0 mDa） | DBE 5，整数 ⇒ 闭壳层 | 第 0 步依据：SI Table S1 表头明写 ""m/z (**I- included**)"" + ""Elemental formula""，即列出的是**离子式**（含碘）。中性式 = 离子式 − I（团簇加合）；不含 I 的离子按 [M-H]- 还原（中性 = 离子 + H）。645 行全部用给出的三位小数 m/z 独立验算通过（校验 A） | source: SI Table S1"
C20H28O9,I-,deprot,FIGAERO-I-CIMS (HR-ToF-CIMS),gas/particle,chamber; UT Austin environmental chamber; alpha-pinene + Cl2/UV with NO (alpha-pinene+Cl+NO system),chamber,,"Masoud and Ruiz, 2021, ACS Earth Space Chem.",10.1021/acsearthspacechem.1c00150,"alpha-蒎烯 + Cl + NO 体系拟合峰表第 465 条 | 原文离子式: C20H27O9-，原文 m/z 411.166 Th（[M-H]-，算得 411.166，Δ 0.1 mDa） | DBE 7，整数 ⇒ 闭壳层 | 第 0 步依据：SI Table S1 表头明写 ""m/z (**I- included**)"" + ""Elemental formula""，即列出的是**离子式**（含碘）。中性式 = 离子式 − I（团簇加合）；不含 I 的离子按 [M-H]- 还原（中性 = 离子 + H）。645 行全部用给出的三位小数 m/z 独立验算通过（校验 A） | source: SI Table S1"
C20H32N2O7,I-,deprot,FIGAERO-I-CIMS (HR-ToF-CIMS),gas/particle,chamber; UT Austin environmental chamber; alpha-pinene + Cl2/UV with NO (alpha-pinene+Cl+NO system),chamber,,"Masoud and Ruiz, 2021, ACS Earth Space Chem.",10.1021/acsearthspacechem.1c00150,"alpha-蒎烯 + Cl + NO 体系拟合峰表第 466 条 | 原文离子式: C20H31N2O7-，原文 m/z 411.214 Th（[M-H]-，算得 411.214，Δ 0.3 mDa） | DBE 4，整数 ⇒ 闭壳层 | 第 0 步依据：SI Table S1 表头明写 ""m/z (**I- included**)"" + ""Elemental formula""，即列出的是**离子式**（含碘）。中性式 = 离子式 − I（团簇加合）；不含 I 的离子按 [M-H]- 还原（中性 = 离子 + H）。645 行全部用给出的三位小数 m/z 独立验算通过（校验 A） | source: SI Table S1"
C9H13Cl2NO5,I-,adduct,FIGAERO-I-CIMS (HR-ToF-CIMS),gas/particle,chamber; UT Austin environmental chamber; alpha-pinene + Cl2/UV with NO (alpha-pinene+Cl+NO system),chamber,,"Masoud and Ruiz, 2021, ACS Earth Space Chem.",10.1021/acsearthspacechem.1c00150,"alpha-蒎烯 + Cl + NO 体系拟合峰表第 467 条 | 原文离子式: C9H13NCl2IO5-，原文 m/z 411.922 Th（[M+I]-，算得 411.922，Δ 0.1 mDa） | DBE 2，整数 ⇒ 闭壳层 | 第 0 步依据：SI Table S1 表头明写 ""m/z (**I- included**)"" + ""Elemental formula""，即列出的是**离子式**（含碘）。中性式 = 离子式 − I（团簇加合）；不含 I 的离子按 [M-H]- 还原（中性 = 离子 + H）。645 行全部用给出的三位小数 m/z 独立验算通过（校验 A） | source: SI Table S1"
C12H8Cl2O4,I-,adduct,FIGAERO-I-CIMS (HR-ToF-CIMS),gas/particle,chamber; UT Austin environmental chamber; alpha-pinene + Cl2/UV with NO (alpha-pinene+Cl+NO system),chamber,,"Masoud and Ruiz, 2021, ACS Earth Space Chem.",10.1021/acsearthspacechem.1c00150,"alpha-蒎烯 + Cl + NO 体系拟合峰表第 468 条 | 原文离子式: C12H8Cl2IO4-，原文 m/z 412.885 Th（[M+I]-，算得 412.885，Δ 0.0 mDa） | DBE 8，整数 ⇒ 闭壳层 | 第 0 步依据：SI Table S1 表头明写 ""m/z (**I- included**)"" + ""Elemental formula""，即列出的是**离子式**（含碘）。中性式 = 离子式 − I（团簇加合）；不含 I 的离子按 [M-H]- 还原（中性 = 离子 + H）。645 行全部用给出的三位小数 m/z 独立验算通过（校验 A） | source: SI Table S1"
C10H19ClO7,I-,adduct,FIGAERO-I-CIMS (HR-ToF-CIMS),gas/particle,chamber; UT Austin environmental chamber; alpha-pinene + Cl2/UV with NO (alpha-pinene+Cl+NO system),chamber,,"Masoud and Ruiz, 2021, ACS Earth Space Chem.",10.1021/acsearthspacechem.1c00150,"alpha-蒎烯 + Cl + NO 体系拟合峰表第 469 条 | 原文离子式: C10H19ClIO7-，原文 m/z 412.987 Th（[M+I]-，算得 412.987，Δ 0.0 mDa） | DBE 1，整数 ⇒ 闭壳层 | 第 0 步依据：SI Table S1 表头明写 ""m/z (**I- included**)"" + ""Elemental formula""，即列出的是**离子式**（含碘）。中性式 = 离子式 − I（团簇加合）；不含 I 的离子按 [M-H]- 还原（中性 = 离子 + H）。645 行全部用给出的三位小数 m/z 独立验算通过（校验 A） | source: SI Table S1"
C13H22N2O13,I-,deprot,FIGAERO-I-CIMS (HR-ToF-CIMS),gas/particle,chamber; UT Austin environmental chamber; alpha-pinene + Cl2/UV with NO (alpha-pinene+Cl+NO system),chamber,,"Masoud and Ruiz, 2021, ACS Earth Space Chem.",10.1021/acsearthspacechem.1c00150,"alpha-蒎烯 + Cl + NO 体系拟合峰表第 470 条 | 原文离子式: C13H21N2O13-，原文 m/z 413.105 Th（[M-H]-，算得 413.105，Δ 0.1 mDa） | DBE 2，整数 ⇒ 闭壳层 | 第 0 步依据：SI Table S1 表头明写 ""m/z (**I- included**)"" + ""Elemental formula""，即列出的是**离子式**（含碘）。中性式 = 离子式 − I（团簇加合）；不含 I 的离子按 [M-H]- 还原（中性 = 离子 + H）。645 行全部用给出的三位小数 m/z 独立验算通过（校验 A） | source: SI Table S1"
C16H30O4,I-,adduct,FIGAERO-I-CIMS (HR-ToF-CIMS),gas/particle,chamber; UT Austin environmental chamber; alpha-pinene + Cl2/UV with NO (alpha-pinene+Cl+NO system),chamber,,"Masoud and Ruiz, 2021, ACS Earth Space Chem.",10.1021/acsearthspacechem.1c00150,"alpha-蒎烯 + Cl + NO 体系拟合峰表第 471 条 | 原文离子式: C16H30IO4-，原文 m/z 413.119 Th（[M+I]-，算得 413.119，Δ 0.4 mDa） | DBE 2，整数 ⇒ 闭壳层 | 第 0 步依据：SI Table S1 表头明写 ""m/z (**I- included**)"" + ""Elemental formula""，即列出的是**离子式**（含碘）。中性式 = 离子式 − I（团簇加合）；不含 I 的离子按 [M-H]- 还原（中性 = 离子 + H）。645 行全部用给出的三位小数 m/z 独立验算通过（校验 A） | source: SI Table S1"
C14H17Cl2O2,I-,adduct,FIGAERO-I-CIMS (HR-ToF-CIMS),gas/particle,chamber; UT Austin environmental chamber; alpha-pinene + Cl2/UV with NO (alpha-pinene+Cl+NO system),chamber,,"Masoud and Ruiz, 2021, ACS Earth Space Chem.",10.1021/acsearthspacechem.1c00150,"alpha-蒎烯 + Cl + NO 体系拟合峰表第 472 条 | 原文离子式: C14H17Cl2IO2-，原文 m/z 413.966 Th（[M+I]-，算得 413.966，Δ 0.4 mDa） | DBE 5.5，半整数 ⇒ 开壳层自由基 | 第 0 步依据：SI Table S1 表头明写 ""m/z (**I- included**)"" + ""Elemental formula""，即列出的是**离子式**（含碘）。中性式 = 离子式 − I（团簇加合）；不含 I 的离子按 [M-H]- 还原（中性 = 离子 + H）。645 行全部用给出的三位小数 m/z 独立验算通过（校验 A） | source: SI Table S1"
C11H15N2O7,I-,adduct,FIGAERO-I-CIMS (HR-ToF-CIMS),gas/particle,chamber; UT Austin environmental chamber; alpha-pinene + Cl2/UV with NO (alpha-pinene+Cl+NO system),chamber,,"Masoud and Ruiz, 2021, ACS Earth Space Chem.",10.1021/acsearthspacechem.1c00150,"alpha-蒎烯 + Cl + NO 体系拟合峰表第 473 条 | 原文离子式: C11H15N2IO7-，原文 m/z 413.993 Th（[M+I]-，算得 413.993，Δ 0.1 mDa） | DBE 3.5，半整数 ⇒ 开壳层自由基 | 第 0 步依据：SI Table S1 表头明写 ""m/z (**I- included**)"" + ""Elemental formula""，即列出的是**离子式**（含碘）。中性式 = 离子式 − I（团簇加合）；不含 I 的离子按 [M-H]- 还原（中性 = 离子 + H）。645 行全部用给出的三位小数 m/z 独立验算通过（校验 A） | source: SI Table S1"
C14H19Cl2NO9,I-,deprot,FIGAERO-I-CIMS (HR-ToF-CIMS),gas/particle,chamber; UT Austin environmental chamber; alpha-pinene + Cl2/UV with NO (alpha-pinene+Cl+NO system),chamber,,"Masoud and Ruiz, 2021, ACS Earth Space Chem.",10.1021/acsearthspacechem.1c00150,"alpha-蒎烯 + Cl + NO 体系拟合峰表第 474 条 | 原文离子式: C14H18NCl2O9-，原文 m/z 414.036 Th（[M-H]-，算得 414.036，Δ 0.4 mDa） | DBE 4，整数 ⇒ 闭壳层 | 第 0 步依据：SI Table S1 表头明写 ""m/z (**I- included**)"" + ""Elemental formula""，即列出的是**离子式**（含碘）。中性式 = 离子式 − I（团簇加合）；不含 I 的离子按 [M-H]- 还原（中性 = 离子 + H）。645 行全部用给出的三位小数 m/z 独立验算通过（校验 A） | source: SI Table S1"
C12H13ClO6,I-,adduct,FIGAERO-I-CIMS (HR-ToF-CIMS),gas/particle,chamber; UT Austin environmental chamber; alpha-pinene + Cl2/UV with NO (alpha-pinene+Cl+NO system),chamber,,"Masoud and Ruiz, 2021, ACS Earth Space Chem.",10.1021/acsearthspacechem.1c00150,"alpha-蒎烯 + Cl + NO 体系拟合峰表第 475 条 | 原文离子式: C12H13ClIO6-，原文 m/z 414.945 Th（[M+I]-，算得 414.945，Δ 0.1 mDa） | DBE 6，整数 ⇒ 闭壳层 | 第 0 步依据：SI Table S1 表头明写 ""m/z (**I- included**)"" + ""Elemental formula""，即列出的是**离子式**（含碘）。中性式 = 离子式 − I（团簇加合）；不含 I 的离子按 [M-H]- 还原（中性 = 离子 + H）。645 行全部用给出的三位小数 m/z 独立验算通过（校验 A） | source: SI Table S1"
C12H16O8,I-,adduct,FIGAERO-I-CIMS (HR-ToF-CIMS),gas/particle,chamber; UT Austin environmental chamber; alpha-pinene + Cl2/UV with NO (alpha-pinene+Cl+NO system),chamber,,"Masoud and Ruiz, 2021, ACS Earth Space Chem.",10.1021/acsearthspacechem.1c00150,"alpha-蒎烯 + Cl + NO 体系拟合峰表第 476 条 | 原文离子式: C12H16IO8-，原文 m/z 414.99 Th（[M+I]-，算得 414.990，Δ 0.5 mDa） | DBE 5，整数 ⇒ 闭壳层 | 第 0 步依据：SI Table S1 表头明写 ""m/z (**I- included**)"" + ""Elemental formula""，即列出的是**离子式**（含碘）。中性式 = 离子式 − I（团簇加合）；不含 I 的离子按 [M-H]- 还原（中性 = 离子 + H）。645 行全部用给出的三位小数 m/z 独立验算通过（校验 A） | source: SI Table S1"
C14H18Cl2O10,I-,deprot,FIGAERO-I-CIMS (HR-ToF-CIMS),gas/particle,chamber; UT Austin environmental chamber; alpha-pinene + Cl2/UV with NO (alpha-pinene+Cl+NO system),chamber,,"Masoud and Ruiz, 2021, ACS Earth Space Chem.",10.1021/acsearthspacechem.1c00150,"alpha-蒎烯 + Cl + NO 体系拟合峰表第 477 条 | 原文离子式: C14H17Cl2O10-，原文 m/z 415.02 Th（[M-H]-，算得 415.020，Δ 0.4 mDa） | DBE 5，整数 ⇒ 闭壳层 | 第 0 步依据：SI Table S1 表头明写 ""m/z (**I- included**)"" + ""Elemental formula""，即列出的是**离子式**（含碘）。中性式 = 离子式 − I（团簇加合）；不含 I 的离子按 [M-H]- 还原（中性 = 离子 + H）。645 行全部用给出的三位小数 m/z 独立验算通过（校验 A） | source: SI Table S1"
C11H10ClO7,I-,adduct,FIGAERO-I-CIMS (HR-ToF-CIMS),gas/particle,chamber; UT Austin environmental chamber; alpha-pinene + Cl2/UV with NO (alpha-pinene+Cl+NO system),chamber,,"Masoud and Ruiz, 2021, ACS Earth Space Chem.",10.1021/acsearthspacechem.1c00150,"alpha-蒎烯 + Cl + NO 体系拟合峰表第 478 条 | 原文离子式: C11H10ClIO7-，原文 m/z 415.917 Th（[M+I]-，算得 415.917，Δ 0.5 mDa） | DBE 6.5，半整数 ⇒ 开壳层自由基 | 第 0 步依据：SI Table S1 表头明写 ""m/z (**I- included**)"" + ""Elemental formula""，即列出的是**离子式**（含碘）。中性式 = 离子式 − I（团簇加合）；不含 I 的离子按 [M-H]- 还原（中性 = 离子 + H）。645 行全部用给出的三位小数 m/z 独立验算通过（校验 A） | source: SI Table S1"
C11H13O9,I-,adduct,FIGAERO-I-CIMS (HR-ToF-CIMS),gas/particle,chamber; UT Austin environmental chamber; alpha-pinene + Cl2/UV with NO (alpha-pinene+Cl+NO system),chamber,,"Masoud and Ruiz, 2021, ACS Earth Space Chem.",10.1021/acsearthspacechem.1c00150,"alpha-蒎烯 + Cl + NO 体系拟合峰表第 479 条 | 原文离子式: C11H13IO9-，原文 m/z 415.961 Th（[M+I]-，算得 415.961，Δ 0.0 mDa） | DBE 5.5，半整数 ⇒ 开壳层自由基 | 第 0 步依据：SI Table S1 表头明写 ""m/z (**I- included**)"" + ""Elemental formula""，即列出的是**离子式**（含碘）。中性式 = 离子式 − I（团簇加合）；不含 I 的离子按 [M-H]- 还原（中性 = 离子 + H）。645 行全部用给出的三位小数 m/z 独立验算通过（校验 A） | source: SI Table S1"
C12H17O8,I-,adduct,FIGAERO-I-CIMS (HR-ToF-CIMS),gas/particle,chamber; UT Austin environmental chamber; alpha-pinene + Cl2/UV with NO (alpha-pinene+Cl+NO system),chamber,,"Masoud and Ruiz, 2021, ACS Earth Space Chem.",10.1021/acsearthspacechem.1c00150,"alpha-蒎烯 + Cl + NO 体系拟合峰表第 480 条 | 原文离子式: C12H17IO8-，原文 m/z 415.997 Th（[M+I]-，算得 415.997，Δ 0.4 mDa） | DBE 4.5，半整数 ⇒ 开壳层自由基 | 第 0 步依据：SI Table S1 表头明写 ""m/z (**I- included**)"" + ""Elemental formula""，即列出的是**离子式**（含碘）。中性式 = 离子式 − I（团簇加合）；不含 I 的离子按 [M-H]- 还原（中性 = 离子 + H）。645 行全部用给出的三位小数 m/z 独立验算通过（校验 A） | source: SI Table S1"
C13H21O7,I-,adduct,FIGAERO-I-CIMS (HR-ToF-CIMS),gas/particle,chamber; UT Austin environmental chamber; alpha-pinene + Cl2/UV with NO (alpha-pinene+Cl+NO system),chamber,,"Masoud and Ruiz, 2021, ACS Earth Space Chem.",10.1021/acsearthspacechem.1c00150,"alpha-蒎烯 + Cl + NO 体系拟合峰表第 481 条 | 原文离子式: C13H21IO7-，原文 m/z 416.034 Th（[M+I]-，算得 416.034，Δ 0.3 mDa） | DBE 3.5，半整数 ⇒ 开壳层自由基 | 第 0 步依据：SI Table S1 表头明写 ""m/z (**I- included**)"" + ""Elemental formula""，即列出的是**离子式**（含碘）。中性式 = 离子式 − I（团簇加合）；不含 I 的离子按 [M-H]- 还原（中性 = 离子 + H）。645 行全部用给出的三位小数 m/z 独立验算通过（校验 A） | source: SI Table S1"
C11H8Cl2O5,I-,adduct,FIGAERO-I-CIMS (HR-ToF-CIMS),gas/particle,chamber; UT Austin environmental chamber; alpha-pinene + Cl2/UV with NO (alpha-pinene+Cl+NO system),chamber,,"Masoud and Ruiz, 2021, ACS Earth Space Chem.",10.1021/acsearthspacechem.1c00150,"alpha-蒎烯 + Cl + NO 体系拟合峰表第 482 条 | 原文离子式: C11H8Cl2IO5-，原文 m/z 416.88 Th（[M+I]-，算得 416.880，Δ 0.1 mDa） | DBE 7，整数 ⇒ 闭壳层 | 第 0 步依据：SI Table S1 表头明写 ""m/z (**I- included**)"" + ""Elemental formula""，即列出的是**离子式**（含碘）。中性式 = 离子式 − I（团簇加合）；不含 I 的离子按 [M-H]- 还原（中性 = 离子 + H）。645 行全部用给出的三位小数 m/z 独立验算通过（校验 A） | source: SI Table S1"
C11H11ClO7,I-,adduct,FIGAERO-I-CIMS (HR-ToF-CIMS),gas/particle,chamber; UT Austin environmental chamber; alpha-pinene + Cl2/UV with NO (alpha-pinene+Cl+NO system),chamber,,"Masoud and Ruiz, 2021, ACS Earth Space Chem.",10.1021/acsearthspacechem.1c00150,"alpha-蒎烯 + Cl + NO 体系拟合峰表第 483 条 | 原文离子式: C11H11ClIO7-，原文 m/z 416.924 Th（[M+I]-，算得 416.924，Δ 0.4 mDa） | DBE 6，整数 ⇒ 闭壳层 | 第 0 步依据：SI Table S1 表头明写 ""m/z (**I- included**)"" + ""Elemental formula""，即列出的是**离子式**（含碘）。中性式 = 离子式 − I（团簇加合）；不含 I 的离子按 [M-H]- 还原（中性 = 离子 + H）。645 行全部用给出的三位小数 m/z 独立验算通过（校验 A） | source: SI Table S1"
C10H14N2O8,I-,adduct,FIGAERO-I-CIMS (HR-ToF-CIMS),gas/particle,chamber; UT Austin environmental chamber; alpha-pinene + Cl2/UV with NO (alpha-pinene+Cl+NO system),chamber,,"Masoud and Ruiz, 2021, ACS Earth Space Chem.",10.1021/acsearthspacechem.1c00150,"alpha-蒎烯 + Cl + NO 体系拟合峰表第 484 条 | 原文离子式: C10H14N2IO8-，原文 m/z 416.98 Th（[M+I]-，算得 416.980，Δ 0.0 mDa） | DBE 3，整数 ⇒ 闭壳层 | 第 0 步依据：SI Table S1 表头明写 ""m/z (**I- included**)"" + ""Elemental formula""，即列出的是**离子式**（含碘）。中性式 = 离子式 − I（团簇加合）；不含 I 的离子按 [M-H]- 还原（中性 = 离子 + H）。645 行全部用给出的三位小数 m/z 独立验算通过（校验 A） | source: SI Table S1"
C14H20Cl2O10,I-,deprot,FIGAERO-I-CIMS (HR-ToF-CIMS),gas/particle,chamber; UT Austin environmental chamber; alpha-pinene + Cl2/UV with NO (alpha-pinene+Cl+NO system),chamber,,"Masoud and Ruiz, 2021, ACS Earth Space Chem.",10.1021/acsearthspacechem.1c00150,"alpha-蒎烯 + Cl + NO 体系拟合峰表第 485 条 | 原文离子式: C14H19Cl2O10-，原文 m/z 417.036 Th（[M-H]-，算得 417.036，Δ 0.1 mDa） | DBE 4，整数 ⇒ 闭壳层 | 第 0 步依据：SI Table S1 表头明写 ""m/z (**I- included**)"" + ""Elemental formula""，即列出的是**离子式**（含碘）。中性式 = 离子式 − I（团簇加合）；不含 I 的离子按 [M-H]- 还原（中性 = 离子 + H）。645 行全部用给出的三位小数 m/z 独立验算通过（校验 A） | source: SI Table S1"
C19H24Cl2O6,I-,deprot,FIGAERO-I-CIMS (HR-ToF-CIMS),gas/particle,chamber; UT Austin environmental chamber; alpha-pinene + Cl2/UV with NO (alpha-pinene+Cl+NO system),chamber,,"Masoud and Ruiz, 2021, ACS Earth Space Chem.",10.1021/acsearthspacechem.1c00150,"alpha-蒎烯 + Cl + NO 体系拟合峰表第 486 条 | 原文离子式: C19H23Cl2O6-，原文 m/z 417.088 Th（[M-H]-，算得 417.088，Δ 0.3 mDa） | DBE 7，整数 ⇒ 闭壳层 | 第 0 步依据：SI Table S1 表头明写 ""m/z (**I- included**)"" + ""Elemental formula""，即列出的是**离子式**（含碘）。中性式 = 离子式 − I（团簇加合）；不含 I 的离子按 [M-H]- 还原（中性 = 离子 + H）。645 行全部用给出的三位小数 m/z 独立验算通过（校验 A） | source: SI Table S1"
C10H13NO9,I-,adduct,FIGAERO-I-CIMS (HR-ToF-CIMS),gas/particle,chamber; UT Austin environmental chamber; alpha-pinene + Cl2/UV with NO (alpha-pinene+Cl+NO system),chamber,,"Masoud and Ruiz, 2021, ACS Earth Space Chem.",10.1021/acsearthspacechem.1c00150,"alpha-蒎烯 + Cl + NO 体系拟合峰表第 487 条 | 原文离子式: C10H13NIO9-，原文 m/z 417.964 Th（[M+I]-，算得 417.964，Δ 0.1 mDa） | DBE 4，整数 ⇒ 闭壳层 | 第 0 步依据：SI Table S1 表头明写 ""m/z (**I- included**)"" + ""Elemental formula""，即列出的是**离子式**（含碘）。中性式 = 离子式 − I（团簇加合）；不含 I 的离子按 [M-H]- 还原（中性 = 离子 + H）。645 行全部用给出的三位小数 m/z 独立验算通过（校验 A） | source: SI Table S1"
C12H19O8,I-,adduct,FIGAERO-I-CIMS (HR-ToF-CIMS),gas/particle,chamber; UT Austin environmental chamber; alpha-pinene + Cl2/UV with NO (alpha-pinene+Cl+NO system),chamber,,"Masoud and Ruiz, 2021, ACS Earth Space Chem.",10.1021/acsearthspacechem.1c00150,"alpha-蒎烯 + Cl + NO 体系拟合峰表第 488 条 | 原文离子式: C12H19IO8-，原文 m/z 418.013 Th（[M+I]-，算得 418.013，Δ 0.0 mDa） | DBE 3.5，半整数 ⇒ 开壳层自由基 | 第 0 步依据：SI Table S1 表头明写 ""m/z (**I- included**)"" + ""Elemental formula""，即列出的是**离子式**（含碘）。中性式 = 离子式 − I（团簇加合）；不含 I 的离子按 [M-H]- 还原（中性 = 离子 + H）。645 行全部用给出的三位小数 m/z 独立验算通过（校验 A） | source: SI Table S1"
C17H25NO3,I-,adduct,FIGAERO-I-CIMS (HR-ToF-CIMS),gas/particle,chamber; UT Austin environmental chamber; alpha-pinene + Cl2/UV with NO (alpha-pinene+Cl+NO system),chamber,,"Masoud and Ruiz, 2021, ACS Earth Space Chem.",10.1021/acsearthspacechem.1c00150,"alpha-蒎烯 + Cl + NO 体系拟合峰表第 489 条 | 原文离子式: C17H25NIO3-，原文 m/z 418.088 Th（[M+I]-，算得 418.088，Δ 0.5 mDa） | DBE 5，整数 ⇒ 闭壳层 | 第 0 步依据：SI Table S1 表头明写 ""m/z (**I- included**)"" + ""Elemental formula""，即列出的是**离子式**（含碘）。中性式 = 离子式 − I（团簇加合）；不含 I 的离子按 [M-H]- 还原（中性 = 离子 + H）。645 行全部用给出的三位小数 m/z 独立验算通过（校验 A） | source: SI Table S1"
C11H13ClO7,I-,adduct,FIGAERO-I-CIMS (HR-ToF-CIMS),gas/particle,chamber; UT Austin environmental chamber; alpha-pinene + Cl2/UV with NO (alpha-pinene+Cl+NO system),chamber,,"Masoud and Ruiz, 2021, ACS Earth Space Chem.",10.1021/acsearthspacechem.1c00150,"alpha-蒎烯 + Cl + NO 体系拟合峰表第 490 条 | 原文离子式: C11H13ClIO7-，原文 m/z 418.94 Th（[M+I]-，算得 418.940，Δ 0.0 mDa） | DBE 5，整数 ⇒ 闭壳层 | 第 0 步依据：SI Table S1 表头明写 ""m/z (**I- included**)"" + ""Elemental formula""，即列出的是**离子式**（含碘）。中性式 = 离子式 − I（团簇加合）；不含 I 的离子按 [M-H]- 还原（中性 = 离子 + H）。645 行全部用给出的三位小数 m/z 独立验算通过（校验 A） | source: SI Table S1"
C11H15ClNO6,I-,adduct,FIGAERO-I-CIMS (HR-ToF-CIMS),gas/particle,chamber; UT Austin environmental chamber; alpha-pinene + Cl2/UV with NO (alpha-pinene+Cl+NO system),chamber,,"Masoud and Ruiz, 2021, ACS Earth Space Chem.",10.1021/acsearthspacechem.1c00150,"alpha-蒎烯 + Cl + NO 体系拟合峰表第 491 条 | 原文离子式: C11H15NClIO6-，原文 m/z 418.964 Th（[M+I]-，算得 418.964，Δ 0.2 mDa） | DBE 3.5，半整数 ⇒ 开壳层自由基 | 第 0 步依据：SI Table S1 表头明写 ""m/z (**I- included**)"" + ""Elemental formula""，即列出的是**离子式**（含碘）。中性式 = 离子式 − I（团簇加合）；不含 I 的离子按 [M-H]- 还原（中性 = 离子 + H）。645 行全部用给出的三位小数 m/z 独立验算通过（校验 A） | source: SI Table S1"
C10H16N2O8,I-,adduct,FIGAERO-I-CIMS (HR-ToF-CIMS),gas/particle,chamber; UT Austin environmental chamber; alpha-pinene + Cl2/UV with NO (alpha-pinene+Cl+NO system),chamber,,"Masoud and Ruiz, 2021, ACS Earth Space Chem.",10.1021/acsearthspacechem.1c00150,"alpha-蒎烯 + Cl + NO 体系拟合峰表第 492 条 | 原文离子式: C10H16N2IO8-，原文 m/z 418.996 Th（[M+I]-，算得 418.996，Δ 0.3 mDa） | DBE 2，整数 ⇒ 闭壳层 | 第 0 步依据：SI Table S1 表头明写 ""m/z (**I- included**)"" + ""Elemental formula""，即列出的是**离子式**（含碘）。中性式 = 离子式 − I（团簇加合）；不含 I 的离子按 [M-H]- 还原（中性 = 离子 + H）。645 行全部用给出的三位小数 m/z 独立验算通过（校验 A） | source: SI Table S1"
C19H26Cl2O6,I-,deprot,FIGAERO-I-CIMS (HR-ToF-CIMS),gas/particle,chamber; UT Austin environmental chamber; alpha-pinene + Cl2/UV with NO (alpha-pinene+Cl+NO system),chamber,,"Masoud and Ruiz, 2021, ACS Earth Space Chem.",10.1021/acsearthspacechem.1c00150,"alpha-蒎烯 + Cl + NO 体系拟合峰表第 494 条 | 原文离子式: C19H25Cl2O6-，原文 m/z 419.103 Th（[M-H]-，算得 419.103，Δ 0.4 mDa） | DBE 6，整数 ⇒ 闭壳层 | 第 0 步依据：SI Table S1 表头明写 ""m/z (**I- included**)"" + ""Elemental formula""，即列出的是**离子式**（含碘）。中性式 = 离子式 − I（团簇加合）；不含 I 的离子按 [M-H]- 还原（中性 = 离子 + H）。645 行全部用给出的三位小数 m/z 独立验算通过（校验 A） | source: SI Table S1"
C12H15Cl2O4,I-,adduct,FIGAERO-I-CIMS (HR-ToF-CIMS),gas/particle,chamber; UT Austin environmental chamber; alpha-pinene + Cl2/UV with NO (alpha-pinene+Cl+NO system),chamber,,"Masoud and Ruiz, 2021, ACS Earth Space Chem.",10.1021/acsearthspacechem.1c00150,"alpha-蒎烯 + Cl + NO 体系拟合峰表第 495 条 | 原文离子式: C12H15Cl2IO4-，原文 m/z 419.94 Th（[M+I]-，算得 419.940，Δ 0.2 mDa） | DBE 4.5，半整数 ⇒ 开壳层自由基 | 第 0 步依据：SI Table S1 表头明写 ""m/z (**I- included**)"" + ""Elemental formula""，即列出的是**离子式**（含碘）。中性式 = 离子式 − I（团簇加合）；不含 I 的离子按 [M-H]- 还原（中性 = 离子 + H）。645 行全部用给出的三位小数 m/z 独立验算通过（校验 A） | source: SI Table S1"
C10H13O10,I-,adduct,FIGAERO-I-CIMS (HR-ToF-CIMS),gas/particle,chamber; UT Austin environmental chamber; alpha-pinene + Cl2/UV with NO (alpha-pinene+Cl+NO system),chamber,,"Masoud and Ruiz, 2021, ACS Earth Space Chem.",10.1021/acsearthspacechem.1c00150,"alpha-蒎烯 + Cl + NO 体系拟合峰表第 496 条 | 原文离子式: C10H13IO10-，原文 m/z 419.956 Th（[M+I]-，算得 419.956，Δ 0.1 mDa） | DBE 4.5，半整数 ⇒ 开壳层自由基 | 第 0 步依据：SI Table S1 表头明写 ""m/z (**I- included**)"" + ""Elemental formula""，即列出的是**离子式**（含碘）。中性式 = 离子式 − I（团簇加合）；不含 I 的离子按 [M-H]- 还原（中性 = 离子 + H）。645 行全部用给出的三位小数 m/z 独立验算通过（校验 A） | source: SI Table S1"
C11H17O9,I-,adduct,FIGAERO-I-CIMS (HR-ToF-CIMS),gas/particle,chamber; UT Austin environmental chamber; alpha-pinene + Cl2/UV with NO (alpha-pinene+Cl+NO system),chamber,,"Masoud and Ruiz, 2021, ACS Earth Space Chem.",10.1021/acsearthspacechem.1c00150,"alpha-蒎烯 + Cl + NO 体系拟合峰表第 497 条 | 原文离子式: C11H17IO9-，原文 m/z 419.992 Th（[M+I]-，算得 419.992，Δ 0.3 mDa） | DBE 3.5，半整数 ⇒ 开壳层自由基 | 第 0 步依据：SI Table S1 表头明写 ""m/z (**I- included**)"" + ""Elemental formula""，即列出的是**离子式**（含碘）。中性式 = 离子式 − I（团簇加合）；不含 I 的离子按 [M-H]- 还原（中性 = 离子 + H）。645 行全部用给出的三位小数 m/z 独立验算通过（校验 A） | source: SI Table S1"
C11H19NO8,I-,adduct,FIGAERO-I-CIMS (HR-ToF-CIMS),gas/particle,chamber; UT Austin environmental chamber; alpha-pinene + Cl2/UV with NO (alpha-pinene+Cl+NO system),chamber,,"Masoud and Ruiz, 2021, ACS Earth Space Chem.",10.1021/acsearthspacechem.1c00150,"alpha-蒎烯 + Cl + NO 体系拟合峰表第 498 条 | 原文离子式: C11H19NIO8-，原文 m/z 420.016 Th（[M+I]-，算得 420.016，Δ 0.1 mDa） | DBE 2，整数 ⇒ 闭壳层 | 第 0 步依据：SI Table S1 表头明写 ""m/z (**I- included**)"" + ""Elemental formula""，即列出的是**离子式**（含碘）。中性式 = 离子式 − I（团簇加合）；不含 I 的离子按 [M-H]- 还原（中性 = 离子 + H）。645 行全部用给出的三位小数 m/z 独立验算通过（校验 A） | source: SI Table S1"
C11H12Cl2O5,I-,adduct,FIGAERO-I-CIMS (HR-ToF-CIMS),gas/particle,chamber; UT Austin environmental chamber; alpha-pinene + Cl2/UV with NO (alpha-pinene+Cl+NO system),chamber,,"Masoud and Ruiz, 2021, ACS Earth Space Chem.",10.1021/acsearthspacechem.1c00150,"alpha-蒎烯 + Cl + NO 体系拟合峰表第 499 条 | 原文离子式: C11H12Cl2IO5-，原文 m/z 420.911 Th（[M+I]-，算得 420.911，Δ 0.2 mDa） | DBE 5，整数 ⇒ 闭壳层 | 第 0 步依据：SI Table S1 表头明写 ""m/z (**I- included**)"" + ""Elemental formula""，即列出的是**离子式**（含碘）。中性式 = 离子式 − I（团簇加合）；不含 I 的离子按 [M-H]- 还原（中性 = 离子 + H）。645 行全部用给出的三位小数 m/z 独立验算通过（校验 A） | source: SI Table S1"
C10H14O10,I-,adduct,FIGAERO-I-CIMS (HR-ToF-CIMS),gas/particle,chamber; UT Austin environmental chamber; alpha-pinene + Cl2/UV with NO (alpha-pinene+Cl+NO system),chamber,,"Masoud and Ruiz, 2021, ACS Earth Space Chem.",10.1021/acsearthspacechem.1c00150,"alpha-蒎烯 + Cl + NO 体系拟合峰表第 500 条 | 原文离子式: C10H14IO10-，原文 m/z 420.964 Th（[M+I]-，算得 420.964，Δ 0.3 mDa） | DBE 4，整数 ⇒ 闭壳层 | 第 0 步依据：SI Table S1 表头明写 ""m/z (**I- included**)"" + ""Elemental formula""，即列出的是**离子式**（含碘）。中性式 = 离子式 − I（团簇加合）；不含 I 的离子按 [M-H]- 还原（中性 = 离子 + H）。645 行全部用给出的三位小数 m/z 独立验算通过（校验 A） | source: SI Table S1"
C16H19ClO3,I-,adduct,FIGAERO-I-CIMS (HR-ToF-CIMS),gas/particle,chamber; UT Austin environmental chamber; alpha-pinene + Cl2/UV with NO (alpha-pinene+Cl+NO system),chamber,,"Masoud and Ruiz, 2021, ACS Earth Space Chem.",10.1021/acsearthspacechem.1c00150,"alpha-蒎烯 + Cl + NO 体系拟合峰表第 501 条 | 原文离子式: C16H19ClIO3-，原文 m/z 421.007 Th（[M+I]-，算得 421.007，Δ 0.3 mDa） | DBE 7，整数 ⇒ 闭壳层 | 第 0 步依据：SI Table S1 表头明写 ""m/z (**I- included**)"" + ""Elemental formula""，即列出的是**离子式**（含碘）。中性式 = 离子式 − I（团簇加合）；不含 I 的离子按 [M-H]- 还原（中性 = 离子 + H）。645 行全部用给出的三位小数 m/z 独立验算通过（校验 A） | source: SI Table S1"
C13H23ClO13,I-,deprot,FIGAERO-I-CIMS (HR-ToF-CIMS),gas/particle,chamber; UT Austin environmental chamber; alpha-pinene + Cl2/UV with NO (alpha-pinene+Cl+NO system),chamber,,"Masoud and Ruiz, 2021, ACS Earth Space Chem.",10.1021/acsearthspacechem.1c00150,"alpha-蒎烯 + Cl + NO 体系拟合峰表第 502 条 | 原文离子式: C13H22ClO13-，原文 m/z 421.075 Th（[M-H]-，算得 421.075，Δ 0.4 mDa） | DBE 2，整数 ⇒ 闭壳层 | 第 0 步依据：SI Table S1 表头明写 ""m/z (**I- included**)"" + ""Elemental formula""，即列出的是**离子式**（含碘）。中性式 = 离子式 − I（团簇加合）；不含 I 的离子按 [M-H]- 还原（中性 = 离子 + H）。645 行全部用给出的三位小数 m/z 独立验算通过（校验 A） | source: SI Table S1"
C19H28Cl2O6,I-,deprot,FIGAERO-I-CIMS (HR-ToF-CIMS),gas/particle,chamber; UT Austin environmental chamber; alpha-pinene + Cl2/UV with NO (alpha-pinene+Cl+NO system),chamber,,"Masoud and Ruiz, 2021, ACS Earth Space Chem.",10.1021/acsearthspacechem.1c00150,"alpha-蒎烯 + Cl + NO 体系拟合峰表第 503 条 | 原文离子式: C19H27Cl2O6-，原文 m/z 421.119 Th（[M-H]-，算得 421.119，Δ 0.0 mDa） | DBE 5，整数 ⇒ 闭壳层 | 第 0 步依据：SI Table S1 表头明写 ""m/z (**I- included**)"" + ""Elemental formula""，即列出的是**离子式**（含碘）。中性式 = 离子式 − I（团簇加合）；不含 I 的离子按 [M-H]- 还原（中性 = 离子 + H）。645 行全部用给出的三位小数 m/z 独立验算通过（校验 A） | source: SI Table S1"
C10H12ClO8,I-,adduct,FIGAERO-I-CIMS (HR-ToF-CIMS),gas/particle,chamber; UT Austin environmental chamber; alpha-pinene + Cl2/UV with NO (alpha-pinene+Cl+NO system),chamber,,"Masoud and Ruiz, 2021, ACS Earth Space Chem.",10.1021/acsearthspacechem.1c00150,"alpha-蒎烯 + Cl + NO 体系拟合峰表第 504 条 | 原文离子式: C10H12ClIO8-，原文 m/z 421.927 Th（[M+I]-，算得 421.927，Δ 0.1 mDa） | DBE 4.5，半整数 ⇒ 开壳层自由基 | 第 0 步依据：SI Table S1 表头明写 ""m/z (**I- included**)"" + ""Elemental formula""，即列出的是**离子式**（含碘）。中性式 = 离子式 − I（团簇加合）；不含 I 的离子按 [M-H]- 还原（中性 = 离子 + H）。645 行全部用给出的三位小数 m/z 独立验算通过（校验 A） | source: SI Table S1"
C9H13NO10,I-,adduct,FIGAERO-I-CIMS (HR-ToF-CIMS),gas/particle,chamber; UT Austin environmental chamber; alpha-pinene + Cl2/UV with NO (alpha-pinene+Cl+NO system),chamber,,"Masoud and Ruiz, 2021, ACS Earth Space Chem.",10.1021/acsearthspacechem.1c00150,"alpha-蒎烯 + Cl + NO 体系拟合峰表第 505 条 | 原文离子式: C9H13NIO10-，原文 m/z 421.959 Th（[M+I]-，算得 421.959，Δ 0.0 mDa） | DBE 3，整数 ⇒ 闭壳层 | 第 0 步依据：SI Table S1 表头明写 ""m/z (**I- included**)"" + ""Elemental formula""，即列出的是**离子式**（含碘）。中性式 = 离子式 − I（团簇加合）；不含 I 的离子按 [M-H]- 还原（中性 = 离子 + H）。645 行全部用给出的三位小数 m/z 独立验算通过（校验 A） | source: SI Table S1"
C10H15O10,I-,adduct,FIGAERO-I-CIMS (HR-ToF-CIMS),gas/particle,chamber; UT Austin environmental chamber; alpha-pinene + Cl2/UV with NO (alpha-pinene+Cl+NO system),chamber,,"Masoud and Ruiz, 2021, ACS Earth Space Chem.",10.1021/acsearthspacechem.1c00150,"alpha-蒎烯 + Cl + NO 体系拟合峰表第 506 条 | 原文离子式: C10H15IO10-，原文 m/z 421.972 Th（[M+I]-，算得 421.972，Δ 0.5 mDa） | DBE 3.5，半整数 ⇒ 开壳层自由基 | 第 0 步依据：SI Table S1 表头明写 ""m/z (**I- included**)"" + ""Elemental formula""，即列出的是**离子式**（含碘）。中性式 = 离子式 − I（团簇加合）；不含 I 的离子按 [M-H]- 还原（中性 = 离子 + H）。645 行全部用给出的三位小数 m/z 独立验算通过（校验 A） | source: SI Table S1"
C11H21NO8,I-,adduct,FIGAERO-I-CIMS (HR-ToF-CIMS),gas/particle,chamber; UT Austin environmental chamber; alpha-pinene + Cl2/UV with NO (alpha-pinene+Cl+NO system),chamber,,"Masoud and Ruiz, 2021, ACS Earth Space Chem.",10.1021/acsearthspacechem.1c00150,"alpha-蒎烯 + Cl + NO 体系拟合峰表第 507 条 | 原文离子式: C11H21NIO8-，原文 m/z 422.032 Th（[M+I]-，算得 422.032，Δ 0.3 mDa） | DBE 1，整数 ⇒ 闭壳层 | 第 0 步依据：SI Table S1 表头明写 ""m/z (**I- included**)"" + ""Elemental formula""，即列出的是**离子式**（含碘）。中性式 = 离子式 − I（团簇加合）；不含 I 的离子按 [M-H]- 还原（中性 = 离子 + H）。645 行全部用给出的三位小数 m/z 独立验算通过（校验 A） | source: SI Table S1"
C10H13ClO8,I-,adduct,FIGAERO-I-CIMS (HR-ToF-CIMS),gas/particle,chamber; UT Austin environmental chamber; alpha-pinene + Cl2/UV with NO (alpha-pinene+Cl+NO system),chamber,,"Masoud and Ruiz, 2021, ACS Earth Space Chem.",10.1021/acsearthspacechem.1c00150,"alpha-蒎烯 + Cl + NO 体系拟合峰表第 508 条 | 原文离子式: C10H13ClIO8-，原文 m/z 422.935 Th（[M+I]-，算得 422.935，Δ 0.1 mDa） | DBE 4，整数 ⇒ 闭壳层 | 第 0 步依据：SI Table S1 表头明写 ""m/z (**I- included**)"" + ""Elemental formula""，即列出的是**离子式**（含碘）。中性式 = 离子式 − I（团簇加合）；不含 I 的离子按 [M-H]- 还原（中性 = 离子 + H）。645 行全部用给出的三位小数 m/z 独立验算通过（校验 A） | source: SI Table S1"
C10H16O10,I-,adduct,FIGAERO-I-CIMS (HR-ToF-CIMS),gas/particle,chamber; UT Austin environmental chamber; alpha-pinene + Cl2/UV with NO (alpha-pinene+Cl+NO system),chamber,,"Masoud and Ruiz, 2021, ACS Earth Space Chem.",10.1021/acsearthspacechem.1c00150,"alpha-蒎烯 + Cl + NO 体系拟合峰表第 509 条 | 原文离子式: C10H16IO10-，原文 m/z 422.979 Th（[M+I]-，算得 422.979，Δ 0.4 mDa） | DBE 3，整数 ⇒ 闭壳层 | 第 0 步依据：SI Table S1 表头明写 ""m/z (**I- included**)"" + ""Elemental formula""，即列出的是**离子式**（含碘）。中性式 = 离子式 − I（团簇加合）；不含 I 的离子按 [M-H]- 还原（中性 = 离子 + H）。645 行全部用给出的三位小数 m/z 独立验算通过（校验 A） | source: SI Table S1"
C15H17ClO12,I-,deprot,FIGAERO-I-CIMS (HR-ToF-CIMS),gas/particle,chamber; UT Austin environmental chamber; alpha-pinene + Cl2/UV with NO (alpha-pinene+Cl+NO system),chamber,,"Masoud and Ruiz, 2021, ACS Earth Space Chem.",10.1021/acsearthspacechem.1c00150,"alpha-蒎烯 + Cl + NO 体系拟合峰表第 510 条 | 原文离子式: C15H16ClO12-，原文 m/z 423.034 Th（[M-H]-，算得 423.034，Δ 0.4 mDa） | DBE 7，整数 ⇒ 闭壳层 | 第 0 步依据：SI Table S1 表头明写 ""m/z (**I- included**)"" + ""Elemental formula""，即列出的是**离子式**（含碘）。中性式 = 离子式 − I（团簇加合）；不含 I 的离子按 [M-H]- 还原（中性 = 离子 + H）。645 行全部用给出的三位小数 m/z 独立验算通过（校验 A） | source: SI Table S1"
C17H22Cl2O8,I-,deprot,FIGAERO-I-CIMS (HR-ToF-CIMS),gas/particle,chamber; UT Austin environmental chamber; alpha-pinene + Cl2/UV with NO (alpha-pinene+Cl+NO system),chamber,,"Masoud and Ruiz, 2021, ACS Earth Space Chem.",10.1021/acsearthspacechem.1c00150,"alpha-蒎烯 + Cl + NO 体系拟合峰表第 511 条 | 原文离子式: C17H21Cl2O8-，原文 m/z 423.062 Th（[M-H]-，算得 423.062，Δ 0.1 mDa） | DBE 6，整数 ⇒ 闭壳层 | 第 0 步依据：SI Table S1 表头明写 ""m/z (**I- included**)"" + ""Elemental formula""，即列出的是**离子式**（含碘）。中性式 = 离子式 − I（团簇加合）；不含 I 的离子按 [M-H]- 还原（中性 = 离子 + H）。645 行全部用给出的三位小数 m/z 独立验算通过（校验 A） | source: SI Table S1"
C20H34Cl2O5,I-,deprot,FIGAERO-I-CIMS (HR-ToF-CIMS),gas/particle,chamber; UT Austin environmental chamber; alpha-pinene + Cl2/UV with NO (alpha-pinene+Cl+NO system),chamber,,"Masoud and Ruiz, 2021, ACS Earth Space Chem.",10.1021/acsearthspacechem.1c00150,"alpha-蒎烯 + Cl + NO 体系拟合峰表第 513 条 | 原文离子式: C20H33Cl2O5-，原文 m/z 423.171 Th（[M-H]-，算得 423.171，Δ 0.1 mDa） | DBE 3，整数 ⇒ 闭壳层 | 第 0 步依据：SI Table S1 表头明写 ""m/z (**I- included**)"" + ""Elemental formula""，即列出的是**离子式**（含碘）。中性式 = 离子式 − I（团簇加合）；不含 I 的离子按 [M-H]- 还原（中性 = 离子 + H）。645 行全部用给出的三位小数 m/z 独立验算通过（校验 A） | source: SI Table S1"
C10H14ClO8,I-,adduct,FIGAERO-I-CIMS (HR-ToF-CIMS),gas/particle,chamber; UT Austin environmental chamber; alpha-pinene + Cl2/UV with NO (alpha-pinene+Cl+NO system),chamber,,"Masoud and Ruiz, 2021, ACS Earth Space Chem.",10.1021/acsearthspacechem.1c00150,"alpha-蒎烯 + Cl + NO 体系拟合峰表第 514 条 | 原文离子式: C10H14ClIO8-，原文 m/z 423.943 Th（[M+I]-，算得 423.943，Δ 0.3 mDa） | DBE 3.5，半整数 ⇒ 开壳层自由基 | 第 0 步依据：SI Table S1 表头明写 ""m/z (**I- included**)"" + ""Elemental formula""，即列出的是**离子式**（含碘）。中性式 = 离子式 − I（团簇加合）；不含 I 的离子按 [M-H]- 还原（中性 = 离子 + H）。645 行全部用给出的三位小数 m/z 独立验算通过（校验 A） | source: SI Table S1"
C10H16ClNO7,I-,adduct,FIGAERO-I-CIMS (HR-ToF-CIMS),gas/particle,chamber; UT Austin environmental chamber; alpha-pinene + Cl2/UV with NO (alpha-pinene+Cl+NO system),chamber,,"Masoud and Ruiz, 2021, ACS Earth Space Chem.",10.1021/acsearthspacechem.1c00150,"alpha-蒎烯 + Cl + NO 体系拟合峰表第 515 条 | 原文离子式: C10H16NClIO7-，原文 m/z 423.967 Th（[M+I]-，算得 423.967，Δ 0.4 mDa） | DBE 2，整数 ⇒ 闭壳层 | 第 0 步依据：SI Table S1 表头明写 ""m/z (**I- included**)"" + ""Elemental formula""，即列出的是**离子式**（含碘）。中性式 = 离子式 − I（团簇加合）；不含 I 的离子按 [M-H]- 还原（中性 = 离子 + H）。645 行全部用给出的三位小数 m/z 独立验算通过（校验 A） | source: SI Table S1"
C10H19NO9,I-,adduct,FIGAERO-I-CIMS (HR-ToF-CIMS),gas/particle,chamber; UT Austin environmental chamber; alpha-pinene + Cl2/UV with NO (alpha-pinene+Cl+NO system),chamber,,"Masoud and Ruiz, 2021, ACS Earth Space Chem.",10.1021/acsearthspacechem.1c00150,"alpha-蒎烯 + Cl + NO 体系拟合峰表第 516 条 | 原文离子式: C10H19NIO9-，原文 m/z 424.011 Th（[M+I]-，算得 424.011，Δ 0.0 mDa） | DBE 1，整数 ⇒ 闭壳层 | 第 0 步依据：SI Table S1 表头明写 ""m/z (**I- included**)"" + ""Elemental formula""，即列出的是**离子式**（含碘）。中性式 = 离子式 − I（团簇加合）；不含 I 的离子按 [M-H]- 还原（中性 = 离子 + H）。645 行全部用给出的三位小数 m/z 独立验算通过（校验 A） | source: SI Table S1"
C13H11ClO6,I-,adduct,FIGAERO-I-CIMS (HR-ToF-CIMS),gas/particle,chamber; UT Austin environmental chamber; alpha-pinene + Cl2/UV with NO (alpha-pinene+Cl+NO system),chamber,,"Masoud and Ruiz, 2021, ACS Earth Space Chem.",10.1021/acsearthspacechem.1c00150,"alpha-蒎烯 + Cl + NO 体系拟合峰表第 517 条 | 原文离子式: C13H11ClIO6-，原文 m/z 424.929 Th（[M+I]-，算得 424.929，Δ 0.4 mDa） | DBE 8，整数 ⇒ 闭壳层 | 第 0 步依据：SI Table S1 表头明写 ""m/z (**I- included**)"" + ""Elemental formula""，即列出的是**离子式**（含碘）。中性式 = 离子式 − I（团簇加合）；不含 I 的离子按 [M-H]- 还原（中性 = 离子 + H）。645 行全部用给出的三位小数 m/z 独立验算通过（校验 A） | source: SI Table S1"
C10H15ClO8,I-,adduct,FIGAERO-I-CIMS (HR-ToF-CIMS),gas/particle,chamber; UT Austin environmental chamber; alpha-pinene + Cl2/UV with NO (alpha-pinene+Cl+NO system),chamber,,"Masoud and Ruiz, 2021, ACS Earth Space Chem.",10.1021/acsearthspacechem.1c00150,"alpha-蒎烯 + Cl + NO 体系拟合峰表第 518 条 | 原文离子式: C10H15ClIO8-，原文 m/z 424.951 Th（[M+I]-，算得 424.951，Δ 0.4 mDa） | DBE 3，整数 ⇒ 闭壳层 | 第 0 步依据：SI Table S1 表头明写 ""m/z (**I- included**)"" + ""Elemental formula""，即列出的是**离子式**（含碘）。中性式 = 离子式 − I（团簇加合）；不含 I 的离子按 [M-H]- 还原（中性 = 离子 + H）。645 行全部用给出的三位小数 m/z 独立验算通过（校验 A） | source: SI Table S1"
C14H18O7,I-,adduct,FIGAERO-I-CIMS (HR-ToF-CIMS),gas/particle,chamber; UT Austin environmental chamber; alpha-pinene + Cl2/UV with NO (alpha-pinene+Cl+NO system),chamber,,"Masoud and Ruiz, 2021, ACS Earth Space Chem.",10.1021/acsearthspacechem.1c00150,"alpha-蒎烯 + Cl + NO 体系拟合峰表第 519 条 | 原文离子式: C14H18IO7-，原文 m/z 425.01 Th（[M+I]-，算得 425.010，Δ 0.3 mDa） | DBE 6，整数 ⇒ 闭壳层 | 第 0 步依据：SI Table S1 表头明写 ""m/z (**I- included**)"" + ""Elemental formula""，即列出的是**离子式**（含碘）。中性式 = 离子式 − I（团簇加合）；不含 I 的离子按 [M-H]- 还原（中性 = 离子 + H）。645 行全部用给出的三位小数 m/z 独立验算通过（校验 A） | source: SI Table S1"
C17H24Cl2O8,I-,deprot,FIGAERO-I-CIMS (HR-ToF-CIMS),gas/particle,chamber; UT Austin environmental chamber; alpha-pinene + Cl2/UV with NO (alpha-pinene+Cl+NO system),chamber,,"Masoud and Ruiz, 2021, ACS Earth Space Chem.",10.1021/acsearthspacechem.1c00150,"alpha-蒎烯 + Cl + NO 体系拟合峰表第 520 条 | 原文离子式: C17H23Cl2O8-，原文 m/z 425.078 Th（[M-H]-，算得 425.078，Δ 0.5 mDa） | DBE 5，整数 ⇒ 闭壳层 | 第 0 步依据：SI Table S1 表头明写 ""m/z (**I- included**)"" + ""Elemental formula""，即列出的是**离子式**（含碘）。中性式 = 离子式 − I（团簇加合）；不含 I 的离子按 [M-H]- 还原（中性 = 离子 + H）。645 行全部用给出的三位小数 m/z 独立验算通过（校验 A） | source: SI Table S1"
C16H26O13,I-,deprot,FIGAERO-I-CIMS (HR-ToF-CIMS),gas/particle,chamber; UT Austin environmental chamber; alpha-pinene + Cl2/UV with NO (alpha-pinene+Cl+NO system),chamber,,"Masoud and Ruiz, 2021, ACS Earth Space Chem.",10.1021/acsearthspacechem.1c00150,"alpha-蒎烯 + Cl + NO 体系拟合峰表第 521 条 | 原文离子式: C16H25O13-，原文 m/z 425.13 Th（[M-H]-，算得 425.130，Δ 0.1 mDa） | DBE 4，整数 ⇒ 闭壳层 | 第 0 步依据：SI Table S1 表头明写 ""m/z (**I- included**)"" + ""Elemental formula""，即列出的是**离子式**（含碘）。中性式 = 离子式 − I（团簇加合）；不含 I 的离子按 [M-H]- 还原（中性 = 离子 + H）。645 行全部用给出的三位小数 m/z 独立验算通过（校验 A） | source: SI Table S1"
C12H10ClNO6,I-,adduct,FIGAERO-I-CIMS (HR-ToF-CIMS),gas/particle,chamber; UT Austin environmental chamber; alpha-pinene + Cl2/UV with NO (alpha-pinene+Cl+NO system),chamber,,"Masoud and Ruiz, 2021, ACS Earth Space Chem.",10.1021/acsearthspacechem.1c00150,"alpha-蒎烯 + Cl + NO 体系拟合峰表第 523 条 | 原文离子式: C12H10NClIO6-，原文 m/z 425.925 Th（[M+I]-，算得 425.925，Δ 0.3 mDa） | DBE 7，整数 ⇒ 闭壳层 | 第 0 步依据：SI Table S1 表头明写 ""m/z (**I- included**)"" + ""Elemental formula""，即列出的是**离子式**（含碘）。中性式 = 离子式 − I（团簇加合）；不含 I 的离子按 [M-H]- 还原（中性 = 离子 + H）。645 行全部用给出的三位小数 m/z 独立验算通过（校验 A） | source: SI Table S1"
C14H16ClO5,I-,adduct,FIGAERO-I-CIMS (HR-ToF-CIMS),gas/particle,chamber; UT Austin environmental chamber; alpha-pinene + Cl2/UV with NO (alpha-pinene+Cl+NO system),chamber,,"Masoud and Ruiz, 2021, ACS Earth Space Chem.",10.1021/acsearthspacechem.1c00150,"alpha-蒎烯 + Cl + NO 体系拟合峰表第 524 条 | 原文离子式: C14H16ClIO5-，原文 m/z 425.974 Th（[M+I]-，算得 425.974，Δ 0.4 mDa） | DBE 6.5，半整数 ⇒ 开壳层自由基 | 第 0 步依据：SI Table S1 表头明写 ""m/z (**I- included**)"" + ""Elemental formula""，即列出的是**离子式**（含碘）。中性式 = 离子式 − I（团簇加合）；不含 I 的离子按 [M-H]- 还原（中性 = 离子 + H）。645 行全部用给出的三位小数 m/z 独立验算通过（校验 A） | source: SI Table S1"
C13H25Cl2O11,I-,deprot,FIGAERO-I-CIMS (HR-ToF-CIMS),gas/particle,chamber; UT Austin environmental chamber; alpha-pinene + Cl2/UV with NO (alpha-pinene+Cl+NO system),chamber,,"Masoud and Ruiz, 2021, ACS Earth Space Chem.",10.1021/acsearthspacechem.1c00150,"alpha-蒎烯 + Cl + NO 体系拟合峰表第 525 条 | 原文离子式: C13H24Cl2O11-，原文 m/z 426.07 Th（[M-H]-，算得 426.070，Δ 0.1 mDa） | DBE 0.5，半整数 ⇒ 开壳层自由基 | 第 0 步依据：SI Table S1 表头明写 ""m/z (**I- included**)"" + ""Elemental formula""，即列出的是**离子式**（含碘）。中性式 = 离子式 − I（团簇加合）；不含 I 的离子按 [M-H]- 还原（中性 = 离子 + H）。645 行全部用给出的三位小数 m/z 独立验算通过（校验 A） | source: SI Table S1"
C13H16O8,I-,adduct,FIGAERO-I-CIMS (HR-ToF-CIMS),gas/particle,chamber; UT Austin environmental chamber; alpha-pinene + Cl2/UV with NO (alpha-pinene+Cl+NO system),chamber,,"Masoud and Ruiz, 2021, ACS Earth Space Chem.",10.1021/acsearthspacechem.1c00150,"alpha-蒎烯 + Cl + NO 体系拟合峰表第 526 条 | 原文离子式: C13H16IO8-，原文 m/z 426.99 Th（[M+I]-，算得 426.990，Δ 0.5 mDa） | DBE 6，整数 ⇒ 闭壳层 | 第 0 步依据：SI Table S1 表头明写 ""m/z (**I- included**)"" + ""Elemental formula""，即列出的是**离子式**（含碘）。中性式 = 离子式 − I（团簇加合）；不含 I 的离子按 [M-H]- 还原（中性 = 离子 + H）。645 行全部用给出的三位小数 m/z 独立验算通过（校验 A） | source: SI Table S1"
C14H20O7,I-,adduct,FIGAERO-I-CIMS (HR-ToF-CIMS),gas/particle,chamber; UT Austin environmental chamber; alpha-pinene + Cl2/UV with NO (alpha-pinene+Cl+NO system),chamber,,"Masoud and Ruiz, 2021, ACS Earth Space Chem.",10.1021/acsearthspacechem.1c00150,"alpha-蒎烯 + Cl + NO 体系拟合峰表第 527 条 | 原文离子式: C14H20IO7-，原文 m/z 427.026 Th（[M+I]-，算得 427.026，Δ 0.1 mDa） | DBE 5，整数 ⇒ 闭壳层 | 第 0 步依据：SI Table S1 表头明写 ""m/z (**I- included**)"" + ""Elemental formula""，即列出的是**离子式**（含碘）。中性式 = 离子式 − I（团簇加合）；不含 I 的离子按 [M-H]- 还原（中性 = 离子 + H）。645 行全部用给出的三位小数 m/z 独立验算通过（校验 A） | source: SI Table S1"
C13H14ClO6,I-,adduct,FIGAERO-I-CIMS (HR-ToF-CIMS),gas/particle,chamber; UT Austin environmental chamber; alpha-pinene + Cl2/UV with NO (alpha-pinene+Cl+NO system),chamber,,"Masoud and Ruiz, 2021, ACS Earth Space Chem.",10.1021/acsearthspacechem.1c00150,"alpha-蒎烯 + Cl + NO 体系拟合峰表第 528 条 | 原文离子式: C13H14ClIO6-，原文 m/z 427.953 Th（[M+I]-，算得 427.953，Δ 0.1 mDa） | DBE 6.5，半整数 ⇒ 开壳层自由基 | 第 0 步依据：SI Table S1 表头明写 ""m/z (**I- included**)"" + ""Elemental formula""，即列出的是**离子式**（含碘）。中性式 = 离子式 − I（团簇加合）；不含 I 的离子按 [M-H]- 还原（中性 = 离子 + H）。645 行全部用给出的三位小数 m/z 独立验算通过（校验 A） | source: SI Table S1"
C10H20ClNO7,I-,adduct,FIGAERO-I-CIMS (HR-ToF-CIMS),gas/particle,chamber; UT Austin environmental chamber; alpha-pinene + Cl2/UV with NO (alpha-pinene+Cl+NO system),chamber,,"Masoud and Ruiz, 2021, ACS Earth Space Chem.",10.1021/acsearthspacechem.1c00150,"alpha-蒎烯 + Cl + NO 体系拟合峰表第 529 条 | 原文离子式: C10H20NClIO7-，原文 m/z 427.998 Th（[M+I]-，算得 427.998，Δ 0.1 mDa） | DBE 0，整数 ⇒ 闭壳层 | 第 0 步依据：SI Table S1 表头明写 ""m/z (**I- included**)"" + ""Elemental formula""，即列出的是**离子式**（含碘）。中性式 = 离子式 − I（团簇加合）；不含 I 的离子按 [M-H]- 还原（中性 = 离子 + H）。645 行全部用给出的三位小数 m/z 独立验算通过（校验 A） | source: SI Table S1"
C14H18ClO13,I-,deprot,FIGAERO-I-CIMS (HR-ToF-CIMS),gas/particle,chamber; UT Austin environmental chamber; alpha-pinene + Cl2/UV with NO (alpha-pinene+Cl+NO system),chamber,,"Masoud and Ruiz, 2021, ACS Earth Space Chem.",10.1021/acsearthspacechem.1c00150,"alpha-蒎烯 + Cl + NO 体系拟合峰表第 530 条 | 原文离子式: C14H17ClO13-，原文 m/z 428.036 Th（[M-H]-，算得 428.036，Δ 0.3 mDa） | DBE 5.5，半整数 ⇒ 开壳层自由基 | 第 0 步依据：SI Table S1 表头明写 ""m/z (**I- included**)"" + ""Elemental formula""，即列出的是**离子式**（含碘）。中性式 = 离子式 − I（团簇加合）；不含 I 的离子按 [M-H]- 还原（中性 = 离子 + H）。645 行全部用给出的三位小数 m/z 独立验算通过（校验 A） | source: SI Table S1"
C13H12Cl2O4,I-,adduct,FIGAERO-I-CIMS (HR-ToF-CIMS),gas/particle,chamber; UT Austin environmental chamber; alpha-pinene + Cl2/UV with NO (alpha-pinene+Cl+NO system),chamber,,"Masoud and Ruiz, 2021, ACS Earth Space Chem.",10.1021/acsearthspacechem.1c00150,"alpha-蒎烯 + Cl + NO 体系拟合峰表第 531 条 | 原文离子式: C13H12Cl2IO4-，原文 m/z 428.916 Th（[M+I]-，算得 428.916，Δ 0.3 mDa） | DBE 7，整数 ⇒ 闭壳层 | 第 0 步依据：SI Table S1 表头明写 ""m/z (**I- included**)"" + ""Elemental formula""，即列出的是**离子式**（含碘）。中性式 = 离子式 − I（团簇加合）；不含 I 的离子按 [M-H]- 还原（中性 = 离子 + H）。645 行全部用给出的三位小数 m/z 独立验算通过（校验 A） | source: SI Table S1"
C14H19ClO5,I-,adduct,FIGAERO-I-CIMS (HR-ToF-CIMS),gas/particle,chamber; UT Austin environmental chamber; alpha-pinene + Cl2/UV with NO (alpha-pinene+Cl+NO system),chamber,,"Masoud and Ruiz, 2021, ACS Earth Space Chem.",10.1021/acsearthspacechem.1c00150,"alpha-蒎烯 + Cl + NO 体系拟合峰表第 532 条 | 原文离子式: C14H19ClIO5-，原文 m/z 428.997 Th（[M+I]-，算得 428.997，Δ 0.1 mDa） | DBE 5，整数 ⇒ 闭壳层 | 第 0 步依据：SI Table S1 表头明写 ""m/z (**I- included**)"" + ""Elemental formula""，即列出的是**离子式**（含碘）。中性式 = 离子式 − I（团簇加合）；不含 I 的离子按 [M-H]- 还原（中性 = 离子 + H）。645 行全部用给出的三位小数 m/z 独立验算通过（校验 A） | source: SI Table S1"
C14H22O7,I-,adduct,FIGAERO-I-CIMS (HR-ToF-CIMS),gas/particle,chamber; UT Austin environmental chamber; alpha-pinene + Cl2/UV with NO (alpha-pinene+Cl+NO system),chamber,,"Masoud and Ruiz, 2021, ACS Earth Space Chem.",10.1021/acsearthspacechem.1c00150,"alpha-蒎烯 + Cl + NO 体系拟合峰表第 533 条 | 原文离子式: C14H22IO7-，原文 m/z 429.042 Th（[M+I]-，算得 429.042，Δ 0.4 mDa） | DBE 4，整数 ⇒ 闭壳层 | 第 0 步依据：SI Table S1 表头明写 ""m/z (**I- included**)"" + ""Elemental formula""，即列出的是**离子式**（含碘）。中性式 = 离子式 − I（团簇加合）；不含 I 的离子按 [M-H]- 还原（中性 = 离子 + H）。645 行全部用给出的三位小数 m/z 独立验算通过（校验 A） | source: SI Table S1"
C14H19Cl2NO2,I-,adduct,FIGAERO-I-CIMS (HR-ToF-CIMS),gas/particle,chamber; UT Austin environmental chamber; alpha-pinene + Cl2/UV with NO (alpha-pinene+Cl+NO system),chamber,,"Masoud and Ruiz, 2021, ACS Earth Space Chem.",10.1021/acsearthspacechem.1c00150,"alpha-蒎烯 + Cl + NO 体系拟合峰表第 534 条 | 原文离子式: C14H19NCl2IO2-，原文 m/z 429.984 Th（[M+I]-，算得 429.984，Δ 0.3 mDa） | DBE 4，整数 ⇒ 闭壳层 | 第 0 步依据：SI Table S1 表头明写 ""m/z (**I- included**)"" + ""Elemental formula""，即列出的是**离子式**（含碘）。中性式 = 离子式 − I（团簇加合）；不含 I 的离子按 [M-H]- 还原（中性 = 离子 + H）。645 行全部用给出的三位小数 m/z 独立验算通过（校验 A） | source: SI Table S1"
C13H20ClN2O4,I-,adduct,FIGAERO-I-CIMS (HR-ToF-CIMS),gas/particle,chamber; UT Austin environmental chamber; alpha-pinene + Cl2/UV with NO (alpha-pinene+Cl+NO system),chamber,,"Masoud and Ruiz, 2021, ACS Earth Space Chem.",10.1021/acsearthspacechem.1c00150,"alpha-蒎烯 + Cl + NO 体系拟合峰表第 535 条 | 原文离子式: C13H20N2ClIO4-，原文 m/z 430.016 Th（[M+I]-，算得 430.016，Δ 0.2 mDa） | DBE 2.5，半整数 ⇒ 开壳层自由基 | 第 0 步依据：SI Table S1 表头明写 ""m/z (**I- included**)"" + ""Elemental formula""，即列出的是**离子式**（含碘）。中性式 = 离子式 − I（团簇加合）；不含 I 的离子按 [M-H]- 还原（中性 = 离子 + H）。645 行全部用给出的三位小数 m/z 独立验算通过（校验 A） | source: SI Table S1"
C13H14Cl2O4,I-,adduct,FIGAERO-I-CIMS (HR-ToF-CIMS),gas/particle,chamber; UT Austin environmental chamber; alpha-pinene + Cl2/UV with NO (alpha-pinene+Cl+NO system),chamber,,"Masoud and Ruiz, 2021, ACS Earth Space Chem.",10.1021/acsearthspacechem.1c00150,"alpha-蒎烯 + Cl + NO 体系拟合峰表第 536 条 | 原文离子式: C13H14Cl2IO4-，原文 m/z 430.932 Th（[M+I]-，算得 430.932，Δ 0.1 mDa） | DBE 6，整数 ⇒ 闭壳层 | 第 0 步依据：SI Table S1 表头明写 ""m/z (**I- included**)"" + ""Elemental formula""，即列出的是**离子式**（含碘）。中性式 = 离子式 − I（团簇加合）；不含 I 的离子按 [M-H]- 还原（中性 = 离子 + H）。645 行全部用给出的三位小数 m/z 独立验算通过（校验 A） | source: SI Table S1"
C10H18Cl2O6,I-,adduct,FIGAERO-I-CIMS (HR-ToF-CIMS),gas/particle,chamber; UT Austin environmental chamber; alpha-pinene + Cl2/UV with NO (alpha-pinene+Cl+NO system),chamber,,"Masoud and Ruiz, 2021, ACS Earth Space Chem.",10.1021/acsearthspacechem.1c00150,"alpha-蒎烯 + Cl + NO 体系拟合峰表第 537 条 | 原文离子式: C10H18Cl2IO6-，原文 m/z 430.953 Th（[M+I]-，算得 430.953，Δ 0.1 mDa） | DBE 1，整数 ⇒ 闭壳层 | 第 0 步依据：SI Table S1 表头明写 ""m/z (**I- included**)"" + ""Elemental formula""，即列出的是**离子式**（含碘）。中性式 = 离子式 − I（团簇加合）；不含 I 的离子按 [M-H]- 还原（中性 = 离子 + H）。645 行全部用给出的三位小数 m/z 独立验算通过（校验 A） | source: SI Table S1"
C11H16N2O8,I-,adduct,FIGAERO-I-CIMS (HR-ToF-CIMS),gas/particle,chamber; UT Austin environmental chamber; alpha-pinene + Cl2/UV with NO (alpha-pinene+Cl+NO system),chamber,,"Masoud and Ruiz, 2021, ACS Earth Space Chem.",10.1021/acsearthspacechem.1c00150,"alpha-蒎烯 + Cl + NO 体系拟合峰表第 538 条 | 原文离子式: C11H16N2IO8-，原文 m/z 430.996 Th（[M+I]-，算得 430.996，Δ 0.3 mDa） | DBE 3，整数 ⇒ 闭壳层 | 第 0 步依据：SI Table S1 表头明写 ""m/z (**I- included**)"" + ""Elemental formula""，即列出的是**离子式**（含碘）。中性式 = 离子式 − I（团簇加合）；不含 I 的离子按 [M-H]- 还原（中性 = 离子 + H）。645 行全部用给出的三位小数 m/z 独立验算通过（校验 A） | source: SI Table S1"
C15H25ClO4,I-,adduct,FIGAERO-I-CIMS (HR-ToF-CIMS),gas/particle,chamber; UT Austin environmental chamber; alpha-pinene + Cl2/UV with NO (alpha-pinene+Cl+NO system),chamber,,"Masoud and Ruiz, 2021, ACS Earth Space Chem.",10.1021/acsearthspacechem.1c00150,"alpha-蒎烯 + Cl + NO 体系拟合峰表第 539 条 | 原文离子式: C15H25ClIO4-，原文 m/z 431.049 Th（[M+I]-，算得 431.049，Δ 0.2 mDa） | DBE 3，整数 ⇒ 闭壳层 | 第 0 步依据：SI Table S1 表头明写 ""m/z (**I- included**)"" + ""Elemental formula""，即列出的是**离子式**（含碘）。中性式 = 离子式 − I（团簇加合）；不含 I 的离子按 [M-H]- 还原（中性 = 离子 + H）。645 行全部用给出的三位小数 m/z 独立验算通过（校验 A） | source: SI Table S1"
C12H14ClO7,I-,adduct,FIGAERO-I-CIMS (HR-ToF-CIMS),gas/particle,chamber; UT Austin environmental chamber; alpha-pinene + Cl2/UV with NO (alpha-pinene+Cl+NO system),chamber,,"Masoud and Ruiz, 2021, ACS Earth Space Chem.",10.1021/acsearthspacechem.1c00150,"alpha-蒎烯 + Cl + NO 体系拟合峰表第 540 条 | 原文离子式: C12H14ClIO7-，原文 m/z 431.948 Th（[M+I]-，算得 431.948，Δ 0.2 mDa） | DBE 5.5，半整数 ⇒ 开壳层自由基 | 第 0 步依据：SI Table S1 表头明写 ""m/z (**I- included**)"" + ""Elemental formula""，即列出的是**离子式**（含碘）。中性式 = 离子式 − I（团簇加合）；不含 I 的离子按 [M-H]- 还原（中性 = 离子 + H）。645 行全部用给出的三位小数 m/z 独立验算通过（校验 A） | source: SI Table S1"
C13H18ClO6,I-,adduct,FIGAERO-I-CIMS (HR-ToF-CIMS),gas/particle,chamber; UT Austin environmental chamber; alpha-pinene + Cl2/UV with NO (alpha-pinene+Cl+NO system),chamber,,"Masoud and Ruiz, 2021, ACS Earth Space Chem.",10.1021/acsearthspacechem.1c00150,"alpha-蒎烯 + Cl + NO 体系拟合峰表第 541 条 | 原文离子式: C13H18ClIO6-，原文 m/z 431.984 Th（[M+I]-，算得 431.984，Δ 0.2 mDa） | DBE 4.5，半整数 ⇒ 开壳层自由基 | 第 0 步依据：SI Table S1 表头明写 ""m/z (**I- included**)"" + ""Elemental formula""，即列出的是**离子式**（含碘）。中性式 = 离子式 − I（团簇加合）；不含 I 的离子按 [M-H]- 还原（中性 = 离子 + H）。645 行全部用给出的三位小数 m/z 独立验算通过（校验 A） | source: SI Table S1"
C18H24ClNO9,I-,deprot,FIGAERO-I-CIMS (HR-ToF-CIMS),gas/particle,chamber; UT Austin environmental chamber; alpha-pinene + Cl2/UV with NO (alpha-pinene+Cl+NO system),chamber,,"Masoud and Ruiz, 2021, ACS Earth Space Chem.",10.1021/acsearthspacechem.1c00150,"alpha-蒎烯 + Cl + NO 体系拟合峰表第 542 条 | 原文离子式: C18H23NClO9-，原文 m/z 432.107 Th（[M-H]-，算得 432.107，Δ 0.3 mDa） | DBE 6，整数 ⇒ 闭壳层 | 第 0 步依据：SI Table S1 表头明写 ""m/z (**I- included**)"" + ""Elemental formula""，即列出的是**离子式**（含碘）。中性式 = 离子式 − I（团簇加合）；不含 I 的离子按 [M-H]- 还原（中性 = 离子 + H）。645 行全部用给出的三位小数 m/z 独立验算通过（校验 A） | source: SI Table S1"
C10H14N2O9,I-,adduct,FIGAERO-I-CIMS (HR-ToF-CIMS),gas/particle,chamber; UT Austin environmental chamber; alpha-pinene + Cl2/UV with NO (alpha-pinene+Cl+NO system),chamber,,"Masoud and Ruiz, 2021, ACS Earth Space Chem.",10.1021/acsearthspacechem.1c00150,"alpha-蒎烯 + Cl + NO 体系拟合峰表第 543 条 | 原文离子式: C10H14N2IO9-，原文 m/z 432.975 Th（[M+I]-，算得 432.975，Δ 0.0 mDa） | DBE 3，整数 ⇒ 闭壳层 | 第 0 步依据：SI Table S1 表头明写 ""m/z (**I- included**)"" + ""Elemental formula""，即列出的是**离子式**（含碘）。中性式 = 离子式 − I（团簇加合）；不含 I 的离子按 [M-H]- 还原（中性 = 离子 + H）。645 行全部用给出的三位小数 m/z 独立验算通过（校验 A） | source: SI Table S1"
C12H18O9,I-,adduct,FIGAERO-I-CIMS (HR-ToF-CIMS),gas/particle,chamber; UT Austin environmental chamber; alpha-pinene + Cl2/UV with NO (alpha-pinene+Cl+NO system),chamber,,"Masoud and Ruiz, 2021, ACS Earth Space Chem.",10.1021/acsearthspacechem.1c00150,"alpha-蒎烯 + Cl + NO 体系拟合峰表第 544 条 | 原文离子式: C12H18IO9-，原文 m/z 433.0 Th（[M+I]-，算得 433.000，Δ 0.1 mDa） | DBE 4，整数 ⇒ 闭壳层 | 第 0 步依据：SI Table S1 表头明写 ""m/z (**I- included**)"" + ""Elemental formula""，即列出的是**离子式**（含碘）。中性式 = 离子式 − I（团簇加合）；不含 I 的离子按 [M-H]- 还原（中性 = 离子 + H）。645 行全部用给出的三位小数 m/z 独立验算通过（校验 A） | source: SI Table S1"
C17H22O13,I-,deprot,FIGAERO-I-CIMS (HR-ToF-CIMS),gas/particle,chamber; UT Austin environmental chamber; alpha-pinene + Cl2/UV with NO (alpha-pinene+Cl+NO system),chamber,,"Masoud and Ruiz, 2021, ACS Earth Space Chem.",10.1021/acsearthspacechem.1c00150,"alpha-蒎烯 + Cl + NO 体系拟合峰表第 545 条 | 原文离子式: C17H21O13-，原文 m/z 433.099 Th（[M-H]-，算得 433.099，Δ 0.2 mDa） | DBE 7，整数 ⇒ 闭壳层 | 第 0 步依据：SI Table S1 表头明写 ""m/z (**I- included**)"" + ""Elemental formula""，即列出的是**离子式**（含碘）。中性式 = 离子式 − I（团簇加合）；不含 I 的离子按 [M-H]- 还原（中性 = 离子 + H）。645 行全部用给出的三位小数 m/z 独立验算通过（校验 A） | source: SI Table S1"
C10H13NO10,I-,adduct,FIGAERO-I-CIMS (HR-ToF-CIMS),gas/particle,chamber; UT Austin environmental chamber; alpha-pinene + Cl2/UV with NO (alpha-pinene+Cl+NO system),chamber,,"Masoud and Ruiz, 2021, ACS Earth Space Chem.",10.1021/acsearthspacechem.1c00150,"alpha-蒎烯 + Cl + NO 体系拟合峰表第 546 条 | 原文离子式: C10H13NIO10-，原文 m/z 433.959 Th（[M+I]-，算得 433.959，Δ 0.0 mDa） | DBE 4，整数 ⇒ 闭壳层 | 第 0 步依据：SI Table S1 表头明写 ""m/z (**I- included**)"" + ""Elemental formula""，即列出的是**离子式**（含碘）。中性式 = 离子式 − I（团簇加合）；不含 I 的离子按 [M-H]- 还原（中性 = 离子 + H）。645 行全部用给出的三位小数 m/z 独立验算通过（校验 A） | source: SI Table S1"
C13H19Cl2NO3,I-,adduct,FIGAERO-I-CIMS (HR-ToF-CIMS),gas/particle,chamber; UT Austin environmental chamber; alpha-pinene + Cl2/UV with NO (alpha-pinene+Cl+NO system),chamber,,"Masoud and Ruiz, 2021, ACS Earth Space Chem.",10.1021/acsearthspacechem.1c00150,"alpha-蒎烯 + Cl + NO 体系拟合峰表第 547 条 | 原文离子式: C13H19NCl2IO3-，原文 m/z 433.979 Th（[M+I]-，算得 433.979，Δ 0.2 mDa） | DBE 3，整数 ⇒ 闭壳层 | 第 0 步依据：SI Table S1 表头明写 ""m/z (**I- included**)"" + ""Elemental formula""，即列出的是**离子式**（含碘）。中性式 = 离子式 − I（团簇加合）；不含 I 的离子按 [M-H]- 还原（中性 = 离子 + H）。645 行全部用给出的三位小数 m/z 独立验算通过（校验 A） | source: SI Table S1"
C12H21NO8,I-,adduct,FIGAERO-I-CIMS (HR-ToF-CIMS),gas/particle,chamber; UT Austin environmental chamber; alpha-pinene + Cl2/UV with NO (alpha-pinene+Cl+NO system),chamber,,"Masoud and Ruiz, 2021, ACS Earth Space Chem.",10.1021/acsearthspacechem.1c00150,"alpha-蒎烯 + Cl + NO 体系拟合峰表第 548 条 | 原文离子式: C12H21NIO8-，原文 m/z 434.032 Th（[M+I]-，算得 434.032，Δ 0.3 mDa） | DBE 2，整数 ⇒ 闭壳层 | 第 0 步依据：SI Table S1 表头明写 ""m/z (**I- included**)"" + ""Elemental formula""，即列出的是**离子式**（含碘）。中性式 = 离子式 − I（团簇加合）；不含 I 的离子按 [M-H]- 还原（中性 = 离子 + H）。645 行全部用给出的三位小数 m/z 独立验算通过（校验 A） | source: SI Table S1"
C17H25NO4,I-,adduct,FIGAERO-I-CIMS (HR-ToF-CIMS),gas/particle,chamber; UT Austin environmental chamber; alpha-pinene + Cl2/UV with NO (alpha-pinene+Cl+NO system),chamber,,"Masoud and Ruiz, 2021, ACS Earth Space Chem.",10.1021/acsearthspacechem.1c00150,"alpha-蒎烯 + Cl + NO 体系拟合峰表第 549 条 | 原文离子式: C17H25NIO4-，原文 m/z 434.083 Th（[M+I]-，算得 434.083，Δ 0.4 mDa） | DBE 5，整数 ⇒ 闭壳层 | 第 0 步依据：SI Table S1 表头明写 ""m/z (**I- included**)"" + ""Elemental formula""，即列出的是**离子式**（含碘）。中性式 = 离子式 − I（团簇加合）；不含 I 的离子按 [M-H]- 还原（中性 = 离子 + H）。645 行全部用给出的三位小数 m/z 独立验算通过（校验 A） | source: SI Table S1"
C12H14Cl2O5,I-,adduct,FIGAERO-I-CIMS (HR-ToF-CIMS),gas/particle,chamber; UT Austin environmental chamber; alpha-pinene + Cl2/UV with NO (alpha-pinene+Cl+NO system),chamber,,"Masoud and Ruiz, 2021, ACS Earth Space Chem.",10.1021/acsearthspacechem.1c00150,"alpha-蒎烯 + Cl + NO 体系拟合峰表第 550 条 | 原文离子式: C12H14Cl2IO5-，原文 m/z 434.927 Th（[M+I]-，算得 434.927，Δ 0.1 mDa） | DBE 5，整数 ⇒ 闭壳层 | 第 0 步依据：SI Table S1 表头明写 ""m/z (**I- included**)"" + ""Elemental formula""，即列出的是**离子式**（含碘）。中性式 = 离子式 − I（团簇加合）；不含 I 的离子按 [M-H]- 还原（中性 = 离子 + H）。645 行全部用给出的三位小数 m/z 独立验算通过（校验 A） | source: SI Table S1"
C10H16N2O9,I-,adduct,FIGAERO-I-CIMS (HR-ToF-CIMS),gas/particle,chamber; UT Austin environmental chamber; alpha-pinene + Cl2/UV with NO (alpha-pinene+Cl+NO system),chamber,,"Masoud and Ruiz, 2021, ACS Earth Space Chem.",10.1021/acsearthspacechem.1c00150,"alpha-蒎烯 + Cl + NO 体系拟合峰表第 551 条 | 原文离子式: C10H16N2IO9-，原文 m/z 434.991 Th（[M+I]-，算得 434.991，Δ 0.4 mDa） | DBE 2，整数 ⇒ 闭壳层 | 第 0 步依据：SI Table S1 表头明写 ""m/z (**I- included**)"" + ""Elemental formula""，即列出的是**离子式**（含碘）。中性式 = 离子式 − I（团簇加合）；不含 I 的离子按 [M-H]- 还原（中性 = 离子 + H）。645 行全部用给出的三位小数 m/z 独立验算通过（校验 A） | source: SI Table S1"
C14H22Cl2O3,I-,adduct,FIGAERO-I-CIMS (HR-ToF-CIMS),gas/particle,chamber; UT Austin environmental chamber; alpha-pinene + Cl2/UV with NO (alpha-pinene+Cl+NO system),chamber,,"Masoud and Ruiz, 2021, ACS Earth Space Chem.",10.1021/acsearthspacechem.1c00150,"alpha-蒎烯 + Cl + NO 体系拟合峰表第 552 条 | 原文离子式: C14H22Cl2IO3-，原文 m/z 435.0 Th（[M+I]-，算得 435.000，Δ 0.4 mDa） | DBE 3，整数 ⇒ 闭壳层 | 第 0 步依据：SI Table S1 表头明写 ""m/z (**I- included**)"" + ""Elemental formula""，即列出的是**离子式**（含碘）。中性式 = 离子式 − I（团簇加合）；不含 I 的离子按 [M-H]- 还原（中性 = 离子 + H）。645 行全部用给出的三位小数 m/z 独立验算通过（校验 A） | source: SI Table S1"
C16H20O6,I-,adduct,FIGAERO-I-CIMS (HR-ToF-CIMS),gas/particle,chamber; UT Austin environmental chamber; alpha-pinene + Cl2/UV with NO (alpha-pinene+Cl+NO system),chamber,,"Masoud and Ruiz, 2021, ACS Earth Space Chem.",10.1021/acsearthspacechem.1c00150,"alpha-蒎烯 + Cl + NO 体系拟合峰表第 553 条 | 原文离子式: C16H20IO6-，原文 m/z 435.031 Th（[M+I]-，算得 435.031，Δ 0.0 mDa） | DBE 7，整数 ⇒ 闭壳层 | 第 0 步依据：SI Table S1 表头明写 ""m/z (**I- included**)"" + ""Elemental formula""，即列出的是**离子式**（含碘）。中性式 = 离子式 − I（团簇加合）；不含 I 的离子按 [M-H]- 还原（中性 = 离子 + H）。645 行全部用给出的三位小数 m/z 独立验算通过（校验 A） | source: SI Table S1"
C19H29ClO,I-,adduct,FIGAERO-I-CIMS (HR-ToF-CIMS),gas/particle,chamber; UT Austin environmental chamber; alpha-pinene + Cl2/UV with NO (alpha-pinene+Cl+NO system),chamber,,"Masoud and Ruiz, 2021, ACS Earth Space Chem.",10.1021/acsearthspacechem.1c00150,"alpha-蒎烯 + Cl + NO 体系拟合峰表第 554 条 | 原文离子式: C19H29ClIO-，原文 m/z 435.096 Th（[M+I]-，算得 435.096，Δ 0.3 mDa） | DBE 5，整数 ⇒ 闭壳层 | 第 0 步依据：SI Table S1 表头明写 ""m/z (**I- included**)"" + ""Elemental formula""，即列出的是**离子式**（含碘）。中性式 = 离子式 − I（团簇加合）；不含 I 的离子按 [M-H]- 还原（中性 = 离子 + H）。645 行全部用给出的三位小数 m/z 独立验算通过（校验 A） | source: SI Table S1"
C10H10ClO9,I-,adduct,FIGAERO-I-CIMS (HR-ToF-CIMS),gas/particle,chamber; UT Austin environmental chamber; alpha-pinene + Cl2/UV with NO (alpha-pinene+Cl+NO system),chamber,,"Masoud and Ruiz, 2021, ACS Earth Space Chem.",10.1021/acsearthspacechem.1c00150,"alpha-蒎烯 + Cl + NO 体系拟合峰表第 555 条 | 原文离子式: C10H10ClIO9-，原文 m/z 435.906 Th（[M+I]-，算得 435.906，Δ 0.4 mDa） | DBE 5.5，半整数 ⇒ 开壳层自由基 | 第 0 步依据：SI Table S1 表头明写 ""m/z (**I- included**)"" + ""Elemental formula""，即列出的是**离子式**（含碘）。中性式 = 离子式 − I（团簇加合）；不含 I 的离子按 [M-H]- 还原（中性 = 离子 + H）。645 行全部用给出的三位小数 m/z 独立验算通过（校验 A） | source: SI Table S1"
C10H14ClN2O7,I-,adduct,FIGAERO-I-CIMS (HR-ToF-CIMS),gas/particle,chamber; UT Austin environmental chamber; alpha-pinene + Cl2/UV with NO (alpha-pinene+Cl+NO system),chamber,,"Masoud and Ruiz, 2021, ACS Earth Space Chem.",10.1021/acsearthspacechem.1c00150,"alpha-蒎烯 + Cl + NO 体系拟合峰表第 556 条 | 原文离子式: C10H14N2ClIO7-，原文 m/z 435.954 Th（[M+I]-，算得 435.954，Δ 0.0 mDa） | DBE 2.5，半整数 ⇒ 开壳层自由基 | 第 0 步依据：SI Table S1 表头明写 ""m/z (**I- included**)"" + ""Elemental formula""，即列出的是**离子式**（含碘）。中性式 = 离子式 − I（团簇加合）；不含 I 的离子按 [M-H]- 还原（中性 = 离子 + H）。645 行全部用给出的三位小数 m/z 独立验算通过（校验 A） | source: SI Table S1"
C10H15NO10,I-,adduct,FIGAERO-I-CIMS (HR-ToF-CIMS),gas/particle,chamber; UT Austin environmental chamber; alpha-pinene + Cl2/UV with NO (alpha-pinene+Cl+NO system),chamber,,"Masoud and Ruiz, 2021, ACS Earth Space Chem.",10.1021/acsearthspacechem.1c00150,"alpha-蒎烯 + Cl + NO 体系拟合峰表第 557 条 | 原文离子式: C10H15NIO10-，原文 m/z 435.975 Th（[M+I]-，算得 435.975，Δ 0.4 mDa） | DBE 3，整数 ⇒ 闭壳层 | 第 0 步依据：SI Table S1 表头明写 ""m/z (**I- included**)"" + ""Elemental formula""，即列出的是**离子式**（含碘）。中性式 = 离子式 − I（团簇加合）；不含 I 的离子按 [M-H]- 还原（中性 = 离子 + H）。645 行全部用给出的三位小数 m/z 独立验算通过（校验 A） | source: SI Table S1"
C10H14O11,I-,adduct,FIGAERO-I-CIMS (HR-ToF-CIMS),gas/particle,chamber; UT Austin environmental chamber; alpha-pinene + Cl2/UV with NO (alpha-pinene+Cl+NO system),chamber,,"Masoud and Ruiz, 2021, ACS Earth Space Chem.",10.1021/acsearthspacechem.1c00150,"alpha-蒎烯 + Cl + NO 体系拟合峰表第 559 条 | 原文离子式: C10H14IO11-，原文 m/z 436.959 Th（[M+I]-，算得 436.959，Δ 0.4 mDa） | DBE 4，整数 ⇒ 闭壳层 | 第 0 步依据：SI Table S1 表头明写 ""m/z (**I- included**)"" + ""Elemental formula""，即列出的是**离子式**（含碘）。中性式 = 离子式 − I（团簇加合）；不含 I 的离子按 [M-H]- 还原（中性 = 离子 + H）。645 行全部用给出的三位小数 m/z 独立验算通过（校验 A） | source: SI Table S1"
C15H18O7,I-,adduct,FIGAERO-I-CIMS (HR-ToF-CIMS),gas/particle,chamber; UT Austin environmental chamber; alpha-pinene + Cl2/UV with NO (alpha-pinene+Cl+NO system),chamber,,"Masoud and Ruiz, 2021, ACS Earth Space Chem.",10.1021/acsearthspacechem.1c00150,"alpha-蒎烯 + Cl + NO 体系拟合峰表第 560 条 | 原文离子式: C15H18IO7-，原文 m/z 437.01 Th（[M+I]-，算得 437.010，Δ 0.3 mDa） | DBE 7，整数 ⇒ 闭壳层 | 第 0 步依据：SI Table S1 表头明写 ""m/z (**I- included**)"" + ""Elemental formula""，即列出的是**离子式**（含碘）。中性式 = 离子式 − I（团簇加合）；不含 I 的离子按 [M-H]- 还原（中性 = 离子 + H）。645 行全部用给出的三位小数 m/z 独立验算通过（校验 A） | source: SI Table S1"
C17H26O13,I-,deprot,FIGAERO-I-CIMS (HR-ToF-CIMS),gas/particle,chamber; UT Austin environmental chamber; alpha-pinene + Cl2/UV with NO (alpha-pinene+Cl+NO system),chamber,,"Masoud and Ruiz, 2021, ACS Earth Space Chem.",10.1021/acsearthspacechem.1c00150,"alpha-蒎烯 + Cl + NO 体系拟合峰表第 561 条 | 原文离子式: C17H25O13-，原文 m/z 437.13 Th（[M-H]-，算得 437.130，Δ 0.1 mDa） | DBE 5，整数 ⇒ 闭壳层 | 第 0 步依据：SI Table S1 表头明写 ""m/z (**I- included**)"" + ""Elemental formula""，即列出的是**离子式**（含碘）。中性式 = 离子式 − I（团簇加合）；不含 I 的离子按 [M-H]- 还原（中性 = 离子 + H）。645 行全部用给出的三位小数 m/z 独立验算通过（校验 A） | source: SI Table S1"
C10H12ClO9,I-,adduct,FIGAERO-I-CIMS (HR-ToF-CIMS),gas/particle,chamber; UT Austin environmental chamber; alpha-pinene + Cl2/UV with NO (alpha-pinene+Cl+NO system),chamber,,"Masoud and Ruiz, 2021, ACS Earth Space Chem.",10.1021/acsearthspacechem.1c00150,"alpha-蒎烯 + Cl + NO 体系拟合峰表第 562 条 | 原文离子式: C10H12ClIO9-，原文 m/z 437.922 Th（[M+I]-，算得 437.922，Δ 0.0 mDa） | DBE 4.5，半整数 ⇒ 开壳层自由基 | 第 0 步依据：SI Table S1 表头明写 ""m/z (**I- included**)"" + ""Elemental formula""，即列出的是**离子式**（含碘）。中性式 = 离子式 − I（团簇加合）；不含 I 的离子按 [M-H]- 还原（中性 = 离子 + H）。645 行全部用给出的三位小数 m/z 独立验算通过（校验 A） | source: SI Table S1"
C10H15O11,I-,adduct,FIGAERO-I-CIMS (HR-ToF-CIMS),gas/particle,chamber; UT Austin environmental chamber; alpha-pinene + Cl2/UV with NO (alpha-pinene+Cl+NO system),chamber,,"Masoud and Ruiz, 2021, ACS Earth Space Chem.",10.1021/acsearthspacechem.1c00150,"alpha-蒎烯 + Cl + NO 体系拟合峰表第 563 条 | 原文离子式: C10H15IO11-，原文 m/z 437.966 Th（[M+I]-，算得 437.966，Δ 0.5 mDa） | DBE 3.5，半整数 ⇒ 开壳层自由基 | 第 0 步依据：SI Table S1 表头明写 ""m/z (**I- included**)"" + ""Elemental formula""，即列出的是**离子式**（含碘）。中性式 = 离子式 − I（团簇加合）；不含 I 的离子按 [M-H]- 还原（中性 = 离子 + H）。645 行全部用给出的三位小数 m/z 独立验算通过（校验 A） | source: SI Table S1"
C15H21NO6,I-,adduct,FIGAERO-I-CIMS (HR-ToF-CIMS),gas/particle,chamber; UT Austin environmental chamber; alpha-pinene + Cl2/UV with NO (alpha-pinene+Cl+NO system),chamber,,"Masoud and Ruiz, 2021, ACS Earth Space Chem.",10.1021/acsearthspacechem.1c00150,"alpha-蒎烯 + Cl + NO 体系拟合峰表第 564 条 | 原文离子式: C15H21NIO6-，原文 m/z 438.042 Th（[M+I]-，算得 438.042，Δ 0.1 mDa） | DBE 5，整数 ⇒ 闭壳层 | 第 0 步依据：SI Table S1 表头明写 ""m/z (**I- included**)"" + ""Elemental formula""，即列出的是**离子式**（含碘）。中性式 = 离子式 − I（团簇加合）；不含 I 的离子按 [M-H]- 还原（中性 = 离子 + H）。645 行全部用给出的三位小数 m/z 独立验算通过（校验 A） | source: SI Table S1"
C12H21ClO7,I-,adduct,FIGAERO-I-CIMS (HR-ToF-CIMS),gas/particle,chamber; UT Austin environmental chamber; alpha-pinene + Cl2/UV with NO (alpha-pinene+Cl+NO system),chamber,,"Masoud and Ruiz, 2021, ACS Earth Space Chem.",10.1021/acsearthspacechem.1c00150,"alpha-蒎烯 + Cl + NO 体系拟合峰表第 566 条 | 原文离子式: C12H21ClIO7-，原文 m/z 439.003 Th（[M+I]-，算得 439.003，Δ 0.4 mDa） | DBE 2，整数 ⇒ 闭壳层 | 第 0 步依据：SI Table S1 表头明写 ""m/z (**I- included**)"" + ""Elemental formula""，即列出的是**离子式**（含碘）。中性式 = 离子式 − I（团簇加合）；不含 I 的离子按 [M-H]- 还原（中性 = 离子 + H）。645 行全部用给出的三位小数 m/z 独立验算通过（校验 A） | source: SI Table S1"
C18H26Cl2O8,I-,deprot,FIGAERO-I-CIMS (HR-ToF-CIMS),gas/particle,chamber; UT Austin environmental chamber; alpha-pinene + Cl2/UV with NO (alpha-pinene+Cl+NO system),chamber,,"Masoud and Ruiz, 2021, ACS Earth Space Chem.",10.1021/acsearthspacechem.1c00150,"alpha-蒎烯 + Cl + NO 体系拟合峰表第 568 条 | 原文离子式: C18H25Cl2O8-，原文 m/z 439.093 Th（[M-H]-，算得 439.093，Δ 0.2 mDa） | DBE 5，整数 ⇒ 闭壳层 | 第 0 步依据：SI Table S1 表头明写 ""m/z (**I- included**)"" + ""Elemental formula""，即列出的是**离子式**（含碘）。中性式 = 离子式 − I（团簇加合）；不含 I 的离子按 [M-H]- 还原（中性 = 离子 + H）。645 行全部用给出的三位小数 m/z 独立验算通过（校验 A） | source: SI Table S1"
C18H32O12,I-,deprot,FIGAERO-I-CIMS (HR-ToF-CIMS),gas/particle,chamber; UT Austin environmental chamber; alpha-pinene + Cl2/UV with NO (alpha-pinene+Cl+NO system),chamber,,"Masoud and Ruiz, 2021, ACS Earth Space Chem.",10.1021/acsearthspacechem.1c00150,"alpha-蒎烯 + Cl + NO 体系拟合峰表第 569 条 | 原文离子式: C18H31O12-，原文 m/z 439.182 Th（[M-H]-，算得 439.182，Δ 0.1 mDa） | DBE 3，整数 ⇒ 闭壳层 | 第 0 步依据：SI Table S1 表头明写 ""m/z (**I- included**)"" + ""Elemental formula""，即列出的是**离子式**（含碘）。中性式 = 离子式 − I（团簇加合）；不含 I 的离子按 [M-H]- 还原（中性 = 离子 + H）。645 行全部用给出的三位小数 m/z 独立验算通过（校验 A） | source: SI Table S1"
C11H17Cl2NO5,I-,adduct,FIGAERO-I-CIMS (HR-ToF-CIMS),gas/particle,chamber; UT Austin environmental chamber; alpha-pinene + Cl2/UV with NO (alpha-pinene+Cl+NO system),chamber,,"Masoud and Ruiz, 2021, ACS Earth Space Chem.",10.1021/acsearthspacechem.1c00150,"alpha-蒎烯 + Cl + NO 体系拟合峰表第 570 条 | 原文离子式: C11H17NCl2IO5-，原文 m/z 439.953 Th（[M+I]-，算得 439.953，Δ 0.4 mDa） | DBE 2，整数 ⇒ 闭壳层 | 第 0 步依据：SI Table S1 表头明写 ""m/z (**I- included**)"" + ""Elemental formula""，即列出的是**离子式**（含碘）。中性式 = 离子式 − I（团簇加合）；不含 I 的离子按 [M-H]- 还原（中性 = 离子 + H）。645 行全部用给出的三位小数 m/z 独立验算通过（校验 A） | source: SI Table S1"
C10H19NO10,I-,adduct,FIGAERO-I-CIMS (HR-ToF-CIMS),gas/particle,chamber; UT Austin environmental chamber; alpha-pinene + Cl2/UV with NO (alpha-pinene+Cl+NO system),chamber,,"Masoud and Ruiz, 2021, ACS Earth Space Chem.",10.1021/acsearthspacechem.1c00150,"alpha-蒎烯 + Cl + NO 体系拟合峰表第 571 条 | 原文离子式: C10H19NIO10-，原文 m/z 440.006 Th（[M+I]-，算得 440.006，Δ 0.1 mDa） | DBE 1，整数 ⇒ 闭壳层 | 第 0 步依据：SI Table S1 表头明写 ""m/z (**I- included**)"" + ""Elemental formula""，即列出的是**离子式**（含碘）。中性式 = 离子式 − I（团簇加合）；不含 I 的离子按 [M-H]- 还原（中性 = 离子 + H）。645 行全部用给出的三位小数 m/z 独立验算通过（校验 A） | source: SI Table S1"
C10H12Cl2O7,I-,adduct,FIGAERO-I-CIMS (HR-ToF-CIMS),gas/particle,chamber; UT Austin environmental chamber; alpha-pinene + Cl2/UV with NO (alpha-pinene+Cl+NO system),chamber,,"Masoud and Ruiz, 2021, ACS Earth Space Chem.",10.1021/acsearthspacechem.1c00150,"alpha-蒎烯 + Cl + NO 体系拟合峰表第 573 条 | 原文离子式: C10H12Cl2IO7-，原文 m/z 440.901 Th（[M+I]-，算得 440.901，Δ 0.0 mDa） | DBE 4，整数 ⇒ 闭壳层 | 第 0 步依据：SI Table S1 表头明写 ""m/z (**I- included**)"" + ""Elemental formula""，即列出的是**离子式**（含碘）。中性式 = 离子式 − I（团簇加合）；不含 I 的离子按 [M-H]- 还原（中性 = 离子 + H）。645 行全部用给出的三位小数 m/z 独立验算通过（校验 A） | source: SI Table S1"
C10H15ClO9,I-,adduct,FIGAERO-I-CIMS (HR-ToF-CIMS),gas/particle,chamber; UT Austin environmental chamber; alpha-pinene + Cl2/UV with NO (alpha-pinene+Cl+NO system),chamber,,"Masoud and Ruiz, 2021, ACS Earth Space Chem.",10.1021/acsearthspacechem.1c00150,"alpha-蒎烯 + Cl + NO 体系拟合峰表第 574 条 | 原文离子式: C10H15ClIO9-，原文 m/z 440.945 Th（[M+I]-，算得 440.945，Δ 0.5 mDa） | DBE 3，整数 ⇒ 闭壳层 | 第 0 步依据：SI Table S1 表头明写 ""m/z (**I- included**)"" + ""Elemental formula""，即列出的是**离子式**（含碘）。中性式 = 离子式 − I（团簇加合）；不含 I 的离子按 [M-H]- 还原（中性 = 离子 + H）。645 行全部用给出的三位小数 m/z 独立验算通过（校验 A） | source: SI Table S1"
C14H18O8,I-,adduct,FIGAERO-I-CIMS (HR-ToF-CIMS),gas/particle,chamber; UT Austin environmental chamber; alpha-pinene + Cl2/UV with NO (alpha-pinene+Cl+NO system),chamber,,"Masoud and Ruiz, 2021, ACS Earth Space Chem.",10.1021/acsearthspacechem.1c00150,"alpha-蒎烯 + Cl + NO 体系拟合峰表第 575 条 | 原文离子式: C14H18IO8-，原文 m/z 441.005 Th（[M+I]-，算得 441.005，Δ 0.2 mDa） | DBE 6，整数 ⇒ 闭壳层 | 第 0 步依据：SI Table S1 表头明写 ""m/z (**I- included**)"" + ""Elemental formula""，即列出的是**离子式**（含碘）。中性式 = 离子式 − I（团簇加合）；不含 I 的离子按 [M-H]- 还原（中性 = 离子 + H）。645 行全部用给出的三位小数 m/z 独立验算通过（校验 A） | source: SI Table S1"
C18H31ClO10,I-,deprot,FIGAERO-I-CIMS (HR-ToF-CIMS),gas/particle,chamber; UT Austin environmental chamber; alpha-pinene + Cl2/UV with NO (alpha-pinene+Cl+NO system),chamber,,"Masoud and Ruiz, 2021, ACS Earth Space Chem.",10.1021/acsearthspacechem.1c00150,"alpha-蒎烯 + Cl + NO 体系拟合峰表第 577 条 | 原文离子式: C18H30ClO10-，原文 m/z 441.153 Th（[M-H]-，算得 441.153，Δ 0.3 mDa） | DBE 3，整数 ⇒ 闭壳层 | 第 0 步依据：SI Table S1 表头明写 ""m/z (**I- included**)"" + ""Elemental formula""，即列出的是**离子式**（含碘）。中性式 = 离子式 − I（团簇加合）；不含 I 的离子按 [M-H]- 还原（中性 = 离子 + H）。645 行全部用给出的三位小数 m/z 独立验算通过（校验 A） | source: SI Table S1"
C12H21Cl2O5,I-,adduct,FIGAERO-I-CIMS (HR-ToF-CIMS),gas/particle,chamber; UT Austin environmental chamber; alpha-pinene + Cl2/UV with NO (alpha-pinene+Cl+NO system),chamber,,"Masoud and Ruiz, 2021, ACS Earth Space Chem.",10.1021/acsearthspacechem.1c00150,"alpha-蒎烯 + Cl + NO 体系拟合峰表第 578 条 | 原文离子式: C12H21Cl2IO5-，原文 m/z 441.982 Th（[M+I]-，算得 441.982，Δ 0.4 mDa） | DBE 1.5，半整数 ⇒ 开壳层自由基 | 第 0 步依据：SI Table S1 表头明写 ""m/z (**I- included**)"" + ""Elemental formula""，即列出的是**离子式**（含碘）。中性式 = 离子式 − I（团簇加合）；不含 I 的离子按 [M-H]- 还原（中性 = 离子 + H）。645 行全部用给出的三位小数 m/z 独立验算通过（校验 A） | source: SI Table S1"
C14H21NO7,I-,adduct,FIGAERO-I-CIMS (HR-ToF-CIMS),gas/particle,chamber; UT Austin environmental chamber; alpha-pinene + Cl2/UV with NO (alpha-pinene+Cl+NO system),chamber,,"Masoud and Ruiz, 2021, ACS Earth Space Chem.",10.1021/acsearthspacechem.1c00150,"alpha-蒎烯 + Cl + NO 体系拟合峰表第 579 条 | 原文离子式: C14H21NIO7-，原文 m/z 442.037 Th（[M+I]-，算得 442.037，Δ 0.2 mDa） | DBE 4，整数 ⇒ 闭壳层 | 第 0 步依据：SI Table S1 表头明写 ""m/z (**I- included**)"" + ""Elemental formula""，即列出的是**离子式**（含碘）。中性式 = 离子式 − I（团簇加合）；不含 I 的离子按 [M-H]- 还原（中性 = 离子 + H）。645 行全部用给出的三位小数 m/z 独立验算通过（校验 A） | source: SI Table S1"
C12H12O10,I-,adduct,FIGAERO-I-CIMS (HR-ToF-CIMS),gas/particle,chamber; UT Austin environmental chamber; alpha-pinene + Cl2/UV with NO (alpha-pinene+Cl+NO system),chamber,,"Masoud and Ruiz, 2021, ACS Earth Space Chem.",10.1021/acsearthspacechem.1c00150,"alpha-蒎烯 + Cl + NO 体系拟合峰表第 580 条 | 原文离子式: C12H12IO10-，原文 m/z 442.948 Th（[M+I]-，算得 442.948，Δ 0.1 mDa） | DBE 7，整数 ⇒ 闭壳层 | 第 0 步依据：SI Table S1 表头明写 ""m/z (**I- included**)"" + ""Elemental formula""，即列出的是**离子式**（含碘）。中性式 = 离子式 − I（团簇加合）；不含 I 的离子按 [M-H]- 还原（中性 = 离子 + H）。645 行全部用给出的三位小数 m/z 独立验算通过（校验 A） | source: SI Table S1"
C14H19ClNO5,I-,adduct,FIGAERO-I-CIMS (HR-ToF-CIMS),gas/particle,chamber; UT Austin environmental chamber; alpha-pinene + Cl2/UV with NO (alpha-pinene+Cl+NO system),chamber,,"Masoud and Ruiz, 2021, ACS Earth Space Chem.",10.1021/acsearthspacechem.1c00150,"alpha-蒎烯 + Cl + NO 体系拟合峰表第 581 条 | 原文离子式: C14H19NClIO5-，原文 m/z 443.0 Th（[M+I]-，算得 443.000，Δ 0.2 mDa） | DBE 4.5，半整数 ⇒ 开壳层自由基 | 第 0 步依据：SI Table S1 表头明写 ""m/z (**I- included**)"" + ""Elemental formula""，即列出的是**离子式**（含碘）。中性式 = 离子式 − I（团簇加合）；不含 I 的离子按 [M-H]- 还原（中性 = 离子 + H）。645 行全部用给出的三位小数 m/z 独立验算通过（校验 A） | source: SI Table S1"
C16H25ClO4,I-,adduct,FIGAERO-I-CIMS (HR-ToF-CIMS),gas/particle,chamber; UT Austin environmental chamber; alpha-pinene + Cl2/UV with NO (alpha-pinene+Cl+NO system),chamber,,"Masoud and Ruiz, 2021, ACS Earth Space Chem.",10.1021/acsearthspacechem.1c00150,"alpha-蒎烯 + Cl + NO 体系拟合峰表第 582 条 | 原文离子式: C16H25ClIO4-，原文 m/z 443.049 Th（[M+I]-，算得 443.049，Δ 0.2 mDa） | DBE 4，整数 ⇒ 闭壳层 | 第 0 步依据：SI Table S1 表头明写 ""m/z (**I- included**)"" + ""Elemental formula""，即列出的是**离子式**（含碘）。中性式 = 离子式 − I（团簇加合）；不含 I 的离子按 [M-H]- 还原（中性 = 离子 + H）。645 行全部用给出的三位小数 m/z 独立验算通过（校验 A） | source: SI Table S1"
C13H17O9,I-,adduct,FIGAERO-I-CIMS (HR-ToF-CIMS),gas/particle,chamber; UT Austin environmental chamber; alpha-pinene + Cl2/UV with NO (alpha-pinene+Cl+NO system),chamber,,"Masoud and Ruiz, 2021, ACS Earth Space Chem.",10.1021/acsearthspacechem.1c00150,"alpha-蒎烯 + Cl + NO 体系拟合峰表第 583 条 | 原文离子式: C13H17IO9-，原文 m/z 443.992 Th（[M+I]-，算得 443.992，Δ 0.3 mDa） | DBE 5.5，半整数 ⇒ 开壳层自由基 | 第 0 步依据：SI Table S1 表头明写 ""m/z (**I- included**)"" + ""Elemental formula""，即列出的是**离子式**（含碘）。中性式 = 离子式 − I（团簇加合）；不含 I 的离子按 [M-H]- 还原（中性 = 离子 + H）。645 行全部用给出的三位小数 m/z 独立验算通过（校验 A） | source: SI Table S1"
C13H19NO8,I-,adduct,FIGAERO-I-CIMS (HR-ToF-CIMS),gas/particle,chamber; UT Austin environmental chamber; alpha-pinene + Cl2/UV with NO (alpha-pinene+Cl+NO system),chamber,,"Masoud and Ruiz, 2021, ACS Earth Space Chem.",10.1021/acsearthspacechem.1c00150,"alpha-蒎烯 + Cl + NO 体系拟合峰表第 584 条 | 原文离子式: C13H19NIO8-，原文 m/z 444.016 Th（[M+I]-，算得 444.016，Δ 0.1 mDa） | DBE 4，整数 ⇒ 闭壳层 | 第 0 步依据：SI Table S1 表头明写 ""m/z (**I- included**)"" + ""Elemental formula""，即列出的是**离子式**（含碘）。中性式 = 离子式 − I（团簇加合）；不含 I 的离子按 [M-H]- 还原（中性 = 离子 + H）。645 行全部用给出的三位小数 m/z 独立验算通过（校验 A） | source: SI Table S1"
C13H21N2O7,I-,adduct,FIGAERO-I-CIMS (HR-ToF-CIMS),gas/particle,chamber; UT Austin environmental chamber; alpha-pinene + Cl2/UV with NO (alpha-pinene+Cl+NO system),chamber,,"Masoud and Ruiz, 2021, ACS Earth Space Chem.",10.1021/acsearthspacechem.1c00150,"alpha-蒎烯 + Cl + NO 体系拟合峰表第 585 条 | 原文离子式: C13H21N2IO7-，原文 m/z 444.04 Th（[M+I]-，算得 444.040，Δ 0.1 mDa） | DBE 2.5，半整数 ⇒ 开壳层自由基 | 第 0 步依据：SI Table S1 表头明写 ""m/z (**I- included**)"" + ""Elemental formula""，即列出的是**离子式**（含碘）。中性式 = 离子式 − I（团簇加合）；不含 I 的离子按 [M-H]- 还原（中性 = 离子 + H）。645 行全部用给出的三位小数 m/z 独立验算通过（校验 A） | source: SI Table S1"
C9H12Cl2O8,I-,adduct,FIGAERO-I-CIMS (HR-ToF-CIMS),gas/particle,chamber; UT Austin environmental chamber; alpha-pinene + Cl2/UV with NO (alpha-pinene+Cl+NO system),chamber,,"Masoud and Ruiz, 2021, ACS Earth Space Chem.",10.1021/acsearthspacechem.1c00150,"alpha-蒎烯 + Cl + NO 体系拟合峰表第 587 条 | 原文离子式: C9H12Cl2IO8-，原文 m/z 444.896 Th（[M+I]-，算得 444.896，Δ 0.1 mDa） | DBE 3，整数 ⇒ 闭壳层 | 第 0 步依据：SI Table S1 表头明写 ""m/z (**I- included**)"" + ""Elemental formula""，即列出的是**离子式**（含碘）。中性式 = 离子式 − I（团簇加合）；不含 I 的离子按 [M-H]- 还原（中性 = 离子 + H）。645 行全部用给出的三位小数 m/z 独立验算通过（校验 A） | source: SI Table S1"
C14H19ClO6,I-,adduct,FIGAERO-I-CIMS (HR-ToF-CIMS),gas/particle,chamber; UT Austin environmental chamber; alpha-pinene + Cl2/UV with NO (alpha-pinene+Cl+NO system),chamber,,"Masoud and Ruiz, 2021, ACS Earth Space Chem.",10.1021/acsearthspacechem.1c00150,"alpha-蒎烯 + Cl + NO 体系拟合峰表第 588 条 | 原文离子式: C14H19ClIO6-，原文 m/z 444.992 Th（[M+I]-，算得 444.992，Δ 0.0 mDa） | DBE 5，整数 ⇒ 闭壳层 | 第 0 步依据：SI Table S1 表头明写 ""m/z (**I- included**)"" + ""Elemental formula""，即列出的是**离子式**（含碘）。中性式 = 离子式 − I（团簇加合）；不含 I 的离子按 [M-H]- 还原（中性 = 离子 + H）。645 行全部用给出的三位小数 m/z 独立验算通过（校验 A） | source: SI Table S1"
C15H23ClO5,I-,adduct,FIGAERO-I-CIMS (HR-ToF-CIMS),gas/particle,chamber; UT Austin environmental chamber; alpha-pinene + Cl2/UV with NO (alpha-pinene+Cl+NO system),chamber,,"Masoud and Ruiz, 2021, ACS Earth Space Chem.",10.1021/acsearthspacechem.1c00150,"alpha-蒎烯 + Cl + NO 体系拟合峰表第 589 条 | 原文离子式: C15H23ClIO5-，原文 m/z 445.028 Th（[M+I]-，算得 445.028，Δ 0.4 mDa） | DBE 4，整数 ⇒ 闭壳层 | 第 0 步依据：SI Table S1 表头明写 ""m/z (**I- included**)"" + ""Elemental formula""，即列出的是**离子式**（含碘）。中性式 = 离子式 − I（团簇加合）；不含 I 的离子按 [M-H]- 还原（中性 = 离子 + H）。645 行全部用给出的三位小数 m/z 独立验算通过（校验 A） | source: SI Table S1"
C12H9Cl2O6,I-,adduct,FIGAERO-I-CIMS (HR-ToF-CIMS),gas/particle,chamber; UT Austin environmental chamber; alpha-pinene + Cl2/UV with NO (alpha-pinene+Cl+NO system),chamber,,"Masoud and Ruiz, 2021, ACS Earth Space Chem.",10.1021/acsearthspacechem.1c00150,"alpha-蒎烯 + Cl + NO 体系拟合峰表第 590 条 | 原文离子式: C12H9Cl2IO6-，原文 m/z 445.883 Th（[M+I]-，算得 445.883，Δ 0.4 mDa） | DBE 7.5，半整数 ⇒ 开壳层自由基 | 第 0 步依据：SI Table S1 表头明写 ""m/z (**I- included**)"" + ""Elemental formula""，即列出的是**离子式**（含碘）。中性式 = 离子式 − I（团簇加合）；不含 I 的离子按 [M-H]- 还原（中性 = 离子 + H）。645 行全部用给出的三位小数 m/z 独立验算通过（校验 A） | source: SI Table S1"
C13H16ClO7,I-,adduct,FIGAERO-I-CIMS (HR-ToF-CIMS),gas/particle,chamber; UT Austin environmental chamber; alpha-pinene + Cl2/UV with NO (alpha-pinene+Cl+NO system),chamber,,"Masoud and Ruiz, 2021, ACS Earth Space Chem.",10.1021/acsearthspacechem.1c00150,"alpha-蒎烯 + Cl + NO 体系拟合峰表第 591 条 | 原文离子式: C13H16ClIO7-，原文 m/z 445.963 Th（[M+I]-，算得 445.963，Δ 0.5 mDa） | DBE 5.5，半整数 ⇒ 开壳层自由基 | 第 0 步依据：SI Table S1 表头明写 ""m/z (**I- included**)"" + ""Elemental formula""，即列出的是**离子式**（含碘）。中性式 = 离子式 − I（团簇加合）；不含 I 的离子按 [M-H]- 还原（中性 = 离子 + H）。645 行全部用给出的三位小数 m/z 独立验算通过（校验 A） | source: SI Table S1"
C14H20ClO6,I-,adduct,FIGAERO-I-CIMS (HR-ToF-CIMS),gas/particle,chamber; UT Austin environmental chamber; alpha-pinene + Cl2/UV with NO (alpha-pinene+Cl+NO system),chamber,,"Masoud and Ruiz, 2021, ACS Earth Space Chem.",10.1021/acsearthspacechem.1c00150,"alpha-蒎烯 + Cl + NO 体系拟合峰表第 592 条 | 原文离子式: C14H20ClIO6-，原文 m/z 446.0 Th（[M+I]-，算得 446.000，Δ 0.1 mDa） | DBE 4.5，半整数 ⇒ 开壳层自由基 | 第 0 步依据：SI Table S1 表头明写 ""m/z (**I- included**)"" + ""Elemental formula""，即列出的是**离子式**（含碘）。中性式 = 离子式 − I（团簇加合）；不含 I 的离子按 [M-H]- 还原（中性 = 离子 + H）。645 行全部用给出的三位小数 m/z 独立验算通过（校验 A） | source: SI Table S1"
C10H18Cl2O7,I-,adduct,FIGAERO-I-CIMS (HR-ToF-CIMS),gas/particle,chamber; UT Austin environmental chamber; alpha-pinene + Cl2/UV with NO (alpha-pinene+Cl+NO system),chamber,,"Masoud and Ruiz, 2021, ACS Earth Space Chem.",10.1021/acsearthspacechem.1c00150,"alpha-蒎烯 + Cl + NO 体系拟合峰表第 594 条 | 原文离子式: C10H18Cl2IO7-，原文 m/z 446.948 Th（[M+I]-，算得 446.948，Δ 0.0 mDa） | DBE 1，整数 ⇒ 闭壳层 | 第 0 步依据：SI Table S1 表头明写 ""m/z (**I- included**)"" + ""Elemental formula""，即列出的是**离子式**（含碘）。中性式 = 离子式 − I（团簇加合）；不含 I 的离子按 [M-H]- 还原（中性 = 离子 + H）。645 行全部用给出的三位小数 m/z 独立验算通过（校验 A） | source: SI Table S1"
C15H22Cl2O3,I-,adduct,FIGAERO-I-CIMS (HR-ToF-CIMS),gas/particle,chamber; UT Austin environmental chamber; alpha-pinene + Cl2/UV with NO (alpha-pinene+Cl+NO system),chamber,,"Masoud and Ruiz, 2021, ACS Earth Space Chem.",10.1021/acsearthspacechem.1c00150,"alpha-蒎烯 + Cl + NO 体系拟合峰表第 595 条 | 原文离子式: C15H22Cl2IO3-，原文 m/z 447.0 Th（[M+I]-，算得 447.000，Δ 0.4 mDa） | DBE 4，整数 ⇒ 闭壳层 | 第 0 步依据：SI Table S1 表头明写 ""m/z (**I- included**)"" + ""Elemental formula""，即列出的是**离子式**（含碘）。中性式 = 离子式 − I（团簇加合）；不含 I 的离子按 [M-H]- 还原（中性 = 离子 + H）。645 行全部用给出的三位小数 m/z 独立验算通过（校验 A） | source: SI Table S1"
C18H24O5,I-,adduct,FIGAERO-I-CIMS (HR-ToF-CIMS),gas/particle,chamber; UT Austin environmental chamber; alpha-pinene + Cl2/UV with NO (alpha-pinene+Cl+NO system),chamber,,"Masoud and Ruiz, 2021, ACS Earth Space Chem.",10.1021/acsearthspacechem.1c00150,"alpha-蒎烯 + Cl + NO 体系拟合峰表第 596 条 | 原文离子式: C18H24IO5-，原文 m/z 447.067 Th（[M+I]-，算得 447.067，Δ 0.4 mDa） | DBE 7，整数 ⇒ 闭壳层 | 第 0 步依据：SI Table S1 表头明写 ""m/z (**I- included**)"" + ""Elemental formula""，即列出的是**离子式**（含碘）。中性式 = 离子式 − I（团簇加合）；不含 I 的离子按 [M-H]- 还原（中性 = 离子 + H）。645 行全部用给出的三位小数 m/z 独立验算通过（校验 A） | source: SI Table S1"
C10H14N2O10,I-,adduct,FIGAERO-I-CIMS (HR-ToF-CIMS),gas/particle,chamber; UT Austin environmental chamber; alpha-pinene + Cl2/UV with NO (alpha-pinene+Cl+NO system),chamber,,"Masoud and Ruiz, 2021, ACS Earth Space Chem.",10.1021/acsearthspacechem.1c00150,"alpha-蒎烯 + Cl + NO 体系拟合峰表第 598 条 | 原文离子式: C10H14N2IO10-，原文 m/z 448.97 Th（[M+I]-，算得 448.970，Δ 0.1 mDa） | DBE 3，整数 ⇒ 闭壳层 | 第 0 步依据：SI Table S1 表头明写 ""m/z (**I- included**)"" + ""Elemental formula""，即列出的是**离子式**（含碘）。中性式 = 离子式 − I（团簇加合）；不含 I 的离子按 [M-H]- 还原（中性 = 离子 + H）。645 行全部用给出的三位小数 m/z 独立验算通过（校验 A） | source: SI Table S1"
C14H26O8,I-,adduct,FIGAERO-I-CIMS (HR-ToF-CIMS),gas/particle,chamber; UT Austin environmental chamber; alpha-pinene + Cl2/UV with NO (alpha-pinene+Cl+NO system),chamber,,"Masoud and Ruiz, 2021, ACS Earth Space Chem.",10.1021/acsearthspacechem.1c00150,"alpha-蒎烯 + Cl + NO 体系拟合峰表第 599 条 | 原文离子式: C14H26IO8-，原文 m/z 449.068 Th（[M+I]-，算得 449.068，Δ 0.2 mDa） | DBE 2，整数 ⇒ 闭壳层 | 第 0 步依据：SI Table S1 表头明写 ""m/z (**I- included**)"" + ""Elemental formula""，即列出的是**离子式**（含碘）。中性式 = 离子式 − I（团簇加合）；不含 I 的离子按 [M-H]- 还原（中性 = 离子 + H）。645 行全部用给出的三位小数 m/z 独立验算通过（校验 A） | source: SI Table S1"
C10H16N2O10,I-,adduct,FIGAERO-I-CIMS (HR-ToF-CIMS),gas/particle,chamber; UT Austin environmental chamber; alpha-pinene + Cl2/UV with NO (alpha-pinene+Cl+NO system),chamber,,"Masoud and Ruiz, 2021, ACS Earth Space Chem.",10.1021/acsearthspacechem.1c00150,"alpha-蒎烯 + Cl + NO 体系拟合峰表第 600 条 | 原文离子式: C10H16N2IO10-，原文 m/z 450.986 Th（[M+I]-，算得 450.986，Δ 0.5 mDa） | DBE 2，整数 ⇒ 闭壳层 | 第 0 步依据：SI Table S1 表头明写 ""m/z (**I- included**)"" + ""Elemental formula""，即列出的是**离子式**（含碘）。中性式 = 离子式 − I（团簇加合）；不含 I 的离子按 [M-H]- 还原（中性 = 离子 + H）。645 行全部用给出的三位小数 m/z 独立验算通过（校验 A） | source: SI Table S1"
C10H15NO11,I-,adduct,FIGAERO-I-CIMS (HR-ToF-CIMS),gas/particle,chamber; UT Austin environmental chamber; alpha-pinene + Cl2/UV with NO (alpha-pinene+Cl+NO system),chamber,,"Masoud and Ruiz, 2021, ACS Earth Space Chem.",10.1021/acsearthspacechem.1c00150,"alpha-蒎烯 + Cl + NO 体系拟合峰表第 601 条 | 原文离子式: C10H15NIO11-，原文 m/z 451.97 Th（[M+I]-，算得 451.970，Δ 0.5 mDa） | DBE 3，整数 ⇒ 闭壳层 | 第 0 步依据：SI Table S1 表头明写 ""m/z (**I- included**)"" + ""Elemental formula""，即列出的是**离子式**（含碘）。中性式 = 离子式 − I（团簇加合）；不含 I 的离子按 [M-H]- 还原（中性 = 离子 + H）。645 行全部用给出的三位小数 m/z 独立验算通过（校验 A） | source: SI Table S1"
C10H14O12,I-,adduct,FIGAERO-I-CIMS (HR-ToF-CIMS),gas/particle,chamber; UT Austin environmental chamber; alpha-pinene + Cl2/UV with NO (alpha-pinene+Cl+NO system),chamber,,"Masoud and Ruiz, 2021, ACS Earth Space Chem.",10.1021/acsearthspacechem.1c00150,"alpha-蒎烯 + Cl + NO 体系拟合峰表第 602 条 | 原文离子式: C10H14IO12-，原文 m/z 452.954 Th（[M+I]-，算得 452.954，Δ 0.5 mDa） | DBE 4，整数 ⇒ 闭壳层 | 第 0 步依据：SI Table S1 表头明写 ""m/z (**I- included**)"" + ""Elemental formula""，即列出的是**离子式**（含碘）。中性式 = 离子式 − I（团簇加合）；不含 I 的离子按 [M-H]- 还原（中性 = 离子 + H）。645 行全部用给出的三位小数 m/z 独立验算通过（校验 A） | source: SI Table S1"
C10H15O12,I-,adduct,FIGAERO-I-CIMS (HR-ToF-CIMS),gas/particle,chamber; UT Austin environmental chamber; alpha-pinene + Cl2/UV with NO (alpha-pinene+Cl+NO system),chamber,,"Masoud and Ruiz, 2021, ACS Earth Space Chem.",10.1021/acsearthspacechem.1c00150,"alpha-蒎烯 + Cl + NO 体系拟合峰表第 603 条 | 原文离子式: C10H15IO12-，原文 m/z 453.961 Th（[M+I]-，算得 453.961，Δ 0.4 mDa） | DBE 3.5，半整数 ⇒ 开壳层自由基 | 第 0 步依据：SI Table S1 表头明写 ""m/z (**I- included**)"" + ""Elemental formula""，即列出的是**离子式**（含碘）。中性式 = 离子式 − I（团簇加合）；不含 I 的离子按 [M-H]- 还原（中性 = 离子 + H）。645 行全部用给出的三位小数 m/z 独立验算通过（校验 A） | source: SI Table S1"
C13H10Cl2N2O4,I-,adduct,FIGAERO-I-CIMS (HR-ToF-CIMS),gas/particle,chamber; UT Austin environmental chamber; alpha-pinene + Cl2/UV with NO (alpha-pinene+Cl+NO system),chamber,,"Masoud and Ruiz, 2021, ACS Earth Space Chem.",10.1021/acsearthspacechem.1c00150,"alpha-蒎烯 + Cl + NO 体系拟合峰表第 604 条 | 原文离子式: C13H10N2Cl2IO4-，原文 m/z 454.907 Th（[M+I]-，算得 454.907，Δ 0.2 mDa） | DBE 7，整数 ⇒ 闭壳层 | 第 0 步依据：SI Table S1 表头明写 ""m/z (**I- included**)"" + ""Elemental formula""，即列出的是**离子式**（含碘）。中性式 = 离子式 − I（团簇加合）；不含 I 的离子按 [M-H]- 还原（中性 = 离子 + H）。645 行全部用给出的三位小数 m/z 独立验算通过（校验 A） | source: SI Table S1"
C18H26Cl2O,I-,adduct,FIGAERO-I-CIMS (HR-ToF-CIMS),gas/particle,chamber; UT Austin environmental chamber; alpha-pinene + Cl2/UV with NO (alpha-pinene+Cl+NO system),chamber,,"Masoud and Ruiz, 2021, ACS Earth Space Chem.",10.1021/acsearthspacechem.1c00150,"alpha-蒎烯 + Cl + NO 体系拟合峰表第 605 条 | 原文离子式: C18H26Cl2IO-，原文 m/z 455.041 Th（[M+I]-，算得 455.041，Δ 0.1 mDa） | DBE 5，整数 ⇒ 闭壳层 | 第 0 步依据：SI Table S1 表头明写 ""m/z (**I- included**)"" + ""Elemental formula""，即列出的是**离子式**（含碘）。中性式 = 离子式 − I（团簇加合）；不含 I 的离子按 [M-H]- 还原（中性 = 离子 + H）。645 行全部用给出的三位小数 m/z 独立验算通过（校验 A） | source: SI Table S1"
C10H19NO11,I-,adduct,FIGAERO-I-CIMS (HR-ToF-CIMS),gas/particle,chamber; UT Austin environmental chamber; alpha-pinene + Cl2/UV with NO (alpha-pinene+Cl+NO system),chamber,,"Masoud and Ruiz, 2021, ACS Earth Space Chem.",10.1021/acsearthspacechem.1c00150,"alpha-蒎烯 + Cl + NO 体系拟合峰表第 606 条 | 原文离子式: C10H19NIO11-，原文 m/z 456.001 Th（[M+I]-，算得 456.001，Δ 0.2 mDa） | DBE 1，整数 ⇒ 闭壳层 | 第 0 步依据：SI Table S1 表头明写 ""m/z (**I- included**)"" + ""Elemental formula""，即列出的是**离子式**（含碘）。中性式 = 离子式 − I（团簇加合）；不含 I 的离子按 [M-H]- 还原（中性 = 离子 + H）。645 行全部用给出的三位小数 m/z 独立验算通过（校验 A） | source: SI Table S1"
C16H27NO6,I-,adduct,FIGAERO-I-CIMS (HR-ToF-CIMS),gas/particle,chamber; UT Austin environmental chamber; alpha-pinene + Cl2/UV with NO (alpha-pinene+Cl+NO system),chamber,,"Masoud and Ruiz, 2021, ACS Earth Space Chem.",10.1021/acsearthspacechem.1c00150,"alpha-蒎烯 + Cl + NO 体系拟合峰表第 607 条 | 原文离子式: C16H27NIO6-，原文 m/z 456.089 Th（[M+I]-，算得 456.089，Δ 0.1 mDa） | DBE 3，整数 ⇒ 闭壳层 | 第 0 步依据：SI Table S1 表头明写 ""m/z (**I- included**)"" + ""Elemental formula""，即列出的是**离子式**（含碘）。中性式 = 离子式 − I（团簇加合）；不含 I 的离子按 [M-H]- 还原（中性 = 离子 + H）。645 行全部用给出的三位小数 m/z 独立验算通过（校验 A） | source: SI Table S1"
C10H14Cl2O8,I-,adduct,FIGAERO-I-CIMS (HR-ToF-CIMS),gas/particle,chamber; UT Austin environmental chamber; alpha-pinene + Cl2/UV with NO (alpha-pinene+Cl+NO system),chamber,,"Masoud and Ruiz, 2021, ACS Earth Space Chem.",10.1021/acsearthspacechem.1c00150,"alpha-蒎烯 + Cl + NO 体系拟合峰表第 608 条 | 原文离子式: C10H14Cl2IO8-，原文 m/z 458.912 Th（[M+I]-，算得 458.912，Δ 0.4 mDa） | DBE 3，整数 ⇒ 闭壳层 | 第 0 步依据：SI Table S1 表头明写 ""m/z (**I- included**)"" + ""Elemental formula""，即列出的是**离子式**（含碘）。中性式 = 离子式 − I（团簇加合）；不含 I 的离子按 [M-H]- 还原（中性 = 离子 + H）。645 行全部用给出的三位小数 m/z 独立验算通过（校验 A） | source: SI Table S1"
C10H17ClO10,I-,adduct,FIGAERO-I-CIMS (HR-ToF-CIMS),gas/particle,chamber; UT Austin environmental chamber; alpha-pinene + Cl2/UV with NO (alpha-pinene+Cl+NO system),chamber,,"Masoud and Ruiz, 2021, ACS Earth Space Chem.",10.1021/acsearthspacechem.1c00150,"alpha-蒎烯 + Cl + NO 体系拟合峰表第 609 条 | 原文离子式: C10H17ClIO10-，原文 m/z 458.956 Th（[M+I]-，算得 458.956，Δ 0.0 mDa） | DBE 2，整数 ⇒ 闭壳层 | 第 0 步依据：SI Table S1 表头明写 ""m/z (**I- included**)"" + ""Elemental formula""，即列出的是**离子式**（含碘）。中性式 = 离子式 − I（团簇加合）；不含 I 的离子按 [M-H]- 还原（中性 = 离子 + H）。645 行全部用给出的三位小数 m/z 独立验算通过（校验 A） | source: SI Table S1"
C14H19ClO7,I-,adduct,FIGAERO-I-CIMS (HR-ToF-CIMS),gas/particle,chamber; UT Austin environmental chamber; alpha-pinene + Cl2/UV with NO (alpha-pinene+Cl+NO system),chamber,,"Masoud and Ruiz, 2021, ACS Earth Space Chem.",10.1021/acsearthspacechem.1c00150,"alpha-蒎烯 + Cl + NO 体系拟合峰表第 610 条 | 原文离子式: C14H19ClIO7-，原文 m/z 460.987 Th（[M+I]-，算得 460.987，Δ 0.0 mDa） | DBE 5，整数 ⇒ 闭壳层 | 第 0 步依据：SI Table S1 表头明写 ""m/z (**I- included**)"" + ""Elemental formula""，即列出的是**离子式**（含碘）。中性式 = 离子式 − I（团簇加合）；不含 I 的离子按 [M-H]- 还原（中性 = 离子 + H）。645 行全部用给出的三位小数 m/z 独立验算通过（校验 A） | source: SI Table S1"
C10H12N2O11,I-,adduct,FIGAERO-I-CIMS (HR-ToF-CIMS),gas/particle,chamber; UT Austin environmental chamber; alpha-pinene + Cl2/UV with NO (alpha-pinene+Cl+NO system),chamber,,"Masoud and Ruiz, 2021, ACS Earth Space Chem.",10.1021/acsearthspacechem.1c00150,"alpha-蒎烯 + Cl + NO 体系拟合峰表第 611 条 | 原文离子式: C10H12N2IO11-，原文 m/z 462.949 Th（[M+I]-，算得 462.949，Δ 0.1 mDa） | DBE 4，整数 ⇒ 闭壳层 | 第 0 步依据：SI Table S1 表头明写 ""m/z (**I- included**)"" + ""Elemental formula""，即列出的是**离子式**（含碘）。中性式 = 离子式 − I（团簇加合）；不含 I 的离子按 [M-H]- 还原（中性 = 离子 + H）。645 行全部用给出的三位小数 m/z 独立验算通过（校验 A） | source: SI Table S1"
C10H15NO12,I-,adduct,FIGAERO-I-CIMS (HR-ToF-CIMS),gas/particle,chamber; UT Austin environmental chamber; alpha-pinene + Cl2/UV with NO (alpha-pinene+Cl+NO system),chamber,,"Masoud and Ruiz, 2021, ACS Earth Space Chem.",10.1021/acsearthspacechem.1c00150,"alpha-蒎烯 + Cl + NO 体系拟合峰表第 612 条 | 原文离子式: C10H15NIO12-，原文 m/z 467.964 Th（[M+I]-，算得 467.964，Δ 0.4 mDa） | DBE 3，整数 ⇒ 闭壳层 | 第 0 步依据：SI Table S1 表头明写 ""m/z (**I- included**)"" + ""Elemental formula""，即列出的是**离子式**（含碘）。中性式 = 离子式 − I（团簇加合）；不含 I 的离子按 [M-H]- 还原（中性 = 离子 + H）。645 行全部用给出的三位小数 m/z 独立验算通过（校验 A） | source: SI Table S1"
C17H29NO6,I-,adduct,FIGAERO-I-CIMS (HR-ToF-CIMS),gas/particle,chamber; UT Austin environmental chamber; alpha-pinene + Cl2/UV with NO (alpha-pinene+Cl+NO system),chamber,,"Masoud and Ruiz, 2021, ACS Earth Space Chem.",10.1021/acsearthspacechem.1c00150,"alpha-蒎烯 + Cl + NO 体系拟合峰表第 613 条 | 原文离子式: C17H29NIO6-，原文 m/z 470.105 Th（[M+I]-，算得 470.105，Δ 0.5 mDa） | DBE 3，整数 ⇒ 闭壳层 | 第 0 步依据：SI Table S1 表头明写 ""m/z (**I- included**)"" + ""Elemental formula""，即列出的是**离子式**（含碘）。中性式 = 离子式 − I（团簇加合）；不含 I 的离子按 [M-H]- 还原（中性 = 离子 + H）。645 行全部用给出的三位小数 m/z 独立验算通过（校验 A） | source: SI Table S1"
C13H17NO10,I-,adduct,FIGAERO-I-CIMS (HR-ToF-CIMS),gas/particle,chamber; UT Austin environmental chamber; alpha-pinene + Cl2/UV with NO (alpha-pinene+Cl+NO system),chamber,,"Masoud and Ruiz, 2021, ACS Earth Space Chem.",10.1021/acsearthspacechem.1c00150,"alpha-蒎烯 + Cl + NO 体系拟合峰表第 614 条 | 原文离子式: C13H17NIO10-，原文 m/z 473.99 Th（[M+I]-，算得 473.990，Δ 0.3 mDa） | DBE 5，整数 ⇒ 闭壳层 | 第 0 步依据：SI Table S1 表头明写 ""m/z (**I- included**)"" + ""Elemental formula""，即列出的是**离子式**（含碘）。中性式 = 离子式 − I（团簇加合）；不含 I 的离子按 [M-H]- 还原（中性 = 离子 + H）。645 行全部用给出的三位小数 m/z 独立验算通过（校验 A） | source: SI Table S1"
C16H29NO7,I-,adduct,FIGAERO-I-CIMS (HR-ToF-CIMS),gas/particle,chamber; UT Austin environmental chamber; alpha-pinene + Cl2/UV with NO (alpha-pinene+Cl+NO system),chamber,,"Masoud and Ruiz, 2021, ACS Earth Space Chem.",10.1021/acsearthspacechem.1c00150,"alpha-蒎烯 + Cl + NO 体系拟合峰表第 615 条 | 原文离子式: C16H29NIO7-，原文 m/z 474.099 Th（[M+I]-，算得 474.099，Δ 0.4 mDa） | DBE 2，整数 ⇒ 闭壳层 | 第 0 步依据：SI Table S1 表头明写 ""m/z (**I- included**)"" + ""Elemental formula""，即列出的是**离子式**（含碘）。中性式 = 离子式 − I（团簇加合）；不含 I 的离子按 [M-H]- 还原（中性 = 离子 + H）。645 行全部用给出的三位小数 m/z 独立验算通过（校验 A） | source: SI Table S1"
C10H17ClO11,I-,adduct,FIGAERO-I-CIMS (HR-ToF-CIMS),gas/particle,chamber; UT Austin environmental chamber; alpha-pinene + Cl2/UV with NO (alpha-pinene+Cl+NO system),chamber,,"Masoud and Ruiz, 2021, ACS Earth Space Chem.",10.1021/acsearthspacechem.1c00150,"alpha-蒎烯 + Cl + NO 体系拟合峰表第 616 条 | 原文离子式: C10H17ClIO11-，原文 m/z 474.951 Th（[M+I]-，算得 474.951，Δ 0.0 mDa） | DBE 2，整数 ⇒ 闭壳层 | 第 0 步依据：SI Table S1 表头明写 ""m/z (**I- included**)"" + ""Elemental formula""，即列出的是**离子式**（含碘）。中性式 = 离子式 − I（团簇加合）；不含 I 的离子按 [M-H]- 还原（中性 = 离子 + H）。645 行全部用给出的三位小数 m/z 独立验算通过（校验 A） | source: SI Table S1"
C13H19NO10,I-,adduct,FIGAERO-I-CIMS (HR-ToF-CIMS),gas/particle,chamber; UT Austin environmental chamber; alpha-pinene + Cl2/UV with NO (alpha-pinene+Cl+NO system),chamber,,"Masoud and Ruiz, 2021, ACS Earth Space Chem.",10.1021/acsearthspacechem.1c00150,"alpha-蒎烯 + Cl + NO 体系拟合峰表第 617 条 | 原文离子式: C13H19NIO10-，原文 m/z 476.006 Th（[M+I]-，算得 476.006，Δ 0.1 mDa） | DBE 4，整数 ⇒ 闭壳层 | 第 0 步依据：SI Table S1 表头明写 ""m/z (**I- included**)"" + ""Elemental formula""，即列出的是**离子式**（含碘）。中性式 = 离子式 − I（团簇加合）；不含 I 的离子按 [M-H]- 还原（中性 = 离子 + H）。645 行全部用给出的三位小数 m/z 独立验算通过（校验 A） | source: SI Table S1"
C14H19NO10,I-,adduct,FIGAERO-I-CIMS (HR-ToF-CIMS),gas/particle,chamber; UT Austin environmental chamber; alpha-pinene + Cl2/UV with NO (alpha-pinene+Cl+NO system),chamber,,"Masoud and Ruiz, 2021, ACS Earth Space Chem.",10.1021/acsearthspacechem.1c00150,"alpha-蒎烯 + Cl + NO 体系拟合峰表第 618 条 | 原文离子式: C14H19NIO10-，原文 m/z 488.006 Th（[M+I]-，算得 488.006，Δ 0.1 mDa） | DBE 5，整数 ⇒ 闭壳层 | 第 0 步依据：SI Table S1 表头明写 ""m/z (**I- included**)"" + ""Elemental formula""，即列出的是**离子式**（含碘）。中性式 = 离子式 − I（团簇加合）；不含 I 的离子按 [M-H]- 还原（中性 = 离子 + H）。645 行全部用给出的三位小数 m/z 独立验算通过（校验 A） | source: SI Table S1"
C15H23NO9,I-,adduct,FIGAERO-I-CIMS (HR-ToF-CIMS),gas/particle,chamber; UT Austin environmental chamber; alpha-pinene + Cl2/UV with NO (alpha-pinene+Cl+NO system),chamber,,"Masoud and Ruiz, 2021, ACS Earth Space Chem.",10.1021/acsearthspacechem.1c00150,"alpha-蒎烯 + Cl + NO 体系拟合峰表第 619 条 | 原文离子式: C15H23NIO9-，原文 m/z 488.042 Th（[M+I]-，算得 488.042，Δ 0.3 mDa） | DBE 4，整数 ⇒ 闭壳层 | 第 0 步依据：SI Table S1 表头明写 ""m/z (**I- included**)"" + ""Elemental formula""，即列出的是**离子式**（含碘）。中性式 = 离子式 − I（团簇加合）；不含 I 的离子按 [M-H]- 还原（中性 = 离子 + H）。645 行全部用给出的三位小数 m/z 独立验算通过（校验 A） | source: SI Table S1"
C14H21NO10,I-,adduct,FIGAERO-I-CIMS (HR-ToF-CIMS),gas/particle,chamber; UT Austin environmental chamber; alpha-pinene + Cl2/UV with NO (alpha-pinene+Cl+NO system),chamber,,"Masoud and Ruiz, 2021, ACS Earth Space Chem.",10.1021/acsearthspacechem.1c00150,"alpha-蒎烯 + Cl + NO 体系拟合峰表第 620 条 | 原文离子式: C14H21NIO10-，原文 m/z 490.022 Th（[M+I]-，算得 490.022，Δ 0.4 mDa） | DBE 4，整数 ⇒ 闭壳层 | 第 0 步依据：SI Table S1 表头明写 ""m/z (**I- included**)"" + ""Elemental formula""，即列出的是**离子式**（含碘）。中性式 = 离子式 − I（团簇加合）；不含 I 的离子按 [M-H]- 还原（中性 = 离子 + H）。645 行全部用给出的三位小数 m/z 独立验算通过（校验 A） | source: SI Table S1"
C16H29NO8,I-,adduct,FIGAERO-I-CIMS (HR-ToF-CIMS),gas/particle,chamber; UT Austin environmental chamber; alpha-pinene + Cl2/UV with NO (alpha-pinene+Cl+NO system),chamber,,"Masoud and Ruiz, 2021, ACS Earth Space Chem.",10.1021/acsearthspacechem.1c00150,"alpha-蒎烯 + Cl + NO 体系拟合峰表第 621 条 | 原文离子式: C16H29NIO8-，原文 m/z 490.094 Th（[M+I]-，算得 490.094，Δ 0.3 mDa） | DBE 2，整数 ⇒ 闭壳层 | 第 0 步依据：SI Table S1 表头明写 ""m/z (**I- included**)"" + ""Elemental formula""，即列出的是**离子式**（含碘）。中性式 = 离子式 − I（团簇加合）；不含 I 的离子按 [M-H]- 还原（中性 = 离子 + H）。645 行全部用给出的三位小数 m/z 独立验算通过（校验 A） | source: SI Table S1"
C19H28O8,I-,adduct,FIGAERO-I-CIMS (HR-ToF-CIMS),gas/particle,chamber; UT Austin environmental chamber; alpha-pinene + Cl2/UV with NO (alpha-pinene+Cl+NO system),chamber,,"Masoud and Ruiz, 2021, ACS Earth Space Chem.",10.1021/acsearthspacechem.1c00150,"alpha-蒎烯 + Cl + NO 体系拟合峰表第 622 条 | 原文离子式: C19H28IO8-，原文 m/z 511.083 Th（[M+I]-，算得 511.083，Δ 0.4 mDa） | DBE 6，整数 ⇒ 闭壳层 | 第 0 步依据：SI Table S1 表头明写 ""m/z (**I- included**)"" + ""Elemental formula""，即列出的是**离子式**（含碘）。中性式 = 离子式 − I（团簇加合）；不含 I 的离子按 [M-H]- 还原（中性 = 离子 + H）。645 行全部用给出的三位小数 m/z 独立验算通过（校验 A） | source: SI Table S1"
C19H30O8,I-,adduct,FIGAERO-I-CIMS (HR-ToF-CIMS),gas/particle,chamber; UT Austin environmental chamber; alpha-pinene + Cl2/UV with NO (alpha-pinene+Cl+NO system),chamber,,"Masoud and Ruiz, 2021, ACS Earth Space Chem.",10.1021/acsearthspacechem.1c00150,"alpha-蒎烯 + Cl + NO 体系拟合峰表第 623 条 | 原文离子式: C19H30IO8-，原文 m/z 513.099 Th（[M+I]-，算得 513.099，Δ 0.1 mDa） | DBE 5，整数 ⇒ 闭壳层 | 第 0 步依据：SI Table S1 表头明写 ""m/z (**I- included**)"" + ""Elemental formula""，即列出的是**离子式**（含碘）。中性式 = 离子式 − I（团簇加合）；不含 I 的离子按 [M-H]- 还原（中性 = 离子 + H）。645 行全部用给出的三位小数 m/z 独立验算通过（校验 A） | source: SI Table S1"
C19H28O9,I-,adduct,FIGAERO-I-CIMS (HR-ToF-CIMS),gas/particle,chamber; UT Austin environmental chamber; alpha-pinene + Cl2/UV with NO (alpha-pinene+Cl+NO system),chamber,,"Masoud and Ruiz, 2021, ACS Earth Space Chem.",10.1021/acsearthspacechem.1c00150,"alpha-蒎烯 + Cl + NO 体系拟合峰表第 624 条 | 原文离子式: C19H28IO9-，原文 m/z 527.078 Th（[M+I]-，算得 527.078，Δ 0.4 mDa） | DBE 6，整数 ⇒ 闭壳层 | 第 0 步依据：SI Table S1 表头明写 ""m/z (**I- included**)"" + ""Elemental formula""，即列出的是**离子式**（含碘）。中性式 = 离子式 − I（团簇加合）；不含 I 的离子按 [M-H]- 还原（中性 = 离子 + H）。645 行全部用给出的三位小数 m/z 独立验算通过（校验 A） | source: SI Table S1"
C19H30O9,I-,adduct,FIGAERO-I-CIMS (HR-ToF-CIMS),gas/particle,chamber; UT Austin environmental chamber; alpha-pinene + Cl2/UV with NO (alpha-pinene+Cl+NO system),chamber,,"Masoud and Ruiz, 2021, ACS Earth Space Chem.",10.1021/acsearthspacechem.1c00150,"alpha-蒎烯 + Cl + NO 体系拟合峰表第 625 条 | 原文离子式: C19H30IO9-，原文 m/z 529.094 Th（[M+I]-，算得 529.094，Δ 0.0 mDa） | DBE 5，整数 ⇒ 闭壳层 | 第 0 步依据：SI Table S1 表头明写 ""m/z (**I- included**)"" + ""Elemental formula""，即列出的是**离子式**（含碘）。中性式 = 离子式 − I（团簇加合）；不含 I 的离子按 [M-H]- 还原（中性 = 离子 + H）。645 行全部用给出的三位小数 m/z 独立验算通过（校验 A） | source: SI Table S1"
C18H28O10,I-,adduct,FIGAERO-I-CIMS (HR-ToF-CIMS),gas/particle,chamber; UT Austin environmental chamber; alpha-pinene + Cl2/UV with NO (alpha-pinene+Cl+NO system),chamber,,"Masoud and Ruiz, 2021, ACS Earth Space Chem.",10.1021/acsearthspacechem.1c00150,"alpha-蒎烯 + Cl + NO 体系拟合峰表第 626 条 | 原文离子式: C18H28IO10-，原文 m/z 531.073 Th（[M+I]-，算得 531.073，Δ 0.3 mDa） | DBE 5，整数 ⇒ 闭壳层 | 第 0 步依据：SI Table S1 表头明写 ""m/z (**I- included**)"" + ""Elemental formula""，即列出的是**离子式**（含碘）。中性式 = 离子式 − I（团簇加合）；不含 I 的离子按 [M-H]- 还原（中性 = 离子 + H）。645 行全部用给出的三位小数 m/z 独立验算通过（校验 A） | source: SI Table S1"
C20H30O9,I-,adduct,FIGAERO-I-CIMS (HR-ToF-CIMS),gas/particle,chamber; UT Austin environmental chamber; alpha-pinene + Cl2/UV with NO (alpha-pinene+Cl+NO system),chamber,,"Masoud and Ruiz, 2021, ACS Earth Space Chem.",10.1021/acsearthspacechem.1c00150,"alpha-蒎烯 + Cl + NO 体系拟合峰表第 627 条 | 原文离子式: C20H30IO9-，原文 m/z 541.094 Th（[M+I]-，算得 541.094，Δ 0.0 mDa） | DBE 6，整数 ⇒ 闭壳层 | 第 0 步依据：SI Table S1 表头明写 ""m/z (**I- included**)"" + ""Elemental formula""，即列出的是**离子式**（含碘）。中性式 = 离子式 − I（团簇加合）；不含 I 的离子按 [M-H]- 还原（中性 = 离子 + H）。645 行全部用给出的三位小数 m/z 独立验算通过（校验 A） | source: SI Table S1"
C19H28O10,I-,adduct,FIGAERO-I-CIMS (HR-ToF-CIMS),gas/particle,chamber; UT Austin environmental chamber; alpha-pinene + Cl2/UV with NO (alpha-pinene+Cl+NO system),chamber,,"Masoud and Ruiz, 2021, ACS Earth Space Chem.",10.1021/acsearthspacechem.1c00150,"alpha-蒎烯 + Cl + NO 体系拟合峰表第 628 条 | 原文离子式: C19H28IO10-，原文 m/z 543.073 Th（[M+I]-，算得 543.073，Δ 0.3 mDa） | DBE 6，整数 ⇒ 闭壳层 | 第 0 步依据：SI Table S1 表头明写 ""m/z (**I- included**)"" + ""Elemental formula""，即列出的是**离子式**（含碘）。中性式 = 离子式 − I（团簇加合）；不含 I 的离子按 [M-H]- 还原（中性 = 离子 + H）。645 行全部用给出的三位小数 m/z 独立验算通过（校验 A） | source: SI Table S1"
C20H32O9,I-,adduct,FIGAERO-I-CIMS (HR-ToF-CIMS),gas/particle,chamber; UT Austin environmental chamber; alpha-pinene + Cl2/UV with NO (alpha-pinene+Cl+NO system),chamber,,"Masoud and Ruiz, 2021, ACS Earth Space Chem.",10.1021/acsearthspacechem.1c00150,"alpha-蒎烯 + Cl + NO 体系拟合峰表第 629 条 | 原文离子式: C20H32IO9-，原文 m/z 543.11 Th（[M+I]-，算得 543.110，Δ 0.3 mDa） | DBE 5，整数 ⇒ 闭壳层 | 第 0 步依据：SI Table S1 表头明写 ""m/z (**I- included**)"" + ""Elemental formula""，即列出的是**离子式**（含碘）。中性式 = 离子式 − I（团簇加合）；不含 I 的离子按 [M-H]- 还原（中性 = 离子 + H）。645 行全部用给出的三位小数 m/z 独立验算通过（校验 A） | source: SI Table S1"
C19H30O10,I-,adduct,FIGAERO-I-CIMS (HR-ToF-CIMS),gas/particle,chamber; UT Austin environmental chamber; alpha-pinene + Cl2/UV with NO (alpha-pinene+Cl+NO system),chamber,,"Masoud and Ruiz, 2021, ACS Earth Space Chem.",10.1021/acsearthspacechem.1c00150,"alpha-蒎烯 + Cl + NO 体系拟合峰表第 630 条 | 原文离子式: C19H30IO10-，原文 m/z 545.089 Th（[M+I]-，算得 545.089，Δ 0.1 mDa） | DBE 5，整数 ⇒ 闭壳层 | 第 0 步依据：SI Table S1 表头明写 ""m/z (**I- included**)"" + ""Elemental formula""，即列出的是**离子式**（含碘）。中性式 = 离子式 − I（团簇加合）；不含 I 的离子按 [M-H]- 还原（中性 = 离子 + H）。645 行全部用给出的三位小数 m/z 独立验算通过（校验 A） | source: SI Table S1"
C18H28O11,I-,adduct,FIGAERO-I-CIMS (HR-ToF-CIMS),gas/particle,chamber; UT Austin environmental chamber; alpha-pinene + Cl2/UV with NO (alpha-pinene+Cl+NO system),chamber,,"Masoud and Ruiz, 2021, ACS Earth Space Chem.",10.1021/acsearthspacechem.1c00150,"alpha-蒎烯 + Cl + NO 体系拟合峰表第 631 条 | 原文离子式: C18H28IO11-，原文 m/z 547.068 Th（[M+I]-，算得 547.068，Δ 0.2 mDa） | DBE 5，整数 ⇒ 闭壳层 | 第 0 步依据：SI Table S1 表头明写 ""m/z (**I- included**)"" + ""Elemental formula""，即列出的是**离子式**（含碘）。中性式 = 离子式 − I（团簇加合）；不含 I 的离子按 [M-H]- 还原（中性 = 离子 + H）。645 行全部用给出的三位小数 m/z 独立验算通过（校验 A） | source: SI Table S1"
C20H32N2O8,I-,adduct,FIGAERO-I-CIMS (HR-ToF-CIMS),gas/particle,chamber; UT Austin environmental chamber; alpha-pinene + Cl2/UV with NO (alpha-pinene+Cl+NO system),chamber,,"Masoud and Ruiz, 2021, ACS Earth Space Chem.",10.1021/acsearthspacechem.1c00150,"alpha-蒎烯 + Cl + NO 体系拟合峰表第 632 条 | 原文离子式: C20H32N2IO8-，原文 m/z 555.121 Th（[M+I]-，算得 555.121，Δ 0.1 mDa） | DBE 4，整数 ⇒ 闭壳层 | 第 0 步依据：SI Table S1 表头明写 ""m/z (**I- included**)"" + ""Elemental formula""，即列出的是**离子式**（含碘）。中性式 = 离子式 − I（团簇加合）；不含 I 的离子按 [M-H]- 还原（中性 = 离子 + H）。645 行全部用给出的三位小数 m/z 独立验算通过（校验 A） | source: SI Table S1"
C20H32N2O9,I-,adduct,FIGAERO-I-CIMS (HR-ToF-CIMS),gas/particle,chamber; UT Austin environmental chamber; alpha-pinene + Cl2/UV with NO (alpha-pinene+Cl+NO system),chamber,,"Masoud and Ruiz, 2021, ACS Earth Space Chem.",10.1021/acsearthspacechem.1c00150,"alpha-蒎烯 + Cl + NO 体系拟合峰表第 633 条 | 原文离子式: C20H32N2IO9-，原文 m/z 571.116 Th（[M+I]-，算得 571.116，Δ 0.2 mDa） | DBE 4，整数 ⇒ 闭壳层 | 第 0 步依据：SI Table S1 表头明写 ""m/z (**I- included**)"" + ""Elemental formula""，即列出的是**离子式**（含碘）。中性式 = 离子式 − I（团簇加合）；不含 I 的离子按 [M-H]- 还原（中性 = 离子 + H）。645 行全部用给出的三位小数 m/z 独立验算通过（校验 A） | source: SI Table S1"
C20H30O11,I-,adduct,FIGAERO-I-CIMS (HR-ToF-CIMS),gas/particle,chamber; UT Austin environmental chamber; alpha-pinene + Cl2/UV with NO (alpha-pinene+Cl+NO system),chamber,,"Masoud and Ruiz, 2021, ACS Earth Space Chem.",10.1021/acsearthspacechem.1c00150,"alpha-蒎烯 + Cl + NO 体系拟合峰表第 634 条 | 原文离子式: C20H30IO11-，原文 m/z 573.084 Th（[M+I]-，算得 573.084，Δ 0.2 mDa） | DBE 6，整数 ⇒ 闭壳层 | 第 0 步依据：SI Table S1 表头明写 ""m/z (**I- included**)"" + ""Elemental formula""，即列出的是**离子式**（含碘）。中性式 = 离子式 − I（团簇加合）；不含 I 的离子按 [M-H]- 还原（中性 = 离子 + H）。645 行全部用给出的三位小数 m/z 独立验算通过（校验 A） | source: SI Table S1"
C19H28O12,I-,adduct,FIGAERO-I-CIMS (HR-ToF-CIMS),gas/particle,chamber; UT Austin environmental chamber; alpha-pinene + Cl2/UV with NO (alpha-pinene+Cl+NO system),chamber,,"Masoud and Ruiz, 2021, ACS Earth Space Chem.",10.1021/acsearthspacechem.1c00150,"alpha-蒎烯 + Cl + NO 体系拟合峰表第 635 条 | 原文离子式: C19H28IO12-，原文 m/z 575.063 Th（[M+I]-，算得 575.063，Δ 0.1 mDa） | DBE 6，整数 ⇒ 闭壳层 | 第 0 步依据：SI Table S1 表头明写 ""m/z (**I- included**)"" + ""Elemental formula""，即列出的是**离子式**（含碘）。中性式 = 离子式 − I（团簇加合）；不含 I 的离子按 [M-H]- 还原（中性 = 离子 + H）。645 行全部用给出的三位小数 m/z 独立验算通过（校验 A） | source: SI Table S1"
C20H32O11,I-,adduct,FIGAERO-I-CIMS (HR-ToF-CIMS),gas/particle,chamber; UT Austin environmental chamber; alpha-pinene + Cl2/UV with NO (alpha-pinene+Cl+NO system),chamber,,"Masoud and Ruiz, 2021, ACS Earth Space Chem.",10.1021/acsearthspacechem.1c00150,"alpha-蒎烯 + Cl + NO 体系拟合峰表第 636 条 | 原文离子式: C20H32IO11-，原文 m/z 575.099 Th（[M+I]-，算得 575.099，Δ 0.5 mDa） | DBE 5，整数 ⇒ 闭壳层 | 第 0 步依据：SI Table S1 表头明写 ""m/z (**I- included**)"" + ""Elemental formula""，即列出的是**离子式**（含碘）。中性式 = 离子式 − I（团簇加合）；不含 I 的离子按 [M-H]- 还原（中性 = 离子 + H）。645 行全部用给出的三位小数 m/z 独立验算通过（校验 A） | source: SI Table S1"
C20H30O12,I-,adduct,FIGAERO-I-CIMS (HR-ToF-CIMS),gas/particle,chamber; UT Austin environmental chamber; alpha-pinene + Cl2/UV with NO (alpha-pinene+Cl+NO system),chamber,,"Masoud and Ruiz, 2021, ACS Earth Space Chem.",10.1021/acsearthspacechem.1c00150,"alpha-蒎烯 + Cl + NO 体系拟合峰表第 637 条 | 原文离子式: C20H30IO12-，原文 m/z 589.079 Th（[M+I]-，算得 589.079，Δ 0.3 mDa） | DBE 6，整数 ⇒ 闭壳层 | 第 0 步依据：SI Table S1 表头明写 ""m/z (**I- included**)"" + ""Elemental formula""，即列出的是**离子式**（含碘）。中性式 = 离子式 − I（团簇加合）；不含 I 的离子按 [M-H]- 还原（中性 = 离子 + H）。645 行全部用给出的三位小数 m/z 独立验算通过（校验 A） | source: SI Table S1"
C20H32O12,I-,adduct,FIGAERO-I-CIMS (HR-ToF-CIMS),gas/particle,chamber; UT Austin environmental chamber; alpha-pinene + Cl2/UV with NO (alpha-pinene+Cl+NO system),chamber,,"Masoud and Ruiz, 2021, ACS Earth Space Chem.",10.1021/acsearthspacechem.1c00150,"alpha-蒎烯 + Cl + NO 体系拟合峰表第 638 条 | 原文离子式: C20H32IO12-，原文 m/z 591.094 Th（[M+I]-，算得 591.094，Δ 0.4 mDa） | DBE 5，整数 ⇒ 闭壳层 | 第 0 步依据：SI Table S1 表头明写 ""m/z (**I- included**)"" + ""Elemental formula""，即列出的是**离子式**（含碘）。中性式 = 离子式 − I（团簇加合）；不含 I 的离子按 [M-H]- 还原（中性 = 离子 + H）。645 行全部用给出的三位小数 m/z 独立验算通过（校验 A） | source: SI Table S1"
C19H26O14,I-,adduct,FIGAERO-I-CIMS (HR-ToF-CIMS),gas/particle,chamber; UT Austin environmental chamber; alpha-pinene + Cl2/UV with NO (alpha-pinene+Cl+NO system),chamber,,"Masoud and Ruiz, 2021, ACS Earth Space Chem.",10.1021/acsearthspacechem.1c00150,"alpha-蒎烯 + Cl + NO 体系拟合峰表第 639 条 | 原文离子式: C19H26IO14-，原文 m/z 605.037 Th（[M+I]-，算得 605.037，Δ 0.3 mDa） | DBE 7，整数 ⇒ 闭壳层 | 第 0 步依据：SI Table S1 表头明写 ""m/z (**I- included**)"" + ""Elemental formula""，即列出的是**离子式**（含碘）。中性式 = 离子式 − I（团簇加合）；不含 I 的离子按 [M-H]- 还原（中性 = 离子 + H）。645 行全部用给出的三位小数 m/z 独立验算通过（校验 A） | source: SI Table S1"
C20H30O13,I-,adduct,FIGAERO-I-CIMS (HR-ToF-CIMS),gas/particle,chamber; UT Austin environmental chamber; alpha-pinene + Cl2/UV with NO (alpha-pinene+Cl+NO system),chamber,,"Masoud and Ruiz, 2021, ACS Earth Space Chem.",10.1021/acsearthspacechem.1c00150,"alpha-蒎烯 + Cl + NO 体系拟合峰表第 640 条 | 原文离子式: C20H30IO13-，原文 m/z 605.074 Th（[M+I]-，算得 605.074，Δ 0.3 mDa） | DBE 6，整数 ⇒ 闭壳层 | 第 0 步依据：SI Table S1 表头明写 ""m/z (**I- included**)"" + ""Elemental formula""，即列出的是**离子式**（含碘）。中性式 = 离子式 − I（团簇加合）；不含 I 的离子按 [M-H]- 还原（中性 = 离子 + H）。645 行全部用给出的三位小数 m/z 独立验算通过（校验 A） | source: SI Table S1"
C19H28O14,I-,adduct,FIGAERO-I-CIMS (HR-ToF-CIMS),gas/particle,chamber; UT Austin environmental chamber; alpha-pinene + Cl2/UV with NO (alpha-pinene+Cl+NO system),chamber,,"Masoud and Ruiz, 2021, ACS Earth Space Chem.",10.1021/acsearthspacechem.1c00150,"alpha-蒎烯 + Cl + NO 体系拟合峰表第 641 条 | 原文离子式: C19H28IO14-，原文 m/z 607.053 Th（[M+I]-，算得 607.053，Δ 0.1 mDa） | DBE 6，整数 ⇒ 闭壳层 | 第 0 步依据：SI Table S1 表头明写 ""m/z (**I- included**)"" + ""Elemental formula""，即列出的是**离子式**（含碘）。中性式 = 离子式 − I（团簇加合）；不含 I 的离子按 [M-H]- 还原（中性 = 离子 + H）。645 行全部用给出的三位小数 m/z 独立验算通过（校验 A） | source: SI Table S1"
C20H32O13,I-,adduct,FIGAERO-I-CIMS (HR-ToF-CIMS),gas/particle,chamber; UT Austin environmental chamber; alpha-pinene + Cl2/UV with NO (alpha-pinene+Cl+NO system),chamber,,"Masoud and Ruiz, 2021, ACS Earth Space Chem.",10.1021/acsearthspacechem.1c00150,"alpha-蒎烯 + Cl + NO 体系拟合峰表第 642 条 | 原文离子式: C20H32IO13-，原文 m/z 607.089 Th（[M+I]-，算得 607.089，Δ 0.3 mDa） | DBE 5，整数 ⇒ 闭壳层 | 第 0 步依据：SI Table S1 表头明写 ""m/z (**I- included**)"" + ""Elemental formula""，即列出的是**离子式**（含碘）。中性式 = 离子式 − I（团簇加合）；不含 I 的离子按 [M-H]- 还原（中性 = 离子 + H）。645 行全部用给出的三位小数 m/z 独立验算通过（校验 A） | source: SI Table S1"
C21H28Cl2O10,I-,adduct,FIGAERO-I-CIMS (HR-ToF-CIMS),gas/particle,chamber; UT Austin environmental chamber; alpha-pinene + Cl2/UV with NO (alpha-pinene+Cl+NO system),chamber,,"Masoud and Ruiz, 2021, ACS Earth Space Chem.",10.1021/acsearthspacechem.1c00150,"alpha-蒎烯 + Cl + NO 体系拟合峰表第 643 条 | 原文离子式: C21H28Cl2IO10-，原文 m/z 637.011 Th（[M+I]-，算得 637.011，Δ 0.0 mDa） | DBE 7，整数 ⇒ 闭壳层 | 第 0 步依据：SI Table S1 表头明写 ""m/z (**I- included**)"" + ""Elemental formula""，即列出的是**离子式**（含碘）。中性式 = 离子式 − I（团簇加合）；不含 I 的离子按 [M-H]- 还原（中性 = 离子 + H）。645 行全部用给出的三位小数 m/z 独立验算通过（校验 A） | source: SI Table S1"
C20H30O15,I-,adduct,FIGAERO-I-CIMS (HR-ToF-CIMS),gas/particle,chamber; UT Austin environmental chamber; alpha-pinene + Cl2/UV with NO (alpha-pinene+Cl+NO system),chamber,,"Masoud and Ruiz, 2021, ACS Earth Space Chem.",10.1021/acsearthspacechem.1c00150,"alpha-蒎烯 + Cl + NO 体系拟合峰表第 644 条 | 原文离子式: C20H30IO15-，原文 m/z 637.063 Th（[M+I]-，算得 637.063，Δ 0.5 mDa） | DBE 6，整数 ⇒ 闭壳层 | 第 0 步依据：SI Table S1 表头明写 ""m/z (**I- included**)"" + ""Elemental formula""，即列出的是**离子式**（含碘）。中性式 = 离子式 − I（团簇加合）；不含 I 的离子按 [M-H]- 还原（中性 = 离子 + H）。645 行全部用给出的三位小数 m/z 独立验算通过（校验 A） | source: SI Table S1"
C19H28O16,I-,adduct,FIGAERO-I-CIMS (HR-ToF-CIMS),gas/particle,chamber; UT Austin environmental chamber; alpha-pinene + Cl2/UV with NO (alpha-pinene+Cl+NO system),chamber,,"Masoud and Ruiz, 2021, ACS Earth Space Chem.",10.1021/acsearthspacechem.1c00150,"alpha-蒎烯 + Cl + NO 体系拟合峰表第 645 条 | 原文离子式: C19H28IO16-，原文 m/z 639.043 Th（[M+I]-，算得 639.043，Δ 0.2 mDa） | DBE 6，整数 ⇒ 闭壳层 | 第 0 步依据：SI Table S1 表头明写 ""m/z (**I- included**)"" + ""Elemental formula""，即列出的是**离子式**（含碘）。中性式 = 离子式 − I（团簇加合）；不含 I 的离子按 [M-H]- 还原（中性 = 离子 + H）。645 行全部用给出的三位小数 m/z 独立验算通过（校验 A） | source: SI Table S1"
C10H14O7,I-,adduct,FIGAERO-I-CIMS (HR-ToF-CIMS),gas/particle,chamber; UT Austin environmental chamber; alpha-pinene + Cl2/UV with NO (alpha-pinene+Cl+NO system),chamber,,"Masoud and Ruiz, 2021, ACS Earth Space Chem.",10.1021/acsearthspacechem.1c00150,"HOM 单体 | as written: C10H14O7 | DBE 4，整数 ⇒ 闭壳层 | ⚠ 正文（Tmax 讨论，""C10H14O7 and C10H14O11 from Figure S4b""）点名了它，但 SI Table S1 的完整拟合峰表里没有这一条（C10H14O 系列只有 O3,4,5,8,9,10,11,12）——正文与 SI 不一致，按正文保留 | source: 正文 3.2 节"
